case,source_id,root_source_id,merge_group_source_id,same_source_merge,merge_policy,merge_group_qas,merged_passage_count,qp_layer,ponly_layer,question,expected,recall_at_k,direct_normalized_em,no_memory_normalized_em,direct_answer_token_f1,no_memory_answer_token_f1,qp_normalized_em,ponly_normalized_em,qp_answer_token_f1,ponly_answer_token_f1,qp_qa_score,ponly_qa_score,qp_mergeprag_hit,ponly_mergeprag_hit,qp_inference_time_s,ponly_inference_time_s,qp_loss,ponly_loss,qp_phrase_loss,ponly_phrase_loss,pairwise_winner,qp_answer,ponly_answer
dataset_ko_0_final,entity_simple_hard_test_dessert_00339:final:0,entity_simple_hard_test_dessert_00339,entity_simple_hard_test_dessert_00339,True,same_source_sibling_facts,1,4,23,20,세미나 D반 4차 브라우니 설명 중 비유와 색깔에 해당하는 내용만 답해줘.,"세미나 D반 4차 브라우니에 대해 비유는 초콜렛을 압축한 케이크라고, 그리고 색깔은 진한 갈색이라고 설명했습니다.",True,,,,,False,False,0.8750000000000001,0.8750000000000001,0.43750000000000006,0.43750000000000006,True,True,4.339982800011057,3.802674799982924,,,,,tie,"세미나 D반 4차 브라우니에 대해 비유는 초콜렛을 압축한 케이크라고, 색깔은 진한 갈색이라고, 그리고 특징은 속이 촉촉하게 남는다고 설명했습니다.","세미나 D반 4차 브라우니에 대해 비유는 초콜렛을 압축한 케이크라고, 색깔은 진한 갈색이라고, 그리고 효과는 속이 촉촉하게 남는다고 설명했습니다."
dataset_ko_1_final,entity_simple_hard_test_marketing_00370:final:0,entity_simple_hard_test_marketing_00370,entity_simple_hard_test_marketing_00370,True,same_source_sibling_facts,1,4,23,20,교수님이 봄 4팀 4차 스터디 모집의 보상과 대상을 어떻게 말했어?,"봄 4팀 4차 스터디 모집에 대해 보상은 우선 신청권이라고, 그리고 대상은 스터디 신청자라고 설명했습니다.",True,,,,,False,False,0.8387096774193548,0.7333333333333334,0.4193548387096774,0.3666666666666667,True,True,3.4708157999557443,3.1093939000274986,,,,,question+passage,"교수님이 봄 4팀 4차 스터디 모집에 대해 보상은 우선 신청권이라고, 핵심 채널은 학과 홈페이지라고, 그리고 대상은 스터디 신청자라고 설명했습니다.","봄 4팀 4차 스터디 모집에 대해 보상은 우선 신청권이라고, 대상은 성과 지표가 우선으로 간다라고, 그리고 결과는 핵심콘텐츠라고 설명했습니다."
dataset_ko_2_final,entity_simple_hard_test_statistics_00141:final:0,entity_simple_hard_test_statistics_00141,entity_simple_hard_test_statistics_00141,True,same_source_sibling_facts,1,4,23,20,여름 1팀 2차 신뢰구간에서 비유와 활용을 함께 정리해줘.,"여름 1팀 2차 신뢰구간에 대해 비유는 정답이 있을 법한 범위를 그은 지도라고, 그리고 활용은 추정의 불확실성을 설명할 때 쓴다고 설명했습니다.",True,,,,,False,False,0.9047619047619047,0.6956521739130435,0.45238095238095233,0.34782608695652173,True,True,3.9275283999741077,4.397316499962471,,,,,question+passage,"여름 1팀 2차 신뢰구간에 대해 비유는 정답이 있을 법한 범위를 그은 지도라고, 활용은 추정의 불확실성을 설명할 때 쓴다고, 그리고 의미는 모수 추정 범위라고 설명했습니다.","여름 1팀 2차 신뢰구간에 대해 비유는 정답이 있을 법한 범위를 그은 지도라고, 활용은 추정의 강도를帮助(帮助)하는 한 단체를 나타내는 있다고, 그리고 특징은 현재位置이 없는 한도 표시板이라고 설명했습니다."
dataset_ko_3_final,entity_simple_hard_test_dessert_00049:final:0,entity_simple_hard_test_dessert_00049,entity_simple_hard_test_dessert_00049,True,same_source_sibling_facts,1,4,23,20,세미나 1팀 1차 솜사탕에서 비유와 색깔을 함께 정리해줘.,"세미나 1팀 1차 솜사탕에 대해 비유는 구름 같은 간식이라고, 그리고 색깔은 분홍색이라고 설명했습니다.",True,,,,,False,False,0.9600000000000001,0.64,0.48000000000000004,0.32,True,False,2.2920281999977306,2.576955100055784,,,,,question+passage,"세미나 1팀 1차 솜사탕에 대해 비유는 구름 같은 간식이라고, 색깔은 분홍색이라고 설명했습니다.","세미나 1팀 1차 솜사탕에 대해 비유는 아마추어 탐험가라고, 색깔은 파랑 없处의역할이라고 설명했습니다."
dataset_ko_4_final,entity_simple_hard_test_project_00205:final:0,entity_simple_hard_test_project_00205,entity_simple_hard_test_project_00205,True,same_source_sibling_facts,1,4,23,20,파일럿 A반 3차 백엔드 배포에서 담당과 확인 기준을 함께 정리해줘.,"파일럿 A반 3차 백엔드 배포에 대해 담당은 백엔드 팀이라고, 그리고 확인 기준은 오류 발생률이라고 설명했습니다.",True,,,,,False,False,0.9655172413793104,0.8571428571428571,0.4827586206896552,0.42857142857142855,True,True,2.4565964000066742,3.293671399995219,,,,,question+passage,"파일럿 A반 3차 백엔드 배포에 대해 담당은 백엔드 팀이라고, 확인 기준은 오류 발생률이라고 설명했습니다.","파일럿 A반 3차 백엔드 배포에 대해 담당은 백엔드 팀이라고, 마감은 수요일 오후 다섯 시라고, 그리고 확인 기준은 오류 발생률이라고 설명했습니다."
dataset_ko_5_final,entity_simple_hard_test_art_history_00187:final:0,entity_simple_hard_test_art_history_00187,entity_simple_hard_test_art_history_00187,True,same_source_sibling_facts,1,4,23,20,심화 오전반 2차 르네상스 설명 중 비교 포인트와 비유에 해당하는 내용만 답해줘.,"심화 오전반 2차 르네상스에 대해 비교 포인트는 절대왕정 중심 설명과 다르다고, 그리고 비유는 사람을 화면 중앙에 다시 세우는 방식이라고 설명했습니다.",True,,,,,False,False,0.5853658536585366,0.8837209302325582,0.2926829268292683,0.4418604651162791,True,True,4.2546174000017345,4.24162610003259,,,,,passage-only,"심화 오전반 2차 르네상스 설명을 비교 포인트와 관련한 비유를 한 번에 내어주기 고려해보는 것이라고, 비교 기준은 절대왕정 중심 설명과 다르다고, 그리고 핵심 특징은 인문주의라고 설명했습니다.","심화 오전반 2차 르네상스에 대해 비교 포인트는 절대왕정 중심 설명과 다르다고, 비유는 사람을 화면 중앙에 다시 세우는 방식이라고, 그리고 비유의 특징은 인문주의를 emphasis하는 방식이라고 설명했습니다."
dataset_ko_6_final,entity_simple_hard_test_os_concept_00054:final:0,entity_simple_hard_test_os_concept_00054,entity_simple_hard_test_os_concept_00054,True,same_source_sibling_facts,1,4,23,20,교수님이 캡스톤 2팀 1차 캐시의 장점과 역할을 어떻게 말했어?,"캡스톤 2팀 1차 캐시에 대해 장점은 반복 접근을 빠르게 만든다고, 그리고 역할은 자주 쓰는 정보를 가까이 둔다고 설명했습니다.",True,,,,,False,False,0.8292682926829269,0.878048780487805,0.41463414634146345,0.4390243902439025,True,True,4.115019799966831,4.084608200006187,,,,,tie,"professor의 2팀 1차 캐시에 대해 장점은 반복 접근을 빠르게 만든다고, 역할은 자주 쓰는 정보를 가까이 둔다고, 그리고 주의점은 오래된 정보가 남을 수 있다고 설명했습니다.","캡스톤 2팀 1차 캐시에 대해 장점은 반복 접근을 빠르게 만든다고, 역할은 자주 쓰는 정보를 가까이 둔다고, 그리고 비유는 책상 위에 올려둔 책이라고 설명했습니다."
dataset_ko_7_final,entity_simple_hard_test_dessert_00098:final:0,entity_simple_hard_test_dessert_00098,entity_simple_hard_test_dessert_00098,True,same_source_sibling_facts,1,4,23,20,교수님이 실습 오후반 1차 마카롱의 색깔과 비유를 어떻게 말했어?,"실습 오후반 1차 마카롱에 대해 색깔은 알록달록하다고, 그리고 비유는 작은 보석 상자라고 설명했습니다.",True,,,,,False,False,0.8387096774193548,0.7499999999999999,0.4193548387096774,0.37499999999999994,True,True,3.433921799995005,3.5291007999912836,,,,,question+passage,"실습 오후반 1차 마카롱에 대해 비유는 작은 보석 상자라고, 특징은 겉은 바삭하고 속은 촉촉하다고, 그리고 색깔은 알록달록하다고 설명했습니다.","교수님이 실습 오후반 1차 마카롱의 색깔을 말했다고 설명하는 방법은 맛이 진하다고, 비유는 작은 보석 상자라고, 그리고 색깔은 알록달록하다고 설명했습니다."
dataset_ko_8_final,entity_simple_hard_test_dessert_00169:final:0,entity_simple_hard_test_dessert_00169,entity_simple_hard_test_dessert_00169,True,same_source_sibling_facts,1,4,23,20,세미나 3팀 2차 솜사탕에서 특징과 맛을 함께 정리해줘.,"세미나 3팀 2차 솜사탕에 대해 특징은 입에 닿으면 빠르게 사라진다고, 그리고 맛은 가볍게 달콤하다고 설명했습니다.",True,,,,,False,False,0.9375,0.4827586206896552,0.46875,0.2413793103448276,True,False,3.470595000020694,2.5506654999917373,,,,,question+passage,"세미나 3팀 2차 솜사탕에 대해 특징은 입에 닿으면 빠르게 사라진다고, 색깔은 분홍색이라고, 그리고 맛은 가볍게 달콤하다고 설명했습니다.","세미나 3팀 2차 솜사탕에 대해 특징이라고 추가적인 정보이라고, 맛이라고 추가적인 색깔이라고, 그리고 색깔이라고 설명했습니다."
dataset_ko_9_final,entity_simple_hard_test_dessert_00387:final:0,entity_simple_hard_test_dessert_00387,entity_simple_hard_test_dessert_00387,True,same_source_sibling_facts,1,4,23,20,심화 오전반 4차 브라우니 설명 중 색깔과 비유에 해당하는 내용만 답해줘.,"심화 오전반 4차 브라우니에 대해 색깔은 진한 갈색이라고, 그리고 비유는 초콜렛을 압축한 케이크라고 설명했습니다.",True,,,,,False,False,0.8750000000000001,0.9032258064516129,0.43750000000000006,0.45161290322580644,True,True,3.7444980000145733,3.6962318999576382,,,,,tie,"심화 오전반 4차 브라우니에 대해 비유는 초콜렛을 압축한 케이크라고, 특징은 속이 촉촉하게 남는다고, 그리고 색깔은 진한 갈색이라고 설명했습니다.","심화 오전반 4차 브라우니에 대해 비유는 초콜렛을 압축한 케이크라고, 색깔은 진한 갈색이라고, 그리고 맛은 묵직하게 달콤하다고 설명했습니다."
dataset_ko_10_final,entity_simple_hard_test_art_history_00379:final:0,entity_simple_hard_test_art_history_00379,entity_simple_hard_test_art_history_00379,True,same_source_sibling_facts,1,4,23,20,세미나 4팀 4차 르네상스 설명 중 비교 포인트와 비유에 해당하는 내용만 답해줘.,"세미나 4팀 4차 르네상스에 대해 비교 포인트는 절대왕정 중심 설명과 다르다고, 그리고 비유는 사람을 화면 중앙에 다시 세우는 방식이라고 설명했습니다.",True,,,,,False,False,0.8780487804878049,0.8837209302325582,0.43902439024390244,0.4418604651162791,True,True,4.169224400015082,4.2509420000133105,,,,,tie,"세미나 4팀 4차 르네상스 설명을 중심으로 비교 포인트는 절대왕정 중심 설명과 다르다고, 핵심 특징은 인문주의라고, 그리고 비유는 사람을 화면 중앙에 다시 세우는 방식이라고 설명했습니다.","세미나 4팀 4차 르네상스에 대해 비교 포인트는 절대왕정 중심 설명과 다르다고, 비유는 사람을 화면 중앙에 다시 세우는 방식이라고, 그리고 비유의 특징은 인문주의를 emphasis하는 방식이라고 설명했습니다."
dataset_ko_11_final,entity_simple_hard_test_os_concept_00101:final:0,entity_simple_hard_test_os_concept_00101,entity_simple_hard_test_os_concept_00101,True,same_source_sibling_facts,1,4,23,20,여름 A반 2차 스레드에서 역할과 장점을 함께 정리해줘.,"여름 A반 2차 스레드에 대해 역할은 프로세스 안에서 작업을 나누어 실행한다고, 그리고 장점은 작업을 가볍게 나눌 수 있다고 설명했습니다.",True,,,,,False,False,0.878048780487805,0.7428571428571428,0.4390243902439025,0.3714285714285714,True,False,3.6421604999923147,2.9435137000400573,,,,,question+passage,"여름 A반 2차 스레드에 대해 장점은 작업을 가볍게 나눌 수 있다고, 주의점은 공유 자원 관리가 필요하다고, 그리고 역할은 프로세스 안에서 작업을 나누어 실행한다고 설명했습니다.","여름 A반 2차 스레드에 대해 역할은 프로세스를 나누어 실행한다고, 장점은 작업을细化 가능하다고, 그리고 역할은 관리가 필요한다고 설명했습니다."
dataset_ko_12_final,entity_simple_hard_test_art_history_00184:final:0,entity_simple_hard_test_art_history_00184,entity_simple_hard_test_art_history_00184,True,same_source_sibling_facts,1,4,23,20,캡스톤 오전반 2차 바로크 설명에서 비교 포인트와 비유만 알려줘.,"캡스톤 오전반 2차 바로크에 대해 비교 포인트는 평면적 구도와 구분된다고, 그리고 비유는 무대 조명이 한 장면을 강조하는 방식이라고 설명했습니다.",True,,,,,False,False,0.7727272727272727,0.619047619047619,0.38636363636363635,0.3095238095238095,True,False,4.30192860000534,4.19767599995248,,,,,question+passage,"캡스톤 오전반 2차 바로크에 대해 비교 포인트는 평면적 구도와 구분된다고, 비유는 무대 조명이 한 장면을 강조하는 방식이라고, 그리고 비교 항목은 평면적 구도에 대해 비교의 기본 맛을 설명했다.","캡스톤 오전반 2차 바로크에 대해 비교 포인트는 한 장면의 이미지가如何可能하는 구도와 구분된다고, 비유는 모든 포인트가 참 자리와相似하는다고, 그리고 비유 구도와 비슷한 방식으로 설명된다고 설명했습니다."
dataset_ko_13_final,entity_simple_hard_test_dessert_00051:final:0,entity_simple_hard_test_dessert_00051,entity_simple_hard_test_dessert_00051,True,same_source_sibling_facts,1,4,23,20,여름 2팀 1차 브라우니 설명 중 비유와 색깔에 해당하는 내용만 답해줘.,"여름 2팀 1차 브라우니에 대해 비유는 초콜렛을 압축한 케이크라고, 그리고 색깔은 진한 갈색이라고 설명했습니다.",True,,,,,False,False,0.8750000000000001,0.8750000000000001,0.43750000000000006,0.43750000000000006,True,True,3.819575499976054,3.7468689999659546,,,,,tie,"여름 2팀 1차 브라우니에 대해 비유는 초콜렛을 압축한 케이크라고, 색깔은 진한 갈색이라고, 그리고 특징은 속이 촉촉하게 남는다고 설명했습니다.","여름 2팀 1차 브라우니에 대해 비유는 초콜렛을 압축한 케이크라고, 색깔은 진한 갈색이라고, 그리고 효과는 속이 촉촉하게 남는다고 설명했습니다."
dataset_ko_14_final,entity_simple_hard_test_statistics_00357:final:0,entity_simple_hard_test_statistics_00357,entity_simple_hard_test_statistics_00357,True,same_source_sibling_facts,1,4,23,20,심화 2팀 4차 신뢰구간에서 주의점과 의미를 함께 정리해줘.,"심화 2팀 4차 신뢰구간에 대해 주의점은 정답 하나를 보장하지 않는다고, 그리고 의미는 모수 추정 범위라고 설명했습니다.",True,,,,,False,False,0.5925925925925926,0.6341463414634146,0.2962962962962963,0.3170731707317073,True,False,6.361389000026975,4.2132410000194795,,,,,tie,"심화 2팀 4차 신뢰구간에 대해 주의점은 정답 하나를 보장하지 않는다고, 의미는 모수 추정 범위라고, 그리고 비유는 정답이 1명, 정답 하나를 보장하지 않는다고, 의미는 모수 추정을 부수ing을 만드는 기대값과 상용값, 분산을 의미한다고, 그리고 주의점은 정답 하나를 보장하지 않는다고 설명했습니다.","심화 2팀 4차 신뢰구간에 대해 주의점은 소수점의 끝이 정해지지 않는다는 점이라고, 의미는 입력 값의 하나를 안전히 주지하지는 않는다고, 그리고 비유는 정답의 하나를 보장하지 않는다고 설명했습니다."
dataset_ko_15_final,entity_simple_hard_test_marketing_00322:final:0,entity_simple_hard_test_marketing_00322,entity_simple_hard_test_marketing_00322,True,same_source_sibling_facts,1,4,23,20,교수님이 가을 C반 4차 스터디 모집의 대상과 보상을 어떻게 말했어?,"가을 C반 4차 스터디 모집에 대해 대상은 스터디 신청자라고, 그리고 보상은 우선 신청권이라고 설명했습니다.",True,,,,,False,False,0.8750000000000001,0.5142857142857143,0.43750000000000006,0.2571428571428572,True,False,3.137289399979636,3.6970836000400595,,,,,question+passage,"가을 C반 4차 스터디 모집에 대해 대상은 스터디 신청자라고, 보상은 우선 신청권이라고, 그리고 핵심 채널은 학과 홈페이지라고 설명했습니다.","교수님이 가을 C반 4차 스터디 모집의 대상은 스터디 대기열입니다. 또한, 보상은 우선 성과 지표로 간주됩니다. 마지막으로, 성과는 새로운 모형으로 평 measuring 간주됩니다."
dataset_ko_16_final,entity_simple_hard_test_os_concept_00389:final:0,entity_simple_hard_test_os_concept_00389,entity_simple_hard_test_os_concept_00389,True,same_source_sibling_facts,1,4,23,20,세미나 오전반 4차 스레드에서 역할과 장점을 함께 정리해줘.,"세미나 오전반 4차 스레드에 대해 역할은 프로세스 안에서 작업을 나누어 실행한다고, 그리고 장점은 작업을 가볍게 나눌 수 있다고 설명했습니다.",True,,,,,False,False,0.878048780487805,0.5116279069767442,0.4390243902439025,0.2558139534883721,True,False,3.7774023999809287,4.252260499983095,,,,,question+passage,"세미나 오전반 4차 스레드에 대해 장점은 작업을 가볍게 나눌 수 있다고, 주의점은 공유 자원 관리가 필요하다고, 그리고 역할은 프로세스 안에서 작업을 나누어 실행한다고 설명했습니다.","세미나 오전반 4차 스레드에 대해 역할은 프로세스를 분할하지 않는ся로 함께 연구하는 과정을 설명이라고, 장점은 생각에 들어야하는 과정이라고, 그리고 핵은 같은 작업을 가능하게 해지는 프로세스라고 설명했습니다."
dataset_ko_17_final,entity_simple_hard_test_marketing_00056:final:0,entity_simple_hard_test_marketing_00056,entity_simple_hard_test_marketing_00056,True,same_source_sibling_facts,1,4,23,20,정규 2팀 1차 신입생 캠페인 설명에서 성과 지표와 핵심 채널만 알려줘.,"정규 2팀 1차 신입생 캠페인에 대해 성과 지표는 전환율이라고, 그리고 핵심 채널은 인스타그램이라고 설명했습니다.",True,,,,,False,False,0.7647058823529412,0.896551724137931,0.3823529411764706,0.4482758620689655,True,True,4.382745500013698,3.4507890999666415,,,,,passage-only,"정규 2팀 1차 신입생 캠페인 설명에 대해 핵심 채널은 인스타그램만, 성과 지표는 전환율이라고, 핵심 채널은 인스타그램만이라고, 그리고 성과 지표는 전환율이라고 설명했습니다.","정규 2팀 1차 신입생 캠페인 설명에서 성과 지표는 전환율이라고, 핵심 채널은 인스타그램이라고, 그리고 핵심 로ット은 B2C라고 설명했습니다."
dataset_ko_18_final,entity_simple_hard_test_project_00133:final:0,entity_simple_hard_test_project_00133,entity_simple_hard_test_project_00133,True,same_source_sibling_facts,1,4,23,20,겨울 D반 2차 백엔드 배포에서 마감과 공유 위치를 함께 정리해줘.,"겨울 D반 2차 백엔드 배포에 대해 마감은 수요일 오후 다섯 시라고, 그리고 공유 위치는 깃허브 이슈 탭이라고 설명했습니다.",True,,,,,False,False,0.923076923076923,0.7804878048780488,0.4615384615384615,0.3902439024390244,True,True,3.4145832000067458,3.5993440999882296,,,,,question+passage,"겨울 D반 2차 백엔드 배포에 대해 공유 위치는 깃허브 이슈 탭이라고, 담당은 백엔드 팀이라고, 그리고 마감은 수요일 오후 다섯 시라고 설명했습니다.","겨울 D반 2차 백엔드 배포에 대해 마감은 수요일 오후 다섯 시라고, 함께 정리해줄 곳은 깃허브 이슈 탭이라고, 그리고 확인 기준은 오류 발생률이라고 설명했습니다."
dataset_ko_19_final,entity_simple_hard_test_project_00110:final:0,entity_simple_hard_test_project_00110,entity_simple_hard_test_project_00110,True,same_source_sibling_facts,1,4,23,20,교수님이 봄 B반 2차 AI 모델 평가의 담당과 확인 기준을 어떻게 말했어?,"봄 B반 2차 AI 모델 평가에 대해 담당은 AI 파트라고, 그리고 확인 기준은 정답률이라고 설명했습니다.",True,,,,,False,False,0.6153846153846153,0.7647058823529412,0.30769230769230765,0.3823529411764706,True,True,4.0077027000370435,3.2457626999821514,,,,,passage-only,"봄 B반 2차 AI 모델 평가의 담당과 확인 기준에 대해 확인 기능은 회의록 관리가 가능하다고, 공유 권한은 봄 B반 모집은 another sub-unit이라고, 그리고 확인 기준은 정답률이라고 설명했습니다.","봄 B반 2차 AI 모델 평가에 대해 담당은 AI 파트라고, 확인 기준은 정답률을 설명했다고, 그리고 확인 기준은 정답률을 기준으로 설명했다고 설명했습니다."
dataset_ko_20_final,entity_simple_hard_test_statistics_00285:final:0,entity_simple_hard_test_statistics_00285,entity_simple_hard_test_statistics_00285,True,same_source_sibling_facts,1,4,23,20,파일럿 오전반 3차 신뢰구간에서 활용과 비유를 함께 정리해줘.,"파일럿 오전반 3차 신뢰구간에 대해 활용은 추정의 불확실성을 설명할 때 쓴다고, 그리고 비유는 정답이 있을 법한 범위를 그은 지도라고 설명했습니다.",True,,,,,False,False,0.8837209302325582,0.5454545454545454,0.4418604651162791,0.2727272727272727,True,True,4.15220730000874,4.556556500028819,,,,,question+passage,"파일럿 오전반 3차 신뢰구간에 대해 비유는 정답이 있을 법한 범위를 그은 지도라고, 주의점은 정답 하나를 보장하지 않는다고, 그리고 활용은 추정의 불확실성을 설명할 때 쓴다고 설명했습니다.","파일럿 오전반 3차 신뢰구간에 대해 활용은 추정의 불확실성을 설명할 때 쓴다고, 추정의 불확실성을 초소型地圖ing 한 정도로 설명이라고, 그리고 활용은 추정의 불확실성을 초소型地圖ing 한 정도로 설명이라고 설명했습니다."
dataset_ko_21_final,entity_simple_hard_test_marketing_00178:final:0,entity_simple_hard_test_marketing_00178,entity_simple_hard_test_marketing_00178,True,same_source_sibling_facts,1,4,23,20,교수님이 실습 4팀 2차 스터디 모집의 보상과 대상을 어떻게 말했어?,"실습 4팀 2차 스터디 모집에 대해 보상은 우선 신청권이라고, 그리고 대상은 스터디 신청자라고 설명했습니다.",True,,,,,False,False,0.7878787878787878,0.391304347826087,0.3939393939393939,0.1956521739130435,True,True,3.6663717000046745,5.976004800002556,,,,,question+passage,"실습 4팀 2차 스터디 모집의 보상이란 점이고, 대상은 스터디 신청자라고, 보상은 우선 신청권이라고, 그리고 핵심 채널은 학과 홈페이지라고 설명했습니다.","교수님 실습 4팀 2차 스터디 모집에 대해 보상은 우선 신청권이 이전에 있는 프로세스로 간다. 방어율은 자제채널로 전달하라고, 결과는 점수로 전달한다, 성과 지표는 핵심 프로세스 갱신 채널이라고, 그리고 보상은 신청권과 성과 지표가 있습니다."
dataset_ko_22_final,entity_simple_hard_test_statistics_00071:final:0,entity_simple_hard_test_statistics_00071,entity_simple_hard_test_statistics_00071,True,same_source_sibling_facts,1,4,23,20,여름 4팀 1차 회귀분석 설명 중 주의점과 의미에 해당하는 내용만 답해줘.,"여름 4팀 1차 회귀분석에 대해 주의점은 모든 원인을 증명하지는 않는다고, 그리고 의미는 관계의 경향 설명이라고 설명했습니다.",True,,,,,False,False,0.5625,0.48484848484848486,0.28125,0.24242424242424243,True,False,2.8733654000097886,3.0571082000387833,,,,,question+passage,여름 4팀 1차 회귀분석 설명 중 주의점에 대해 주의점은 데이터의 영향을 강하게 보는 의미입니다. 의미는 관계의 경향 설명에 해당합니다.,여름 4팀 1차 회귀분석 설명 중 주의점과 의미에 대해 종래 가정이 맞는 데 의미를 설명하라고 요구한다고 생각과区别补充에 해당하는 내용이라고 설명했습니다.
dataset_ko_23_final,entity_simple_hard_test_project_00374:final:0,entity_simple_hard_test_project_00374,entity_simple_hard_test_project_00374,True,same_source_sibling_facts,1,4,23,20,교수님이 캡스톤 4팀 4차 AI 모델 평가의 공유 위치와 마감을 어떻게 말했어?,"캡스톤 4팀 4차 AI 모델 평가에 대해 공유 위치는 회의록 폴더라고, 그리고 마감은 금요일 자정 전이라고 설명했습니다.",True,,,,,False,False,0.6829268292682927,0.6315789473684211,0.34146341463414637,0.31578947368421056,True,False,3.7390425000339746,3.4113310999819078,,,,,question+passage,"교수님 캡스톤 4팀 4차 AI 모델 평가의 공유 위치는 Zoom AI 파트 분과는 다른 곳이라고, 마감은 금요일 자정 전이라고, 그리고 확인 기준은 정답률이라고 설명했습니다.","캡스톤 4팀 4차 AI 모델 평가에 대해 공유 위치는 컨테이너 서버 위치라고, 마감은 컨테이ner 서버 위치라고, 그리고 확인 기준은 정답률이라고 설명했습니다."
dataset_ko_24_final,entity_simple_hard_test_os_concept_00199:final:0,entity_simple_hard_test_os_concept_00199,entity_simple_hard_test_os_concept_00199,True,same_source_sibling_facts,1,4,23,20,세미나 오후반 2차 큐 설명 중 역할과 장점에 해당하는 내용만 답해줘.,"세미나 오후반 2차 큐에 대해 역할은 작업을 순서대로 기다리게 한다고, 그리고 장점은 처리 순서를 명확하게 만든다고 설명했습니다.",True,,,,,False,False,0.8717948717948718,0.8947368421052632,0.4358974358974359,0.4473684210526316,True,True,3.8627410999615677,3.559256100037601,,,,,tie,"세미나 오후반 2차 큐에 대해 장점은 처리 순서를 명확하게 만든다고, 역할은 작업을 순서대로 기다리게 한다고, 그리고 비유는 번호표를 뽑고 기다리는 줄이라고 설명했습니다.","세미나 오후반 2차 큐에 대해 역할은 작업을 순서대로 기다리게 한다고, 장점은 처리 순서를 명확하게 만든다고, 그리고 사용 이유는 faster(속도를 고려)라고 설명했습니다."
dataset_ko_25_final,entity_simple_hard_test_art_history_00018:final:0,entity_simple_hard_test_art_history_00018,entity_simple_hard_test_art_history_00018,True,same_source_sibling_facts,1,4,23,20,교수님이 실습 B반 1차 인상주의의 핵심 특징과 목적을 어떻게 말했어?,"실습 B반 1차 인상주의에 대해 핵심 특징은 빛의 순간적인 인상이라고, 그리고 목적은 관찰 순간을 살리는 것이라고 설명했습니다.",True,,,,,False,False,0.6511627906976744,0.2807017543859649,0.3255813953488372,0.14035087719298245,True,False,4.416413799975999,7.704229399969336,,,,,question+passage,"실습 B반 1차 인상주의에 대해 핵심 특징은 완득이 주고 받는 윤곽보다 빛이 중요하다고, 비유는 햇빛이 흔들리는 수면에 비친 모습이라고, 그리고 목적은 관찰 순간을 살리는 것이라고 설명했습니다.","교수님이 실습 B반 1차 인상주의의 핵심 특징과 목적을 어떻게 말했어?에 대해 핵심 특징은 사용하는 토의의 기회와 인상주의과 질문의 목적은 핵심 인상주의와 비유는 테이블과 상태를 보여주는 곳이라고, 핵심 인상주의의 목적은 사용하는 토의의 기회와 인상주의과 질문의 목적은 핵심 인상주의와 비유는 테이블과 상태를 보여주는 곳이라고"
dataset_ko_26_final,entity_simple_hard_test_art_history_00185:final:0,entity_simple_hard_test_art_history_00185,entity_simple_hard_test_art_history_00185,True,same_source_sibling_facts,1,4,23,20,파일럿 오전반 2차 입체주의에서 비교 포인트와 비유를 함께 정리해줘.,"파일럿 오전반 2차 입체주의에 대해 비교 포인트는 단일 원근과 다르다고, 그리고 비유는 여러 방향에서 본 사물을 한 화면에 놓는 방식이라고 설명했습니다.",True,,,,,False,False,0.9047619047619047,0.8571428571428571,0.45238095238095233,0.42857142857142855,True,True,3.886180800036527,3.842049099970609,,,,,tie,"파일럿 오전반 2차 입체주의에 대해 비교 포인트는 단일 원근과 다르다고, 핵심 특징은 여러 시점이라고, 그리고 비유는 여러 방향에서 본 사물을 한 화면에 놓는 방식이라고 설명했습니다.","파일럿 오전반 2차 입체주의에 대해 비교 포인트는 단일 위치와 다르다고, 핵심 특징은 여러 시점이라고, 그리고 비유는 여러 방향에서 본 사물을 한 화면에 놓는 방식이라고 설명했습니다."
dataset_ko_27_final,entity_simple_hard_test_marketing_00080:final:0,entity_simple_hard_test_marketing_00080,entity_simple_hard_test_marketing_00080,True,same_source_sibling_facts,1,4,23,20,봄 오전반 1차 신입생 캠페인 설명에서 보상과 대상만 알려줘.,"봄 오전반 1차 신입생 캠페인에 대해 보상은 커피 쿠폰이라고, 그리고 대상은 신입생이라고 설명했습니다.",True,,,,,False,False,0.888888888888889,0.923076923076923,0.4444444444444445,0.4615384615384615,True,True,3.3019480000366457,3.256633499986492,,,,,tie,"봄 오전반 1차 신입생 캠페인 설명에 대해 대상은 신입생이라고, 보상은 커피 쿠폰이라고, 그리고 성과 지표는 전환율이라고 설명했습니다.","봄 오전반 1차 신입생 캠페인 설명에 대해 보상은 커피 쿠폰이라고, 대상은 신입생이라고, 그리고 검색어는 학번이라고 설명했습니다."
dataset_ko_28_final,entity_simple_hard_test_art_history_00162:final:0,entity_simple_hard_test_art_history_00162,entity_simple_hard_test_art_history_00162,True,same_source_sibling_facts,1,4,23,20,교수님이 가을 3팀 2차 인상주의의 목적과 핵심 특징을 어떻게 말했어?,"가을 3팀 2차 인상주의에 대해 목적은 관찰 순간을 살리는 것이라고, 그리고 핵심 특징은 빛의 순간적인 인상이라고 설명했습니다.",True,,,,,False,False,0.717948717948718,0.41666666666666663,0.358974358974359,0.20833333333333331,True,False,3.9778406000114046,5.579109999991488,,,,,question+passage,"교수님이 가을 3팀 2차 인상주의에 대해 핵심 특징은 위바인더링이라고, 비유는 햇빛이 흔들리는 수면에 비친 모습이라고, 그리고 목적은 관찰 순간을 살리는 것이라고 설명했습니다.","교수님이 가을 3팀 2차 인상주의의 목적과 핵심 특징을 그곳에서 강조하는 부분은 핵심 특징은 관찰의 그 느낌을 보여주는 곳이라고, 비교 포인트는 정확한 윤곽보다 색감이 중요하다고, 그리고 핵심 특징은 관찰의 그 느낌을 보여주는 곳이라고 설명했습니다."
dataset_ko_29_final,entity_simple_hard_test_statistics_00143:final:0,entity_simple_hard_test_statistics_00143,entity_simple_hard_test_statistics_00143,True,same_source_sibling_facts,1,4,23,20,겨울 1팀 2차 회귀분석 설명 중 비유와 활용에 해당하는 내용만 답해줘.,"겨울 1팀 2차 회귀분석에 대해 비유는 흩어진 점 사이에 길을 그어 보는 일이라고, 그리고 활용은 예측 경향을 설명할 때 쓴다고 설명했습니다.",True,,,,,False,False,0.6666666666666667,0.4375,0.33333333333333337,0.21875,True,False,3.188138399971649,2.7546931999968365,,,,,question+passage,"겨울 1팀 2차 회귀분석 설명 중 비유와 활용에 대해 비유는 샘플링을 설명할 때 쓴다고, 활용은 예측 경향을 설명할 때 쓴다고 설명했습니다.","겨울 1팀 2차 회귀분석 설명에 대해 비유는 수수료가 높게 내리는 은행이라고, 설명은 쓰기로 하라고 설명했습니다."
dataset_ko_30_final,entity_simple_hard_test_project_00372:final:0,entity_simple_hard_test_project_00372,entity_simple_hard_test_project_00372,True,same_source_sibling_facts,1,4,23,20,가을 4팀 4차 최종 발표 설명에서 공유 위치와 마감만 알려줘.,"가을 4팀 4차 최종 발표에 대해 공유 위치는 팀 노션 페이지라고, 그리고 마감은 다음 주 월요일 밤이라고 설명했습니다.",True,,,,,False,False,0.9411764705882353,0.5294117647058824,0.47058823529411764,0.2647058823529412,True,False,2.794255999964662,2.5945671999943443,,,,,question+passage,"가을 4팀 4차 최종 발표 설명에 대해 공유 위치는 팀 노션 페이지라고, 마감은 다음 주 월요일 밤이라고, 그리고 노션 페이지라고 설명했습니다.",가을 4팀 4차 최종 발표 설명에 대해 공유 위치는 주의 사항으로 안전 범위 지도 등에 남아 있는 봄이라고 설명했습니다.
dataset_ko_31_final,entity_simple_hard_test_os_concept_00269:final:0,entity_simple_hard_test_os_concept_00269,entity_simple_hard_test_os_concept_00269,True,same_source_sibling_facts,1,4,23,20,세미나 3팀 3차 스레드에서 주의점과 비유를 함께 정리해줘.,"세미나 3팀 3차 스레드에 대해 주의점은 공유 자원 관리가 필요하다고, 그리고 비유는 같은 식당 안에서 일하는 직원이라고 설명했습니다.",True,,,,,False,False,0.7272727272727274,0.4390243902439025,0.3636363636363637,0.21951219512195125,True,False,4.1942348999436945,3.8965416999999434,,,,,question+passage,"세미나 3팀 3차 스레드에 대해 비유는 세미나 앞에서 공유된 자원 관리가 필요하다고, 역할은 프로세스 안에서 작업을 나누어 실행한다고, 그리고 비유는 같은 식당 안에서 일하는 직원이라고 설명했습니다.","세미나 3팀 3차 스레드에 대해 주의점으로는 비유가 스레드 안에서 작업을 가변으로 하겠다고 생각이 들 것이라고, 그리고 설명의 목적이 세분화가 필요하다고, 그리고 결론은 반영을 같이 합니다."
dataset_ko_32_final,entity_simple_hard_test_marketing_00347:final:0,entity_simple_hard_test_marketing_00347,entity_simple_hard_test_marketing_00347,True,same_source_sibling_facts,1,4,23,20,심화 1팀 4차 멘토링 이벤트 설명 중 성과 지표와 핵심 채널에 해당하는 내용만 답해줘.,"심화 1팀 4차 멘토링 이벤트에 대해 성과 지표는 재방문율이라고, 그리고 핵심 채널은 이메일 뉴스레터라고 설명했습니다.",True,,,,,False,False,0.8823529411764706,0.8823529411764706,0.4411764705882353,0.4411764705882353,True,True,3.9401703999610618,4.122689799987711,,,,,tie,"심화 1팀 4차 멘토링 이벤트 설명에 대해 핵심 채널은 이메일 뉴스레터라고, 대상은 멘토링 참여 학생이라고, 그리고 성과 지표는 재방문율이라고 설명했습니다.","심화 1팀 4차 멘토링 이벤트에 대해 성과 지표는 재방문율이라고, 핵심 채널은 이메일 뉴스레터라고, 그리고 핵심 채널의 연결요인은 재방문율이라고 설명했습니다."
dataset_ko_33_final,entity_simple_hard_test_dessert_00336:final:0,entity_simple_hard_test_dessert_00336,entity_simple_hard_test_dessert_00336,True,same_source_sibling_facts,1,4,23,20,정규 D반 4차 초콜렛 설명에서 비유와 색깔만 알려줘.,"정규 D반 4차 초콜렛에 대해 비유는 작은 선물 상자라고, 그리고 색깔은 검정색이라고 설명했습니다.",True,,,,,False,True,0.8666666666666666,1.0,0.4333333333333333,1.0,True,True,3.070522300025914,2.1063521000323817,,,,,passage-only,"정규 D반 4차 초콜렛 설명에 대해 비유는 작은 선물 상자라고, 색깔은 검정색이라고, 그리고 특징은 입안에서 천천히 녹는다고 설명했습니다.","정규 D반 4차 초콜렛에 대해 비유는 작은 선물 상자라고, 그리고 색깔은 검정색이라고 설명했습니다."
dataset_ko_34_final,entity_simple_hard_test_os_concept_00319:final:0,entity_simple_hard_test_os_concept_00319,entity_simple_hard_test_os_concept_00319,True,same_source_sibling_facts,1,4,23,20,세미나 B반 4차 큐 설명 중 비유와 주의점에 해당하는 내용만 답해줘.,"세미나 B반 4차 큐에 대해 비유는 번호표를 뽑고 기다리는 줄이라고, 그리고 주의점은 대기 시간이 길어질 수 있다고 설명했습니다.",True,,,,,False,False,0.8717948717948718,0.8717948717948718,0.4358974358974359,0.4358974358974359,True,True,3.7073173000244424,3.857005800004117,,,,,tie,"세미나 B반 4차 큐에 대해 비유는 번호표를 뽑고 기다리는 줄이라고, 장점은 처리 순서를 명확하게 만든다고, 그리고 주의점은 대기 시간이 길어질 수 있다고 설명했습니다.","세미나 B반 4차 큐에 대해 비유는 번호표를 뽑고 기다리는 줄이라고, 주의점은 대기 시간이 길어질 수 있다고, 그리고 핵심은 처리 순서를 명확하게 만든다고 설명했습니다."
dataset_ko_35_final,entity_simple_hard_test_art_history_00234:final:0,entity_simple_hard_test_art_history_00234,entity_simple_hard_test_art_history_00234,True,same_source_sibling_facts,1,4,23,20,교수님이 캡스톤 D반 3차 인상주의의 비유와 비교 포인트를 어떻게 말했어?,"캡스톤 D반 3차 인상주의에 대해 비유는 햇빛이 흔들리는 수면에 비친 모습이라고, 그리고 비교 포인트는 정확한 윤곽보다 색감이 중요하다고 설명했습니다.",True,,,,,False,False,0.761904761904762,0.8837209302325582,0.380952380952381,0.4418604651162791,True,True,4.220302400004584,4.240992599981837,,,,,passage-only,"캡스톤 D반 3차 인상주의에 대해 비유는 햇빛이 흔들리는 수면에 비친 모습이라고, 특징은 빛의 순간적인 인상이라고, 그리고 비교 포인트는 정확한 정확ly conscious한 흔적이라고 설명했습니다.","캡스톤 D반 3차 인상주의에 대해 비유는 해당 부분을 강조하는 곳이라고, 비유는 햇빛이 흔들리는 수면에 비친 모습이라고, 그리고 비교 포인트는 정확한 윤곽보다 색감이 중요하다고 설명했습니다."
dataset_ko_36_final,entity_simple_hard_test_art_history_00186:final:0,entity_simple_hard_test_art_history_00186,entity_simple_hard_test_art_history_00186,True,same_source_sibling_facts,1,4,23,20,교수님이 정규 오전반 2차 인상주의의 비교 포인트와 비유를 어떻게 말했어?,"정규 오전반 2차 인상주의에 대해 비교 포인트는 정확한 윤곽보다 색감이 중요하다고, 그리고 비유는 햇빛이 흔들리는 수면에 비친 모습이라고 설명했습니다.",True,,,,,False,False,0.6511627906976745,0.26666666666666666,0.32558139534883723,0.13333333333333333,True,False,4.037968099990394,7.671037000021897,,,,,question+passage,"professor가 정규 오전반 2차 인상주의에 대해 비유는 시간이 풀림과 다르는 관점이라고, 목적은 관찰 순간을 살리는 것이라고, 그리고 비교 포인트는 정확한 윤곽보다 색감이 중요하다고 설명했습니다.",교수님이 정규 오전반 2차 인상주의의 비교 포인트와 비유를 말할 때의 형광 빛의 흔들림과 비교 포인트는 햇빛의 오일장식보다 유사한 점을 찾을 수 없어他认为정규 오전반 2차 인상주의의 비교 포인트와 비유는 형광 빛의 흔들림과 비교 포인트를 보일 수 없어 찾을 수 없어 비교 포인트는 햇빛의 오일장식
dataset_ko_37_final,entity_simple_hard_test_project_00063:final:0,entity_simple_hard_test_project_00063,entity_simple_hard_test_project_00063,True,same_source_sibling_facts,1,4,23,20,겨울 3팀 1차 프론트엔드 점검 설명 중 확인 기준과 담당에 해당하는 내용만 답해줘.,"겨울 3팀 1차 프론트엔드 점검에 대해 확인 기준은 사용자 차단 여부라고, 그리고 담당은 프론트엔드 파트라고 설명했습니다.",True,,,,,False,False,0.8648648648648648,0.4680851063829787,0.4324324324324324,0.23404255319148934,True,False,3.730385899951216,6.269308699993417,,,,,question+passage,"겨울 3팀 1차 프론트엔드 점검 설명에 대해 확인 기준은 사용자 차단 여부라고, 담당은 프론트엔드 파트라고, 그리고 공유 위치는 프로젝트 슬랙 채널이라고 설명했습니다.","겨울 3팀 1차 프론트엔드 점검에 대해 확인 기준은 잘못分類(分類)된 음력 정월adjacent coords는 [좌표 양 끝점 사이의 줄 익히는 함수]를 제공하는 부분이라고, 담당은 함수 나 충족하는 조건은 못달아하는 사용자라고, 그리고 반영은 프로젝트 슬랙 채널이라고 설명했습니다."
dataset_ko_38_final,entity_simple_hard_test_marketing_00034:final:0,entity_simple_hard_test_marketing_00034,entity_simple_hard_test_marketing_00034,True,same_source_sibling_facts,1,4,23,20,교수님이 캡스톤 D반 1차 스터디 모집의 대상과 보상을 어떻게 말했어?,"캡스톤 D반 1차 스터디 모집에 대해 대상은 스터디 신청자라고, 그리고 보상은 우선 신청권이라고 설명했습니다.",True,,,,,False,False,0.8125000000000001,0.7647058823529412,0.40625000000000006,0.3823529411764706,True,True,3.4821869999868795,3.696051200036891,,,,,tie,"교수님이 캡스톤 D반 1차 스터디 모집의 대상은 스터디 신청자라고, 보상은 우선 신청권이라고, 그리고 핵심 채널은 학과 홈페이지라고 설명했습니다.","교수님이 캡스톤 D반 1차 스터디 모집에 대해 대상은 스터디 체크인과 추천 갱신이라고, 보상은 우선 신청권이라고, 그리고 성과 지표는 완료율이라고 설명했습니다."
dataset_ko_39_final,entity_simple_hard_test_os_concept_00318:final:0,entity_simple_hard_test_os_concept_00318,entity_simple_hard_test_os_concept_00318,True,same_source_sibling_facts,1,4,23,20,교수님이 실습 B반 4차 캐시의 비유와 주의점을 어떻게 말했어?,"실습 B반 4차 캐시에 대해 비유는 책상 위에 올려둔 책이라고, 그리고 주의점은 오래된 정보가 남을 수 있다고 설명했습니다.",True,,,,,False,False,0.7567567567567567,0.29411764705882354,0.37837837837837834,0.14705882352941177,True,False,3.443417100002989,3.295848699985072,,,,,question+passage,"prof의 4차 캐시의 비유는 책상 위에 올려둔 책이라고, 장점은 반복 접근을 빠르게 만든다고, 그리고 주의점은 오래된 정보가 남을 수 있다고 설명했습니다.",교수님이 실습 B반 4차 캐시를非常高과 설명하고 수준이 빠르게 업그레이드된 컴퓨터에 비유합니다. 주의점은 데이터가 자주 위치하는 위치가非常高입니다
dataset_ko_40_final,entity_simple_hard_test_art_history_00280:final:0,entity_simple_hard_test_art_history_00280,entity_simple_hard_test_art_history_00280,True,same_source_sibling_facts,1,4,23,20,봄 오전반 3차 바로크 설명에서 비교 포인트와 비유만 알려줘.,"봄 오전반 3차 바로크에 대해 비교 포인트는 평면적 구도와 구분된다고, 그리고 비유는 무대 조명이 한 장면을 강조하는 방식이라고 설명했습니다.",True,,,,,False,False,0.8717948717948718,0.5217391304347826,0.4358974358974359,0.2608695652173913,True,False,3.816925599996466,4.932194900000468,,,,,question+passage,"봄 오전반 3차 바로크에 대해 비교 포인트는 평면적 구도와 구분된다고, 비유는 무대 조명이 한 장면을 강조하는 방식이라고, 그리고 목적은 감정을 강하게 전달하는 것이라고 설명했습니다.","봄 오전반 3차 바로크에 대해 비교 포인트는 다른 프로세스와 달리 한 장면을 여러 이미지로의 변환을 의미한다고, 비유는 전체가 but로 연결되는 방식과 구분된다고, 그리고 비유 범위가 다양한 관점에서의 장면 구도와 구분된다고 설명했습니다."
dataset_ko_41_final,entity_simple_hard_test_marketing_00250:final:0,entity_simple_hard_test_marketing_00250,entity_simple_hard_test_marketing_00250,True,same_source_sibling_facts,1,4,23,20,교수님이 봄 2팀 3차 스터디 모집의 성과 지표와 핵심 채널을 어떻게 말했어?,"봄 2팀 3차 스터디 모집에 대해 성과 지표는 완료율이라고, 그리고 핵심 채널은 학과 홈페이지라고 설명했습니다.",True,,,,,False,False,0.6666666666666667,0.8387096774193549,0.33333333333333337,0.41935483870967744,True,True,3.7641048000077717,3.0036190999671817,,,,,passage-only,"봄 2팀 3차 스터디 모집의 성과 지표를 중심으로한 핵심 채널은 질문권을 줄인다고, 대상은 스터디 신청자라고, 그리고 성과 지표는 완료율이라고 설명했습니다.","봄 2팀 3차 스터디 모집에 대해 성과 지표는 참여율이라고, 핵심 채널은 학과 홈페이지라고, 그리고 보상은 우선 신청권이라고 설명했습니다."
dataset_ko_42_final,entity_simple_hard_test_project_00036:final:0,entity_simple_hard_test_project_00036,entity_simple_hard_test_project_00036,True,same_source_sibling_facts,1,4,23,20,정규 D반 1차 최종 발표 설명에서 마감과 공유 위치만 알려줘.,"정규 D반 1차 최종 발표에 대해 마감은 다음 주 월요일 밤이라고, 그리고 공유 위치는 팀 노션 페이지라고 설명했습니다.",True,,,,,False,False,0.967741935483871,0.65,0.4838709677419355,0.325,True,True,2.4150492000044324,3.2867069000494666,,,,,question+passage,"정규 D반 1차 최종 발표 설명에 대해 공유 위치는 팀 노션 페이지라고, 마감은 다음 주 월요일 밤이라고 설명했습니다.","정규 D반 1차 최종 발표 설명에 대해 마감은 기준으로 다른 주소 요청 확인 진행이라고, 공유 위치는 팀 노션 페이지라고, 그리고 확인 기준은 근거 제시 여부라고 설명했습니다."
dataset_ko_43_final,entity_simple_hard_test_project_00157:final:0,entity_simple_hard_test_project_00157,entity_simple_hard_test_project_00157,True,same_source_sibling_facts,1,4,23,20,심화 2팀 2차 백엔드 배포에서 확인 기준과 담당을 함께 정리해줘.,"심화 2팀 2차 백엔드 배포에 대해 확인 기준은 오류 발생률이라고, 그리고 담당은 백엔드 팀이라고 설명했습니다.",True,,,,,False,False,0.9655172413793104,0.4827586206896553,0.4827586206896552,0.24137931034482765,True,True,2.450015300011728,6.813549700018484,,,,,question+passage,"심화 2팀 2차 백엔드 배포에 대해 확인 기준은 오류 발생률이라고, 담당은 백엔드 팀이라고 설명했습니다.","심화 2팀 2차 백엔드 배포에 대해 확인 기준은 오류 발생률을 함께 보고서 구간으로 간주합니다. 추가 정보는 함수 과정 담당을 부탁드립니다. 심화 2팀 2차 백엔드 배포에 대해 담당은 백엔드 팀이라고, 확인 기준은 오류 발생률을 함께 보고서 구간이라고, 그리고 추가 정보은 함수 과정 담당이라고 설명했습니다."
dataset_ko_44_final,entity_simple_hard_test_os_concept_00317:final:0,entity_simple_hard_test_os_concept_00317,entity_simple_hard_test_os_concept_00317,True,same_source_sibling_facts,1,4,23,20,심화 B반 4차 스레드에서 비유와 주의점을 함께 정리해줘.,"심화 B반 4차 스레드에 대해 비유는 같은 식당 안에서 일하는 직원이라고, 그리고 주의점은 공유 자원 관리가 필요하다고 설명했습니다.",True,,,,,False,False,0.9714285714285714,0.4615384615384615,0.4857142857142857,0.23076923076923075,True,False,2.6887571000261232,3.459074199956376,,,,,question+passage,"심화 B반 4차 스레드에 대해 비유는 같은 식당 안에서 일하는 직원이라고, 주의점은 공유 자원 관리가 필요하다고 설명했습니다.","심화 B반 4차 스레드에 대해 비유는 멈추지 않는 궁극기라고, 주의점은 데이터가 분해되지 않도록 하면 되기라고, 그리고 개념은 작업을 분해하는 방법이라고 설명했습니다."
dataset_ko_45_final,entity_simple_hard_test_statistics_00119:final:0,entity_simple_hard_test_statistics_00119,entity_simple_hard_test_statistics_00119,True,same_source_sibling_facts,1,4,23,20,세미나 B반 2차 회귀분석 설명 중 의미와 주의점에 해당하는 내용만 답해줘.,"세미나 B반 2차 회귀분석에 대해 의미는 관계의 경향 설명이라고, 그리고 주의점은 모든 원인을 증명하지는 않는다고 설명했습니다.",True,,,,,False,False,0.5,0.8205128205128205,0.25,0.41025641025641024,True,True,4.8422651999862865,4.0096605000435375,,,,,passage-only,"세미나 B반 2차 회귀분석 설명에 대해 주의점은 관측 범위에 대한 의미는 관계의 경향 설명에 해당하는 것이라고, 비유는 흩어진 점 사이에 길을 그어 보는 일이라고, 그리고 활용은 예측 경향을 설명할 때 쓴다고 설명했습니다.","세미나 B반 2차 회귀분석 설명에 대해 의미는 관계의 경향 설명이라고, 주의점은 모든 원인을 증명하지는 않는다고, 그리고 비유는 흩어진 점 사이에 길을 그어 보는 일이라고 설명했습니다."
dataset_ko_46_final,entity_simple_hard_test_art_history_00139:final:0,entity_simple_hard_test_art_history_00139,entity_simple_hard_test_art_history_00139,True,same_source_sibling_facts,1,4,23,20,세미나 D반 2차 르네상스 설명 중 비유와 비교 포인트에 해당하는 내용만 답해줘.,"세미나 D반 2차 르네상스에 대해 비유는 사람을 화면 중앙에 다시 세우는 방식이라고, 그리고 비교 포인트는 절대왕정 중심 설명과 다르다고 설명했습니다.",True,,,,,False,False,0.8780487804878049,0.47826086956521735,0.43902439024390244,0.23913043478260868,True,False,4.0634211000287905,4.833577600016724,,,,,question+passage,"세미나 D반 2차 르네상스 설명을 기준으로 비교 포인트는 절대왕정 중심 설명과 다르다고, 핵심 특징은 인문주의라고, 그리고 비유는 사람을 화면 중앙에 다시 세우는 방식이라고 설명했습니다.","세미나 D반 2차 르네상스에 대해 비유는 화면 중앙에 다시 standing view를 띄우겠다고 설명했다고, 비유는 절대 두 번만standing view을 사용하라고 설명했다고, 마지막 전ference와 see advantage로 해석하는 르네상스 방식이라고 설명했습니다."
dataset_ko_47_final,entity_simple_hard_test_project_00277:final:0,entity_simple_hard_test_project_00277,entity_simple_hard_test_project_00277,True,same_source_sibling_facts,1,4,23,20,심화 4팀 3차 백엔드 배포에서 공유 위치와 마감을 함께 정리해줘.,"심화 4팀 3차 백엔드 배포에 대해 공유 위치는 깃허브 이슈 탭이라고, 그리고 마감은 수요일 오후 다섯 시라고 설명했습니다.",True,,,,,False,False,0.9714285714285714,0.6666666666666666,0.4857142857142857,0.3333333333333333,True,True,2.7896444000070915,2.9285298999748193,,,,,question+passage,"심화 4팀 3차 백엔드 배포에 대해 공유 위치는 깃허브 이슈 탭이라고, 마감은 수요일 오후 다섯 시라고 설명했습니다.",심화 4팀 3차 백엔드 배포에 대해 공유 위치는 README.md에 설명이 있을 거예요. 마감은 수요일 오후 다섯 시에 반환할 거예요.
dataset_ko_48_final,entity_simple_hard_test_project_00252:final:0,entity_simple_hard_test_project_00252,entity_simple_hard_test_project_00252,True,same_source_sibling_facts,1,4,23,20,가을 2팀 3차 최종 발표 설명에서 확인 기준과 담당만 알려줘.,"가을 2팀 3차 최종 발표에 대해 확인 기준은 근거 제시 여부라고, 그리고 담당은 기획 파트라고 설명했습니다.",True,,,,,False,False,0.7222222222222223,0.5789473684210527,0.36111111111111116,0.2894736842105263,True,False,3.1684956999961287,3.2464314000098966,,,,,question+passage,"가을 2팀 3차 최종 발표 설명에 대해 확인 기준과 담당은 기획 파트라고, 공유 위치는 팀 노션 페이지라고, 그리고 담당은 기획 파트라고 설명했습니다.","가을 2팀 3차 최종 발표 설명에 대해 확인 기준은 확인 담당자에 따라 다르다고, 담당은 변경 중인, 그리고 3일 안에 업데이트 해줄 거라고 설명했습니다."
dataset_ko_49_final,entity_simple_hard_test_project_00350:final:0,entity_simple_hard_test_project_00350,entity_simple_hard_test_project_00350,True,same_source_sibling_facts,1,4,23,20,교수님이 봄 2팀 4차 AI 모델 평가의 확인 기준과 담당을 어떻게 말했어?,"봄 2팀 4차 AI 모델 평가에 대해 확인 기준은 정답률이라고, 그리고 담당은 AI 파트라고 설명했습니다.",True,,,,,False,False,0.8387096774193549,0.6206896551724138,0.41935483870967744,0.3103448275862069,True,False,2.9545762999914587,2.2050949000404216,,,,,question+passage,"봄 2팀 4차 AI 모델 평가의 확인 기준은 정답률이라고, 담당은 AI 파트라고, 그리고 메일 첫번째 Cayywmm 경고라고 설명했습니다.",봄 2팀 4차 AI 모델 평가의 확인 기준에 대해 확인 기준이 반영된地方 확인 곳으로 보내라고 설명했습니다.
dataset_ko_50_final,entity_simple_hard_test_os_concept_00078:final:0,entity_simple_hard_test_os_concept_00078,entity_simple_hard_test_os_concept_00078,True,same_source_sibling_facts,1,4,23,20,교수님이 실습 4팀 1차 캐시의 주의점과 비유를 어떻게 말했어?,"실습 4팀 1차 캐시에 대해 주의점은 오래된 정보가 남을 수 있다고, 그리고 비유는 책상 위에 올려둔 책이라고 설명했습니다.",True,,,,,False,False,0.8205128205128205,0.5,0.41025641025641024,0.25,True,True,3.7873675000155345,3.0716609999653883,,,,,question+passage,"professor의 4팀 1차 캐시에 대해 비유는 책상 위에 올려둔 책이라고, 장점은 반복 접근을 빠르게 만든다고, 그리고 주의점은 오래된 정보가 남을 수 있다고 설명했습니다.","professor's cache의 주의점에 대해 비유는 방어적으로 생각하는 곳이라고, 영향은 주의 깊은 곳이라고, 그리고 비유는 책상 위에 올려둔 책이라고 설명했습니다."
dataset_ko_51_final,entity_simple_hard_test_project_00397:final:0,entity_simple_hard_test_project_00397,entity_simple_hard_test_project_00397,True,same_source_sibling_facts,1,4,23,20,심화 오후반 4차 백엔드 배포에서 담당과 확인 기준을 함께 정리해줘.,"심화 오후반 4차 백엔드 배포에 대해 담당은 백엔드 팀이라고, 그리고 확인 기준은 오류 발생률이라고 설명했습니다.",True,,,,,False,False,0.8571428571428571,0.7179487179487181,0.42857142857142855,0.35897435897435903,True,True,3.346935699984897,4.1950392999569885,,,,,question+passage,"심화 오후반 4차 백엔드 배포에 대해 확인 기준은 오류 발생률이라고, 공유 위치는 깃허브 이슈 탭이라고, 그리고 담당은 백엔드 팀이라고 설명했습니다.","심화 오후반 4차 백엔드 배포에 대해 담당은 백엔드 팀이라고, 마감은 수요일 오후 다섯 시라고, 그리고 확인 기준은 오류 종류는 백엔드 팀의 오픈 프로세스라고 설명했습니다."
dataset_ko_52_final,entity_simple_hard_test_dessert_00241:final:0,entity_simple_hard_test_dessert_00241,entity_simple_hard_test_dessert_00241,True,same_source_sibling_facts,1,4,23,20,여름 1팀 3차 솜사탕에서 비유와 색깔을 함께 정리해줘.,"여름 1팀 3차 솜사탕에 대해 비유는 구름 같은 간식이라고, 그리고 색깔은 분홍색이라고 설명했습니다.",True,,,,,False,False,0.9600000000000001,0.5925925925925927,0.48000000000000004,0.29629629629629634,True,True,2.2437440999783576,2.939888399967458,,,,,question+passage,"여름 1팀 3차 솜사탕에 대해 비유는 구름 같은 간식이라고, 색깔은 분홍색이라고 설명했습니다.","여름 1팀 3차 솜사탕에 대해 비유는 아마자비에 가까운 상을 추천하는데, 색깔은 분홍색과yellow를 추천하는다고 설명했습니다."
dataset_ko_53_final,entity_simple_hard_test_project_00300:final:0,entity_simple_hard_test_project_00300,entity_simple_hard_test_project_00300,True,same_source_sibling_facts,1,4,23,20,봄 A반 4차 최종 발표 설명에서 담당과 확인 기준만 알려줘.,"봄 A반 4차 최종 발표에 대해 담당은 기획 파트라고, 그리고 확인 기준은 근거 제시 여부라고 설명했습니다.",True,,,,,False,False,0.8823529411764706,0.896551724137931,0.4411764705882353,0.4482758620689655,True,True,2.9337514000362717,2.2891460999962874,,,,,tie,"봄 A반 4차 최종 발표에 대해 확인 기준은 근거 제시 여부라고, 공유 위치는 팀 노션 페이지라고, 그리고 담당은 기획 파트라고 설명했습니다.","봄 A반 4차 최종 발표 설명에 대해 담당은 업무 파트라고, 확인 기준은 근거 제시 여부라고 설명했습니다."
dataset_ko_54_final,entity_simple_hard_test_project_00111:final:0,entity_simple_hard_test_project_00111,entity_simple_hard_test_project_00111,True,same_source_sibling_facts,1,4,23,20,여름 B반 2차 프론트엔드 점검 설명 중 담당과 확인 기준에 해당하는 내용만 답해줘.,"여름 B반 2차 프론트엔드 점검에 대해 담당은 프론트엔드 파트라고, 그리고 확인 기준은 사용자 차단 여부라고 설명했습니다.",True,,,,,False,False,0.8648648648648648,0.888888888888889,0.4324324324324324,0.4444444444444445,True,True,3.792359500017483,3.7207912000012584,,,,,tie,"여름 B반 2차 프론트엔드 점검 설명에 대해 확인 기준은 사용자 차단 여부라고, 공유 위치는 프로젝트 슬랙 채널이라고, 그리고 담당은 프론트엔드 파트라고 설명했습니다.","여름 B반 2차 프론트엔드 점검에 대해 담당은 프론트엔드 파트라고, 마감은 다음 달 첫째 주 화요일이라고, 그리고 확인 기준은 사용자 차단 여부라고 설명했습니다."
dataset_ko_55_final,entity_simple_hard_test_statistics_00046:final:0,entity_simple_hard_test_statistics_00046,entity_simple_hard_test_statistics_00046,True,same_source_sibling_facts,1,4,23,20,교수님이 정규 1팀 1차 상관계수의 비유와 활용을 어떻게 말했어?,"정규 1팀 1차 상관계수에 대해 비유는 두 변수의 움직임을 비교하는 나침반이라고, 그리고 활용은 관계 강도를 빠르게 살필 때 쓴다고 설명했습니다.",True,,,,,False,False,0.5333333333333333,0.3673469387755102,0.26666666666666666,0.1836734693877551,True,False,2.282608999987133,5.420216700003948,,,,,question+passage,"professor님은 비유로 점을移动하는 대열이라고, 활용은 관계 강도를 빠르게 살필 때 쓴다고 설명했습니다.","교수님이 정규 1팀 1차 상관계수의 비유와 활용을 설명하시나요에 대해 비유는 서로 영향을较快地强化或弱化에 대해 반는 대상과 다르다, 주의점은 원인 증명을 뜻하지 않는다고, 그리고 활용은 성역할을 수직에 위치하는 현재로理解하는 방식을 의미한다고 설명했습니다."
dataset_ko_56_final,entity_simple_hard_test_art_history_00040:final:0,entity_simple_hard_test_art_history_00040,entity_simple_hard_test_art_history_00040,True,same_source_sibling_facts,1,4,23,20,봄 1팀 1차 바로크 설명에서 비유와 비교 포인트만 알려줘.,"봄 1팀 1차 바로크에 대해 비유는 무대 조명이 한 장면을 강조하는 방식이라고, 그리고 비교 포인트는 평면적 구도와 구분된다고 설명했습니다.",True,,,,,False,False,0.8717948717948718,0.7647058823529412,0.4358974358974359,0.3823529411764706,True,True,3.858615799981635,3.075176599959377,,,,,question+passage,"봄 1팀 1차 바로크에 대해 비유는 무대 조명이 한 장면을 강조하는 방식이라고, 목적은 감정을 강하게 전달하는 것이라고, 그리고 비교 포인트는 평면적 구도와 구분된다고 설명했습니다.","봄 1팀 1차 바로크에 대해 비유는 무대 조명이 한 장면을 강조하는 방식이라고, 비교 포인트는 극적 명암처럼 색을 강조한다고 설명했습니다."
dataset_ko_57_final,entity_simple_hard_test_statistics_00023:final:0,entity_simple_hard_test_statistics_00023,entity_simple_hard_test_statistics_00023,True,same_source_sibling_facts,1,4,23,20,겨울 C반 1차 회귀분석 설명 중 의미와 주의점에 해당하는 내용만 답해줘.,"겨울 C반 1차 회귀분석에 대해 의미는 관계의 경향 설명이라고, 그리고 주의점은 모든 원인을 증명하지는 않는다고 설명했습니다.",True,,,,,False,False,0.6,0.8205128205128205,0.3,0.41025641025641024,True,True,4.057202900003176,3.961859699978959,,,,,passage-only,"겨울 C반 1차 회귀분석 설명에 대해 주의점은 데이터의 영향을 강하게 보는 차이가 가감될 때 쓴다고, 활용은 예측 경향을 설명할 때 쓴다고, 그리고 의미는 관계의 경향 설명이라고 설명했습니다.","겨울 C반 1차 회귀분석 설명에 대해 의미는 관계의 경향 설명이라고, 주의점은 모든 원인을 증명하지는 않는다고, 그리고 비유는 흩어진 점 사이에 길을 그어 보는 일이라고 설명했습니다."
dataset_ko_58_final,entity_simple_hard_test_statistics_00335:final:0,entity_simple_hard_test_statistics_00335,entity_simple_hard_test_statistics_00335,True,same_source_sibling_facts,1,4,23,20,파일럿 D반 4차 회귀분석 설명 중 비유와 활용에 해당하는 내용만 답해줘.,"파일럿 D반 4차 회귀분석에 대해 비유는 흩어진 점 사이에 길을 그어 보는 일이라고, 그리고 활용은 예측 경향을 설명할 때 쓴다고 설명했습니다.",True,,,,,False,False,0.5,0.19354838709677416,0.25,0.09677419354838708,False,False,1.5101619000197388,7.656530300038867,,,,,question+passage,파일럿 D반 4차 회귀분석 설명 중 비유와 활용을 함께 설명할 것입니다.,"파일럿 D반 4차 회귀분석 설명에 대해 비유는 주의점에 해당하는 예로, 원인 설명에 해당하는 예로는 순서를 일치하는 결과를 설명하는 예로 분석해 주는 said를 설명하는 것으로区别是区分的什么意思에 대해 비유는 비유가 함수를 의미하는 함수의 차이가什么意思에 대해 추가로 백은 백으로 변환하는 함수와 설명은 입력에 위험이 있다고 설명하는 것으로区别是区别和权限的划分区别回答英文含义是什么에 대해 추가로 백은"
dataset_ko_59_final,entity_simple_hard_test_os_concept_00198:final:0,entity_simple_hard_test_os_concept_00198,entity_simple_hard_test_os_concept_00198,True,same_source_sibling_facts,1,4,23,20,교수님이 실습 오후반 2차 캐시의 역할과 장점을 어떻게 말했어?,"실습 오후반 2차 캐시에 대해 역할은 자주 쓰는 정보를 가까이 둔다고, 그리고 장점은 반복 접근을 빠르게 만든다고 설명했습니다.",True,,,,,False,False,0.6486486486486486,0.6829268292682927,0.3243243243243243,0.34146341463414637,True,True,3.3845305999857374,3.9279955999809317,,,,,tie,"prof의 수강정보는 반복 접근을 빠르게 만든다고, 주의점은 오래된 정보가 남을 수 있다고, 그리고 역할은 자주 쓰는 정보를 가까이 둔다고 설명했습니다.","교수님이 실습 오후반 2차 캐시에 대해 역할은 정보 접근을 빠르게 만든다고, 장점은 반복 접근을 빠르게 만든다고, 그리고 비유는 책상 위에 올려둔 책이라고 설명했습니다."
dataset_ko_60_final,entity_simple_hard_test_dessert_00192:final:0,entity_simple_hard_test_dessert_00192,entity_simple_hard_test_dessert_00192,True,same_source_sibling_facts,1,4,23,20,가을 오후반 2차 초콜렛 설명에서 색깔과 비유만 알려줘.,"가을 오후반 2차 초콜렛에 대해 색깔은 검정색이라고, 그리고 비유는 작은 선물 상자라고 설명했습니다.",True,,,,,False,False,0.8666666666666666,0.8571428571428571,0.4333333333333333,0.42857142857142855,True,True,3.114192200009711,2.7208801999804564,,,,,tie,"가을 오후반 2차 초콜렛 설명에 대해 비유는 작은 선물 상자라고, 특징은 입안에서 천천히 녹는다고, 그리고 색깔은 검정색이라고 설명했습니다.","가을 오후반 2차 초콜렛에 대해 색깔은 검정색이라고, 비유는 제공관이 작은 상자라고, 그리고 성격은 착하다고 설명했습니다."
dataset_ko_61_final,entity_simple_hard_test_dessert_00074:final:0,entity_simple_hard_test_dessert_00074,entity_simple_hard_test_dessert_00074,True,same_source_sibling_facts,1,4,23,20,교수님이 캡스톤 4팀 1차 마카롱의 특징과 맛을 어떻게 말했어?,"캡스톤 4팀 1차 마카롱에 대해 특징은 겉은 바삭하고 속은 촉촉하다고, 그리고 맛은 부드럽고 진하다고 설명했습니다.",True,,,,,False,False,0.8571428571428571,0.3448275862068965,0.42857142857142855,0.17241379310344826,True,False,3.839620000042487,2.8338441000087187,,,,,question+passage,"교수님이 캡스톤 4팀 1차 마카롱에 대해 특징은 겉은 바삭하고 속은 촉촉하다고, 맛은 부드럽고 진하다고, 그리고 비유는 작은 보석 상자라고 설명했습니다.",교수님이 캡스톤 4팀 1차 마카롱의 특징과 맛을 설명해 드리는 동영상과 맛을 아gedelic하다는 특징을 설명합니다.
dataset_ko_62_final,entity_simple_hard_test_project_00061:final:0,entity_simple_hard_test_project_00061,entity_simple_hard_test_project_00061,True,same_source_sibling_facts,1,4,23,20,여름 3팀 1차 백엔드 배포에서 확인 기준과 담당을 함께 정리해줘.,"여름 3팀 1차 백엔드 배포에 대해 확인 기준은 오류 발생률이라고, 그리고 담당은 백엔드 팀이라고 설명했습니다.",True,,,,,False,False,0.9655172413793104,0.5,0.4827586206896552,0.25,True,True,2.459903899987694,3.8216393999755383,,,,,question+passage,"여름 3팀 1차 백엔드 배포에 대해 확인 기준은 오류 발생률이라고, 담당은 백엔드 팀이라고 설명했습니다.","여름 3팀 1차 백엔드 배포에 대해 확인 기준은 오류 발생률을 함께 보고서 요청 사항에 새 메일 주소와 오류 발생률을 파일 명으로 생각하고, 파일.h受文件夹를 함께 보낸다고 설명했습니다."
dataset_ko_63_final,entity_simple_hard_test_statistics_00092:final:0,entity_simple_hard_test_statistics_00092,entity_simple_hard_test_statistics_00092,True,same_source_sibling_facts,1,4,23,20,가을 오후반 1차 표본분산 설명에서 활용과 비유만 알려줘.,"가을 오후반 1차 표본분산에 대해 활용은 데이터 변동성을 볼 때 쓴다고, 그리고 비유는 점들이 얼마나 퍼졌는지 보는 자라고 설명했습니다.",True,,,,,False,False,0.8947368421052632,0.3448275862068966,0.4473684210526316,0.1724137931034483,True,False,3.733336600009352,2.5871046999818645,,,,,question+passage,"가을 오후반 1차 표본분산에 대해 비유는 점들이 얼마나 퍼졌는지 보는 자라고, 주의점은 순위 정렬과 다르다고, 그리고 활용은 데이터 변동성을 볼 때 쓴다고 설명했습니다.",가을 오후반 1차 표본분산 표본표본분산 설명을 줄이기 hope와 비유를 비유했다고 설명했다고 설명했다고 설명했다.
dataset_ko_64_final,entity_simple_hard_test_marketing_00272:final:0,entity_simple_hard_test_marketing_00272,entity_simple_hard_test_marketing_00272,True,same_source_sibling_facts,1,4,23,20,가을 4팀 3차 신입생 캠페인 설명에서 보상과 대상만 알려줘.,"가을 4팀 3차 신입생 캠페인에 대해 보상은 커피 쿠폰이라고, 그리고 대상은 신입생이라고 설명했습니다.",True,,,,,False,False,0.896551724137931,0.9285714285714286,0.4482758620689655,0.4642857142857143,True,True,3.3571901999530382,3.3101998000056483,,,,,tie,"가을 4팀 3차 신입생 캠페인 설명에 대해 대상은 신입생이라고, 보상은 커피 쿠폰이라고, 그리고 성과 지표는 전환율이라고 설명했습니다.","가을 4팀 3차 신입생 캠페인 설명에 대해 보상은 커피 쿠폰이라고, 대상은 신입생이라고, 그리고 검색어는 학번이라고 설명했습니다."
dataset_ko_65_final,entity_simple_hard_test_art_history_00256:final:0,entity_simple_hard_test_art_history_00256,entity_simple_hard_test_art_history_00256,True,same_source_sibling_facts,1,4,23,20,정규 2팀 3차 바로크 설명에서 목적과 핵심 특징만 알려줘.,"정규 2팀 3차 바로크에 대해 목적은 감정을 강하게 전달하는 것이라고, 그리고 핵심 특징은 극적 명암이라고 설명했습니다.",True,,,,,False,False,0.8421052631578948,0.4186046511627907,0.4210526315789474,0.20930232558139536,True,True,3.668833800009452,5.184767300030217,,,,,question+passage,"정규 2팀 3차 바로크에 대해 핵심 특징은 극적 명암이라고, 비유는 무대 조명이 한 장면을 강조하는 방식이라고, 그리고 목적은 감정을 강하게 전달하는 것이라고 설명했습니다.",정규 2팀 3차 바로크에 대해 특징은 극적 명암과 구분된_colour입니다. 그리고 핵심 특징은 극적 명암과 극적 면에서 실시간으로 강함입니다. 답변:정규 2팀 3차 바로크가 퍼진 방식은 극적 메세지와 구분된_colour입니다.
dataset_ko_66_final,entity_simple_hard_test_dessert_00170:final:0,entity_simple_hard_test_dessert_00170,entity_simple_hard_test_dessert_00170,True,same_source_sibling_facts,1,4,23,20,교수님이 봄 4팀 2차 마카롱의 특징과 맛을 어떻게 말했어?,"봄 4팀 2차 마카롱에 대해 특징은 겉은 바삭하고 속은 촉촉하다고, 그리고 맛은 부드럽고 진하다고 설명했습니다.",True,,,,,False,False,0.7857142857142857,0.9333333333333333,0.39285714285714285,0.4666666666666667,True,True,3.0134451999911107,3.406482699967455,,,,,passage-only,"교수님에 대해 특징은 겉은 바삭하고 속은 촉촉하다고, 색깔은 알록달록하다고, 그리고 맛은 부드럽고 진하다고 설명했습니다.","봄 4팀 2차 마카롱에 대해 특징은 겉은 바삭하고 속은 촉촉하다고, 맛은 부드럽고 진하다고, 그리고 색깔은 알록달록하다고 설명했습니다."
dataset_ko_67_final,entity_simple_hard_test_project_00230:final:0,entity_simple_hard_test_project_00230,entity_simple_hard_test_project_00230,True,same_source_sibling_facts,1,4,23,20,교수님이 봄 D반 3차 AI 모델 평가의 마감과 공유 위치를 어떻게 말했어?,"봄 D반 3차 AI 모델 평가에 대해 마감은 금요일 자정 전이라고, 그리고 공유 위치는 회의록 폴더라고 설명했습니다.",True,,,,,False,False,0.8823529411764706,0.3225806451612903,0.4411764705882353,0.16129032258064516,True,False,3.0145248000044376,6.63592809997499,,,,,question+passage,"봄 D반 3차 AI 모델 평가의 마감은 금요일 자정 전이라고, 공유 위치는 회의록 폴더라고, 그리고 담당은 AI 파트라고 설명했습니다.","봄 D반 3차 AI 모델 평가 마감과 공유 위치에 대해 마감은 1일 전과 remember folder 말해 주실 path는 class 별로 분류해 주실 said path는 커널별로 분류해 주실 describes功能은 폴더 재 가려워 하는 곳이라고, remember pattern 말해 주실 path는 커널별로 분류해 주실 위치와 같이回答时间期限은 7일 후 바로 공유 위치라고 설명했습니다."
dataset_ko_68_final,entity_simple_hard_test_marketing_00320:final:0,entity_simple_hard_test_marketing_00320,entity_simple_hard_test_marketing_00320,True,same_source_sibling_facts,1,4,23,20,봄 C반 4차 신입생 캠페인 설명에서 대상과 보상만 알려줘.,"봄 C반 4차 신입생 캠페인에 대해 대상은 신입생이라고, 그리고 보상은 커피 쿠폰이라고 설명했습니다.",True,,,,,False,False,0.888888888888889,0.625,0.4444444444444445,0.3125,True,True,3.085667100036517,4.309278999979142,,,,,question+passage,"봄 C반 4차 신입생 캠페인에 대해 보상은 커피 쿠폰이라고, 대상은 신입생이라고, 그리고 성과 지표는 전환율이라고 설명했습니다.","봄 C반 4차 신입생 캠페인 설명에서 대상과 보상만 알려줬다고 함. 수행진은 오리隰隰와 알만 알만 알려진다고, 성과 지표는 전환율이라고, 그리고 보상은 커피 쿠폰이라고 설명했습니다."
dataset_ko_69_final,entity_simple_hard_test_os_concept_00007:final:0,entity_simple_hard_test_os_concept_00007,entity_simple_hard_test_os_concept_00007,True,same_source_sibling_facts,1,4,23,20,심화 A반 1차 큐 설명 중 역할과 장점에 해당하는 내용만 답해줘.,"심화 A반 1차 큐에 대해 역할은 작업을 순서대로 기다리게 한다고, 그리고 장점은 처리 순서를 명확하게 만든다고 설명했습니다.",True,,,,,False,False,0.8717948717948718,0.8947368421052632,0.4358974358974359,0.4473684210526316,True,True,3.707882799964864,3.359530400019139,,,,,tie,"심화 A반 1차 큐에 대해 장점은 처리 순서를 명확하게 만든다고, 역할은 작업을 순서대로 기다리게 한다고, 그리고 비유는 번호표를 뽑고 기다리는 줄이라고 설명했습니다.","심화 A반 1차 큐에 대해 역할은 작업을 순서대로 기다리게 한다고, 장점은 처리 순서를 명확하게 만든다고, 그리고 사용료는 현재 시간표와 비유했다고 설명했습니다."
dataset_ko_70_final,entity_simple_hard_test_project_00037:final:0,entity_simple_hard_test_project_00037,entity_simple_hard_test_project_00037,True,same_source_sibling_facts,1,4,23,20,심화 D반 1차 백엔드 배포에서 마감과 공유 위치를 함께 정리해줘.,"심화 D반 1차 백엔드 배포에 대해 마감은 수요일 오후 다섯 시라고, 그리고 공유 위치는 깃허브 이슈 탭이라고 설명했습니다.",True,,,,,False,False,0.923076923076923,0.6486486486486486,0.4615384615384615,0.3243243243243243,True,True,3.5284667999949306,3.0594725999981165,,,,,question+passage,"심화 D반 1차 백엔드 배포에 대해 공유 위치는 깃허브 이슈 탭이라고, 담당은 백엔드 팀이라고, 그리고 마감은 수요일 오후 다섯 시라고 설명했습니다.","심화 D반 1차 백엔드 배포에 대해 마감은 수요일 오후 다섯 시라고, 함께 정리해주는 곳은 커밋을 요청할 수 있는 곳이라고 설명했습니다."
dataset_ko_71_final,entity_simple_hard_test_statistics_00334:final:0,entity_simple_hard_test_statistics_00334,entity_simple_hard_test_statistics_00334,True,same_source_sibling_facts,1,4,23,20,교수님이 캡스톤 D반 4차 상관계수의 비유와 활용을 어떻게 말했어?,"캡스톤 D반 4차 상관계수에 대해 비유는 두 변수의 움직임을 비교하는 나침반이라고, 그리고 활용은 관계 강도를 빠르게 살필 때 쓴다고 설명했습니다.",True,,,,,False,False,0.41860465116279066,0.4,0.20930232558139533,0.2,True,False,5.630558000004385,2.888727799989283,,,,,tie,"professor의 카테고리가 뜻하는 의미는 히스토리 졸업이 meanantly_with_vine가 뜻하는 의미이고 비유는 추 measure/week와近邻の方向에 의미한다고, 차 수는 우boundの-hold의 의미를 뜻한다고, 그리고 활용은 관계 강도를 빠르게 살필 때 쓴다고 설명했습니다.","교수님이 캡스톤 D반 4차 상관계수의 비유와 활용을 설명하시고, 주의점에 그 이유를 간소화하시겠습니라고 설명하시겠습니다."
dataset_ko_72_final,entity_simple_hard_test_statistics_00239:final:0,entity_simple_hard_test_statistics_00239,entity_simple_hard_test_statistics_00239,True,same_source_sibling_facts,1,4,23,20,세미나 D반 3차 회귀분석 설명 중 비유와 활용에 해당하는 내용만 답해줘.,"세미나 D반 3차 회귀분석에 대해 비유는 흩어진 점 사이에 길을 그어 보는 일이라고, 그리고 활용은 예측 경향을 설명할 때 쓴다고 설명했습니다.",True,,,,,False,False,0.8837209302325582,0.5,0.4418604651162791,0.25,True,True,4.3187564999680035,5.121618100034539,,,,,question+passage,"세미나 D반 3차 회귀분석 설명에 대해 비유는 흩어진 점 사이에 길을 그어 보는 일이라고, 주의점은 모든 원인을 증명하지는 않는다고, 그리고 활용은 예측 경향을 설명할 때 쓴다고 설명했습니다.","세미나 D반 3차 회귀분석 설명 중 비유와 활용에 해당하는 내용만 설명하라면, 데이터가 주는 의미라고, 활용은 예측 경향을 설명할 때 쓴다고, 그리고 비유는 고통을 면역을 가르치는 예를 들면 누가 뭐라 설명할 때 쓴다고 설명했습니다."
dataset_ko_73_final,entity_simple_hard_test_marketing_00008:final:0,entity_simple_hard_test_marketing_00008,entity_simple_hard_test_marketing_00008,True,same_source_sibling_facts,1,4,23,20,실습 A반 1차 신입생 캠페인 설명에서 핵심 채널과 성과 지표만 알려줘.,"실습 A반 1차 신입생 캠페인에 대해 핵심 채널은 인스타그램이라고, 그리고 성과 지표는 전환율이라고 설명했습니다.",True,,,,,False,False,0.5405405405405405,0.6250000000000001,0.27027027027027023,0.31250000000000006,False,True,4.422861400002148,4.163111499976367,,,,,passage-only,"실습 A반 1차 신입생 캠페인 성과 지표만 알려주고 채널만 알려줄 수 있다고, 핵심 채널은 링크로 이동하는 지표만 알려주고 수치가如何하면 채널만 알려줄 수 있다고 설명했습니다.",실습 A반 1차 신입생 캠페인 설명에서 핵심 채널은 인스타그램입니다. 핵심 지표는 전환율입니다. 입소문 대상은 신입생입니다. 또한 채널은 인스타그램이라고 설명했습니다.
dataset_ko_74_final,entity_simple_hard_test_os_concept_00127:final:0,entity_simple_hard_test_os_concept_00127,entity_simple_hard_test_os_concept_00127,True,same_source_sibling_facts,1,4,23,20,심화 C반 2차 큐 설명 중 비유와 주의점에 해당하는 내용만 답해줘.,"심화 C반 2차 큐에 대해 비유는 번호표를 뽑고 기다리는 줄이라고, 그리고 주의점은 대기 시간이 길어질 수 있다고 설명했습니다.",True,,,,,False,False,0.8717948717948718,0.6842105263157895,0.4358974358974359,0.34210526315789475,True,True,3.7167881000204943,3.8485275999992155,,,,,question+passage,"심화 C반 2차 큐에 대해 비유는 번호표를 뽑고 기다리는 줄이라고, 장점은 처리 순서를 명확하게 만든다고, 그리고 주의점은 대기 시간이 길어질 수 있다고 설명했습니다.","심화 C반 2차 큐에 대해 비유는 선호도가 높은 직책이라고, 주의점은 대기 시간이 길어질 수 있다고, 그리고 결론은 시간적 예약은 막히지 막 간다라고 설명했습니다."
dataset_ko_75_final,entity_simple_hard_test_project_00302:final:0,entity_simple_hard_test_project_00302,entity_simple_hard_test_project_00302,True,same_source_sibling_facts,1,4,23,20,교수님이 가을 A반 4차 AI 모델 평가의 담당과 확인 기준을 어떻게 말했어?,"가을 A반 4차 AI 모델 평가에 대해 담당은 AI 파트라고, 그리고 확인 기준은 정답률이라고 설명했습니다.",True,,,,,False,False,0.6,0.7000000000000001,0.3,0.35000000000000003,False,True,3.7360710999928415,3.682257100008428,,,,,passage-only,"가을 A반 4차 AI 모델 평가의 담당과 확인 기준에 대해 확인 기능은 회의록 관리가 가능하다고, 공유 권한은 개인 태그라고, 그리고 확인 상태는 마감은 아니었다고 설명했습니다.","교수님이 가을 A반 4차 AI 모델 평가의 담당과 확인 기준에 대해 담당은 AI 파트라고, 확인 기준은 정답률을 설명했다고, 그리고 시간은 담당은 AI 파트라고 설명했다고 설명했습니다."
dataset_ko_76_final,entity_simple_hard_test_os_concept_00030:final:0,entity_simple_hard_test_os_concept_00030,entity_simple_hard_test_os_concept_00030,True,same_source_sibling_facts,1,4,23,20,교수님이 봄 D반 1차 캐시의 비유와 주의점을 어떻게 말했어?,"봄 D반 1차 캐시에 대해 비유는 책상 위에 올려둔 책이라고, 그리고 주의점은 오래된 정보가 남을 수 있다고 설명했습니다.",True,,,,,False,False,0.967741935483871,0.625,0.4838709677419355,0.3125,True,True,2.5922020000289194,3.126476100005675,,,,,question+passage,"봄 D반 1차 캐시에 대해 비유는 책상 위에 올려둔 책이라고, 주의점은 오래된 정보가 남을 수 있다고 설명했습니다.","프라이oresort 교수님이 봄 D반 1차 캐시에 대해 비유는 책상 위에 올려둔 책이라고, 주의점은 반복되는 수기로 업데이트 said."
dataset_ko_77_final,entity_simple_hard_test_marketing_00393:final:0,entity_simple_hard_test_marketing_00393,entity_simple_hard_test_marketing_00393,True,same_source_sibling_facts,1,4,23,20,겨울 오후반 4차 동아리 홍보에서 핵심 채널과 성과 지표를 함께 정리해줘.,"겨울 오후반 4차 동아리 홍보에 대해 핵심 채널은 오픈채팅방이라고, 그리고 성과 지표는 참여율이라고 설명했습니다.",True,,,,,False,False,0.962962962962963,0.742857142857143,0.4814814814814815,0.3714285714285715,True,True,2.644560199987609,3.8027971999836154,,,,,question+passage,"겨울 오후반 4차 동아리 홍보에 대해 핵심 채널은 오픈채팅방이라고, 성과 지표는 참여율이라고 설명했습니다.","겨울 오후반 4차 동아리 홍보에 대해 핵심 채널은 서브 채널로 간다고, 성과 지표는 참여율이라고, 그리고 메시지는 추천에 앞서 말하는 내용이라고 설명했습니다."
dataset_ko_78_final,entity_simple_hard_test_art_history_00233:final:0,entity_simple_hard_test_art_history_00233,entity_simple_hard_test_art_history_00233,True,same_source_sibling_facts,1,4,23,20,겨울 D반 3차 입체주의에서 비유와 비교 포인트를 함께 정리해줘.,"겨울 D반 3차 입체주의에 대해 비유는 여러 방향에서 본 사물을 한 화면에 놓는 방식이라고, 그리고 비교 포인트는 단일 원근과 다르다고 설명했습니다.",True,,,,,False,False,0.8837209302325582,0.7500000000000001,0.4418604651162791,0.37500000000000006,True,False,3.892512099992018,3.4626971999532543,,,,,question+passage,"겨울 D반 3차 입체주의에 대해 비유는 여러 방향에서 본 사물을 한 화면에 놓는 방식이라고, 목적은 대상을 새롭게 해석하는 것이라고, 그리고 비교 포인트는 단일 원근과 다르다고 설명했습니다.","겨울 D반 3차 입체주의에 대해 비유는 단일 면에서 본 사물을 한 화면에 놓는 방식이라고, 비유는 말하는 방식이라고, 그리고 비교 포인트는 다른 무엇이라고 설명했습니다."
dataset_ko_79_final,entity_simple_hard_test_os_concept_00076:final:0,entity_simple_hard_test_os_concept_00076,entity_simple_hard_test_os_concept_00076,True,same_source_sibling_facts,1,4,23,20,정규 4팀 1차 프로세스 설명에서 주의점과 비유만 알려줘.,"정규 4팀 1차 프로세스에 대해 주의점은 자원을 너무 많이 쓰면 느려질 수 있다고, 그리고 비유는 독립된 식당이라고 설명했습니다.",True,,,,,False,False,0.8717948717948718,0.8717948717948718,0.4358974358974359,0.4358974358974359,True,True,3.6949449999956414,3.788198199996259,,,,,tie,"정규 4팀 1차 프로세스 설명에 대해 주의점은 자원을 너무 많이 쓰면 느려질 수 있다고, 비유는 독립된 식당이라고, 그리고 역할은 독립된 실행 공간을 가진다고 설명했습니다.","정규 4팀 1차 프로세스에 대해 주의점은 자원을 너무 많이 쓰면 느려질 수 있다고, 비유는 독립된 식당이라고, 그리고 역할은 독립된 실행 공간을 가진다고 설명했습니다."
dataset_ko_80_final,entity_simple_hard_test_art_history_00328:final:0,entity_simple_hard_test_art_history_00328,entity_simple_hard_test_art_history_00328,True,same_source_sibling_facts,1,4,23,20,실습 C반 4차 바로크 설명에서 비유와 비교 포인트만 알려줘.,"실습 C반 4차 바로크에 대해 비유는 무대 조명이 한 장면을 강조하는 방식이라고, 그리고 비교 포인트는 평면적 구도와 구분된다고 설명했습니다.",True,,,,,False,False,0.65,0.45,0.325,0.225,True,False,3.5972504999954253,3.6694448000052944,,,,,question+passage,"실습 C반 4차 바로크에 대해 비유는 평면적 구도와 구분된다고, 목적은 감정을 강하게 전달하는 것이라고, 그리고 비교 포인트는 평면적 구도과 비교하는 것이라고 설명했습니다.","실습 C반 4차 바로크 설명에서 비유는 생각 대여기간을 초과한 것과 같은 면에서 중대하다고, 비유는 추가 의미를 가抱着다고, 그리고 비교 포인트는 절대적优点와 같다고 설명했습니다."
dataset_ko_81_final,entity_simple_hard_test_statistics_00309:final:0,entity_simple_hard_test_statistics_00309,entity_simple_hard_test_statistics_00309,True,same_source_sibling_facts,1,4,23,20,세미나 A반 4차 신뢰구간에서 의미와 주의점을 함께 정리해줘.,"세미나 A반 4차 신뢰구간에 대해 의미는 모수 추정 범위라고, 그리고 주의점은 정답 하나를 보장하지 않는다고 설명했습니다.",True,,,,,False,False,0.8648648648648648,0.7894736842105263,0.4324324324324324,0.39473684210526316,True,True,3.6441139000235125,3.532162800023798,,,,,question+passage,"세미나 A반 4차 신뢰구간에 대해 주의점은 정답 하나를 보장하지 않는다고, 의미는 모수 추정 범위라고, 그리고 비유는 정답이 100개를 보장하지 않는다고 설명했습니다.","세미나 A반 4차 신뢰구간에 대해 의미는 모수 추정 범위라고, 주의점은 정답 범위만 보장하지 않는다고, 그리고 의미와 주의점 모두 포함하지 않는 범위라고 설명했습니다."
dataset_ko_82_final,entity_simple_hard_test_marketing_00179:final:0,entity_simple_hard_test_marketing_00179,entity_simple_hard_test_marketing_00179,True,same_source_sibling_facts,1,4,23,20,세미나 4팀 2차 멘토링 이벤트 설명 중 보상과 대상에 해당하는 내용만 답해줘.,"세미나 4팀 2차 멘토링 이벤트에 대해 보상은 포인트 500점이라고, 그리고 대상은 멘토링 참여 학생이라고 설명했습니다.",True,,,,,False,False,0.9090909090909091,0.8823529411764706,0.45454545454545453,0.4411764705882353,True,True,3.513350100023672,4.011146400007419,,,,,tie,"세미나 4팀 2차 멘토링 이벤트 설명에 대해 보상은 포인트 500점이라고, 대상은 멘토링 참여 학생이라고, 그리고 성과 지표는 재방문율이라고 설명했습니다.","세미나 4팀 2차 멘토링 이벤트에 대해 보상은 포인트 500점이라고, 핵심 채널은 이메일 뉴스레터라고, 그리고 대상은 멘토링 참여 학생이라고 설명했습니다."
dataset_ko_83_final,entity_simple_hard_test_statistics_00068:final:0,entity_simple_hard_test_statistics_00068,entity_simple_hard_test_statistics_00068,True,same_source_sibling_facts,1,4,23,20,실습 3팀 1차 표본분산 설명에서 주의점과 의미만 알려줘.,"실습 3팀 1차 표본분산에 대해 주의점은 순위 정렬과 다르다고, 그리고 의미는 흩어짐 측정이라고 설명했습니다.",True,,,,,False,False,0.8235294117647058,0.7857142857142857,0.4117647058823529,0.39285714285714285,True,True,3.672704899974633,2.22508140001446,,,,,tie,"실습 3팀 1차 표본분산에 대해 주의점은 순위 정렬과 다르다고, 의미는 흩어짐 측정이라고, 그리고 비유는 점들이 얼마나 퍼졌는지 보는 자라고 설명했습니다.","실습 3팀 1차 표본분산 설명에 대해 주의점은 순위 정렬과 다르다고, 의미는 이해 갰try를 줌이라고 설명했습니다."
dataset_ko_84_final,entity_simple_hard_test_project_00279:final:0,entity_simple_hard_test_project_00279,entity_simple_hard_test_project_00279,True,same_source_sibling_facts,1,4,23,20,세미나 4팀 3차 프론트엔드 점검 설명 중 공유 위치와 마감에 해당하는 내용만 답해줘.,"세미나 4팀 3차 프론트엔드 점검에 대해 공유 위치는 프로젝트 슬랙 채널이라고, 그리고 마감은 다음 달 첫째 주 화요일이라고 설명했습니다.",True,,,,,False,False,0.9696969696969697,0.5238095238095238,0.48484848484848486,0.2619047619047619,True,False,3.3727645999751985,4.205069800023921,,,,,question+passage,"세미나 4팀 3차 프론트엔드 점검 설명에 대해 공유 위치는 프로젝트 슬랙 채널이라고, 마감은 다음 달 첫째 주 화요일이라고 설명했습니다.","세미나 4팀 3차 프론트엔드 점검에 대해 공유 위치는 노트북 공유에 대해 설명이 존재하는 곳이라고, 마감은 종료 되는 폭은 24 분 후라고, 그리고 오류는 다른 타입에 해당한다고 설명했습니다."
dataset_ko_85_final,entity_simple_hard_test_dessert_00243:final:0,entity_simple_hard_test_dessert_00243,entity_simple_hard_test_dessert_00243,True,same_source_sibling_facts,1,4,23,20,겨울 1팀 3차 브라우니 설명 중 비유와 색깔에 해당하는 내용만 답해줘.,"겨울 1팀 3차 브라우니에 대해 비유는 초콜렛을 압축한 케이크라고, 그리고 색깔은 진한 갈색이라고 설명했습니다.",True,,,,,False,False,0.8750000000000001,0.9032258064516129,0.43750000000000006,0.45161290322580644,True,True,3.8375353000010364,3.7237581000081263,,,,,tie,"겨울 1팀 3차 브라우니에 대해 비유는 초콜렛을 압축한 케이크라고, 색깔은 진한 갈색이라고, 그리고 특징은 속이 촉촉하게 남는다고 설명했습니다.","겨울 1팀 3차 브라우니에 대해 비유는 초콜렛을 압축한 케이크라고, 색깔은 진한 갈색이라고, 그리고 맛은 묵직하게 달콤하다고 설명했습니다."
dataset_ko_86_final,entity_simple_hard_test_os_concept_00126:final:0,entity_simple_hard_test_os_concept_00126,entity_simple_hard_test_os_concept_00126,True,same_source_sibling_facts,1,4,23,20,교수님이 정규 C반 2차 캐시의 비유와 주의점을 어떻게 말했어?,"정규 C반 2차 캐시에 대해 비유는 책상 위에 올려둔 책이라고, 그리고 주의점은 오래된 정보가 남을 수 있다고 설명했습니다.",True,,,,,False,False,0.5555555555555555,0.75,0.27777777777777773,0.375,True,True,3.5775978000019677,4.7011627000174485,,,,,passage-only,"prof의 2차 캐시의 비유는 책에 설명이 잘 적힌다고, 주의점은 오래된 정보가 남을 수 있다고, 그리고 역할은 자주 쓰는 정보를 가까이 둔다고 설명했습니다.","교수님이 정규 C반 2차 캐시에 대해 비유는 책상 위에 올려둔 책이라고, 주의점은 반복된 정보가 빠르게 포함될 수 있다고, 그리고 예상적으로快速 메모리에到临日은 빠르게 올라감이라고 설명했습니다."
dataset_ko_87_final,entity_simple_hard_test_dessert_00122:final:0,entity_simple_hard_test_dessert_00122,entity_simple_hard_test_dessert_00122,True,same_source_sibling_facts,1,4,23,20,교수님이 가을 C반 2차 마카롱의 맛과 특징을 어떻게 말했어?,"가을 C반 2차 마카롱에 대해 맛은 부드럽고 진하다고, 그리고 특징은 겉은 바삭하고 속은 촉촉하다고 설명했습니다.",True,,,,,False,False,0.8823529411764706,0.64,0.4411764705882353,0.32,True,True,3.3632088999729604,1.882383199990727,,,,,question+passage,"가을 C반 2차 마카롱에 대해 맛은 부드럽고 진하다고, 특징은 겉은 바삭하고 속은 촉촉하다고, 그리고 비유는 작은 보석 상자라고 설명했습니다.",교수님이 가을 C반 2차 마카롱의 맛과 특징으로 부드럽고 진하다고 설명했습니다.
dataset_ko_88_final,entity_simple_hard_test_marketing_00011:final:0,entity_simple_hard_test_marketing_00011,entity_simple_hard_test_marketing_00011,True,same_source_sibling_facts,1,4,23,20,여름 B반 1차 멘토링 이벤트 설명 중 핵심 채널과 성과 지표에 해당하는 내용만 답해줘.,"여름 B반 1차 멘토링 이벤트에 대해 핵심 채널은 이메일 뉴스레터라고, 그리고 성과 지표는 재방문율이라고 설명했습니다.",True,,,,,False,False,0.9655172413793104,0.9333333333333333,0.4827586206896552,0.4666666666666667,True,True,3.0189709999831393,3.18074899999192,,,,,tie,"여름 B반 1차 멘토링 이벤트 설명에 대해 핵심 채널은 이메일 뉴스레터라고, 성과 지표는 재방문율이라고 설명했습니다.","여름 B반 1차 멘토링 이벤트에 대해 핵심 채널은 인스타그램이라고, 성과 지표는 재방문율이라고, 그리고 뉴스레터라고 설명했습니다."
dataset_ko_89_final,entity_simple_hard_test_project_00228:final:0,entity_simple_hard_test_project_00228,entity_simple_hard_test_project_00228,True,same_source_sibling_facts,1,4,23,20,실습 C반 3차 최종 발표 설명에서 마감과 공유 위치만 알려줘.,"실습 C반 3차 최종 발표에 대해 마감은 다음 주 월요일 밤이라고, 그리고 공유 위치는 팀 노션 페이지라고 설명했습니다.",True,,,,,False,False,0.967741935483871,0.8648648648648648,0.4838709677419355,0.4324324324324324,True,True,2.359078200010117,3.256629800016526,,,,,question+passage,"실습 C반 3차 최종 발표에 대해 공유 위치는 팀 노션 페이지라고, 마감은 다음 주 월요일 밤이라고 설명했습니다.","실습 C반 3차 최종 발표 설명에 대해 마감은 다음 주 월요일 밤이라고, 공유 위치는 팀 노션 페이지라고, 그리고 확인 기준은 근거 제시 여부라고 설명했습니다."
dataset_ko_90_final,entity_simple_hard_test_dessert_00120:final:0,entity_simple_hard_test_dessert_00120,entity_simple_hard_test_dessert_00120,True,same_source_sibling_facts,1,4,23,20,봄 C반 2차 초콜렛 설명에서 맛과 특징만 알려줘.,"봄 C반 2차 초콜렛에 대해 맛은 달콤하다고, 그리고 특징은 입안에서 천천히 녹는다고 설명했습니다.",True,,,,,False,False,0.923076923076923,0.923076923076923,0.4615384615384615,0.4615384615384615,True,True,2.888765899988357,2.938310099998489,,,,,tie,"봄 C반 2차 초콜렛에 대해 맛은 달콤하다고, 특징은 입안에서 천천히 녹는다고, 그리고 맛은 달콤하다고 설명했습니다.","봄 C반 2차 초콜렛 설명에 대해 맛은 달콤하다고, 특징은 입안에서 천천히 녹는다고, 그리고 색깔은 검정색이라고 설명했습니다."
dataset_ko_91_final,entity_simple_hard_test_marketing_00131:final:0,entity_simple_hard_test_marketing_00131,entity_simple_hard_test_marketing_00131,True,same_source_sibling_facts,1,4,23,20,여름 D반 2차 멘토링 이벤트 설명 중 대상과 보상에 해당하는 내용만 답해줘.,"여름 D반 2차 멘토링 이벤트에 대해 대상은 멘토링 참여 학생이라고, 그리고 보상은 포인트 500점이라고 설명했습니다.",True,,,,,False,False,0.8823529411764706,0.9090909090909091,0.4411764705882353,0.45454545454545453,True,True,3.927391599980183,3.422208500036504,,,,,tie,"여름 D반 2차 멘토링 이벤트에 대해 대상은 멘토링 참여 학생이라고, 보상은 포인트 500점이라고, 그리고 핵심 채널은 이메일 뉴스레터라고 설명했습니다.","여름 D반 2차 멘토링 이벤트에 대해 대상은 멘토링 참여 학생이라고, 보상은 포인트 500점이라고, 그리고 성과 지표는 재방문율이라고 설명했습니다."
dataset_ko_92_final,entity_simple_hard_test_art_history_00067:final:0,entity_simple_hard_test_art_history_00067,entity_simple_hard_test_art_history_00067,True,same_source_sibling_facts,1,4,23,20,심화 3팀 1차 르네상스 설명 중 목적과 핵심 특징에 해당하는 내용만 답해줘.,"심화 3팀 1차 르네상스에 대해 목적은 사람의 가치를 드러내는 것이라고, 그리고 핵심 특징은 인문주의라고 설명했습니다.",True,,,,,False,False,0.9655172413793104,0.8333333333333333,0.4827586206896552,0.41666666666666663,True,True,2.6484895999892615,3.911183800024446,,,,,question+passage,"심화 3팀 1차 르네상스에 대해 핵심 특징은 인문주의라고, 목적은 사람의 가치를 드러내는 것이라고 설명했습니다.","심화 3팀 1차 르네상스에 대해 목적은 사람의 가치를 드러내는 것이라고, 핵심 특징은 인문주의라고, 그리고 합수문장 형식이 아닌 핵심 특징은 인문주의라고 설명했습니다."
dataset_ko_93_final,entity_simple_hard_test_project_00207:final:0,entity_simple_hard_test_project_00207,entity_simple_hard_test_project_00207,True,same_source_sibling_facts,1,4,23,20,심화 A반 3차 프론트엔드 점검 설명 중 담당과 확인 기준에 해당하는 내용만 답해줘.,"심화 A반 3차 프론트엔드 점검에 대해 담당은 프론트엔드 파트라고, 그리고 확인 기준은 사용자 차단 여부라고 설명했습니다.",True,,,,,False,False,0.8648648648648648,0.888888888888889,0.4324324324324324,0.4444444444444445,True,True,3.744674399960786,3.723701799986884,,,,,tie,"심화 A반 3차 프론트엔드 점검 설명에 대해 확인 기준은 사용자 차단 여부라고, 공유 위치는 프로젝트 슬랙 채널이라고, 그리고 담당은 프론트엔드 파트라고 설명했습니다.","심화 A반 3차 프론트엔드 점검에 대해 담당은 프론트엔드 파트라고, 마감은 다음 달 첫째 주 화요일이라고, 그리고 확인 기준은 사용자 차단 여부라고 설명했습니다."
dataset_ko_94_final,entity_simple_hard_test_statistics_00260:final:0,entity_simple_hard_test_statistics_00260,entity_simple_hard_test_statistics_00260,True,same_source_sibling_facts,1,4,23,20,봄 3팀 3차 표본분산 설명에서 주의점과 의미만 알려줘.,"봄 3팀 3차 표본분산에 대해 주의점은 순위 정렬과 다르다고, 그리고 의미는 흩어짐 측정이라고 설명했습니다.",True,,,,,False,False,0.8125000000000001,0.8125000000000001,0.40625000000000006,0.40625000000000006,True,True,3.585974099987652,3.4917460000142455,,,,,tie,"봄 3팀 3차 표본분산에 대해 주의점은 순위 정렬과 다르다고, 의미는 흩어짐 측정이라고, 그리고 비유는 점들이 얼마나 퍼졌는지 보는 자라고 설명했습니다.","봄 3팀 3차 표본분산 설명에 대해 주의점은 순위 정렬과 다르다고, 의미는 이해 갰try 변동성을 보는 도구라고, 그리고 의미는 흩어짐 측정이라고 설명했습니다."
dataset_ko_95_final,entity_simple_hard_test_project_00301:final:0,entity_simple_hard_test_project_00301,entity_simple_hard_test_project_00301,True,same_source_sibling_facts,1,4,23,20,여름 A반 4차 백엔드 배포에서 담당과 확인 기준을 함께 정리해줘.,"여름 A반 4차 백엔드 배포에 대해 담당은 백엔드 팀이라고, 그리고 확인 기준은 오류 발생률이라고 설명했습니다.",True,,,,,False,False,0.8571428571428571,0.7567567567567568,0.42857142857142855,0.3783783783783784,True,True,3.344064399949275,3.674147100013215,,,,,question+passage,"여름 A반 4차 백엔드 배포에 대해 확인 기준은 오류 발생률이라고, 공유 위치는 깃허브 이슈 탭이라고, 그리고 담당은 백엔드 팀이라고 설명했습니다.","여름 A반 4차 백엔드 배포에 대해 담당은 백엔드 팀이라고, 마감은 수요일 오후 다섯 시라고, 그리고 확인 기준은 오류 종류가 승인 반려가라고 설명했습니다."
dataset_ko_96_final,entity_simple_hard_test_dessert_00000:final:0,entity_simple_hard_test_dessert_00000,entity_simple_hard_test_dessert_00000,True,same_source_sibling_facts,1,4,23,20,봄 A반 1차 초콜렛 설명에서 색깔과 비유만 알려줘.,"봄 A반 1차 초콜렛에 대해 색깔은 검정색이라고, 그리고 비유는 작은 선물 상자라고 설명했습니다.",True,,,,,False,False,0.8571428571428571,0.8,0.42857142857142855,0.4,True,True,2.996405699988827,2.4124006999772973,,,,,question+passage,"봄 A반 1차 초콜렛 설명에 대해 색깔은 검정색이라고, 비유는 작은 선물 상자라고, 그리고 특징은 입안에서 천천히 녹는다고 설명했습니다.","봄 A반 1차 초콜렛 설명에 대해 색깔은 검정색이라고, 비유는 다른 상자라고, 그리고 프로는 추천이라고 설명했습니다."
dataset_ko_97_final,entity_simple_hard_test_dessert_00291:final:0,entity_simple_hard_test_dessert_00291,entity_simple_hard_test_dessert_00291,True,same_source_sibling_facts,1,4,23,20,여름 오후반 3차 브라우니 설명 중 색깔과 비유에 해당하는 내용만 답해줘.,"여름 오후반 3차 브라우니에 대해 색깔은 진한 갈색이라고, 그리고 비유는 초콜렛을 압축한 케이크라고 설명했습니다.",True,,,,,False,False,0.8750000000000001,0.9032258064516129,0.43750000000000006,0.45161290322580644,True,True,3.868872699968051,3.714641999977175,,,,,tie,"여름 오후반 3차 브라우니에 대해 비유는 초콜렛을 압축한 케이크라고, 특징은 속이 촉촉하게 남는다고, 그리고 색깔은 진한 갈색이라고 설명했습니다.","여름 오후반 3차 브라우니에 대해 색깔은 진한 갈색이라고, 비유는 초콜렛을 압축한 케이크라고, 그리고 맛은 묵직하게 달콤하다고 설명했습니다."
dataset_ko_98_final,entity_simple_hard_test_dessert_00121:final:0,entity_simple_hard_test_dessert_00121,entity_simple_hard_test_dessert_00121,True,same_source_sibling_facts,1,4,23,20,여름 C반 2차 솜사탕에서 맛과 특징을 함께 정리해줘.,"여름 C반 2차 솜사탕에 대해 맛은 가볍게 달콤하다고, 그리고 특징은 입에 닿으면 빠르게 사라진다고 설명했습니다.",True,,,,,False,False,0.9090909090909091,0.8235294117647058,0.45454545454545453,0.4117647058823529,True,True,3.6004253000137396,3.6690914999926463,,,,,question+passage,"여름 C반 2차 솜사탕에 대해 맛은 가볍게 달콤하다고, 특징은 입에 닿으면 빠르게 사라진다고, 그리고 보조금은 가볍게 달콤하다고 설명했습니다.","여름 C반 2차 솜사탕에 대해 맛은 가볍게 달콤하다고, 맛은 깔끔하다고, 그리고 색깔은 진저의 경우 입에 닿으면 빠르게 사라진다고 설명했습니다."
dataset_ko_99_final,entity_simple_hard_test_os_concept_00175:final:0,entity_simple_hard_test_os_concept_00175,entity_simple_hard_test_os_concept_00175,True,same_source_sibling_facts,1,4,23,20,파일럿 4팀 2차 큐 설명 중 주의점과 비유에 해당하는 내용만 답해줘.,"파일럿 4팀 2차 큐에 대해 주의점은 대기 시간이 길어질 수 있다고, 그리고 비유는 번호표를 뽑고 기다리는 줄이라고 설명했습니다.",True,,,,,False,False,0.8717948717948718,0.5306122448979592,0.4358974358974359,0.2653061224489796,True,True,3.8260814000386745,6.354161499999464,,,,,question+passage,"파일럿 4팀 2차 큐에 대해 비유는 번호표를 뽑고 기다리는 줄이라고, 장점은 처리 순서를 명확하게 만든다고, 그리고 주의점은 대기 시간이 길어질 수 있다고 설명했습니다.","파일럿 4팀 2차 큐에 대해 주의점은memcached에 대한 위험은 파산 시간이 길어질 수 있다고, 비유는 번호표를 뽑고 기다리는 줄에서 비유는 번호표를 뽑고 기다리는 줄에서 비유는 비유가 그 자리에 있으면서 변경을 더缓慢ly 쇄断裂期이자 절대값이면 안 된다고 설명했습니다."
dataset_ko_100_final,entity_simple_hard_test_statistics_00356:final:0,entity_simple_hard_test_statistics_00356,entity_simple_hard_test_statistics_00356,True,same_source_sibling_facts,1,4,23,20,정규 2팀 4차 표본분산 설명에서 주의점과 의미만 알려줘.,"정규 2팀 4차 표본분산에 대해 주의점은 순위 정렬과 다르다고, 그리고 의미는 흩어짐 측정이라고 설명했습니다.",True,,,,,False,False,0.8235294117647058,0.9032258064516129,0.4117647058823529,0.45161290322580644,True,True,3.6726108999573626,3.354959999967832,,,,,passage-only,"정규 2팀 4차 표본분산에 대해 주의점은 순위 정렬과 다르다고, 의미는 흩어짐 측정이라고, 그리고 비유는 점들이 얼마나 퍼졌는지 보는 자라고 설명했습니다.","정규 2팀 4차 표본분산 설명에 대해 주의점은 순위 정렬과 다르다고, 의미는 흩어짐 측정이라고, 그리고 의미는 퍼짐 측정이라고 설명했습니다."
dataset_ko_101_final,entity_simple_hard_test_statistics_00332:final:0,entity_simple_hard_test_statistics_00332,entity_simple_hard_test_statistics_00332,True,same_source_sibling_facts,1,4,23,20,가을 D반 4차 표본분산 설명에서 비유와 활용만 알려줘.,"가을 D반 4차 표본분산에 대해 비유는 점들이 얼마나 퍼졌는지 보는 자라고, 그리고 활용은 데이터 변동성을 볼 때 쓴다고 설명했습니다.",True,,,,,False,False,0.9696969696969697,0.7317073170731708,0.48484848484848486,0.3658536585365854,True,True,2.9013968000072055,4.057051100011449,,,,,question+passage,"가을 D반 4차 표본분산에 대해 비유는 점들이 얼마나 퍼졌는지 보는 자라고, 활용은 데이터 변동성을 볼 때 쓴다고 설명했습니다.","가을 D반 4차 표본분산 설명에 대해 비유는 점들이 얼마나 퍼졌는지 보는 자라고, 활용은 여러 차원을 1차원ize 한 것이라고, 그리고 비유는 데이터를 어떤 차원으로 분배하는지 보는 게 다르라고 설명했습니다."
dataset_ko_102_final,entity_simple_hard_test_marketing_00200:final:0,entity_simple_hard_test_marketing_00200,entity_simple_hard_test_marketing_00200,True,same_source_sibling_facts,1,4,23,20,봄 A반 3차 신입생 캠페인 설명에서 핵심 채널과 성과 지표만 알려줘.,"봄 A반 3차 신입생 캠페인에 대해 핵심 채널은 인스타그램이라고, 그리고 성과 지표는 전환율이라고 설명했습니다.",True,,,,,False,False,0.608695652173913,0.6060606060606061,0.3043478260869565,0.30303030303030304,False,True,2.174579899990931,4.255143799993675,,,,,tie,봄 A반 3차 신입생 캠페인 성과 지표가 간소화된 채널만 알려주고 있습니다.,"봄 A반 3차 신입생 캠페인 설명에서 핵심 채널은 인스타그램입니다. 그리고 성과 지표는 전환율이라고, 참여율은 핵심 채널이라고, 그리고 고객 지지구역은 메도우스로 알려져 있습니다."
dataset_ko_103_final,entity_simple_hard_test_os_concept_00004:final:0,entity_simple_hard_test_os_concept_00004,entity_simple_hard_test_os_concept_00004,True,same_source_sibling_facts,1,4,23,20,캡스톤 A반 1차 프로세스 설명에서 역할과 장점만 알려줘.,"캡스톤 A반 1차 프로세스에 대해 역할은 독립된 실행 공간을 가진다고, 그리고 장점은 서로 영향을 줄이는 데 도움이 된다고 설명했습니다.",True,,,,,False,True,0.8372093023255813,1.0,0.41860465116279066,1.0,True,True,4.187867800006643,2.9469398999935947,,,,,passage-only,"캡스톤 A반 1차 프로세스 설명에 대해 장점은 서로 영향을 줄이는 데 도움이 된다고, 주의점은 자원을 너무 많이 쓰면 느려질 수 있다고, 그리고 역할은 독립된 실행 공간을 가진다고 설명했습니다.","캡스톤 A반 1차 프로세스에 대해 역할은 독립된 실행 공간을 가진다고, 그리고 장점은 서로 영향을 줄이는 데 도움이 된다고 설명했습니다."
dataset_ko_104_final,entity_simple_hard_test_os_concept_00079:final:0,entity_simple_hard_test_os_concept_00079,entity_simple_hard_test_os_concept_00079,True,same_source_sibling_facts,1,4,23,20,세미나 4팀 1차 큐 설명 중 주의점과 비유에 해당하는 내용만 답해줘.,"세미나 4팀 1차 큐에 대해 주의점은 대기 시간이 길어질 수 있다고, 그리고 비유는 번호표를 뽑고 기다리는 줄이라고 설명했습니다.",True,,,,,False,False,0.8717948717948718,0.8717948717948718,0.4358974358974359,0.4358974358974359,True,True,3.8276088999700733,3.892067999986466,,,,,tie,"세미나 4팀 1차 큐에 대해 비유는 번호표를 뽑고 기다리는 줄이라고, 장점은 처리 순서를 명확하게 만든다고, 그리고 주의점은 대기 시간이 길어질 수 있다고 설명했습니다.","세미나 4팀 1차 큐에 대해 주의점은 대기 시간이 길어질 수 있다고, 비유는 번호표를 뽑고 기다리는 줄이라고, 그리고 역할은 작업을 순서대로 기다리게 한다고 설명했습니다."
dataset_ko_105_final,entity_simple_hard_test_os_concept_00292:final:0,entity_simple_hard_test_os_concept_00292,entity_simple_hard_test_os_concept_00292,True,same_source_sibling_facts,1,4,23,20,가을 오후반 3차 프로세스 설명에서 역할과 장점만 알려줘.,"가을 오후반 3차 프로세스에 대해 역할은 독립된 실행 공간을 가진다고, 그리고 장점은 서로 영향을 줄이는 데 도움이 된다고 설명했습니다.",True,,,,,False,False,0.8372093023255813,0.6666666666666666,0.41860465116279066,0.3333333333333333,True,True,4.213559600000735,4.305195800028741,,,,,question+passage,"가을 오후반 3차 프로세스 설명에 대해 장점은 서로 영향을 줄이는 데 도움이 된다고, 주의점은 자원을 너무 많이 쓰면 느려질 수 있다고, 그리고 역할은 독립된 실행 공간을 가진다고 설명했습니다.","가을 오후반 3차 프로세스에 대해 역할은 독립된 실행 공간을 가진다고, 그리고 역할은 독립된 프로세스에서 실행한다고,最后含义是说保留了以前的每一阶段都强调了根据错误提到了应该有小的空间表示为学生没有的。"
dataset_ko_106_final,entity_simple_hard_test_dessert_00002:final:0,entity_simple_hard_test_dessert_00002,entity_simple_hard_test_dessert_00002,True,same_source_sibling_facts,1,4,23,20,교수님이 가을 A반 1차 마카롱의 색깔과 비유를 어떻게 말했어?,"가을 A반 1차 마카롱에 대해 색깔은 알록달록하다고, 그리고 비유는 작은 보석 상자라고 설명했습니다.",True,,,,,False,False,0.8387096774193548,0.5185185185185186,0.4193548387096774,0.2592592592592593,True,False,3.37967719999142,2.4658646999741904,,,,,question+passage,"가을 A반 1차 마카롱에 대해 비유는 작은 보석 상자라고, 특징은 겉은 바삭하고 속은 촉촉하다고, 그리고 색깔은 알록달록하다고 설명했습니다.",교수님이 가을 A반 1차 마카롱의 색깔을 말했어. 그것은 알색의 구체와 비유가 추가된 형태라고 설명했습니다.
dataset_ko_107_final,entity_simple_hard_test_dessert_00217:final:0,entity_simple_hard_test_dessert_00217,entity_simple_hard_test_dessert_00217,True,same_source_sibling_facts,1,4,23,20,심화 B반 3차 솜사탕에서 맛과 특징을 함께 정리해줘.,"심화 B반 3차 솜사탕에 대해 맛은 가볍게 달콤하다고, 그리고 특징은 입에 닿으면 빠르게 사라진다고 설명했습니다.",True,,,,,False,False,0.9090909090909091,0.8235294117647058,0.45454545454545453,0.4117647058823529,True,True,3.5205916999839246,3.6490227000322193,,,,,question+passage,"심화 B반 3차 솜사탕에 대해 맛은 가볍게 달콤하다고, 특징은 입에 닿으면 빠르게 사라진다고, 그리고 특징은 가볍게 달콤하다고 설명했습니다.","심화 B반 3차 솜사탕에 대해 맛은 가볍게 달콤하다고, 맛은 깔끔하다고, 그리고 색깔은 진저의 경우 입에 닿으면 빠르게 사라진다고 설명했습니다."
dataset_ko_108_final,entity_simple_hard_test_marketing_00227:final:0,entity_simple_hard_test_marketing_00227,entity_simple_hard_test_marketing_00227,True,same_source_sibling_facts,1,4,23,20,심화 C반 3차 멘토링 이벤트 설명 중 대상과 보상에 해당하는 내용만 답해줘.,"심화 C반 3차 멘토링 이벤트에 대해 대상은 멘토링 참여 학생이라고, 그리고 보상은 포인트 500점이라고 설명했습니다.",True,,,,,False,False,0.8823529411764706,0.9090909090909091,0.4411764705882353,0.45454545454545453,True,True,3.8503490000148304,3.411418000003323,,,,,tie,"심화 C반 3차 멘토링 이벤트에 대해 대상은 멘토링 참여 학생이라고, 보상은 포인트 500점이라고, 그리고 핵심 채널은 이메일 뉴스레터라고 설명했습니다.","심화 C반 3차 멘토링 이벤트에 대해 대상은 멘토링 참여 학생이라고, 보상은 포인트 500점이라고, 그리고 성과 지표는 재방문율이라고 설명했습니다."
dataset_ko_109_final,entity_simple_hard_test_os_concept_00342:final:0,entity_simple_hard_test_os_concept_00342,entity_simple_hard_test_os_concept_00342,True,same_source_sibling_facts,1,4,23,20,교수님이 가을 1팀 4차 캐시의 장점과 역할을 어떻게 말했어?,"가을 1팀 4차 캐시에 대해 장점은 반복 접근을 빠르게 만든다고, 그리고 역할은 자주 쓰는 정보를 가까이 둔다고 설명했습니다.",True,,,,,False,False,0.8571428571428571,0.8571428571428571,0.42857142857142855,0.42857142857142855,True,True,4.325378099980298,4.2368671000003815,,,,,tie,"professor의 가을 1팀 4차 캐시에 대해 장점은 반복 접근을 빠르게 만든다고, 역할은 자주 쓰는 정보를 가까이 둔다고, 그리고 주의점은 오래된 정보가 남을 수 있다고 설명했습니다.","교수님이 가을 1팀 4차 캐시에 대해 장점은 반복 접근을 빠르게 만든다고, 역할은 자주 쓰는 정보를 가까이 둔다고, 그리고 주의점은 오래된 정보가 남을 수 있다고 설명했습니다."
dataset_ko_110_final,entity_simple_hard_test_dessert_00385:final:0,entity_simple_hard_test_dessert_00385,entity_simple_hard_test_dessert_00385,True,same_source_sibling_facts,1,4,23,20,파일럿 오전반 4차 솜사탕에서 색깔과 비유를 함께 정리해줘.,"파일럿 오전반 4차 솜사탕에 대해 색깔은 분홍색이라고, 그리고 비유는 구름 같은 간식이라고 설명했습니다.",True,,,,,False,False,0.8387096774193548,0.6666666666666667,0.4193548387096774,0.33333333333333337,True,True,3.42045799997868,4.026453699974809,,,,,question+passage,"파일럿 오전반 4차 솜사탕에 대해 색깔은 분홍색이라고, 비유는 구름 같은 간식이라고, 그리고 특징은 입에 닿으면 빠르게 사라진다고 설명했습니다.","파일럿 오전반 4차 솜사탕에 대해 색깔에 대해 비유는 구름 같은 간식이라고, 음료에 대해 속도적으로 색깔을 변경했다고, 그리고 비유에 특징이 빠르게 변화한다는 면을 설명했습니다."
dataset_ko_111_final,entity_simple_hard_test_dessert_00289:final:0,entity_simple_hard_test_dessert_00289,entity_simple_hard_test_dessert_00289,True,same_source_sibling_facts,1,4,23,20,세미나 오전반 3차 솜사탕에서 색깔과 비유를 함께 정리해줘.,"세미나 오전반 3차 솜사탕에 대해 색깔은 분홍색이라고, 그리고 비유는 구름 같은 간식이라고 설명했습니다.",True,,,,,False,False,0.9600000000000001,0.4444444444444445,0.48000000000000004,0.22222222222222224,True,True,2.27159760001814,2.7270849000196904,,,,,question+passage,"세미나 오전반 3차 솜사탕에 대해 색깔은 분홍색이라고, 비유는 구름 같은 간식이라고 설명했습니다.",세미나 오전반 3차 솜사탕에 대해 색깔에 대해 확실하게 색깔로 분류해질만한 노새는 분홍색 변경을 강조합니다.
dataset_ko_112_final,entity_simple_hard_test_statistics_00142:final:0,entity_simple_hard_test_statistics_00142,entity_simple_hard_test_statistics_00142,True,same_source_sibling_facts,1,4,23,20,교수님이 가을 1팀 2차 상관계수의 비유와 활용을 어떻게 말했어?,"가을 1팀 2차 상관계수에 대해 비유는 두 변수의 움직임을 비교하는 나침반이라고, 그리고 활용은 관계 강도를 빠르게 살필 때 쓴다고 설명했습니다.",True,,,,,False,False,0.28571428571428575,0.35294117647058826,0.14285714285714288,0.17647058823529413,False,False,4.126282500044908,3.402320900000632,,,,,passage-only,"professor의 3rd interpretation이 뜻하는 의미은 원인 증명을 뜻하지 않는다고, student의 주의점은 두 변수의 비유是指变量의 확률을 뜻하지 않는다고, 그리고 final interpretation은 관계 강도를 뜻하지 않는다고 설명했습니다.","prof. 이 가을 1팀 2차 상관계수의 비유와 활용을 조사해 드립니다.\"" 성장률 비유\""라고, 학력 상_variation=\""확장 크기\""을 따르는 설명을 completes습니다."
dataset_ko_113_final,entity_simple_hard_test_dessert_00096:final:0,entity_simple_hard_test_dessert_00096,entity_simple_hard_test_dessert_00096,True,same_source_sibling_facts,1,4,23,20,정규 오후반 1차 초콜렛 설명에서 색깔과 비유만 알려줘.,"정규 오후반 1차 초콜렛에 대해 색깔은 검정색이라고, 그리고 비유는 작은 선물 상자라고 설명했습니다.",True,,,,,False,False,0.8666666666666666,0.7407407407407408,0.4333333333333333,0.3703703703703704,True,True,3.122632499958854,2.588363299961202,,,,,question+passage,"정규 오후반 1차 초콜렛 설명에 대해 색깔은 검정색이라고, 비유는 작은 선물 상자라고, 그리고 특징은 입안에서 천천히 녹는다고 설명했습니다.","정규 오후반 1차 초콜렛에 대해 색깔은 검정색이라고, 비유는 다르게 보이다고, 그리고 성격은 착하다고 설명했습니다."
dataset_ko_114_final,entity_simple_hard_test_art_history_00305:final:0,entity_simple_hard_test_art_history_00305,entity_simple_hard_test_art_history_00305,True,same_source_sibling_facts,1,4,23,20,파일럿 A반 4차 입체주의에서 핵심 특징과 목적을 함께 정리해줘.,"파일럿 A반 4차 입체주의에 대해 핵심 특징은 여러 시점이라고, 그리고 목적은 대상을 새롭게 해석하는 것이라고 설명했습니다.",True,,,,,False,False,0.7111111111111111,0.7222222222222223,0.35555555555555557,0.36111111111111116,True,True,4.631721000012476,3.0714331000344828,,,,,tie,"파일럿 A반 4차 입체주의에 대해 핵심 특징은 여러 시점이라고 설명하면不同 방향에서 문서에 적을 수 있는 것이라고, 비유는 여러 방향에서 본 사물을 한 화면에 놓는 방식이라고, 그리고 목적은 대상을 새롭게 해석하는 것이라고 설명했습니다.","파일럿 A반 4차 입체주의에 대해 핵심 특징은 여러 시점이라고, 목적은 행동의 결과를 보완하는 것이라고, 그리고 핵심 특징은 여러 시점이라고 설명했습니다."
dataset_ko_115_final,entity_simple_hard_test_os_concept_00197:final:0,entity_simple_hard_test_os_concept_00197,entity_simple_hard_test_os_concept_00197,True,same_source_sibling_facts,1,4,23,20,심화 오후반 2차 스레드에서 역할과 장점을 함께 정리해줘.,"심화 오후반 2차 스레드에 대해 역할은 프로세스 안에서 작업을 나누어 실행한다고, 그리고 장점은 작업을 가볍게 나눌 수 있다고 설명했습니다.",True,,,,,False,False,0.878048780487805,0.7499999999999999,0.4390243902439025,0.37499999999999994,True,True,3.7170123999821953,3.539412199985236,,,,,question+passage,"심화 오후반 2차 스레드에 대해 장점은 작업을 가볍게 나눌 수 있다고, 주의점은 공유 자원 관리가 필요하다고, 그리고 역할은 프로세스 안에서 작업을 나누어 실행한다고 설명했습니다.","심화 오후반 2차 스레드에 대해 역할은 프로세스 안에서 작업을 나누어 실행한다고, 비유는 같은 식당 안에서 일하는 직원이라고, 그리고 장점은 작업을 간다이라고 설명했습니다."
dataset_ko_116_final,entity_simple_hard_test_marketing_00392:final:0,entity_simple_hard_test_marketing_00392,entity_simple_hard_test_marketing_00392,True,same_source_sibling_facts,1,4,23,20,가을 오후반 4차 신입생 캠페인 설명에서 핵심 채널과 성과 지표만 알려줘.,"가을 오후반 4차 신입생 캠페인에 대해 핵심 채널은 인스타그램이라고, 그리고 성과 지표는 전환율이라고 설명했습니다.",True,,,,,False,False,0.56,0.8387096774193549,0.28,0.41935483870967744,False,True,2.305295899976045,3.8208785000024363,,,,,passage-only,가을 오후반 4차 신입생 캠페인 성과 지표가 간소화된 채널만을 알려고 합니다.,"가을 오후반 4차 신입생 캠페인 설명에서 핵심 채널은 인스타그램이라고, 성과 지표는 전환율이라고, 그리고 핵심 채널은 메인 채널이라고 설명했습니다."
dataset_ko_117_final,entity_simple_hard_test_statistics_00263:final:0,entity_simple_hard_test_statistics_00263,entity_simple_hard_test_statistics_00263,True,same_source_sibling_facts,1,4,23,20,겨울 3팀 3차 회귀분석 설명 중 주의점과 의미에 해당하는 내용만 답해줘.,"겨울 3팀 3차 회귀분석에 대해 주의점은 모든 원인을 증명하지는 않는다고, 그리고 의미는 관계의 경향 설명이라고 설명했습니다.",True,,,,,False,False,0.5625,0.7777777777777777,0.28125,0.38888888888888884,True,True,2.8202609999570996,3.5023897000355646,,,,,passage-only,겨울 3팀 3차 회귀분석 설명 중 주의점에 대해 주의점은 데이터의 영향을 강하게 보는 의미입니다. 의미는 관계의 경향 설명에 해당합니다.,"겨울 3팀 3차 회귀분석에 대해 주의점은 모든 원인을 증명하지는 않는다고, 의미는 관계의 비유라고, 그리고 비유는 흔히 상을 주는 장소라고 설명했습니다."
dataset_ko_118_final,entity_simple_hard_test_dessert_00073:final:0,entity_simple_hard_test_dessert_00073,entity_simple_hard_test_dessert_00073,True,same_source_sibling_facts,1,4,23,20,겨울 4팀 1차 솜사탕에서 특징과 맛을 함께 정리해줘.,"겨울 4팀 1차 솜사탕에 대해 특징은 입에 닿으면 빠르게 사라진다고, 그리고 맛은 가볍게 달콤하다고 설명했습니다.",True,,,,,False,False,0.9375,0.5263157894736841,0.46875,0.26315789473684204,True,False,3.4422450000420213,4.464773000043351,,,,,question+passage,"겨울 4팀 1차 솜사탕에 대해 특징은 입에 닿으면 빠르게 사라진다고, 색깔은 분홍색이라고, 그리고 맛은 가볍게 달콤하다고 설명했습니다.","겨울 4팀 1차 솜사탕에 대해 특징이라고 추가 정보는 급정신적인 완异라고, 맛이라고 추가 정보는 맛있어지도록配料에 변화을 추가했다고, 그리고 설명은 입에 닿으면快감은 즉시메인에 달콤하다고 설명했습니다."
dataset_ko_119_final,entity_simple_hard_test_os_concept_00005:final:0,entity_simple_hard_test_os_concept_00005,entity_simple_hard_test_os_concept_00005,True,same_source_sibling_facts,1,4,23,20,파일럿 A반 1차 스레드에서 역할과 장점을 함께 정리해줘.,"파일럿 A반 1차 스레드에 대해 역할은 프로세스 안에서 작업을 나누어 실행한다고, 그리고 장점은 작업을 가볍게 나눌 수 있다고 설명했습니다.",True,,,,,False,False,0.878048780487805,0.7027027027027027,0.4390243902439025,0.35135135135135137,True,True,3.74821140000131,3.237011799996253,,,,,question+passage,"파일럿 A반 1차 스레드에 대해 장점은 작업을 가볍게 나눌 수 있다고, 주의점은 공유 자원 관리가 필요하다고, 그리고 역할은 프로세스 안에서 작업을 나누어 실행한다고 설명했습니다.","파일럿 A반 1차 스레드에 대해 역할은 프로세스 안에서 작업을 나누어 실행한다고, 장점은 문의가 있습니다/없습니다. 설명은 작업을 분할 방법으로 되어 있습니다."
dataset_ko_120_final,entity_simple_hard_test_dessert_00361:final:0,entity_simple_hard_test_dessert_00361,entity_simple_hard_test_dessert_00361,True,same_source_sibling_facts,1,4,23,20,여름 3팀 4차 솜사탕에서 특징과 맛을 함께 정리해줘.,"여름 3팀 4차 솜사탕에 대해 특징은 입에 닿으면 빠르게 사라진다고, 그리고 맛은 가볍게 달콤하다고 설명했습니다.",True,,,,,False,False,0.9375,0.9375,0.46875,0.46875,True,True,3.416889499989338,3.461400699976366,,,,,tie,"여름 3팀 4차 솜사탕에 대해 특징은 입에 닿으면 빠르게 사라진다고, 색깔은 분홍색이라고, 그리고 맛은 가볍게 달콤하다고 설명했습니다.","여름 3팀 4차 솜사탕에 대해 특징은 입에 닿으면 빠르게 사라진다고, 맛은 가볍게 달콤하다고, 그리고 색깔은 분홍색이라고 설명했습니다."
dataset_ko_121_final,entity_simple_hard_test_os_concept_00029:final:0,entity_simple_hard_test_os_concept_00029,entity_simple_hard_test_os_concept_00029,True,same_source_sibling_facts,1,4,23,20,세미나 C반 1차 스레드에서 비유와 주의점을 함께 정리해줘.,"세미나 C반 1차 스레드에 대해 비유는 같은 식당 안에서 일하는 직원이라고, 그리고 주의점은 공유 자원 관리가 필요하다고 설명했습니다.",True,,,,,False,False,0.7428571428571428,0.41379310344827586,0.3714285714285714,0.20689655172413793,True,False,2.8759489999501966,7.6689279999700375,,,,,question+passage,"세미나 C반 1차 스레드에 대해 비유는 프로세스 안에서 작업을 나누어 실행한다고, 주의점은 공유 자원 관리가 필요하다고 설명했습니다.",세미나 C반 1차 스레드에 대해 비유는 동일한 곳에서 작업을 시작하는을 비교나提到提到提到提到提到提到提到提到提到提到提到提到提到提到提到提到提到提到提到提到提到提到提到提到提到提到提到提到提到提到提到提到提到提到提到提到提到提到提到提到提到提到提到提到提到提到提到提到提到提到提到提到提到提到提到提到提到提到提到提到提到提到提到提到提到提到提到提到提到提到提到提到提到提到提到提到提到提到提到提到提到提到提到提到提到提到提到提到提到提到提到提到提到提到提到提到提到提到提到
dataset_ko_122_final,entity_simple_hard_test_art_history_00042:final:0,entity_simple_hard_test_art_history_00042,entity_simple_hard_test_art_history_00042,True,same_source_sibling_facts,1,4,23,20,교수님이 가을 1팀 1차 인상주의의 비유와 비교 포인트를 어떻게 말했어?,"가을 1팀 1차 인상주의에 대해 비유는 햇빛이 흔들리는 수면에 비친 모습이라고, 그리고 비교 포인트는 정확한 윤곽보다 색감이 중요하다고 설명했습니다.",True,,,,,False,False,0.8636363636363636,0.8636363636363636,0.4318181818181818,0.4318181818181818,True,True,4.37810279999394,4.462605500011705,,,,,tie,"professor님의 가을 1팀 1차 인상주의에 대해 비유는 햇빛이 흔들리는 수면에 비친 모습이라고, 목적은 관찰 순간을 살리는 것이라고, 그리고 비교 포인트는 정확한 윤곽보다 색감이 중요하다고 설명했습니다.","보카호텔의 가을 1팀 1차 인상주의에 대해 비유는 햇빛이 흔들리는 수면에 비친 모습이라고, 목적은 관찰 순간을 살리는 것이라고, 그리고 비교 포인트는 정확한 윤곽보다 색감이 중요하다고 설명했습니다."
dataset_ko_123_final,entity_simple_hard_test_statistics_00262:final:0,entity_simple_hard_test_statistics_00262,entity_simple_hard_test_statistics_00262,True,same_source_sibling_facts,1,4,23,20,교수님이 가을 3팀 3차 상관계수의 주의점과 의미를 어떻게 말했어?,"가을 3팀 3차 상관계수에 대해 주의점은 원인 증명을 뜻하지 않는다고, 그리고 의미는 선형 관계 강도라고 설명했습니다.",True,,,,,False,False,0.8205128205128205,0.42857142857142855,0.41025641025641024,0.21428571428571427,True,False,4.275810800027102,2.046214600035455,,,,,question+passage,"교수님이 가을 3팀 3차 상관계수의 주의점에 대해 주의점은 원인 증명을 뜻하지 않는다고, 의미는 선형 관계 강도라고, 그리고 비유는 두 변수의 움직임을 비교하는 나침반이라고 설명했습니다.","교수님이 가을 3팀 3차 상관계수의 주의점과 의미를 설명하시면, 다음과 같은 질문과 관련이 있습니다."
dataset_ko_124_final,entity_simple_hard_test_statistics_00116:final:0,entity_simple_hard_test_statistics_00116,entity_simple_hard_test_statistics_00116,True,same_source_sibling_facts,1,4,23,20,정규 B반 2차 표본분산 설명에서 의미와 주의점만 알려줘.,"정규 B반 2차 표본분산에 대해 의미는 흩어짐 측정이라고, 그리고 주의점은 순위 정렬과 다르다고 설명했습니다.",True,,,,,False,False,0.8235294117647058,0.7058823529411764,0.4117647058823529,0.3529411764705882,True,True,3.6775881000212394,3.2059674999909475,,,,,question+passage,"정규 B반 2차 표본분산 설명에 대해 주의점은 순위 정렬과 다르다고, 의미는 흩어짐 측정이라고, 그리고 비유는 점들이 얼마나 퍼졌는지 보는 자라고 설명했습니다.","정규 B반 2차 표본분산 표본분산 설명에 대해 의미는 흩어짐 측정이라고, 주의점은 순위 정렬과 say goodbye to symmetry of the scatter plot이라고 설명했습니다."
dataset_ko_125_final,entity_simple_hard_test_marketing_00323:final:0,entity_simple_hard_test_marketing_00323,entity_simple_hard_test_marketing_00323,True,same_source_sibling_facts,1,4,23,20,겨울 C반 4차 멘토링 이벤트 설명 중 대상과 보상에 해당하는 내용만 답해줘.,"겨울 C반 4차 멘토링 이벤트에 대해 대상은 멘토링 참여 학생이라고, 그리고 보상은 포인트 500점이라고 설명했습니다.",True,,,,,False,False,0.8823529411764706,0.9090909090909091,0.4411764705882353,0.45454545454545453,True,True,3.8945315999444574,3.437678300018888,,,,,tie,"겨울 C반 4차 멘토링 이벤트에 대해 대상은 멘토링 참여 학생이라고, 보상은 포인트 500점이라고, 그리고 핵심 채널은 이메일 뉴스레터라고 설명했습니다.","겨울 C반 4차 멘토링 이벤트에 대해 대상은 멘토링 참여 학생이라고, 보상은 포인트 500점이라고, 그리고 성과 지표는 재방문율이라고 설명했습니다."
dataset_ko_126_final,entity_simple_hard_test_art_history_00258:final:0,entity_simple_hard_test_art_history_00258,entity_simple_hard_test_art_history_00258,True,same_source_sibling_facts,1,4,23,20,교수님이 실습 2팀 3차 인상주의의 목적과 핵심 특징을 어떻게 말했어?,"실습 2팀 3차 인상주의에 대해 목적은 관찰 순간을 살리는 것이라고, 그리고 핵심 특징은 빛의 순간적인 인상이라고 설명했습니다.",True,,,,,False,False,0.7083333333333333,0.47058823529411764,0.35416666666666663,0.23529411764705882,True,False,5.204633100016508,3.264771699963603,,,,,question+passage,"교수님이 실습 2팀 3차 인상주의에 대해 핵심 특징은 인상의 의미가 중요한 경우로 생각ается고, 목적은 관찰 순간을 살리는 것이라고, 비교 포인트는 정확한 윤곽보다 색감이 중요하다고, 그리고 핵심 특징은 빛의 순간적인 인상이라고 설명했습니다.",교수님의 실습 2팀 3차 인상주의의 목적과 핵심 특이점을 설명하시면 안에 인상주의적인 특징은 빛의 인상과 비교가 있나요?라고 질문했습니다.
dataset_ko_127_final,entity_simple_hard_test_os_concept_00031:final:0,entity_simple_hard_test_os_concept_00031,entity_simple_hard_test_os_concept_00031,True,same_source_sibling_facts,1,4,23,20,여름 D반 1차 큐 설명 중 비유와 주의점에 해당하는 내용만 답해줘.,"여름 D반 1차 큐에 대해 비유는 번호표를 뽑고 기다리는 줄이라고, 그리고 주의점은 대기 시간이 길어질 수 있다고 설명했습니다.",True,,,,,False,False,0.8717948717948718,0.7222222222222222,0.4358974358974359,0.3611111111111111,True,True,3.7313378999824636,2.9914677999913692,,,,,question+passage,"여름 D반 1차 큐에 대해 비유는 번호표를 뽑고 기다리는 줄이라고, 장점은 처리 순서를 명확하게 만든다고, 그리고 주의점은 대기 시간이 길어질 수 있다고 설명했습니다.","여름 D반 1차 큐에 대해 비유는 waitline이라고, 주의점은 대기 시간이 길어질 수 있다고, 그리고 결론은 시간에 영향을 받을 수 있다고 설명했습니다."
dataset_ko_128_final,entity_simple_hard_test_project_00015:final:0,entity_simple_hard_test_project_00015,entity_simple_hard_test_project_00015,True,same_source_sibling_facts,1,4,23,20,파일럿 B반 1차 프론트엔드 점검 설명 중 담당과 확인 기준에 해당하는 내용만 답해줘.,"파일럿 B반 1차 프론트엔드 점검에 대해 담당은 프론트엔드 파트라고, 그리고 확인 기준은 사용자 차단 여부라고 설명했습니다.",True,,,,,False,False,0.8648648648648648,0.888888888888889,0.4324324324324324,0.4444444444444445,True,True,3.9400286999880336,3.793124799965881,,,,,tie,"파일럿 B반 1차 프론트엔드 점검 설명에 대해 확인 기준은 사용자 차단 여부라고, 공유 위치는 프로젝트 슬랙 채널이라고, 그리고 담당은 프론트엔드 파트라고 설명했습니다.","파일럿 B반 1차 프론트엔드 점검에 대해 담당은 프론트엔드 파트라고, 마감은 다음 달 첫째 주 화요일이라고, 그리고 확인 기준은 사용자 차단 여부라고 설명했습니다."
dataset_ko_129_final,entity_simple_hard_test_dessert_00147:final:0,entity_simple_hard_test_dessert_00147,entity_simple_hard_test_dessert_00147,True,same_source_sibling_facts,1,4,23,20,심화 1팀 2차 브라우니 설명 중 비유와 색깔에 해당하는 내용만 답해줘.,"심화 1팀 2차 브라우니에 대해 비유는 초콜렛을 압축한 케이크라고, 그리고 색깔은 진한 갈색이라고 설명했습니다.",True,,,,,False,False,0.8750000000000001,0.8750000000000001,0.43750000000000006,0.43750000000000006,True,True,3.8349709000322036,3.807678400014993,,,,,tie,"심화 1팀 2차 브라우니에 대해 비유는 초콜렛을 압축한 케이크라고, 색깔은 진한 갈색이라고, 그리고 특징은 속이 촉촉하게 남는다고 설명했습니다.","심화 1팀 2차 브라우니에 대해 비유는 초콜렛을 압축한 케이크라고, 색깔은 진한 갈색이라고, 그리고 효과는 속이 촉촉하게 남는다고 설명했습니다."
dataset_ko_130_final,entity_simple_hard_test_os_concept_00367:final:0,entity_simple_hard_test_os_concept_00367,entity_simple_hard_test_os_concept_00367,True,same_source_sibling_facts,1,4,23,20,심화 3팀 4차 큐 설명 중 주의점과 비유에 해당하는 내용만 답해줘.,"심화 3팀 4차 큐에 대해 주의점은 대기 시간이 길어질 수 있다고, 그리고 비유는 번호표를 뽑고 기다리는 줄이라고 설명했습니다.",True,,,,,False,False,0.8717948717948718,0.7804878048780487,0.4358974358974359,0.39024390243902435,True,True,3.7708465000032447,4.031315500033088,,,,,question+passage,"심화 3팀 4차 큐에 대해 비유는 번호표를 뽑고 기다리는 줄이라고, 장점은 처리 순서를 명확하게 만든다고, 그리고 주의점은 대기 시간이 길어질 수 있다고 설명했습니다.","심화 3팀 4차 큐에 대해 주의점은 대기 시간이 길어질 수 있다고, 비유는 번호표를 뽑고 기다리는 시간이 길어질 수 있다고, 그리고 역할은 작업을 순서대로 기다리게 한다고 설명했습니다."
dataset_ko_131_final,entity_simple_hard_test_dessert_00003:final:0,entity_simple_hard_test_dessert_00003,entity_simple_hard_test_dessert_00003,True,same_source_sibling_facts,1,4,23,20,겨울 A반 1차 브라우니 설명 중 색깔과 비유에 해당하는 내용만 답해줘.,"겨울 A반 1차 브라우니에 대해 색깔은 진한 갈색이라고, 그리고 비유는 초콜렛을 압축한 케이크라고 설명했습니다.",True,,,,,False,False,0.8750000000000001,0.9032258064516129,0.43750000000000006,0.45161290322580644,True,True,3.6413505999953486,3.586900099995546,,,,,tie,"겨울 A반 1차 브라우니에 대해 색깔은 진한 갈색이라고, 비유는 초콜렛을 압축한 케이크라고, 그리고 특징은 속이 촉촉하게 남는다고 설명했습니다.","겨울 A반 1차 브라우니에 대해 색깔은 진한 갈색이라고, 비유는 초콜렛을 압축한 케이크라고, 그리고 맛은 묵직하게 달콤하다고 설명했습니다."
dataset_ko_132_final,entity_simple_hard_test_os_concept_00102:final:0,entity_simple_hard_test_os_concept_00102,entity_simple_hard_test_os_concept_00102,True,same_source_sibling_facts,1,4,23,20,교수님이 가을 A반 2차 캐시의 역할과 장점을 어떻게 말했어?,"가을 A반 2차 캐시에 대해 역할은 자주 쓰는 정보를 가까이 둔다고, 그리고 장점은 반복 접근을 빠르게 만든다고 설명했습니다.",True,,,,,False,False,0.41025641025641024,0.65,0.20512820512820512,0.325,True,True,3.776606199971866,3.8292075999779627,,,,,passage-only,"prof의 캐시를 아래에 올려와서 번경은 자주 쓰는 정보를 가까이 둔다고, 비유는 책상 위에 올려둔 책이라고, 그리고 강의 정보를 가까이 둔다고 설명했습니다.","교수님의 A반 2차 캐시에 대해 역할은 정보 접근을 빠르게 만든다고, 장점은 반복 접근을 빠르게 만든다고, 그리고 비유는 책상 위에 올려둔 책이라고 설명했습니다."
dataset_ko_133_final,entity_simple_hard_test_project_00349:final:0,entity_simple_hard_test_project_00349,entity_simple_hard_test_project_00349,True,same_source_sibling_facts,1,4,23,20,세미나 1팀 4차 백엔드 배포에서 확인 기준과 담당을 함께 정리해줘.,"세미나 1팀 4차 백엔드 배포에 대해 확인 기준은 오류 발생률이라고, 그리고 담당은 백엔드 팀이라고 설명했습니다.",True,,,,,False,False,0.9655172413793104,0.4285714285714285,0.4827586206896552,0.21428571428571425,True,True,2.5124586999882013,7.58780660002958,,,,,question+passage,"세미나 1팀 4차 백엔드 배포에 대해 확인 기준은 오류 발생률이라고, 담당은 백엔드 팀이라고 설명했습니다.","세미나 1팀 4차 백엔드 배포에 대해 확인 기준은 오류 발생률을 함께 보고서에 수신인으로 전달해줄人을 김대현, 정운국, 김시원으로 전달해줄 각 분구의 책임자라고, 세미나 1팀 4차 백엔드 배포에 대해 확인 기준은 오류 발생률이 10%라고, 그리고 세미나 1팀 4차 백엔드 배포에 대해 확인 기点은 담당이 정운국, �"
dataset_ko_134_final,entity_simple_hard_test_dessert_00384:final:0,entity_simple_hard_test_dessert_00384,entity_simple_hard_test_dessert_00384,True,same_source_sibling_facts,1,4,23,20,캡스톤 오전반 4차 초콜렛 설명에서 색깔과 비유만 알려줘.,"캡스톤 오전반 4차 초콜렛에 대해 색깔은 검정색이라고, 그리고 비유는 작은 선물 상자라고 설명했습니다.",True,,,,,False,False,0.8666666666666666,0.7142857142857142,0.4333333333333333,0.3571428571428571,True,True,3.1550052000093274,2.7020082999952137,,,,,question+passage,"캡스톤 오전반 4차 초콜렛 설명에 대해 색깔은 검정색이라고, 비유는 작은 선물 상자라고, 그리고 특징은 입안에서 천천히 녹는다고 설명했습니다.","캡스톤 오전반 4차 초콜렛에 대해 색깔은 검정색이라고, 비유는 다르게 보여주는 것이라고, 그리고 프로는 추천이라고 설명했습니다."
dataset_ko_135_final,entity_simple_hard_test_project_00062:final:0,entity_simple_hard_test_project_00062,entity_simple_hard_test_project_00062,True,same_source_sibling_facts,1,4,23,20,교수님이 가을 3팀 1차 AI 모델 평가의 확인 기준과 담당을 어떻게 말했어?,"가을 3팀 1차 AI 모델 평가에 대해 확인 기준은 정답률이라고, 그리고 담당은 AI 파트라고 설명했습니다.",True,,,,,False,False,0.8484848484848485,0.6285714285714286,0.42424242424242425,0.3142857142857143,True,False,2.9530563000007533,3.1020196999888867,,,,,question+passage,"가을 3팀 1차 AI 모델 평가의 확인 기준은 정답률이라고, 담당은 AI 파트라고, 그리고 마감은 금요일 자정 전이라고 설명했습니다.",교수님이 가을 3팀 1차 AI 모델 평가의 확인 기준에 대해 담당은 컴퓨터 과제 평가와 기준을 확인할 피로도와 비교할 표현을 설명했습니다.
dataset_ko_136_final,entity_simple_hard_test_project_00254:final:0,entity_simple_hard_test_project_00254,entity_simple_hard_test_project_00254,True,same_source_sibling_facts,1,4,23,20,교수님이 캡스톤 2팀 3차 AI 모델 평가의 확인 기준과 담당을 어떻게 말했어?,"캡스톤 2팀 3차 AI 모델 평가에 대해 확인 기준은 정답률이라고, 그리고 담당은 AI 파트라고 설명했습니다.",True,,,,,False,False,0.7272727272727272,0.6666666666666667,0.3636363636363636,0.33333333333333337,True,False,2.972761499986518,3.60153210000135,,,,,question+passage,"교수님 캡스톤 2팀 3차 AI 모델 평가의 확인 기준이라고, 담당은 AI 파트라고, 그리고 마감은 금요일 자정 전이라고 설명했습니다.","캡스톤 2팀 3차 AI 모델 평가의 확인 기준, 확인过程和不归档分别描述了细节有误和非保管区,进行了区分范围,提请对方注意原件位置,告知在公司层面提请对应部门处理进行了说明"
dataset_ko_137_final,entity_simple_hard_test_os_concept_00149:final:0,entity_simple_hard_test_os_concept_00149,entity_simple_hard_test_os_concept_00149,True,same_source_sibling_facts,1,4,23,20,세미나 1팀 2차 스레드에서 장점과 역할을 함께 정리해줘.,"세미나 1팀 2차 스레드에 대해 장점은 작업을 가볍게 나눌 수 있다고, 그리고 역할은 프로세스 안에서 작업을 나누어 실행한다고 설명했습니다.",True,,,,,False,False,0.6818181818181818,0.6341463414634146,0.3409090909090909,0.3170731707317073,True,True,4.060728700016625,3.761670999985654,,,,,tie,"세미나 1팀 2차 스레드에 대해 장점은 작업을 가볍게 나눌 수 있다고, 역할은 프로세스 중에 쉬는 시간을 가볍게 나눌 수 있다고, 그리고 비유는 같은 식당 안에서 일하는 직원이라고 설명했습니다.","세미나 1팀 2차 스레드에 대해 주의점은 공유 자원 관리가 필요하다고, 역할은 프로세스 안에서 작업을 나누어 실행한다고, 그리고 문제는 효iciency perspective에서 논의될 것이라고 설명했습니다."
dataset_ko_138_final,entity_simple_hard_test_art_history_00329:final:0,entity_simple_hard_test_art_history_00329,entity_simple_hard_test_art_history_00329,True,same_source_sibling_facts,1,4,23,20,세미나 C반 4차 입체주의에서 비유와 비교 포인트를 함께 정리해줘.,"세미나 C반 4차 입체주의에 대해 비유는 여러 방향에서 본 사물을 한 화면에 놓는 방식이라고, 그리고 비교 포인트는 단일 원근과 다르다고 설명했습니다.",True,,,,,False,False,0.8837209302325582,0.6818181818181819,0.4418604651162791,0.34090909090909094,True,False,3.9670888000400737,4.14135879999958,,,,,question+passage,"세미나 C반 4차 입체주의에 대해 비유는 여러 방향에서 본 사물을 한 화면에 놓는 방식이라고, 목적은 대상을 새롭게 해석하는 것이라고, 그리고 비교 포인트는 단일 원근과 다르다고 설명했습니다.","세미나 C반 4차 입체주의에 대해 비유는 단일 면에서 본 사물을 한 화면에 놓는 방식이라고, 비유는 말로 본 사형을 수정하는 방식이라고, 그리고 비교 포인트는 모든 부분에 있는 반사라고 설명했습니다."
dataset_ko_139_final,entity_simple_hard_test_art_history_00354:final:0,entity_simple_hard_test_art_history_00354,entity_simple_hard_test_art_history_00354,True,same_source_sibling_facts,1,4,23,20,교수님이 캡스톤 2팀 4차 인상주의의 목적과 핵심 특징을 어떻게 말했어?,"캡스톤 2팀 4차 인상주의에 대해 목적은 관찰 순간을 살리는 것이라고, 그리고 핵심 특징은 빛의 순간적인 인상이라고 설명했습니다.",True,,,,,False,False,0.6666666666666666,0.48484848484848486,0.3333333333333333,0.24242424242424243,True,False,4.449481700023171,3.218728200008627,,,,,question+passage,"캡스톤 2팀 4차 인상주의에 대해 핵심 특징은 인상의意图가 주 Idea를 보드에 덧대는 것이라고, 비유는 햇빛이 흔들리는 수면에 비친 모습이라고, 그리고 목적은 관찰 순간을 살리는 것이라고 설명했습니다.",교수님의 캡스톤 2팀 4차 인상주의의 목적과 핵심 특징을 설명하라고 요청한 메일은 인상주의적인 부분을 강조하려고 했다고 설명했습니다.
dataset_ko_140_final,entity_simple_hard_test_statistics_00094:final:0,entity_simple_hard_test_statistics_00094,entity_simple_hard_test_statistics_00094,True,same_source_sibling_facts,1,4,23,20,교수님이 캡스톤 오후반 1차 상관계수의 활용과 비유를 어떻게 말했어?,"캡스톤 오후반 1차 상관계수에 대해 활용은 관계 강도를 빠르게 살필 때 쓴다고, 그리고 비유는 두 변수의 움직임을 비교하는 나침반이라고 설명했습니다.",True,,,,,False,False,0.6666666666666666,0.5625000000000001,0.3333333333333333,0.28125000000000006,True,False,5.174115100002382,2.4634086000151,,,,,question+passage,"교수님이 캡스톤 오후반 1차 상관계수의 의미는 원인 증명을 빠르게 살필 때 쓴다고, 비유는 두 변수의 움직임을 비교하는 나침반이라고, 그리고 주의점은 원인 증명을 빠르게 살필 때 쓴다고 설명했습니다.",교수님이 캡스톤 오후반 1차 상관계수의 활용과 비유는 두 변수의 비가 되는 관계를 설명하는 것으로 설명했습니다.
dataset_ko_141_final,entity_simple_hard_test_os_concept_00220:final:0,entity_simple_hard_test_os_concept_00220,entity_simple_hard_test_os_concept_00220,True,same_source_sibling_facts,1,4,23,20,봄 C반 3차 프로세스 설명에서 비유와 주의점만 알려줘.,"봄 C반 3차 프로세스에 대해 비유는 독립된 식당이라고, 그리고 주의점은 자원을 너무 많이 쓰면 느려질 수 있다고 설명했습니다.",True,,,,,False,False,0.8648648648648648,0.8648648648648648,0.4324324324324324,0.4324324324324324,True,True,3.6976453999523073,3.5266625999938697,,,,,tie,"봄 C반 3차 프로세스 설명에 대해 비유는 독립된 식당이라고, 주의점은 자원을 너무 많이 쓰면 느려질 수 있다고, 그리고 역할은 독립된 실행 공간을 가진다고 설명했습니다.","봄 C반 3차 프로세스에 대해 비유는 독립된 식당이라고, 주의점은 자원을 너무 많이 쓰면 느려질 수 있다고, 그리고 결과는 독립된 실행 공간을 가진다고 설명했습니다."
dataset_ko_142_final,entity_simple_hard_test_art_history_00330:final:0,entity_simple_hard_test_art_history_00330,entity_simple_hard_test_art_history_00330,True,same_source_sibling_facts,1,4,23,20,교수님이 봄 D반 4차 인상주의의 비유와 비교 포인트를 어떻게 말했어?,"봄 D반 4차 인상주의에 대해 비유는 햇빛이 흔들리는 수면에 비친 모습이라고, 그리고 비교 포인트는 정확한 윤곽보다 색감이 중요하다고 설명했습니다.",True,,,,,False,False,0.878048780487805,0.8372093023255813,0.4390243902439025,0.41860465116279066,True,True,4.000692799978424,4.58987879997585,,,,,tie,"봄 D반 4차 인상주의에 대해 비유는 햇빛이 흔들리는 수면에 비친 모습이라고, 목적은 관찰 순간을 살리는 것이라고, 그리고 비교 포인트는 정확한 윤곽보다 색감이 중요하다고 설명했습니다.","봄 D반 4차 인상주의의 비유에 대해 비유가 주는 이미지는 햇빛이 흔들리는 수면에 비친 모습이라고, 비유의 특징은 관찰의 한 부분이라고, 그리고 비교 포인트는 정확한 윤곽보다 색감이 중요하다고 설명했습니다."
dataset_ko_143_final,entity_simple_hard_test_art_history_00090:final:0,entity_simple_hard_test_art_history_00090,entity_simple_hard_test_art_history_00090,True,same_source_sibling_facts,1,4,23,20,교수님이 봄 오후반 1차 인상주의의 비교 포인트와 비유를 어떻게 말했어?,"봄 오후반 1차 인상주의에 대해 비교 포인트는 정확한 윤곽보다 색감이 중요하다고, 그리고 비유는 햇빛이 흔들리는 수면에 비친 모습이라고 설명했습니다.",True,,,,,False,False,0.878048780487805,0.8181818181818181,0.4390243902439025,0.40909090909090906,True,True,4.089285900001414,5.209705299988855,,,,,question+passage,"봄 오후반 1차 인상주의에 대해 비유는 햇빛이 흔들리는 수면에 비친 모습이라고, 목적은 관찰 순간을 살리는 것이라고, 그리고 비교 포인트는 정확한 윤곽보다 색감이 중요하다고 설명했습니다.","봄 오후반 1차 인상주의의 비교 포인트와 비유에 대해 시간을 빛나는 포인트는 정확한 윤곽보다 색감이 중요하다고, 핵심 특징은 빛나는 포인트라고, 그리고 비유는 햇빛이 흔들리는 수면에 비친 모습이라고 설명했습니다."
dataset_ko_144_final,entity_simple_hard_test_marketing_00035:final:0,entity_simple_hard_test_marketing_00035,entity_simple_hard_test_marketing_00035,True,same_source_sibling_facts,1,4,23,20,파일럿 D반 1차 멘토링 이벤트 설명 중 대상과 보상에 해당하는 내용만 답해줘.,"파일럿 D반 1차 멘토링 이벤트에 대해 대상은 멘토링 참여 학생이라고, 그리고 보상은 포인트 500점이라고 설명했습니다.",True,,,,,False,False,0.8823529411764706,0.9090909090909091,0.4411764705882353,0.45454545454545453,True,True,3.9316027999739163,3.4600744000053965,,,,,tie,"파일럿 D반 1차 멘토링 이벤트에 대해 대상은 멘토링 참여 학생이라고, 보상은 포인트 500점이라고, 그리고 핵심 채널은 이메일 뉴스레터라고 설명했습니다.","파일럿 D반 1차 멘토링 이벤트에 대해 대상은 멘토링 참여 학생이라고, 보상은 포인트 500점이라고, 그리고 성과 지표는 재방문율이라고 설명했습니다."
dataset_ko_145_final,entity_simple_hard_test_os_concept_00150:final:0,entity_simple_hard_test_os_concept_00150,entity_simple_hard_test_os_concept_00150,True,same_source_sibling_facts,1,4,23,20,교수님이 봄 2팀 2차 캐시의 장점과 역할을 어떻게 말했어?,"봄 2팀 2차 캐시에 대해 장점은 반복 접근을 빠르게 만든다고, 그리고 역할은 자주 쓰는 정보를 가까이 둔다고 설명했습니다.",True,,,,,False,False,0.85,0.8717948717948718,0.425,0.4358974358974359,True,True,4.20277570001781,3.9483149999869056,,,,,tie,"professors가 봄 2팀 2차 캐시에 대해 장점은 반복 접근을 빠르게 만든다고, 역할은 자주 쓰는 정보를 가까이 둔다고, 그리고 주의점은 오래된 정보가 남을 수 있다고 설명했습니다.","봄 2팀 2차 캐시에 대해 장점은 반복 접근을 빠르게 만든다고, 역할은 자주 쓰는 정보를 가까이 둔다고, 그리고 학기结束后의 정보는 오래 남을 수 있다고 설명했습니다."
dataset_ko_146_final,entity_simple_hard_test_os_concept_00151:final:0,entity_simple_hard_test_os_concept_00151,entity_simple_hard_test_os_concept_00151,True,same_source_sibling_facts,1,4,23,20,여름 2팀 2차 큐 설명 중 장점과 역할에 해당하는 내용만 답해줘.,"여름 2팀 2차 큐에 대해 장점은 처리 순서를 명확하게 만든다고, 그리고 역할은 작업을 순서대로 기다리게 한다고 설명했습니다.",True,,,,,False,False,0.8717948717948718,0.8717948717948718,0.4358974358974359,0.4358974358974359,True,True,3.5959900000016205,3.4624285000027157,,,,,tie,"여름 2팀 2차 큐에 대해 장점은 처리 순서를 명확하게 만든다고, 역할은 작업을 순서대로 기다리게 한다고, 그리고 주의점은 대기 시간이 길어질 수 있다고 설명했습니다.","여름 2팀 2차 큐에 대해 장점은 처리 순서를 명확하게 만든다고, 역할은 작업을 순서대로 기다리게 한다고, 그리고 주의점은 대기 시간이 길어질 수 있다고 설명했습니다."
dataset_ko_147_final,entity_simple_hard_test_project_00060:final:0,entity_simple_hard_test_project_00060,entity_simple_hard_test_project_00060,True,same_source_sibling_facts,1,4,23,20,봄 3팀 1차 최종 발표 설명에서 확인 기준과 담당만 알려줘.,"봄 3팀 1차 최종 발표에 대해 확인 기준은 근거 제시 여부라고, 그리고 담당은 기획 파트라고 설명했습니다.",True,,,,,False,False,0.7058823529411765,0.5,0.35294117647058826,0.25,True,False,3.113445099967066,3.288615200028289,,,,,question+passage,"봄 3팀 1차 최종 발표 설명에 대해 확인 기준과 담당은 기획 파트라고, 공유 위치는 팀 노션 페이지라고, 그리고 담당은 기획 파트라고 설명했습니다.","봄 3팀 1차 최종 발표 설명에 대해 확인 기준은 확인 기준 공유 위치에 담당이 담당 과제 페이지라고, 봄 3팀 1차 최종 발표 설명이라고 설명했습니다."
dataset_ko_148_final,entity_simple_hard_test_statistics_00117:final:0,entity_simple_hard_test_statistics_00117,entity_simple_hard_test_statistics_00117,True,same_source_sibling_facts,1,4,23,20,심화 B반 2차 신뢰구간에서 의미와 주의점을 함께 정리해줘.,"심화 B반 2차 신뢰구간에 대해 의미는 모수 추정 범위라고, 그리고 주의점은 정답 하나를 보장하지 않는다고 설명했습니다.",True,,,,,False,False,0.8205128205128205,0.8333333333333334,0.41025641025641024,0.4166666666666667,True,True,3.725126100005582,3.291066400008276,,,,,tie,"심화 B반 2차 신뢰구간에 대해 주의점은 정답 하나를 보장하지 않는다고, 의미는 모수 추정 범위라고, 그리고 비유는 정답이 들어갈 법한 범위를 그은 지도라고 설명했습니다.","심화 B반 2차 신뢰구간에 대해 의미는 모수 추정 범위라고, 주의점은 정답 범위만 보장하지 않는다고, 그리고 의미는 데이터가 포함되는 범위라고 설명했습니다."
dataset_ko_149_final,entity_simple_hard_test_dessert_00360:final:0,entity_simple_hard_test_dessert_00360,entity_simple_hard_test_dessert_00360,True,same_source_sibling_facts,1,4,23,20,봄 3팀 4차 초콜렛 설명에서 특징과 맛만 알려줘.,"봄 3팀 4차 초콜렛에 대해 특징은 입안에서 천천히 녹는다고, 그리고 맛은 달콤하다고 설명했습니다.",True,,,,,False,False,0.8571428571428571,0.923076923076923,0.42857142857142855,0.4615384615384615,True,True,2.963171399955172,2.9582164000021294,,,,,passage-only,"봄 3팀 4차 초콜렛 설명에 대해 특징은 입안에서 천천히 녹는다고, 맛은 달콤하다고, 그리고 비유는 작은 선물 상자라고 설명했습니다.","봄 3팀 4차 초콜렛에 대해 특징은 입안에서 천천히 녹는다고, 맛은 달콤하다고, 그리고 색깔은 검정색이라고 설명했습니다."
dataset_ko_150_final,entity_simple_hard_test_os_concept_00391:final:0,entity_simple_hard_test_os_concept_00391,entity_simple_hard_test_os_concept_00391,True,same_source_sibling_facts,1,4,23,20,여름 오후반 4차 큐 설명 중 역할과 장점에 해당하는 내용만 답해줘.,"여름 오후반 4차 큐에 대해 역할은 작업을 순서대로 기다리게 한다고, 그리고 장점은 처리 순서를 명확하게 만든다고 설명했습니다.",True,,,,,False,False,0.8717948717948718,0.8717948717948718,0.4358974358974359,0.4358974358974359,True,True,3.766088899981696,3.5236322000273503,,,,,tie,"여름 오후반 4차 큐에 대해 장점은 처리 순서를 명확하게 만든다고, 역할은 작업을 순서대로 기다리게 한다고, 그리고 비유는 번호표를 뽑고 기다리는 줄이라고 설명했습니다.","여름 오후반 4차 큐에 대해 역할은 작업을 순서대로 기다리게 한다고, 장점은 처리 순서를 명확하게 만든다고, 그리고 사용 이유는 faster(빠른 순서대로 진행)라고 설명했습니다."
dataset_ko_151_final,entity_simple_hard_test_art_history_00160:final:0,entity_simple_hard_test_art_history_00160,entity_simple_hard_test_art_history_00160,True,same_source_sibling_facts,1,4,23,20,봄 3팀 2차 바로크 설명에서 목적과 핵심 특징만 알려줘.,"봄 3팀 2차 바로크에 대해 목적은 감정을 강하게 전달하는 것이라고, 그리고 핵심 특징은 극적 명암이라고 설명했습니다.",True,,,,,False,False,0.8333333333333333,0.47619047619047616,0.41666666666666663,0.23809523809523808,True,True,3.5727440000046045,4.123477199987974,,,,,question+passage,"봄 3팀 2차 바로크에 대해 핵심 특징은 극적 명암이라고, 비유는 무대 조명이 한 장면을 강조하는 방식이라고, 그리고 목적은 감정을 강하게 전달하는 것이라고 설명했습니다.","봄 3팀 2차 바로크에 대해 특징은 극적 명암과 같은 효과처럼 바로 깊은 강조가 possible이라고, 그리고 핵심 특징은 눈-catching 하게 해주는 것이라고, 그리고 방법은 극적 명암처럼 반전되는 점이라고 설명했습니다."
dataset_ko_152_final,entity_simple_hard_test_statistics_00044:final:0,entity_simple_hard_test_statistics_00044,entity_simple_hard_test_statistics_00044,True,same_source_sibling_facts,1,4,23,20,캡스톤 1팀 1차 표본분산 설명에서 비유와 활용만 알려줘.,"캡스톤 1팀 1차 표본분산에 대해 비유는 점들이 얼마나 퍼졌는지 보는 자라고, 그리고 활용은 데이터 변동성을 볼 때 쓴다고 설명했습니다.",True,,,,,False,False,0.9696969696969697,0.6829268292682927,0.48484848484848486,0.34146341463414637,True,True,3.0092513999552466,4.121764900046401,,,,,question+passage,"캡스톤 1팀 1차 표본분산에 대해 비유는 점들이 얼마나 퍼졌는지 보는 자라고, 활용은 데이터 변동성을 볼 때 쓴다고 설명했습니다.","캡스톤 1팀 1차 표본분산 설명에 대해 비유는 점들이 얼마나 퍼졌는지 보는 자라고, 활용은 전체 variability를 측정时的独特이라고, 그리고 비유는 점들이 얼마나 퍼졌는지 보는 자라고 설명했습니다."
dataset_ko_153_final,entity_simple_hard_test_statistics_00045:final:0,entity_simple_hard_test_statistics_00045,entity_simple_hard_test_statistics_00045,True,same_source_sibling_facts,1,4,23,20,파일럿 1팀 1차 신뢰구간에서 비유와 활용을 함께 정리해줘.,"파일럿 1팀 1차 신뢰구간에 대해 비유는 정답이 있을 법한 범위를 그은 지도라고, 그리고 활용은 추정의 불확실성을 설명할 때 쓴다고 설명했습니다.",True,,,,,False,False,0.9047619047619047,0.5416666666666666,0.45238095238095233,0.2708333333333333,True,False,3.9184858999797143,4.9662903000134975,,,,,question+passage,"파일럿 1팀 1차 신뢰구간에 대해 비유는 정답이 있을 법한 범위를 그은 지도라고, 활용은 추정의 불확실성을 설명할 때 쓴다고, 그리고 의미는 모수 추정 범위라고 설명했습니다.","파일럿 1팀 1차 신뢰구간에 대해 비유는 일반 범위를 상상하는 것과 비유의 목적을 설명하는 것이라고, 활용은 추정의 과오를 줄일 때 쓴다고, 그리고 특징은 정답 범위가 닳ated không同의는被災區가 그不同的이라고 설명했습니다."
dataset_ko_154_final,entity_simple_hard_test_dessert_00240:final:0,entity_simple_hard_test_dessert_00240,entity_simple_hard_test_dessert_00240,True,same_source_sibling_facts,1,4,23,20,봄 1팀 3차 초콜렛 설명에서 비유와 색깔만 알려줘.,"봄 1팀 3차 초콜렛에 대해 비유는 작은 선물 상자라고, 그리고 색깔은 검정색이라고 설명했습니다.",True,,,,,False,True,0.9565217391304348,1.0,0.4782608695652174,1.0,True,True,2.0940089999930933,2.0955856000073254,,,,,passage-only,"봄 1팀 3차 초콜렛 설명에 대해 비유는 작은 선물 상자라고, 색깔은 검정색이라고 설명했습니다.","봄 1팀 3차 초콜렛에 대해 비유는 작은 선물 상자라고, 그리고 색깔은 검정색이라고 설명했습니다."
dataset_ko_155_final,entity_simple_hard_test_statistics_00070:final:0,entity_simple_hard_test_statistics_00070,entity_simple_hard_test_statistics_00070,True,same_source_sibling_facts,1,4,23,20,교수님이 봄 4팀 1차 상관계수의 주의점과 의미를 어떻게 말했어?,"봄 4팀 1차 상관계수에 대해 주의점은 원인 증명을 뜻하지 않는다고, 그리고 의미는 선형 관계 강도라고 설명했습니다.",True,,,,,False,False,0.8108108108108109,0.5714285714285715,0.40540540540540543,0.28571428571428575,True,True,4.317982999957167,3.8395612000022084,,,,,question+passage,"교수님이 봄 4팀 1차 상관계수의 주의점에 대해 주의점은 원인 증명을 뜻하지 않는다고, 의미는 선형 관계 강도라고, 그리고 비유는 두 변수의 움직임을 비교하는 나침반이라고 설명했습니다.","교수님이 봄 4팀 1차 상관계수의 주의점과 의미를 설명하시면, 그 목적은 선형 관계 강도를 빠르게 살필 때 쓴다고, 그리고 의미는 선형 관계의 강도라고 설명했습니다."
dataset_ko_156_final,entity_simple_hard_test_statistics_00287:final:0,entity_simple_hard_test_statistics_00287,entity_simple_hard_test_statistics_00287,True,same_source_sibling_facts,1,4,23,20,심화 오전반 3차 회귀분석 설명 중 활용과 비유에 해당하는 내용만 답해줘.,"심화 오전반 3차 회귀분석에 대해 활용은 예측 경향을 설명할 때 쓴다고, 그리고 비유는 흩어진 점 사이에 길을 그어 보는 일이라고 설명했습니다.",True,,,,,False,False,0.8837209302325582,0.3829787234042553,0.4418604651162791,0.19148936170212766,True,False,4.3109214999713,5.040467999991961,,,,,question+passage,"심화 오전반 3차 회귀분석 설명에 대해 비유는 흩어진 점 사이에 길을 그어 보는 일이라고, 주의점은 모든 원인을 증명하지는 않는다고, 그리고 활용은 예측 경향을 설명할 때 쓴다고 설명했습니다.","심화 오전반 3차 회귀분석 설명 중 활용과 비유에 해당하는 내용만 설명에 해당하는 genre 설명과 replied 방법에 해당하는 예 설명에 대해 비유는 주의 거는 큰 맥주 복원 금액이라고, 설명은 조심하는 정도가 다르다고, 그리고 예는 수요량 예측이라고 설명했습니다."
dataset_ko_157_final,entity_simple_hard_test_statistics_00359:final:0,entity_simple_hard_test_statistics_00359,entity_simple_hard_test_statistics_00359,True,same_source_sibling_facts,1,4,23,20,세미나 2팀 4차 회귀분석 설명 중 주의점과 의미에 해당하는 내용만 답해줘.,"세미나 2팀 4차 회귀분석에 대해 주의점은 모든 원인을 증명하지는 않는다고, 그리고 의미는 관계의 경향 설명이라고 설명했습니다.",True,,,,,False,False,0.5714285714285714,0.47368421052631576,0.2857142857142857,0.23684210526315788,True,False,4.359592900029384,3.71402010001475,,,,,question+passage,"세미나 2팀 4차 회귀분석 설명에 대해 주의점은 다음과 같이 의미는 관계의 경향 설명이라고, 비유는 흩어진 점 사이에 길을 그어 보는 일이라고, 그리고 활용은 예측 경향을 설명할 때 쓴다고 설명했습니다.","세미나 2팀 4차 회귀분석 설명 중 주의점과 의미에 대해 종속 변수의 예측 경향을 설명하는 데 있어 주의점이 존재하고, 의미가 시도가 무엇인지 분석을 설명하라는 의미라고 설명했습니다."
dataset_ko_158_final,entity_simple_hard_test_marketing_00058:final:0,entity_simple_hard_test_marketing_00058,entity_simple_hard_test_marketing_00058,True,same_source_sibling_facts,1,4,23,20,교수님이 실습 2팀 1차 스터디 모집의 성과 지표와 핵심 채널을 어떻게 말했어?,"실습 2팀 1차 스터디 모집에 대해 성과 지표는 완료율이라고, 그리고 핵심 채널은 학과 홈페이지라고 설명했습니다.",True,,,,,False,False,0.6857142857142857,0.8235294117647058,0.34285714285714286,0.4117647058823529,True,True,3.8368825999787077,3.364190199994482,,,,,passage-only,"실습 2팀 1차 스터디 모집의 성과 지표를 중심으로한 핵심 채널은 질문권을 줄인다고, 대상은 스터디 신청자라고, 그리고 성과 지표는 완료율이라고 설명했습니다.","교수님 실습 2팀 1차 스터디 모집에 대해 성과 지표는 참여율이라고, 핵심 채널은 학과 홈페이지라고, 그리고 핵심 쌓임은 저장량이라고 설명했습니다."
dataset_ko_159_final,entity_simple_hard_test_project_00132:final:0,entity_simple_hard_test_project_00132,entity_simple_hard_test_project_00132,True,same_source_sibling_facts,1,4,23,20,가을 D반 2차 최종 발표 설명에서 마감과 공유 위치만 알려줘.,"가을 D반 2차 최종 발표에 대해 마감은 다음 주 월요일 밤이라고, 그리고 공유 위치는 팀 노션 페이지라고 설명했습니다.",True,,,,,False,False,0.967741935483871,0.8648648648648648,0.4838709677419355,0.4324324324324324,True,True,2.2920211000018753,3.220677200006321,,,,,question+passage,"가을 D반 2차 최종 발표 설명에 대해 공유 위치는 팀 노션 페이지라고, 마감은 다음 주 월요일 밤이라고 설명했습니다.","가을 D반 2차 최종 발표 설명에 대해 마감은 다음 주 월요일 밤이라고, 공유 위치는 팀 노션 페이지라고, 그리고 확인 기준은 근거 제시 여부라고 설명했습니다."
dataset_ko_160_final,entity_simple_hard_test_dessert_00097:final:0,entity_simple_hard_test_dessert_00097,entity_simple_hard_test_dessert_00097,True,same_source_sibling_facts,1,4,23,20,심화 오후반 1차 솜사탕에서 색깔과 비유를 함께 정리해줘.,"심화 오후반 1차 솜사탕에 대해 색깔은 분홍색이라고, 그리고 비유는 구름 같은 간식이라고 설명했습니다.",True,,,,,False,False,0.8387096774193548,0.896551724137931,0.4193548387096774,0.4482758620689655,True,True,3.343351099989377,2.973043299978599,,,,,passage-only,"심화 오후반 1차 솜사탕에 대해 비유는 구름 같은 간식이라고, 특징은 입에 닿으면 빠르게 사라진다고, 그리고 색깔은 분홍색이라고 설명했습니다.","심화 오후반 1차 솜사탕에 대해 색깔은 분홍색이라고, 비유는 구름 같은 간식이라고, 그리고 이유는 새롭고 달콤하다고 설명했습니다."
dataset_ko_161_final,entity_simple_hard_test_dessert_00338:final:0,entity_simple_hard_test_dessert_00338,entity_simple_hard_test_dessert_00338,True,same_source_sibling_facts,1,4,23,20,교수님이 실습 D반 4차 마카롱의 비유와 색깔을 어떻게 말했어?,"실습 D반 4차 마카롱에 대해 비유는 작은 보석 상자라고, 그리고 색깔은 알록달록하다고 설명했습니다.",True,,,,,False,False,0.7499999999999999,0.5625,0.37499999999999994,0.28125,True,True,3.4008602000540122,3.2176271000062115,,,,,question+passage,"실습 D반 4차 마카롱에 대해 색깔은 부드럽고 진하다고, 비유는 작은 보석 상자라고, 그리고 조건은 겉은 바삭하고 속은 촉촉하다고 설명했습니다.","professor d반 4차 마카롱의 비유에 대해 비유가 정보 원자보다 강하고 싉은 맛이라고, 색깔은 알록달록하다고, 그리고 이미 매장과 구분했다고 설명했습니다."
dataset_ko_162_final,entity_simple_hard_test_project_00396:final:0,entity_simple_hard_test_project_00396,entity_simple_hard_test_project_00396,True,same_source_sibling_facts,1,4,23,20,정규 오후반 4차 최종 발표 설명에서 담당과 확인 기준만 알려줘.,"정규 오후반 4차 최종 발표에 대해 담당은 기획 파트라고, 그리고 확인 기준은 근거 제시 여부라고 설명했습니다.",True,,,,,False,False,0.888888888888889,0.6470588235294118,0.4444444444444445,0.3235294117647059,True,True,3.0547409999999218,2.8480572000262327,,,,,question+passage,"정규 오후반 4차 최종 발표에 대해 확인 기준은 근거 제시 여부라고, 공유 위치는 팀 노션 페이지라고, 그리고 담당은 기획 파트라고 설명했습니다.","정규 오후반 4차 최종 발표 설명에 대해 담당은 기획 파트라고, 설명은 이해 기준으로 사용된 영역을 분야 경로 설명 요청 영역이라고 설명했습니다."
dataset_ko_163_final,entity_simple_hard_test_marketing_00059:final:0,entity_simple_hard_test_marketing_00059,entity_simple_hard_test_marketing_00059,True,same_source_sibling_facts,1,4,23,20,세미나 2팀 1차 멘토링 이벤트 설명 중 성과 지표와 핵심 채널에 해당하는 내용만 답해줘.,"세미나 2팀 1차 멘토링 이벤트에 대해 성과 지표는 재방문율이라고, 그리고 핵심 채널은 이메일 뉴스레터라고 설명했습니다.",True,,,,,False,False,0.8823529411764706,0.8333333333333333,0.4411764705882353,0.41666666666666663,True,True,3.9278806999791414,4.382437899999786,,,,,tie,"세미나 2팀 1차 멘토링 이벤트 설명에 대해 핵심 채널은 이메일 뉴스레터라고, 대상은 멘토링 참여 학생이라고, 그리고 성과 지표는 재방문율이라고 설명했습니다.","세미나 2팀 1차 멘토링 이벤트에 대해 성과 지표는 재방문율이라고, 핵심 채널은 이메일 뉴스레터라고, 그리고 핵심 채널의 연결고리가 경로 분석 메서드라고 설명했습니다."
dataset_ko_164_final,entity_simple_hard_test_art_history_00378:final:0,entity_simple_hard_test_art_history_00378,entity_simple_hard_test_art_history_00378,True,same_source_sibling_facts,1,4,23,20,교수님이 실습 4팀 4차 인상주의의 비교 포인트와 비유를 어떻게 말했어?,"실습 4팀 4차 인상주의에 대해 비교 포인트는 정확한 윤곽보다 색감이 중요하다고, 그리고 비유는 햇빛이 흔들리는 수면에 비친 모습이라고 설명했습니다.",True,,,,,False,False,0.8837209302325582,0.4000000000000001,0.4418604651162791,0.20000000000000004,True,False,4.103215100010857,6.019875500001945,,,,,question+passage,"실습 4팀 4차 인상주의에 대해 비유는 햇빛이 흔들리는 수면에 비친 모습이라고, 목적은 관찰 순간을 살리는 것이라고, 그리고 비교 포인트는 정확한 윤곽보다 색감이 중요하다고 설명했습니다.","교수님의 실습 4팀 4차 인상주의의 비교 포인트와 비유에 대해 비교 포인트는 설명이 구체적이지 않은 부분이 빛나는 것입니다. 비유는 햇빛이 부족할 때의 비유를 생각할 것이라고, 그리고 비교 포인트는 실습 4팀 4차 인상주의의 비교 포인트와 비유를 생각할 것이라고 설명했습니다."
dataset_ko_165_final,entity_simple_hard_test_project_00156:final:0,entity_simple_hard_test_project_00156,entity_simple_hard_test_project_00156,True,same_source_sibling_facts,1,4,23,20,정규 2팀 2차 최종 발표 설명에서 확인 기준과 담당만 알려줘.,"정규 2팀 2차 최종 발표에 대해 확인 기준은 근거 제시 여부라고, 그리고 담당은 기획 파트라고 설명했습니다.",True,,,,,False,False,0.7222222222222223,0.5925925925925926,0.36111111111111116,0.2962962962962963,True,False,3.1583529000054114,3.9390184999792837,,,,,question+passage,"정규 2팀 2차 최종 발표 설명에 대해 확인 기준과 담당은 기획 파트라고, 공유 위치는 팀 노션 페이지라고, 그리고 담당은 기획 파트라고 설명했습니다.",정규 2팀 2차 최종 발표 설명에 대해 확인 기준은 확인 담당자에게 소 invia(地点 / 目标 & 설명) 送递描述提供了说明进行了讨论认为提交期限是下周二就结束了提供了说明进行了讨论认为提交期限是下周二就结束了.
dataset_ko_166_final,entity_simple_hard_test_statistics_00333:final:0,entity_simple_hard_test_statistics_00333,entity_simple_hard_test_statistics_00333,True,same_source_sibling_facts,1,4,23,20,겨울 D반 4차 신뢰구간에서 비유와 활용을 함께 정리해줘.,"겨울 D반 4차 신뢰구간에 대해 비유는 정답이 있을 법한 범위를 그은 지도라고, 그리고 활용은 추정의 불확실성을 설명할 때 쓴다고 설명했습니다.",True,,,,,False,False,0.9047619047619047,0.42105263157894735,0.45238095238095233,0.21052631578947367,True,False,3.831556500052102,2.788742100005038,,,,,question+passage,"겨울 D반 4차 신뢰구간에 대해 비유는 정답이 있을 법한 범위를 그은 지도라고, 활용은 추정의 불확실성을 설명할 때 쓴다고, 그리고 의미는 모수 추정 범위라고 설명했습니다.","겨울 D반 4차 신뢰구간에 대해 비유는 일반 범위를 상상하는 것처럼, 데이터가 조금 다르지만 추정을 지원하는 곳을 설명하는 이유가 있습니다."
dataset_ko_167_final,entity_simple_hard_test_os_concept_00294:final:0,entity_simple_hard_test_os_concept_00294,entity_simple_hard_test_os_concept_00294,True,same_source_sibling_facts,1,4,23,20,교수님이 캡스톤 오후반 3차 캐시의 역할과 장점을 어떻게 말했어?,"캡스톤 오후반 3차 캐시에 대해 역할은 자주 쓰는 정보를 가까이 둔다고, 그리고 장점은 반복 접근을 빠르게 만든다고 설명했습니다.",True,,,,,False,False,0.619047619047619,0.717948717948718,0.3095238095238095,0.358974358974359,True,True,4.174497500003781,3.746794599981513,,,,,passage-only,"prof의 캡스톤 오후반 3차 캐시에 대해 주의점은 오래된 정보가 남을 수 있다고, 역할은 자주 쓰는 정보를 가까이 둔다고, 그리고 비유는 책상 위에 올려둔 책이라고 설명했습니다.","캡스톤 오후반 3차 캐시에 대해 역할은 정보를 빠르게 만든다고, 장점은 반복 접근을 빠르게 만든다고, 그리고 비유는 책상 위에 올려둔 책이라고 설명했습니다."
dataset_ko_168_final,entity_simple_hard_test_art_history_00257:final:0,entity_simple_hard_test_art_history_00257,entity_simple_hard_test_art_history_00257,True,same_source_sibling_facts,1,4,23,20,심화 2팀 3차 입체주의에서 목적과 핵심 특징을 함께 정리해줘.,"심화 2팀 3차 입체주의에 대해 목적은 대상을 새롭게 해석하는 것이라고, 그리고 핵심 특징은 여러 시점이라고 설명했습니다.",True,,,,,False,False,0.7999999999999999,0.888888888888889,0.39999999999999997,0.4444444444444445,True,True,3.2741929999901913,3.135902400012128,,,,,passage-only,"심화 2팀 3차 입체주의에 대해 핵심 특징은 여러 방향에서 본 사물을 한 화면에 놓는 방식이라고, 목적은 대상을 새롭게 해석하는 것이라고 설명했습니다.","심화 2팀 3차 입체주의에 대해 목적은 대상을 새롭게 해석하는 것이라고, 핵심 특징은 여러 시점이라고, 그리고 핵심 특징은 여러 시점이라고 설명했습니다."
dataset_ko_169_final,entity_simple_hard_test_art_history_00137:final:0,entity_simple_hard_test_art_history_00137,entity_simple_hard_test_art_history_00137,True,same_source_sibling_facts,1,4,23,20,심화 D반 2차 입체주의에서 비유와 비교 포인트를 함께 정리해줘.,"심화 D반 2차 입체주의에 대해 비유는 여러 방향에서 본 사물을 한 화면에 놓는 방식이라고, 그리고 비교 포인트는 단일 원근과 다르다고 설명했습니다.",True,,,,,False,False,0.8837209302325582,0.6190476190476191,0.4418604651162791,0.30952380952380953,True,False,3.8930476999958046,3.395031799969729,,,,,question+passage,"심화 D반 2차 입체주의에 대해 비유는 여러 방향에서 본 사물을 한 화면에 놓는 방식이라고, 목적은 대상을 새롭게 해석하는 것이라고, 그리고 비교 포인트는 단일 원근과 다르다고 설명했습니다.","심화 D반 2차 입체주의에서 비유와 비교 포인트는 생각이 단일 방향인 입력과 다르다고, 결과이지만 기본 개념은 여러 방향이라고, 그리고 비유가 단일 생각의 방식이라고 설명했습니다."
dataset_ko_170_final,entity_simple_hard_test_marketing_00275:final:0,entity_simple_hard_test_marketing_00275,entity_simple_hard_test_marketing_00275,True,same_source_sibling_facts,1,4,23,20,파일럿 4팀 3차 멘토링 이벤트 설명 중 보상과 대상에 해당하는 내용만 답해줘.,"파일럿 4팀 3차 멘토링 이벤트에 대해 보상은 포인트 500점이라고, 그리고 대상은 멘토링 참여 학생이라고 설명했습니다.",True,,,,,False,False,0.9090909090909091,0.8823529411764706,0.45454545454545453,0.4411764705882353,True,True,3.551219300017692,4.0192993999808095,,,,,tie,"파일럿 4팀 3차 멘토링 이벤트에 대해 보상은 포인트 500점이라고, 대상은 멘토링 참여 학생이라고, 그리고 성과 지표는 재방문율이라고 설명했습니다.","파일럿 4팀 3차 멘토링 이벤트에 대해 보상은 포인트 500점이라고, 핵심 채널은 이메일 뉴스레터라고, 그리고 대상은 멘토링 참여 학생이라고 설명했습니다."
dataset_ko_171_final,entity_simple_hard_test_os_concept_00316:final:0,entity_simple_hard_test_os_concept_00316,entity_simple_hard_test_os_concept_00316,True,same_source_sibling_facts,1,4,23,20,정규 B반 4차 프로세스 설명에서 비유와 주의점만 알려줘.,"정규 B반 4차 프로세스에 대해 비유는 독립된 식당이라고, 그리고 주의점은 자원을 너무 많이 쓰면 느려질 수 있다고 설명했습니다.",True,,,,,False,False,0.8717948717948718,0.8717948717948718,0.4358974358974359,0.4358974358974359,True,True,3.771788200014271,3.9605952000129037,,,,,tie,"정규 B반 4차 프로세스 설명에 대해 비유는 독립된 식당이라고, 주의점은 자원을 너무 많이 쓰면 느려질 수 있다고, 그리고 역할은 독립된 실행 공간을 가진다고 설명했습니다.","정규 B반 4차 프로세스에 대해 비유는 독립된 식당이라고, 주의점은 자원을 너무 많이 쓰면 느려질 수 있다고, 그리고 결론은 독립된 실행이误务을 줄일 수 있다고 설명했습니다."
dataset_ko_172_final,entity_simple_hard_test_dessert_00313:final:0,entity_simple_hard_test_dessert_00313,entity_simple_hard_test_dessert_00313,True,same_source_sibling_facts,1,4,23,20,겨울 B반 4차 솜사탕에서 맛과 특징을 함께 정리해줘.,"겨울 B반 4차 솜사탕에 대해 맛은 가볍게 달콤하다고, 그리고 특징은 입에 닿으면 빠르게 사라진다고 설명했습니다.",True,,,,,False,False,0.8823529411764706,0.6666666666666666,0.4411764705882353,0.3333333333333333,True,True,3.4843104999745265,3.0043559999903664,,,,,question+passage,"겨울 B반 4차 솜사탕에 대해 맛은 가볍게 달콤하다고, 특징은 입에 닿으면 빠르게 사라진다고, 그리고 비유는 구름 같은 간식이라고 설명했습니다.","겨울 B반 4차 솜사탕에 대해 맛은 가볍게 달콤하다고, 맛은 깔끔하다고, 그리고 색깔은 진저의 음료이라고 설명했습니다."
dataset_ko_173_final,entity_simple_hard_test_project_00014:final:0,entity_simple_hard_test_project_00014,entity_simple_hard_test_project_00014,True,same_source_sibling_facts,1,4,23,20,교수님이 캡스톤 B반 1차 AI 모델 평가의 담당과 확인 기준을 어떻게 말했어?,"캡스톤 B반 1차 AI 모델 평가에 대해 담당은 AI 파트라고, 그리고 확인 기준은 정답률이라고 설명했습니다.",True,,,,,False,False,0.8108108108108109,0.8,0.40540540540540543,0.4,True,True,3.4364893000456505,3.2883709999732673,,,,,tie,"캡스톤 B반 1차 AI 모델 평가의 담당과 확인 기준에 대해 확인 기능은 회의록 관리라고, 담당은 AI 파트라고, 그리고 확인 기준은 정답률이라고 설명했습니다.","캡스톤 B반 1차 AI 모델 평가에 대해 담당은 AI 파트라고, 확인 기준은 정답률을 설명했다고, 그리고 문제는 답을 where_where_location_where_defined이라고 설명했다고 설명했습니다."
dataset_ko_174_final,entity_simple_hard_test_os_concept_00221:final:0,entity_simple_hard_test_os_concept_00221,entity_simple_hard_test_os_concept_00221,True,same_source_sibling_facts,1,4,23,20,여름 C반 3차 스레드에서 비유와 주의점을 함께 정리해줘.,"여름 C반 3차 스레드에 대해 비유는 같은 식당 안에서 일하는 직원이라고, 그리고 주의점은 공유 자원 관리가 필요하다고 설명했습니다.",True,,,,,False,False,0.8571428571428571,0.45714285714285713,0.42857142857142855,0.22857142857142856,True,False,3.7865765999886207,3.0086058000451885,,,,,question+passage,"여름 C반 3차 스레드에 대해 비유는 같은 식당 안에서 일하는 직원이라고, 주의점은 공유 자원 관리가 필요하다고, 그리고 역할은 프로세스 안에서 작업을 나누어 실행한다고 설명했습니다.","여름 C반 3차 스레드에 대해 비유는 동일한 곳에 멈achtı라고, 주의점은 동일한 곳에 에러가 발생하는 내용이었다고 설명했습니다."
dataset_ko_175_final,entity_simple_hard_test_dessert_00267:final:0,entity_simple_hard_test_dessert_00267,entity_simple_hard_test_dessert_00267,True,same_source_sibling_facts,1,4,23,20,심화 3팀 3차 브라우니 설명 중 특징과 맛에 해당하는 내용만 답해줘.,"심화 3팀 3차 브라우니에 대해 특징은 속이 촉촉하게 남는다고, 그리고 맛은 묵직하게 달콤하다고 설명했습니다.",True,,,,,False,False,0.8750000000000001,0.8148148148148148,0.43750000000000006,0.4074074074074074,True,True,3.769374199968297,2.821362099959515,,,,,question+passage,"심화 3팀 3차 브라우니에 대해 특징은 속이 촉촉하게 남는다고, 맛은 묵직하게 달콤하다고, 그리고 특징은 속이 촉촉하게 제공하는다고 설명했습니다.","심화 3팀 3차 브라우니에 대해 특징은 속이 촉촉하게 남는다고, 맛은 달콤하게 달라진다고 설명했습니다."
dataset_ko_176_final,entity_simple_hard_test_art_history_00235:final:0,entity_simple_hard_test_art_history_00235,entity_simple_hard_test_art_history_00235,True,same_source_sibling_facts,1,4,23,20,파일럿 D반 3차 르네상스 설명 중 비유와 비교 포인트에 해당하는 내용만 답해줘.,"파일럿 D반 3차 르네상스에 대해 비유는 사람을 화면 중앙에 다시 세우는 방식이라고, 그리고 비교 포인트는 절대왕정 중심 설명과 다르다고 설명했습니다.",True,,,,,False,False,0.8780487804878049,0.761904761904762,0.43902439024390244,0.380952380952381,True,True,4.1037257999996655,3.762149100017268,,,,,question+passage,"파일럿 D반 3차 르네상스 설명을 중심으로 비교 포인트는 절대왕정 중심 설명과 다르다고, 핵심 특징은 인문주의라고, 그리고 비유는 사람을 화면 중앙에 다시 세우는 방식이라고 설명했습니다.","파일럿 D반 3차 르네상스에 대해 비유는 사람을 화면 중앙에 다시 세우는 방식이라고, 목적은 사람의 가치를 드러내는 것이라고, 그리고 비교 포인트에 해당하는 내용이라고 설명했습니다."
dataset_ko_177_final,entity_simple_hard_test_art_history_00283:final:0,entity_simple_hard_test_art_history_00283,entity_simple_hard_test_art_history_00283,True,same_source_sibling_facts,1,4,23,20,겨울 오전반 3차 르네상스 설명 중 비교 포인트와 비유에 해당하는 내용만 답해줘.,"겨울 오전반 3차 르네상스에 대해 비교 포인트는 절대왕정 중심 설명과 다르다고, 그리고 비유는 사람을 화면 중앙에 다시 세우는 방식이라고 설명했습니다.",True,,,,,False,False,0.9268292682926829,0.9268292682926829,0.46341463414634143,0.46341463414634143,True,True,4.070411500055343,3.886430400016252,,,,,tie,"겨울 오전반 3차 르네상스 설명에 대해 비교 포인트는 절대왕정 중심 설명과 다르다고, 핵심 특징은 인문주의라고, 그리고 비유는 사람을 화면 중앙에 다시 세우는 방식이라고 설명했습니다.","겨울 오전반 3차 르네상스에 대해 비교 포인트는 절대왕정 중심 설명과 다르다고, 비유는 사람을 화면 중앙에 다시 세우는 방식이라고, 그리고 비유의 특징은 인문주의라고 설명했습니다."
dataset_ko_178_final,entity_simple_hard_test_art_history_00041:final:0,entity_simple_hard_test_art_history_00041,entity_simple_hard_test_art_history_00041,True,same_source_sibling_facts,1,4,23,20,여름 1팀 1차 입체주의에서 비유와 비교 포인트를 함께 정리해줘.,"여름 1팀 1차 입체주의에 대해 비유는 여러 방향에서 본 사물을 한 화면에 놓는 방식이라고, 그리고 비교 포인트는 단일 원근과 다르다고 설명했습니다.",True,,,,,False,False,0.8837209302325582,0.5,0.4418604651162791,0.25,True,False,3.9577351000043564,4.058795999968424,,,,,question+passage,"여름 1팀 1차 입체주의에 대해 비유는 여러 방향에서 본 사물을 한 화면에 놓는 방식이라고, 목적은 대상을 새롭게 해석하는 것이라고, 그리고 비교 포인트는 단일 원근과 다르다고 설명했습니다.","여름 1팀 1차 입체주의에 대해 비유는 단일 시점에 여러 프러미SSION이 되는 방식이라고, 이유는 단일 문제보다 더進步하라고, 그리고 비유는 단일 시점에 여러 프러미SSION이 되는 방식이라고 설명했습니다."
dataset_ko_179_final,entity_simple_hard_test_dessert_00001:final:0,entity_simple_hard_test_dessert_00001,entity_simple_hard_test_dessert_00001,True,same_source_sibling_facts,1,4,23,20,여름 A반 1차 솜사탕에서 색깔과 비유를 함께 정리해줘.,"여름 A반 1차 솜사탕에 대해 색깔은 분홍색이라고, 그리고 비유는 구름 같은 간식이라고 설명했습니다.",True,,,,,False,False,0.8387096774193548,0.896551724137931,0.4193548387096774,0.4482758620689655,True,True,3.2447263000067323,2.8276685000164434,,,,,passage-only,"여름 A반 1차 솜사탕에 대해 색깔은 분홍색이라고, 비유는 구름 같은 간식이라고, 그리고 특징은 입에 닿으면 빠르게 사라진다고 설명했습니다.","여름 A반 1차 솜사탕에 대해 색깔은 분홍색이라고, 비유는 구름 같은 간식이라고, 그리고 이유는 새롭고 명확하다고 설명했습니다."
dataset_ko_180_final,entity_simple_hard_test_marketing_00369:final:0,entity_simple_hard_test_marketing_00369,entity_simple_hard_test_marketing_00369,True,same_source_sibling_facts,1,4,23,20,세미나 3팀 4차 동아리 홍보에서 보상과 대상을 함께 정리해줘.,"세미나 3팀 4차 동아리 홍보에 대해 보상은 굿즈 추첨권이라고, 그리고 대상은 동아리 회원이라고 설명했습니다.",True,,,,,False,False,0.6000000000000001,0.7999999999999999,0.30000000000000004,0.39999999999999997,False,True,2.7657272000215016,3.289556799980346,,,,,passage-only,"세미나 3팀 4차 동아리 홍보에 대해 보상은 참여 시간이 100단어 정도라고, 대상은 최종 결과가 보상이라고 설명했습니다.","세미나 3팀 4차 동아리 홍보에 대해 보상은 굿즈 추첨권이라고, 핵심 채널은 오픈채팅방이라고, 그리고 대상은 서식이라고 설명했습니다."
dataset_ko_181_final,entity_simple_hard_test_project_00134:final:0,entity_simple_hard_test_project_00134,entity_simple_hard_test_project_00134,True,same_source_sibling_facts,1,4,23,20,교수님이 캡스톤 D반 2차 AI 모델 평가의 마감과 공유 위치를 어떻게 말했어?,"캡스톤 D반 2차 AI 모델 평가에 대해 마감은 금요일 자정 전이라고, 그리고 공유 위치는 회의록 폴더라고 설명했습니다.",True,,,,,False,False,0.8648648648648648,0.65,0.4324324324324324,0.325,True,True,3.411504599964246,3.678238100023009,,,,,question+passage,"교수님 캡스톤 D반 2차 AI 모델 평가의 마감은 금요일 자정 전이라고, 공유 위치는 회의록 폴더라고, 그리고 담당은 AI 파트라고 설명했습니다.","캡스톤 D반 2차 AI 모델 평가의 마감과 공유 위치에 대해 마감은 15일 전後 3 days 후 알려지면 되는 것으로 보인다고, 공유 위치는 회의록 폴더라고 설명했습니다."
dataset_ko_182_final,entity_simple_hard_test_os_concept_00172:final:0,entity_simple_hard_test_os_concept_00172,entity_simple_hard_test_os_concept_00172,True,same_source_sibling_facts,1,4,23,20,가을 4팀 2차 프로세스 설명에서 주의점과 비유만 알려줘.,"가을 4팀 2차 프로세스에 대해 주의점은 자원을 너무 많이 쓰면 느려질 수 있다고, 그리고 비유는 독립된 식당이라고 설명했습니다.",True,,,,,False,False,0.64,0.7804878048780487,0.32,0.39024390243902435,True,True,5.112830600002781,3.745747599983588,,,,,passage-only,"가을 4팀 2차 프로세스 설명에 대해 주의점은 자원을 너무 많이 쓰면 느려질 수 있다고, 비유는 시간을 너무 많이 쓰면 대응이 같다면 느리고 공유된 시간은 중복 사용이 go website이다고, 그리고 역할은 독립된 실행 공간을 가진다고 설명했습니다.","가을 4팀 2차 프로세스에 대해 주의점은 자원을 너무 많이 쓰면 느려질 수 있다고, 비유는 멋진 but unnecessary 부분이라고, 그리고 비유는 독립된 실행 공간을 가진다고 설명했습니다."
dataset_ko_183_final,entity_simple_hard_test_statistics_00047:final:0,entity_simple_hard_test_statistics_00047,entity_simple_hard_test_statistics_00047,True,same_source_sibling_facts,1,4,23,20,심화 1팀 1차 회귀분석 설명 중 비유와 활용에 해당하는 내용만 답해줘.,"심화 1팀 1차 회귀분석에 대해 비유는 흩어진 점 사이에 길을 그어 보는 일이라고, 그리고 활용은 예측 경향을 설명할 때 쓴다고 설명했습니다.",True,,,,,False,False,0.972972972972973,0.4375,0.4864864864864865,0.21875,True,False,3.2516291000065394,2.5090897000045516,,,,,question+passage,"심화 1팀 1차 회귀분석 설명에 대해 비유는 흩어진 점 사이에 길을 그어 보는 일이라고, 활용은 예측 경향을 설명할 때 쓴다고 설명했습니다.","심화 1팀 1차 회귀분석 설명 중 비유와 활용에 해당하는 내용만 설명하라면, 간접 관계를 설명할 때 쓴다."
dataset_ko_184_final,entity_simple_hard_test_art_history_00115:final:0,entity_simple_hard_test_art_history_00115,entity_simple_hard_test_art_history_00115,True,same_source_sibling_facts,1,4,23,20,파일럿 B반 2차 르네상스 설명 중 핵심 특징과 목적에 해당하는 내용만 답해줘.,"파일럿 B반 2차 르네상스에 대해 핵심 특징은 인문주의라고, 그리고 목적은 사람의 가치를 드러내는 것이라고 설명했습니다.",True,,,,,False,False,0.8108108108108109,0.6666666666666666,0.40540540540540543,0.3333333333333333,True,True,3.8526336000068113,3.317622200003825,,,,,question+passage,"파일럿 B반 2차 르네상스에 대해 핵심 특징은 인문주의라고, 목적은 사람의 가치를 드러내는 것이라고, 그리고 비유는 사람을 화면 중앙에 다시 세우는 방식이라고 설명했습니다.","파일럿 B반 2차 르네상스에 대해 핵심 특징은 인문주의라고, 목적은 사람을highly important이 되길 원한다고, 그리고 핵심 특징은 인문주의라고 설명했습니다."
dataset_ko_185_final,entity_simple_hard_test_dessert_00264:final:0,entity_simple_hard_test_dessert_00264,entity_simple_hard_test_dessert_00264,True,same_source_sibling_facts,1,4,23,20,캡스톤 3팀 3차 초콜렛 설명에서 특징과 맛만 알려줘.,"캡스톤 3팀 3차 초콜렛에 대해 특징은 입안에서 천천히 녹는다고, 그리고 맛은 달콤하다고 설명했습니다.",True,,,,,False,False,0.9285714285714286,0.9285714285714286,0.4642857142857143,0.4642857142857143,True,True,3.109505000000354,3.110775700013619,,,,,tie,"캡스톤 3팀 3차 초콜렛 설명에 대해 특징은 입안에서 천천히 녹는다고, 색깔은 검정색이라고, 그리고 맛은 달콤하다고 설명했습니다.","캡스톤 3팀 3차 초콜렛에 대해 특징은 입안에서 천천히 녹는다고, 맛은 달콤하다고, 그리고 색깔은 검정색이라고 설명했습니다."
dataset_ko_186_final,entity_simple_hard_test_statistics_00095:final:0,entity_simple_hard_test_statistics_00095,entity_simple_hard_test_statistics_00095,True,same_source_sibling_facts,1,4,23,20,파일럿 오후반 1차 회귀분석 설명 중 활용과 비유에 해당하는 내용만 답해줘.,"파일럿 오후반 1차 회귀분석에 대해 활용은 예측 경향을 설명할 때 쓴다고, 그리고 비유는 흩어진 점 사이에 길을 그어 보는 일이라고 설명했습니다.",True,,,,,False,False,0.8837209302325582,0.6842105263157895,0.4418604651162791,0.34210526315789475,True,True,4.394009500043467,3.535104100010358,,,,,question+passage,"파일럿 오후반 1차 회귀분석 설명에 대해 비유는 흩어진 점 사이에 길을 그어 보는 일이라고, 주의점은 모든 원인을 증명하지는 않는다고, 그리고 활용은 예측 경향을 설명할 때 쓴다고 설명했습니다.","파일럿 오후반 1차 회귀분석 설명에 대해 활용은 예측 경향을 설명할 때 쓴다고, 비유는 주제 misunderstanding으로부터 설명을 뽑는다고, 그리고 고려는 따acen gap이라고 설명했습니다."
dataset_ko_187_final,entity_simple_hard_test_os_concept_00270:final:0,entity_simple_hard_test_os_concept_00270,entity_simple_hard_test_os_concept_00270,True,same_source_sibling_facts,1,4,23,20,교수님이 봄 4팀 3차 캐시의 주의점과 비유를 어떻게 말했어?,"봄 4팀 3차 캐시에 대해 주의점은 오래된 정보가 남을 수 있다고, 그리고 비유는 책상 위에 올려둔 책이라고 설명했습니다.",True,,,,,False,False,0.8648648648648648,0.6153846153846153,0.4324324324324324,0.30769230769230765,True,True,3.691417200025171,3.88004150002962,,,,,question+passage,"봄 4팀 3차 캐시에 대해 비유는 책상 위에 올려둔 책이라고, 장점은 반복 접근을 빠르게 만든다고, 그리고 주의점은 오래된 정보가 남을 수 있다고 설명했습니다.","Professor Lee의 4팀 3차 캐시에 대해 주의점은 오래된 정보가 남을 수 있다고, 비유는 기억이 빠르게 돌아가는 방식이라고, 그리고 장점은 반복 접근을 빠르게 만든다고 설명했습니다."
dataset_ko_188_final,entity_simple_hard_test_dessert_00072:final:0,entity_simple_hard_test_dessert_00072,entity_simple_hard_test_dessert_00072,True,same_source_sibling_facts,1,4,23,20,가을 4팀 1차 초콜렛 설명에서 특징과 맛만 알려줘.,"가을 4팀 1차 초콜렛에 대해 특징은 입안에서 천천히 녹는다고, 그리고 맛은 달콤하다고 설명했습니다.",True,,,,,False,False,0.8666666666666666,0.9285714285714286,0.4333333333333333,0.4642857142857143,True,True,3.1293281000107527,3.046310200006701,,,,,passage-only,"가을 4팀 1차 초콜렛 설명에 대해 특징은 입안에서 천천히 녹는다고, 맛은 달콤하다고, 그리고 비유는 작은 선물 상자라고 설명했습니다.","가을 4팀 1차 초콜렛에 대해 특징은 입안에서 천천히 녹는다고, 맛은 달콤하다고, 그리고 색깔은 검정색이라고 설명했습니다."
dataset_ko_189_final,entity_simple_hard_test_statistics_00284:final:0,entity_simple_hard_test_statistics_00284,entity_simple_hard_test_statistics_00284,True,same_source_sibling_facts,1,4,23,20,캡스톤 오전반 3차 표본분산 설명에서 활용과 비유만 알려줘.,"캡스톤 오전반 3차 표본분산에 대해 활용은 데이터 변동성을 볼 때 쓴다고, 그리고 비유는 점들이 얼마나 퍼졌는지 보는 자라고 설명했습니다.",True,,,,,False,False,0.8947368421052632,0.9142857142857143,0.4473684210526316,0.45714285714285713,True,True,3.744127199985087,3.7740877000032924,,,,,tie,"캡스톤 오전반 3차 표본분산에 대해 비유는 점들이 얼마나 퍼졌는지 보는 자라고, 주의점은 순위 정렬과 다르다고, 그리고 활용은 데이터 변동성을 볼 때 쓴다고 설명했습니다.","캡스톤 오전반 3차 표본분산 설명에 대해 활용은 데이터 변동성을 볼 때 쓴다고, 비유는 점들이 얼마나 퍼졌는지 보는 자라고, 그리고 개념은 수포를 땔使用权范围放话说了"
dataset_ko_190_final,entity_simple_hard_test_project_00158:final:0,entity_simple_hard_test_project_00158,entity_simple_hard_test_project_00158,True,same_source_sibling_facts,1,4,23,20,교수님이 실습 2팀 2차 AI 모델 평가의 확인 기준과 담당을 어떻게 말했어?,"실습 2팀 2차 AI 모델 평가에 대해 확인 기준은 정답률이라고, 그리고 담당은 AI 파트라고 설명했습니다.",True,,,,,False,False,0.8235294117647058,0.6666666666666666,0.4117647058823529,0.3333333333333333,True,True,3.143716799968388,3.251828000007663,,,,,question+passage,"교수님 실습 2팀 2차 AI 모델 평가의 확인 기준은 정답률이라고, 담당은 AI 파트라고, 그리고 마감은 금요일 자정 전이라고 설명했습니다.","실습 2팀 2차 AI 모델 평가의 확인 기준은 확인 사항이 방금-ended의 내용이라고, 담당은 정보 입력 폴더라고, 그리고 확인 기준은 정답률이라고 설명했습니다."
dataset_ko_191_final,entity_simple_hard_test_project_00183:final:0,entity_simple_hard_test_project_00183,entity_simple_hard_test_project_00183,True,same_source_sibling_facts,1,4,23,20,겨울 오전반 2차 프론트엔드 점검 설명 중 공유 위치와 마감에 해당하는 내용만 답해줘.,"겨울 오전반 2차 프론트엔드 점검에 대해 공유 위치는 프로젝트 슬랙 채널이라고, 그리고 마감은 다음 달 첫째 주 화요일이라고 설명했습니다.",True,,,,,False,False,0.7647058823529412,0.6842105263157895,0.3823529411764706,0.34210526315789475,True,True,3.4622555999667384,4.286311800009571,,,,,question+passage,"겨울 오전반 2차 프론트엔드 점검 설명에 대해 공유 위치는 다음에 담당은 프론트엔드 파트라고, 마감은 다음 달 첫째 주 화요일이라고 설명했습니다.","겨울 오전반 2차 프론트엔드 점검에 대해 공유 책임자와 담당은 프론트엔드 파트라고, 마감은 다음 달 첫째 주 화요일이라고, 그리고 참고 자료는 프론트엔드 담당자라고 설명했습니다."
dataset_ko_192_final,entity_simple_hard_test_statistics_00308:final:0,entity_simple_hard_test_statistics_00308,entity_simple_hard_test_statistics_00308,True,same_source_sibling_facts,1,4,23,20,실습 A반 4차 표본분산 설명에서 의미와 주의점만 알려줘.,"실습 A반 4차 표본분산에 대해 의미는 흩어짐 측정이라고, 그리고 주의점은 순위 정렬과 다르다고 설명했습니다.",True,,,,,False,False,0.8235294117647058,0.75,0.4117647058823529,0.375,True,True,3.5870113999699242,3.4280441000009887,,,,,question+passage,"실습 A반 4차 표본분산에 대해 주의점은 순위 정렬과 다르다고, 의미는 흩어짐 측정이라고, 그리고 비유는 점들이 얼마나 퍼졌는지 보는 자라고 설명했습니다.","실습 A반 4차 표본분산 설명에 대해 의미는 흩어짐 측정이라고, 주의점은 순위 정렬과 say the same of are different形容异同榜都认为相同这种行为进行了说明이라고 설명했습니다."
dataset_ko_193_final,entity_simple_hard_test_os_concept_00103:final:0,entity_simple_hard_test_os_concept_00103,entity_simple_hard_test_os_concept_00103,True,same_source_sibling_facts,1,4,23,20,겨울 A반 2차 큐 설명 중 역할과 장점에 해당하는 내용만 답해줘.,"겨울 A반 2차 큐에 대해 역할은 작업을 순서대로 기다리게 한다고, 그리고 장점은 처리 순서를 명확하게 만든다고 설명했습니다.",True,,,,,False,False,0.8717948717948718,0.8947368421052632,0.4358974358974359,0.4473684210526316,True,True,3.5611669999780133,3.4263008999987505,,,,,tie,"겨울 A반 2차 큐에 대해 장점은 처리 순서를 명확하게 만든다고, 역할은 작업을 순서대로 기다리게 한다고, 그리고 주의점은 대기 시간이 길어질 수 있다고 설명했습니다.","겨울 A반 2차 큐에 대해 역할은 작업을 순서대로 기다리게 한다고, 장점은 처리 순서를 명확하게 만든다고, 그리고 사용 이유는 faster(속도를 고려)라고 설명했습니다."
dataset_ko_194_final,entity_simple_hard_test_marketing_00082:final:0,entity_simple_hard_test_marketing_00082,entity_simple_hard_test_marketing_00082,True,same_source_sibling_facts,1,4,23,20,교수님이 가을 오전반 1차 스터디 모집의 보상과 대상을 어떻게 말했어?,"가을 오전반 1차 스터디 모집에 대해 보상은 우선 신청권이라고, 그리고 대상은 스터디 신청자라고 설명했습니다.",True,,,,,False,False,0.8484848484848484,0.4210526315789474,0.4242424242424242,0.2105263157894737,True,True,3.481117300048936,4.198931500024628,,,,,question+passage,"교수님이 가을 오전반 1차 스터디 모집에 대해 보상은 우선 신청권이라고, 핵심 채널은 학과 홈페이지라고, 그리고 대상은 스터디 신청자라고 설명했습니다.",교수님의 가을 오전반 1차 스터디 모집에 대해 보상은 우선 신청권이 이전에 있는 학과 직원입니다. 핵심 채널은 학과 홈페이지입니다. 보상은 우선 신청권입니다. 결과은 학과 내idor입니다.
dataset_ko_195_final,entity_simple_hard_test_art_history_00376:final:0,entity_simple_hard_test_art_history_00376,entity_simple_hard_test_art_history_00376,True,same_source_sibling_facts,1,4,23,20,정규 4팀 4차 바로크 설명에서 비교 포인트와 비유만 알려줘.,"정규 4팀 4차 바로크에 대해 비교 포인트는 평면적 구도와 구분된다고, 그리고 비유는 무대 조명이 한 장면을 강조하는 방식이라고 설명했습니다.",True,,,,,False,False,0.878048780487805,0.9714285714285714,0.4390243902439025,0.4857142857142857,True,True,3.912238500022795,3.077847299980931,,,,,passage-only,"정규 4팀 4차 바로크에 대해 비교 포인트는 평면적 구도와 구분된다고, 비유는 무대 조명이 한 장면을 강조하는 방식이라고, 그리고 목적은 감정을 강하게 전달하는 것이라고 설명했습니다.","정규 4팀 4차 바로크에 대해 비교 포인트는 평면적 구도와 구분된다고, 비유는 무대 조명이 한 장면을 강조하는 방식이라고 설명했습니다."
dataset_ko_196_final,entity_simple_hard_test_os_concept_00196:final:0,entity_simple_hard_test_os_concept_00196,entity_simple_hard_test_os_concept_00196,True,same_source_sibling_facts,1,4,23,20,정규 오후반 2차 프로세스 설명에서 역할과 장점만 알려줘.,"정규 오후반 2차 프로세스에 대해 역할은 독립된 실행 공간을 가진다고, 그리고 장점은 서로 영향을 줄이는 데 도움이 된다고 설명했습니다.",True,,,,,False,False,0.923076923076923,0.923076923076923,0.4615384615384615,0.4615384615384615,True,True,3.792942900035996,3.75472849997459,,,,,tie,"정규 오후반 2차 프로세스 설명에 대해 장점은 서로 영향을 줄이는 데 도움이 된다고, 역할은 독립된 실행 공간을 가진다고, 그리고 비유는 독립된 식당이라고 설명했습니다.","정규 오후반 2차 프로세스에 대해 역할은 독립된 실행 공간을 가진다고, 비유는 독립된 식당이라고, 그리고 장점은 서로 영향을 줄이는 데 도움이 된다고 설명했습니다."
dataset_ko_197_final,entity_simple_hard_test_dessert_00026:final:0,entity_simple_hard_test_dessert_00026,entity_simple_hard_test_dessert_00026,True,same_source_sibling_facts,1,4,23,20,교수님이 정규 C반 1차 마카롱의 맛과 특징을 어떻게 말했어?,"정규 C반 1차 마카롱에 대해 맛은 부드럽고 진하다고, 그리고 특징은 겉은 바삭하고 속은 촉촉하다고 설명했습니다.",True,,,,,False,False,0.7096774193548386,0.8484848484848485,0.3548387096774193,0.42424242424242425,True,True,2.9588249000371434,3.3493012000108138,,,,,passage-only,"교수님에 대해 맛은 부드럽고 진하다고, 특징은 겉은 바삭하고 속은 촉촉하다고, 그리고 비유는 작은 보석 상자라고 설명했습니다.","교수님이 정규 C반 1차 마카롱의 맛과 특징에 대해 맛이 부드럽고 진하다고, 그리고 특징이 겉은 바삭하고 속은 촉촉하다고 설명했습니다."
dataset_ko_198_final,entity_simple_hard_test_art_history_00352:final:0,entity_simple_hard_test_art_history_00352,entity_simple_hard_test_art_history_00352,True,same_source_sibling_facts,1,4,23,20,가을 2팀 4차 바로크 설명에서 목적과 핵심 특징만 알려줘.,"가을 2팀 4차 바로크에 대해 목적은 감정을 강하게 전달하는 것이라고, 그리고 핵심 특징은 극적 명암이라고 설명했습니다.",True,,,,,False,False,0.8421052631578948,0.6,0.4210526315789474,0.3,True,True,3.6564897000207566,4.025898099993356,,,,,question+passage,"가을 2팀 4차 바로크에 대해 핵심 특징은 극적 명암이라고, 비유는 무대 조명이 한 장면을 강조하는 방식이라고, 그리고 목적은 감정을 강하게 전달하는 것이라고 설명했습니다.","가을 2팀 4차 바로크에 대해 특징은 극적 명암과 같은 효과처럼 박하게 전달된다고, 목적은 인간을 선형적 공간에 반照된다고, 그리고 핵심 특징은 여기에又有한 극적 명암이라고 설명했습니다."
dataset_ko_199_final,entity_simple_hard_test_dessert_00146:final:0,entity_simple_hard_test_dessert_00146,entity_simple_hard_test_dessert_00146,True,same_source_sibling_facts,1,4,23,20,교수님이 정규 1팀 2차 마카롱의 비유와 색깔을 어떻게 말했어?,"정규 1팀 2차 마카롱에 대해 비유는 작은 보석 상자라고, 그리고 색깔은 알록달록하다고 설명했습니다.",True,,,,,False,False,0.5142857142857142,0.7199999999999999,0.2571428571428571,0.35999999999999993,True,True,4.068563700013328,2.3079644000390545,,,,,passage-only,"교수님에 대해 비유는 작은 보석 상자라고, 색깔은 겉은 바삭하고 속은 촉촉하다고, 그리고 특징은 겉은 프 Primor Address와 다른 젤라타) 그리고 색깔은 알록달록하다고 설명했습니다.","professor 이정 교수님 정규 1팀 2차 마카롱의 비유가 어떤 상자라고, 색깔은 알록달록하다고 설명했습니다."
dataset_ko_200_final,entity_simple_hard_test_art_history_00304:final:0,entity_simple_hard_test_art_history_00304,entity_simple_hard_test_art_history_00304,True,same_source_sibling_facts,1,4,23,20,캡스톤 A반 4차 바로크 설명에서 핵심 특징과 목적만 알려줘.,"캡스톤 A반 4차 바로크에 대해 핵심 특징은 극적 명암이라고, 그리고 목적은 감정을 강하게 전달하는 것이라고 설명했습니다.",True,,,,,False,False,0.8421052631578948,0.6666666666666665,0.4210526315789474,0.33333333333333326,True,True,3.6576712999958545,3.3228584000025876,,,,,question+passage,"캡스톤 A반 4차 바로크에 대해 핵심 특징은 극적 명암이라고, 비유는 무대 조명이 한 장면을 강조하는 방식이라고, 그리고 목적은 감정을 강하게 전달하는 것이라고 설명했습니다.","캡스톤 A반 4차 바로크 설명에 대해 핵심 특징이 극적 명암이라고, 목적은 실제 만족 조건과 대등하다고, 그리고 핵심 특징은 극적 통제라고 설명했습니다."
dataset_ko_201_final,entity_simple_hard_test_os_concept_00124:final:0,entity_simple_hard_test_os_concept_00124,entity_simple_hard_test_os_concept_00124,True,same_source_sibling_facts,1,4,23,20,캡스톤 C반 2차 프로세스 설명에서 비유와 주의점만 알려줘.,"캡스톤 C반 2차 프로세스에 대해 비유는 독립된 식당이라고, 그리고 주의점은 자원을 너무 많이 쓰면 느려질 수 있다고 설명했습니다.",True,,,,,False,False,0.9189189189189189,0.85,0.45945945945945943,0.425,True,True,3.7226717000012286,4.440608900040388,,,,,question+passage,"캡스톤 C반 2차 프로세스 설명에 대해 비유는 독립된 식당이라고, 주의점은 자원을 너무 많이 쓰면 느려질 수 있다고, 그리고 역할은 독립된 식당이라고 설명했습니다.","캡스톤 C반 2차 프로세스에 대해 비유는 독립된 식당이라고, 주의점은 자원을 너무 많이 쓰면 느려질 수 있다고, 그리고 역할은 독립된 식당처럼 독창적인 생각을留下有功한グループ을 유지한다고 설명했습니다."
dataset_ko_202_final,entity_simple_hard_test_marketing_00297:final:0,entity_simple_hard_test_marketing_00297,entity_simple_hard_test_marketing_00297,True,same_source_sibling_facts,1,4,23,20,심화 오후반 3차 동아리 홍보에서 핵심 채널과 성과 지표를 함께 정리해줘.,"심화 오후반 3차 동아리 홍보에 대해 핵심 채널은 오픈채팅방이라고, 그리고 성과 지표는 참여율이라고 설명했습니다.",True,,,,,False,False,0.962962962962963,0.5641025641025641,0.4814814814814815,0.28205128205128205,True,True,2.6406239999923855,3.8382226999965496,,,,,question+passage,"심화 오후반 3차 동아리 홍보에 대해 핵심 채널은 오픈채팅방이라고, 성과 지표는 참여율이라고 설명했습니다.","심화 오후반 3차 동아리 홍보에 대해 핵심 채널은 서식지가 아니고 메인페이지의 다른 행에 있을 것이라고 설명하고, 성과 지표는 참여율과 결과 지표를 함께 비교할 것이라고 설명했습니다."
dataset_ko_203_final,entity_simple_hard_test_dessert_00363:final:0,entity_simple_hard_test_dessert_00363,entity_simple_hard_test_dessert_00363,True,same_source_sibling_facts,1,4,23,20,겨울 3팀 4차 브라우니 설명 중 특징과 맛에 해당하는 내용만 답해줘.,"겨울 3팀 4차 브라우니에 대해 특징은 속이 촉촉하게 남는다고, 그리고 맛은 묵직하게 달콤하다고 설명했습니다.",True,,,,,False,False,0.8750000000000001,0.8148148148148148,0.43750000000000006,0.4074074074074074,True,True,3.774856499978341,2.812311400019098,,,,,question+passage,"겨울 3팀 4차 브라우니에 대해 특징은 속이 촉촉하게 남는다고, 맛은 묵직하게 달콤하다고, 그리고 특징은 속이 촉촉하게 제공하는다고 설명했습니다.","겨울 3팀 4차 브라우니에 대해 특징은 속이 촉촉하게 남는다고, 맛은 달콤하게 달라진다고 설명했습니다."
dataset_ko_204_final,entity_simple_hard_test_art_history_00089:final:0,entity_simple_hard_test_art_history_00089,entity_simple_hard_test_art_history_00089,True,same_source_sibling_facts,1,4,23,20,세미나 오전반 1차 입체주의에서 비교 포인트와 비유를 함께 정리해줘.,"세미나 오전반 1차 입체주의에 대해 비교 포인트는 단일 원근과 다르다고, 그리고 비유는 여러 방향에서 본 사물을 한 화면에 놓는 방식이라고 설명했습니다.",True,,,,,False,False,0.9047619047619047,0.6666666666666667,0.45238095238095233,0.33333333333333337,True,False,3.9207308999611996,3.2935501000029035,,,,,question+passage,"세미나 오전반 1차 입체주의에 대해 비교 포인트는 단일 원근과 다르다고, 핵심 특징은 여러 시점이라고, 그리고 비유는 여러 방향에서 본 사물을 한 화면에 놓는 방식이라고 설명했습니다.","세미나 오전반 1차 입체주의에 대해 비교 포인트는 단일 포인트와 다르다고, 핵심 특징은 여러 시점이라고, 그리고 비유는 여러 시점_seen의 구름이라고 설명했습니다."
dataset_ko_205_final,entity_simple_hard_test_art_history_00114:final:0,entity_simple_hard_test_art_history_00114,entity_simple_hard_test_art_history_00114,True,same_source_sibling_facts,1,4,23,20,교수님이 캡스톤 B반 2차 인상주의의 핵심 특징과 목적을 어떻게 말했어?,"캡스톤 B반 2차 인상주의에 대해 핵심 특징은 빛의 순간적인 인상이라고, 그리고 목적은 관찰 순간을 살리는 것이라고 설명했습니다.",True,,,,,False,False,0.4745762711864407,0.5185185185185186,0.23728813559322035,0.2592592592592593,True,True,6.7915201999712735,6.677438499988057,,,,,tie,"캡스톤 B반 2차 인상주의에 대해 핵심 특징은 다양한 조사에 대해 이유에 대해 핵심 특징은 다양한 핵심 특징에 대해 핵심 점으로可能是one fact에 대해 학문적인 justification이 멀处的距离는 10~100비례할 것이라고, 핵심 특징에 대해 핵심 특含义는 관찰 순간을 살리는 것이라고, 그리고 목적은 관찰 순간을 emphasize할 것이라고 설명했습니다.","교수님이 캡스톤 B반 2차 인상주의의 핵심 특징과 목적을 어떻게 말했어?에 대해 핵심 특징은 사용하는 전략이 두 극점보다는 더 심플하고 인상적인 점이呀 여기에 있는 것이라고, 목적은 관찰 순간을 살리는 것이라고, 그리고 핵심 특징은 사용하는 전략이 두 극점보다는 더 심플하고 인상적인 점이라고 설명했습니다."
dataset_ko_206_final,entity_simple_hard_test_marketing_00154:final:0,entity_simple_hard_test_marketing_00154,entity_simple_hard_test_marketing_00154,True,same_source_sibling_facts,1,4,23,20,교수님이 캡스톤 2팀 2차 스터디 모집의 성과 지표와 핵심 채널을 어떻게 말했어?,"캡스톤 2팀 2차 스터디 모집에 대해 성과 지표는 완료율이라고, 그리고 핵심 채널은 학과 홈페이지라고 설명했습니다.",True,,,,,False,False,0.7428571428571429,0.7777777777777778,0.37142857142857144,0.3888888888888889,True,True,3.829577299999073,3.7186975000076927,,,,,tie,"교수님이 캡스톤 2팀 2차 스터디 모집의 성과 지표를 중요 채널은 학과 홈페이지라고, 대상은 스터디 신청자라고, 그리고 성과 지표는 완료율이라고 설명했습니다.","교수님 캡스톤 2팀 2차 스터디 모집에 대해 성과 지표는 참여율이라고, 핵심 채널은 학과 홈페이지라고, 그리고 핵심 내용은 학과전에 설명하는 내용이라고 설명했습니다."
dataset_ko_207_final,entity_simple_hard_test_dessert_00218:final:0,entity_simple_hard_test_dessert_00218,entity_simple_hard_test_dessert_00218,True,same_source_sibling_facts,1,4,23,20,교수님이 실습 B반 3차 마카롱의 맛과 특징을 어떻게 말했어?,"실습 B반 3차 마카롱에 대해 맛은 부드럽고 진하다고, 그리고 특징은 겉은 바삭하고 속은 촉촉하다고 설명했습니다.",True,,,,,False,False,0.8823529411764706,0.8484848484848485,0.4411764705882353,0.42424242424242425,True,True,3.353973400022369,3.3562639000010677,,,,,tie,"실습 B반 3차 마카롱에 대해 맛은 부드럽고 진하다고, 특징은 겉은 바삭하고 속은 촉촉하다고, 그리고 비유는 작은 보석 상자라고 설명했습니다.","교수님이 실습 B반 3차 마카롱의 맛과 특징에 대해 맛이 부드럽고 진하다고, 그리고 특징이 겉은 바삭하고 속은 촉촉하다고 설명했습니다."
dataset_ko_208_final,entity_simple_hard_test_os_concept_00053:final:0,entity_simple_hard_test_os_concept_00053,entity_simple_hard_test_os_concept_00053,True,same_source_sibling_facts,1,4,23,20,겨울 2팀 1차 스레드에서 장점과 역할을 함께 정리해줘.,"겨울 2팀 1차 스레드에 대해 장점은 작업을 가볍게 나눌 수 있다고, 그리고 역할은 프로세스 안에서 작업을 나누어 실행한다고 설명했습니다.",True,,,,,False,False,0.7499999999999999,0.5581395348837209,0.37499999999999994,0.27906976744186046,True,False,3.455629400035832,3.9413372999988496,,,,,question+passage,"겨울 2팀 1차 스레드에 대해 장점은 작업을 가볍게 나눌 수 있다고, 역할은 프로세스 중에 사용된다고, 그리고 비유는 같은 식당 안에서 일하는 직원이라고 설명했습니다.","겨울 2팀 1차 스레드에 대해 주의점은 공유 자원 관리와 관련이 크지 않다고, 역할은 다른 작업을 나누어 줄일 수 있다고, 그리고 장점은 최고 점수를 내어 줄 수 있다고 설명했습니다."
dataset_ko_209_final,entity_simple_hard_test_project_00084:final:0,entity_simple_hard_test_project_00084,entity_simple_hard_test_project_00084,True,same_source_sibling_facts,1,4,23,20,캡스톤 오전반 1차 최종 발표 설명에서 공유 위치와 마감만 알려줘.,"캡스톤 오전반 1차 최종 발표에 대해 공유 위치는 팀 노션 페이지라고, 그리고 마감은 다음 주 월요일 밤이라고 설명했습니다.",True,,,,,False,False,0.888888888888889,0.5714285714285714,0.4444444444444445,0.2857142857142857,True,False,3.16353960003471,3.4625702999765053,,,,,question+passage,"캡스톤 오전반 1차 최종 발표에 대해 공유 위치는 팀 노션 페이지라고, 마감은 다음 주 월요일 밤이라고, 그리고 공유 위치는 팀 노션 페이지라고 설명했습니다.","캡스톤 오전반 1차 최종 발표 설명에 대해 공유 위치는 링크不明 네트워크에 올라와다고, 담당은 기획 파트라고, 그리고 담당은 정아 said라고 설명했습니다."
dataset_ko_210_final,entity_simple_hard_test_dessert_00024:final:0,entity_simple_hard_test_dessert_00024,entity_simple_hard_test_dessert_00024,True,same_source_sibling_facts,1,4,23,20,캡스톤 C반 1차 초콜렛 설명에서 맛과 특징만 알려줘.,"캡스톤 C반 1차 초콜렛에 대해 맛은 달콤하다고, 그리고 특징은 입안에서 천천히 녹는다고 설명했습니다.",True,,,,,False,False,0.8666666666666666,0.9285714285714286,0.4333333333333333,0.4642857142857143,True,True,3.114422199956607,2.964581399981398,,,,,passage-only,"캡스톤 C반 1차 초콜렛 설명에 대해 맛은 달콤하다고, 특징은 입안에서 천천히 녹는다고, 그리고 비유는 작은 선물 상자라고 설명했습니다.","캡스톤 C반 1차 초콜렛 설명에 대해 맛은 달콤하다고, 특징은 입안에서 천천히 녹는다고, 그리고 색깔은 검정색이라고 설명했습니다."
dataset_ko_211_final,entity_simple_hard_test_art_history_00161:final:0,entity_simple_hard_test_art_history_00161,entity_simple_hard_test_art_history_00161,True,same_source_sibling_facts,1,4,23,20,여름 3팀 2차 입체주의에서 목적과 핵심 특징을 함께 정리해줘.,"여름 3팀 2차 입체주의에 대해 목적은 대상을 새롭게 해석하는 것이라고, 그리고 핵심 특징은 여러 시점이라고 설명했습니다.",True,,,,,False,False,0.8205128205128205,0.7058823529411765,0.41025641025641024,0.35294117647058826,True,True,3.8081172999809496,2.9312259000143968,,,,,question+passage,"여름 3팀 2차 입체주의에 대해 핵심 특징은 여러 시점이라고, 비유는 여러 방향에서 본 사물을 한 화면에 놓는 방식이라고, 그리고 목적은 대상을 새롭게 해석하는 것이라고 설명했습니다.","여름 3팀 2차 입체주의에 대해 목적은 행동을 수정하는舊적 tradition이라고, 핵심 특징은 여러 시점이라고, 그리고 구명방법은 여러 방향이라고 설명했습니다."
dataset_ko_212_final,entity_simple_hard_test_marketing_00033:final:0,entity_simple_hard_test_marketing_00033,entity_simple_hard_test_marketing_00033,True,same_source_sibling_facts,1,4,23,20,겨울 D반 1차 동아리 홍보에서 대상과 보상을 함께 정리해줘.,"겨울 D반 1차 동아리 홍보에 대해 대상은 동아리 회원이라고, 그리고 보상은 굿즈 추첨권이라고 설명했습니다.",True,,,,,False,False,0.962962962962963,0.8666666666666666,0.4814814814814815,0.4333333333333333,True,True,2.2745710000162944,2.799776300031226,,,,,question+passage,"겨울 D반 1차 동아리 홍보에 대해 대상은 동아리 회원이라고, 보상은 굿즈 추첨권이라고 설명했습니다.","겨울 D반 1차 동아리 홍보에 대해 대상은 동아리 회원이라고, 보상은 굿즈 추첨권이라고, 성과 지표는 참여율이라고 설명했습니다."
dataset_ko_213_final,entity_simple_hard_test_art_history_00043:final:0,entity_simple_hard_test_art_history_00043,entity_simple_hard_test_art_history_00043,True,same_source_sibling_facts,1,4,23,20,겨울 1팀 1차 르네상스 설명 중 비유와 비교 포인트에 해당하는 내용만 답해줘.,"겨울 1팀 1차 르네상스에 대해 비유는 사람을 화면 중앙에 다시 세우는 방식이라고, 그리고 비교 포인트는 절대왕정 중심 설명과 다르다고 설명했습니다.",True,,,,,False,False,0.8571428571428571,0.761904761904762,0.42857142857142855,0.380952380952381,True,True,4.129949900030624,3.7822736999951303,,,,,question+passage,"겨울 1팀 1차 르네상스 설명에 비유는 사람을 화면 중앙에 다시 세우는 방식이라고, 목적은 사람의 가치를 드러내는 것이라고, 그리고 비교 포인트는 절대왕정 중심 설명과 다르다고 설명했습니다.","겨울 1팀 1차 르네상스에 대해 비유는 사람을 화면 중앙에 다시 세우는 방식이라고, 목적은 사람의 가치를 드러내는 것이라고, 그리고 비교 포인트에 해당하는 내용이라고 설명했습니다."
dataset_ko_214_final,entity_simple_hard_test_marketing_00394:final:0,entity_simple_hard_test_marketing_00394,entity_simple_hard_test_marketing_00394,True,same_source_sibling_facts,1,4,23,20,교수님이 캡스톤 오후반 4차 스터디 모집의 핵심 채널과 성과 지표를 어떻게 말했어?,"캡스톤 오후반 4차 스터디 모집에 대해 핵심 채널은 학과 홈페이지라고, 그리고 성과 지표는 완료율이라고 설명했습니다.",True,,,,,False,False,0.5714285714285714,0.8108108108108109,0.2857142857142857,0.40540540540540543,True,True,5.20048650004901,4.146207500016317,,,,,passage-only,"교수님이 캡스톤 오후반 4차 스터디 모집의 핵심 채널을 성과 지표로 설정하는 이유은 핵심 채널이 다르면 비유는 단일 면 성과 지표다. 그리고 대상은 스터디 신청자라고, 성과 지표는 완료율이라고 설명했습니다.","교수님 캡스톤 오후반 4차 스터디 모집에 대해 핵심 채널은 학과 홈페이지라고, 성과 지표는 완료율이라고, 그리고 핵심 채널은 학과 강의 강태수를指的是이라고 설명했습니다."
dataset_ko_215_final,entity_simple_hard_test_statistics_00021:final:0,entity_simple_hard_test_statistics_00021,entity_simple_hard_test_statistics_00021,True,same_source_sibling_facts,1,4,23,20,여름 C반 1차 신뢰구간에서 의미와 주의점을 함께 정리해줘.,"여름 C반 1차 신뢰구간에 대해 의미는 모수 추정 범위라고, 그리고 주의점은 정답 하나를 보장하지 않는다고 설명했습니다.",True,,,,,False,False,0.8205128205128205,0.8108108108108109,0.41025641025641024,0.40540540540540543,True,True,3.642074900039006,3.291422100039199,,,,,tie,"여름 C반 1차 신뢰구간에 대해 주의점은 정답 하나를 보장하지 않는다고, 의미는 모수 추정 범위라고, 그리고 비유는 정답이 있을 법한 범위를 그은 지도라고 설명했습니다.","여름 C반 1차 신뢰구간에 대해 의미는 모수 추정 범위라고, 주의점은 정답 범위만 보장하지 않는다고, 그리고 의미와 주의점 함께 설명하는 자리라고 설명했습니다."
dataset_ko_216_final,entity_simple_hard_test_marketing_00296:final:0,entity_simple_hard_test_marketing_00296,entity_simple_hard_test_marketing_00296,True,same_source_sibling_facts,1,4,23,20,정규 오후반 3차 신입생 캠페인 설명에서 핵심 채널과 성과 지표만 알려줘.,"정규 오후반 3차 신입생 캠페인에 대해 핵심 채널은 인스타그램이라고, 그리고 성과 지표는 전환율이라고 설명했습니다.",True,,,,,False,False,0.923076923076923,0.4090909090909091,0.4615384615384615,0.20454545454545456,True,True,2.649883400008548,6.974774300004356,,,,,question+passage,"정규 오후반 3차 신입생 캠페인 성과 지표는 전환율이라고, 핵심 채널은 인스타그램이라고 설명했습니다.",정규 오후반 3차 신입생 캠페인 설명에서 핵심 채널은 인스타그램입니다. 성과 지표는 전환율입니다. 정규 오후반 3차 신입생 캠페인은 신입생 입소문을 담았습니다. 핵심 채널은 인스타그램입니다. 성과 지표는 전환율입니다. 정규 오후반 3차 신입생 캠페인입니다.
dataset_ko_217_final,entity_simple_hard_test_marketing_00298:final:0,entity_simple_hard_test_marketing_00298,entity_simple_hard_test_marketing_00298,True,same_source_sibling_facts,1,4,23,20,교수님이 실습 오후반 3차 스터디 모집의 핵심 채널과 성과 지표를 어떻게 말했어?,"실습 오후반 3차 스터디 모집에 대해 핵심 채널은 학과 홈페이지라고, 그리고 성과 지표는 완료율이라고 설명했습니다.",True,,,,,False,False,0.5333333333333333,0.8333333333333333,0.26666666666666666,0.41666666666666663,True,True,5.628970100020524,3.902618100051768,,,,,passage-only,"교수님이 실습 오후반 3차 스터디 모집의 핵심 채널을 성과 지표로 설정하는 이유은 핵심 채널이 다르면 소비자 트렌드는 일반적으로 보고자 허가권을 설정하는 said, 대상은 스터디 신청자라고, 그리고 성과 지표는 완료율이라고 설명했습니다.","교수님 실습 오후반 3차 스터디 모집에 대해 핵심 채널은 학과 홈페이지라고, 성과 지표는 완료율이라고, 그리고 핵심 채널은 학과 강의 게시판이라고 설명했습니다."
dataset_ko_218_final,entity_simple_hard_test_os_concept_00268:final:0,entity_simple_hard_test_os_concept_00268,entity_simple_hard_test_os_concept_00268,True,same_source_sibling_facts,1,4,23,20,실습 3팀 3차 프로세스 설명에서 주의점과 비유만 알려줘.,"실습 3팀 3차 프로세스에 대해 주의점은 자원을 너무 많이 쓰면 느려질 수 있다고, 그리고 비유는 독립된 식당이라고 설명했습니다.",True,,,,,False,False,0.8717948717948718,0.7804878048780487,0.4358974358974359,0.39024390243902435,True,True,3.8676101000164635,3.950841100013349,,,,,question+passage,"실습 3팀 3차 프로세스 설명에 대해 주의점은 자원을 너무 많이 쓰면 느려질 수 있다고, 비유는 독립된 식당이라고, 그리고 역할은 독립된 실행 공간을 가진다고 설명했습니다.","실습 3팀 3차 프로세스 설명에 대해 주의점은 자원을 너무 많이 쓰면 느려질 수 있다고, 비유는 독립된 실행 공간을 가진다고, 그리고 역할은 독립된 실행 공간을 가진다고 설명했습니다."
dataset_ko_219_final,entity_simple_hard_test_project_00085:final:0,entity_simple_hard_test_project_00085,entity_simple_hard_test_project_00085,True,same_source_sibling_facts,1,4,23,20,파일럿 오전반 1차 백엔드 배포에서 공유 위치와 마감을 함께 정리해줘.,"파일럿 오전반 1차 백엔드 배포에 대해 공유 위치는 깃허브 이슈 탭이라고, 그리고 마감은 수요일 오후 다섯 시라고 설명했습니다.",True,,,,,False,False,0.9714285714285714,0.5882352941176471,0.4857142857142857,0.29411764705882354,True,False,2.8314896000083536,2.8373946000356227,,,,,question+passage,"파일럿 오전반 1차 백엔드 배포에 대해 공유 위치는 깃허브 이슈 탭이라고, 마감은 수요일 오후 다섯 시라고 설명했습니다.","파일럿 오전반 1차 백엔드 배포에 대해 공유 위치는 GitHub 帖子页이라고, 공유 위치는 GitHub 内容과 관련된 탭이라고 설명했습니다."
dataset_ko_220_final,entity_simple_hard_test_art_history_00088:final:0,entity_simple_hard_test_art_history_00088,entity_simple_hard_test_art_history_00088,True,same_source_sibling_facts,1,4,23,20,실습 오전반 1차 바로크 설명에서 비교 포인트와 비유만 알려줘.,"실습 오전반 1차 바로크에 대해 비교 포인트는 평면적 구도와 구분된다고, 그리고 비유는 무대 조명이 한 장면을 강조하는 방식이라고 설명했습니다.",True,,,,,False,False,0.9,0.7142857142857143,0.45,0.35714285714285715,True,True,3.8840059000067413,4.058245000021998,,,,,question+passage,"실습 오전반 1차 바로크에 대해 비교 포인트는 평면적 구도와 구분된다고, 비유는 무대 조명이 한 장면을 강조하는 방식이라고, 그리고 핵심 특징은 극적 명암이라고 설명했습니다.","실습 오전반 1차 바로크에 대해 비교 포인트는 실습과실에서 다른 면에서 문제되는 것이라고, 핵심 특징은 극적 명암이라고, 그리고 비유는 무대 조명이 한 장면을 강조하는 방식이라고 설명했습니다."
dataset_ko_221_final,entity_simple_hard_test_art_history_00017:final:0,entity_simple_hard_test_art_history_00017,entity_simple_hard_test_art_history_00017,True,same_source_sibling_facts,1,4,23,20,심화 B반 1차 입체주의에서 핵심 특징과 목적을 함께 정리해줘.,"심화 B반 1차 입체주의에 대해 핵심 특징은 여러 시점이라고, 그리고 목적은 대상을 새롭게 해석하는 것이라고 설명했습니다.",True,,,,,False,False,0.6399999999999999,0.8421052631578948,0.31999999999999995,0.4210526315789474,True,True,5.300105299975257,3.4214255000115372,,,,,passage-only,"심화 B반 1차 입체주의에 대해 핵심 특징은 여러 시점이라고 설명하고 핵심 특징은 여러 시점에 대해 목적은 대상을 새롭게 해석하는 것이라고, 비유는 여러 방향에서 본 사물을 한 화면에 놓는 방식이라고, 그리고 목적은 대상을 새롭게 해석하는 것이라고 설명했습니다.","심화 B반 1차 입체주의에 대해 핵심 특징은 여러 시점이라고, 목적은 대상을 새롭게 해석하는 것이라고, 그리고 심화 B반 1차 입체주의는 여러 시점이라고 설명했습니다."
dataset_ko_222_final,entity_simple_hard_test_project_00039:final:0,entity_simple_hard_test_project_00039,entity_simple_hard_test_project_00039,True,same_source_sibling_facts,1,4,23,20,세미나 D반 1차 프론트엔드 점검 설명 중 마감과 공유 위치에 해당하는 내용만 답해줘.,"세미나 D반 1차 프론트엔드 점검에 대해 마감은 다음 달 첫째 주 화요일이라고, 그리고 공유 위치는 프로젝트 슬랙 채널이라고 설명했습니다.",True,,,,,False,False,0.9189189189189189,0.5909090909090909,0.45945945945945943,0.29545454545454547,True,True,4.1794885999988765,4.582445300009567,,,,,question+passage,"세미나 D반 1차 프론트엔드 점검 설명에 대해 공유 위치은 프로젝트 슬랙 채널이라고, 담당은 프론트엔드 파트라고, 그리고 마감은 다음 달 첫째 주 화요일이라고 설명했습니다.","세미나 D반 1차 프론트엔드 점검에 대해 마감은 종료 후 공유 형식은 메일로, 확인 기준은 사용자 차단 여부라고, 팀은 프로젝트 슬랙 채널이라고, 그리고 повтор 등록은 현재 알림 대상 추가라고 설명했습니다."
dataset_ko_223_final,entity_simple_hard_test_os_concept_00295:final:0,entity_simple_hard_test_os_concept_00295,entity_simple_hard_test_os_concept_00295,True,same_source_sibling_facts,1,4,23,20,파일럿 오후반 3차 큐 설명 중 역할과 장점에 해당하는 내용만 답해줘.,"파일럿 오후반 3차 큐에 대해 역할은 작업을 순서대로 기다리게 한다고, 그리고 장점은 처리 순서를 명확하게 만든다고 설명했습니다.",True,,,,,False,False,0.8717948717948718,0.9189189189189189,0.4358974358974359,0.45945945945945943,True,True,3.884546399989631,3.139388599956874,,,,,tie,"파일럿 오후반 3차 큐에 대해 장점은 처리 순서를 명확하게 만든다고, 역할은 작업을 순서대로 기다리게 한다고, 그리고 비유는 번호표를 뽑고 기다리는 줄이라고 설명했습니다.","파일럿 오후반 3차 큐에 대해 역할은 작업을 순서대로 기다리게 한다고, 장점은 처리 순서를 명확하게 만든다고, 그리고 사용 이유는 faster라고 설명했습니다."
dataset_ko_224_final,entity_simple_hard_test_os_concept_00223:final:0,entity_simple_hard_test_os_concept_00223,entity_simple_hard_test_os_concept_00223,True,same_source_sibling_facts,1,4,23,20,겨울 C반 3차 큐 설명 중 비유와 주의점에 해당하는 내용만 답해줘.,"겨울 C반 3차 큐에 대해 비유는 번호표를 뽑고 기다리는 줄이라고, 그리고 주의점은 대기 시간이 길어질 수 있다고 설명했습니다.",True,,,,,False,False,0.8717948717948718,0.7222222222222222,0.4358974358974359,0.3611111111111111,True,True,3.719158799969591,3.3937428999925032,,,,,question+passage,"겨울 C반 3차 큐에 대해 비유는 번호표를 뽑고 기다리는 줄이라고, 장점은 처리 순서를 명확하게 만든다고, 그리고 주의점은 대기 시간이 길어질 수 있다고 설명했습니다.","겨울 C반 3차 큐에 대해 비유는 선점이라고, 주의점은 대기 시간이 길어질 수 있다고, 그리고 결함은 데이터를 따옴표에서 떨어 떨리다고 설명했습니다."
dataset_ko_225_final,entity_simple_hard_test_art_history_00208:final:0,entity_simple_hard_test_art_history_00208,entity_simple_hard_test_art_history_00208,True,same_source_sibling_facts,1,4,23,20,실습 A반 3차 바로크 설명에서 핵심 특징과 목적만 알려줘.,"실습 A반 3차 바로크에 대해 핵심 특징은 극적 명암이라고, 그리고 목적은 감정을 강하게 전달하는 것이라고 설명했습니다.",True,,,,,False,False,0.8421052631578948,0.7692307692307693,0.4210526315789474,0.38461538461538464,True,True,3.601590199978091,3.715848499967251,,,,,question+passage,"실습 A반 3차 바로크에 대해 핵심 특징은 극적 명암이라고, 비유는 무대 조명이 한 장면을 강조하는 방식이라고, 그리고 목적은 감정을 강하게 전달하는 것이라고 설명했습니다.","실습 A반 3차 바로크 설명에 대해 핵심 특징은 극적 명암으로 meaning을 전달하는 것이라고, 목적은 감정을 극적으로 전달하는 것이라고, 그리고 핵심 특징은 극적 명암이라고 설명했습니다."
dataset_ko_226_final,entity_simple_hard_test_marketing_00107:final:0,entity_simple_hard_test_marketing_00107,entity_simple_hard_test_marketing_00107,True,same_source_sibling_facts,1,4,23,20,심화 A반 2차 멘토링 이벤트 설명 중 핵심 채널과 성과 지표에 해당하는 내용만 답해줘.,"심화 A반 2차 멘토링 이벤트에 대해 핵심 채널은 이메일 뉴스레터라고, 그리고 성과 지표는 재방문율이라고 설명했습니다.",True,,,,,False,False,0.7878787878787877,0.7777777777777778,0.39393939393939387,0.3888888888888889,True,True,3.5694814000162296,4.18172620004043,,,,,tie,"심화 A반 2차 멘토링 이벤트 설명에 대해 핵심 채널은 재방문율이라고, 대상은 멘토링 참여 학생이라고, 그리고 성과 지표는 재방문율이라고 설명했습니다.","심화 A반 2차 멘토링 이벤트에 대해 핵심 채널은 이메일 뉴스레터라고, 핵심 채널과 성과 지표는 website 를 구분했다고, 그리고 성과 지표는 참여율이라고 설명했습니다."
dataset_ko_227_final,entity_simple_hard_test_marketing_00226:final:0,entity_simple_hard_test_marketing_00226,entity_simple_hard_test_marketing_00226,True,same_source_sibling_facts,1,4,23,20,교수님이 정규 C반 3차 스터디 모집의 대상과 보상을 어떻게 말했어?,"정규 C반 3차 스터디 모집에 대해 대상은 스터디 신청자라고, 그리고 보상은 우선 신청권이라고 설명했습니다.",True,,,,,False,False,0.8484848484848484,0.6486486486486486,0.4242424242424242,0.3243243243243243,True,True,3.369939099997282,4.094158400024753,,,,,question+passage,"교수님이 정규 C반 3차 스터디 모집에 대해 대상은 스터디 신청자라고, 보상은 우선 신청권이라고, 그리고 핵심 채널은 학과 홈페이지라고 설명했습니다.","교수님이 정규 C반 3차 스터디 모집의 대상은 스터디 신청자와 핵심 채널 브로커로 알려져 있습니다. 또한 보상은 우선 신청권이라고, 그리고 성과 지표는 완료율이라고 설명했습니다."
dataset_ko_228_final,entity_simple_hard_test_statistics_00237:final:0,entity_simple_hard_test_statistics_00237,entity_simple_hard_test_statistics_00237,True,same_source_sibling_facts,1,4,23,20,심화 D반 3차 신뢰구간에서 비유와 활용을 함께 정리해줘.,"심화 D반 3차 신뢰구간에 대해 비유는 정답이 있을 법한 범위를 그은 지도라고, 그리고 활용은 추정의 불확실성을 설명할 때 쓴다고 설명했습니다.",True,,,,,False,False,0.9047619047619047,0.5217391304347826,0.45238095238095233,0.2608695652173913,True,False,3.8438956000027247,4.217146400013007,,,,,question+passage,"심화 D반 3차 신뢰구간에 대해 비유는 정답이 있을 법한 범위를 그은 지도라고, 활용은 추정의 불확실성을 설명할 때 쓴다고, 그리고 의미는 모수 추정 범위라고 설명했습니다.","심화 D반 3차 신뢰구간에 대해 비유는 일반 범위를 그은 지도를 설명하는 것이라고, 주의점은 정답의 단정을 초월하는 중요성이 있다고, 그리고 활용은 새로운 데이터를 확립할 수 있는 절호의 순간이라고 설명했습니다."
dataset_ko_229_final,entity_simple_hard_test_dessert_00123:final:0,entity_simple_hard_test_dessert_00123,entity_simple_hard_test_dessert_00123,True,same_source_sibling_facts,1,4,23,20,겨울 C반 2차 브라우니 설명 중 맛과 특징에 해당하는 내용만 답해줘.,"겨울 C반 2차 브라우니에 대해 맛은 묵직하게 달콤하다고, 그리고 특징은 속이 촉촉하게 남는다고 설명했습니다.",True,,,,,False,False,0.9032258064516129,0.9333333333333333,0.45161290322580644,0.4666666666666667,True,True,3.5978121000225656,3.5410835999646224,,,,,tie,"겨울 C반 2차 브라우니에 대해 맛은 묵직하게 달콤하다고, 특징은 속이 촉촉하게 남는다고, 그리고 맛은 묵직하게 달콤하다고 설명했습니다.","겨울 C반 2차 브라우니에 대해 맛은 묵직하게 달콤하다고, 설명은 4명에겐 벌kommen이라고, 그리고 특징은 속이 촉촉하게 남는다고 설명했습니다."
dataset_ko_230_final,entity_simple_hard_test_dessert_00337:final:0,entity_simple_hard_test_dessert_00337,entity_simple_hard_test_dessert_00337,True,same_source_sibling_facts,1,4,23,20,심화 D반 4차 솜사탕에서 비유와 색깔을 함께 정리해줘.,"심화 D반 4차 솜사탕에 대해 비유는 구름 같은 간식이라고, 그리고 색깔은 분홍색이라고 설명했습니다.",True,,,,,False,False,0.9600000000000001,0.6153846153846154,0.48000000000000004,0.3076923076923077,True,False,2.1711278000148013,2.3507169999647886,,,,,question+passage,"심화 D반 4차 솜사탕에 대해 비유는 구름 같은 간식이라고, 색깔은 분홍색이라고 설명했습니다.",심화 D반 4차 솜사탕에 대해 비유는 아마추어 여행 지도를이라고 설명했습니다. 색깔은 강조색이라고 설명했습니다.
dataset_ko_231_final,entity_simple_hard_test_marketing_00274:final:0,entity_simple_hard_test_marketing_00274,entity_simple_hard_test_marketing_00274,True,same_source_sibling_facts,1,4,23,20,교수님이 캡스톤 4팀 3차 스터디 모집의 보상과 대상을 어떻게 말했어?,"캡스톤 4팀 3차 스터디 모집에 대해 보상은 우선 신청권이라고, 그리고 대상은 스터디 신청자라고 설명했습니다.",True,,,,,False,False,0.6875000000000001,0.6470588235294117,0.34375000000000006,0.32352941176470584,True,True,3.5292884999653324,3.4295460000284947,,,,,tie,"교수님이 캡스톤 4팀 3차 스터디 모집의 보상과 대상은 신청권을 기반으로 함이라고, 대상은 완료율이라고, 그리고 보상은 우선 신청권이라고 설명했습니다.","캡스톤 4팀 3차 스터디 모집에 대해 보상은 우선 신청권이라고, 대상은 성과 지표가 우선으로 전달되었다고, 그리고 관문은 핵심 채널로 전달될 said"
dataset_ko_232_final,entity_simple_hard_test_statistics_00212:final:0,entity_simple_hard_test_statistics_00212,entity_simple_hard_test_statistics_00212,True,same_source_sibling_facts,1,4,23,20,가을 B반 3차 표본분산 설명에서 의미와 주의점만 알려줘.,"가을 B반 3차 표본분산에 대해 의미는 흩어짐 측정이라고, 그리고 주의점은 순위 정렬과 다르다고 설명했습니다.",True,,,,,False,False,0.8235294117647058,0.5853658536585367,0.4117647058823529,0.29268292682926833,True,True,3.593259199988097,4.464488800032996,,,,,question+passage,"가을 B반 3차 표본분산에 대해 주의점은 순위 정렬과 다르다고, 의미는 흩어짐 측정이라고, 그리고 비유는 점들이 얼마나 퍼졌는지 보는 자라고 설명했습니다.","가을 B반 3차 표본분산 표본분산 설명에 대해 의미는 흩어짐 측정이라고, 주의점은 순위 정렬과 say no to 순위 정렬의 변동성을 측정都说no to 순위 정렬의 중요성만 강조하면 되다고 설명했습니다."
dataset_ko_233_final,entity_simple_hard_test_project_00038:final:0,entity_simple_hard_test_project_00038,entity_simple_hard_test_project_00038,True,same_source_sibling_facts,1,4,23,20,교수님이 실습 D반 1차 AI 모델 평가의 마감과 공유 위치를 어떻게 말했어?,"실습 D반 1차 AI 모델 평가에 대해 마감은 금요일 자정 전이라고, 그리고 공유 위치는 회의록 폴더라고 설명했습니다.",True,,,,,False,False,0.6875,0.5555555555555555,0.34375,0.27777777777777773,True,False,2.5866497000097297,3.3523970000096597,,,,,question+passage,"교수님의 마감 기간은 금요일 자정 전이라고, 공유 위치는 회의록 폴더라고, 그리고 담당은 AI 파트라고 설명했습니다.","교수님이 실습 D반 1차 AI 모델 평가의 마감과 공유 위치에 대해 설명의 수준이 뛰어나고, 공유 위치가 마감 전에 공유된다는 설명을 제공했습니다."
dataset_ko_234_final,entity_simple_hard_test_project_00086:final:0,entity_simple_hard_test_project_00086,entity_simple_hard_test_project_00086,True,same_source_sibling_facts,1,4,23,20,교수님이 정규 오전반 1차 AI 모델 평가의 공유 위치와 마감을 어떻게 말했어?,"정규 오전반 1차 AI 모델 평가에 대해 공유 위치는 회의록 폴더라고, 그리고 마감은 금요일 자정 전이라고 설명했습니다.",True,,,,,False,False,0.8947368421052632,0.5405405405405405,0.4473684210526316,0.27027027027027023,True,False,3.4125298999715596,3.3699494000175036,,,,,question+passage,"교수님의 정규 오전반 1차 AI 모델 평가에 대해 공유 위치은 회의록 폴더라고, 마감은 금요일 자정 전이라고, 그리고 확인 기준은 정답률이라고 설명했습니다.",교수님이 정규 오전반 1차 AI 모델 평가의 공유 위치와 마감 설명은 공유 형식과 조치를 지시합니다. 담당은 수정 파일에 설명이 있는 곳이라고 설명했습니다.
dataset_ko_235_final,entity_simple_hard_test_marketing_00009:final:0,entity_simple_hard_test_marketing_00009,entity_simple_hard_test_marketing_00009,True,same_source_sibling_facts,1,4,23,20,세미나 A반 1차 동아리 홍보에서 핵심 채널과 성과 지표를 함께 정리해줘.,"세미나 A반 1차 동아리 홍보에 대해 핵심 채널은 오픈채팅방이라고, 그리고 성과 지표는 참여율이라고 설명했습니다.",True,,,,,False,False,0.962962962962963,0.8571428571428571,0.4814814814814815,0.42857142857142855,True,True,2.645238699973561,2.630818100005854,,,,,question+passage,"세미나 A반 1차 동아리 홍보에 대해 핵심 채널은 오픈채팅방이라고, 성과 지표는 참여율이라고 설명했습니다.","세미나 A반 1차 동아리 홍보에 대해 핵심 채널은 서식지로 생각되고, 성과 지표는 참여율이라고 설명했습니다."
dataset_ko_236_final,entity_simple_hard_test_project_00180:final:0,entity_simple_hard_test_project_00180,entity_simple_hard_test_project_00180,True,same_source_sibling_facts,1,4,23,20,봄 오전반 2차 최종 발표 설명에서 공유 위치와 마감만 알려줘.,"봄 오전반 2차 최종 발표에 대해 공유 위치는 팀 노션 페이지라고, 그리고 마감은 다음 주 월요일 밤이라고 설명했습니다.",True,,,,,False,False,0.8823529411764706,0.8823529411764706,0.4411764705882353,0.4411764705882353,True,True,3.091087399981916,3.1184635999961756,,,,,tie,"봄 오전반 2차 최종 발표 설명에 대해 공유 위치는 팀 노션 페이지라고, 마감은 다음 주 월요일 밤이라고, 그리고 노션 페이지를 알려고 했다고 설명했습니다.","봄 오전반 2차 최종 발표 설명에 대해 공유 위치는 링크 노션 페이지라고, 담당은 기획 파트라고, 그리고 마감은 다음 주 월요일 밤이라고 설명했습니다."
dataset_ko_237_final,entity_simple_hard_test_marketing_00251:final:0,entity_simple_hard_test_marketing_00251,entity_simple_hard_test_marketing_00251,True,same_source_sibling_facts,1,4,23,20,여름 2팀 3차 멘토링 이벤트 설명 중 성과 지표와 핵심 채널에 해당하는 내용만 답해줘.,"여름 2팀 3차 멘토링 이벤트에 대해 성과 지표는 재방문율이라고, 그리고 핵심 채널은 이메일 뉴스레터라고 설명했습니다.",True,,,,,False,False,0.8823529411764706,0.8823529411764706,0.4411764705882353,0.4411764705882353,True,True,3.9336831999826245,4.158656499988865,,,,,tie,"여름 2팀 3차 멘토링 이벤트 설명에 대해 핵심 채널은 이메일 뉴스레터라고, 대상은 멘토링 참여 학생이라고, 그리고 성과 지표는 재방문율이라고 설명했습니다.","여름 2팀 3차 멘토링 이벤트에 대해 성과 지표는 재방문율이라고, 핵심 채널은 이메일 뉴스레터라고, 그리고 핵심 채널의 연결요인은 재방문율이라고 설명했습니다."
dataset_ko_238_final,entity_simple_hard_test_project_00325:final:0,entity_simple_hard_test_project_00325,entity_simple_hard_test_project_00325,True,same_source_sibling_facts,1,4,23,20,파일럿 C반 4차 백엔드 배포에서 마감과 공유 위치를 함께 정리해줘.,"파일럿 C반 4차 백엔드 배포에 대해 마감은 수요일 오후 다섯 시라고, 그리고 공유 위치는 깃허브 이슈 탭이라고 설명했습니다.",True,,,,,False,False,0.923076923076923,0.619047619047619,0.4615384615384615,0.3095238095238095,True,True,3.5388063000282273,3.7169089000090025,,,,,question+passage,"파일럿 C반 4차 백엔드 배포에 대해 공유 위치는 깃허브 이슈 탭이라고, 담당은 백엔드 팀이라고, 그리고 마감은 수요일 오후 다섯 시라고 설명했습니다.","파일럿 C반 4차 백엔드 배포에 대해 마감은 수요일 오후 다섯 시라고, 함께 정리해줄 곳은 설치 갤러리의 다른 줄이라고, 그리고 확인 기준은 오류 발생률이라고 설명했습니다."
dataset_ko_239_final,entity_simple_hard_test_os_concept_00173:final:0,entity_simple_hard_test_os_concept_00173,entity_simple_hard_test_os_concept_00173,True,same_source_sibling_facts,1,4,23,20,겨울 4팀 2차 스레드에서 주의점과 비유를 함께 정리해줘.,"겨울 4팀 2차 스레드에 대해 주의점은 공유 자원 관리가 필요하다고, 그리고 비유는 같은 식당 안에서 일하는 직원이라고 설명했습니다.",True,,,,,False,False,0.6976744186046512,0.4390243902439025,0.3488372093023256,0.21951219512195125,True,False,3.9919885999988765,3.4161509000114165,,,,,question+passage,"겨울 4팀 2차 스레드에 대해 비유는 같은 회를 나누어 실행을 나누어 실행한다고, 역할은 프로세스 안에서 작업을 나누어 실행한다고, 그리고 주의점은 공유 자원 관리가 필요하다고 설명했습니다.","겨울 4팀 2차 스레드에 대해 주의점은 동기와 관련이 있라고, 비유는 동행과 같이 관점이 함께 있는 과정이라고, 그리고 결과는 결함 없이 넘어갈 것이라고 설명했습니다."
dataset_ko_240_final,entity_simple_hard_test_marketing_00176:final:0,entity_simple_hard_test_marketing_00176,entity_simple_hard_test_marketing_00176,True,same_source_sibling_facts,1,4,23,20,정규 4팀 2차 신입생 캠페인 설명에서 보상과 대상만 알려줘.,"정규 4팀 2차 신입생 캠페인에 대해 보상은 커피 쿠폰이라고, 그리고 대상은 신입생이라고 설명했습니다.",True,,,,,False,False,0.9166666666666666,0.8666666666666666,0.4583333333333333,0.4333333333333333,True,True,2.5696114000165835,3.603492100024596,,,,,question+passage,"정규 4팀 2차 신입생 캠페인의 보상은 커피 쿠폰이라고, 대상은 신입생이라고 설명했습니다.","정규 4팀 2차 신입생 캠페인 설명에 대해 보상은 커피 쿠폰이라고, 대상은 신입생이라고, 그리고 검색어는 정규 4팀 2차라고 설명했습니다."
dataset_ko_241_final,entity_simple_hard_test_statistics_00381:final:0,entity_simple_hard_test_statistics_00381,entity_simple_hard_test_statistics_00381,True,same_source_sibling_facts,1,4,23,20,여름 오전반 4차 신뢰구간에서 활용과 비유를 함께 정리해줘.,"여름 오전반 4차 신뢰구간에 대해 활용은 추정의 불확실성을 설명할 때 쓴다고, 그리고 비유는 정답이 있을 법한 범위를 그은 지도라고 설명했습니다.",True,,,,,False,False,0.8837209302325582,0.6666666666666667,0.4418604651162791,0.33333333333333337,True,True,4.069982999993954,3.5470707999775186,,,,,question+passage,"여름 오전반 4차 신뢰구간에 대해 비유는 정답이 있을 법한 범위를 그은 지도라고, 주의점은 정답 하나를 보장하지 않는다고, 그리고 활용은 추정의 불확실성을 설명할 때 쓴다고 설명했습니다.","여름 오전반 4차 신뢰구간에 대해 활용은 추정의 불확실성을 설명할 때 쓴다고, 비유는 수학적 추정의 일종이라고, 그리고 의미는 모수 추정의 일종이라고 설명했습니다."
dataset_ko_242_final,entity_simple_hard_test_dessert_00027:final:0,entity_simple_hard_test_dessert_00027,entity_simple_hard_test_dessert_00027,True,same_source_sibling_facts,1,4,23,20,심화 C반 1차 브라우니 설명 중 맛과 특징에 해당하는 내용만 답해줘.,"심화 C반 1차 브라우니에 대해 맛은 묵직하게 달콤하다고, 그리고 특징은 속이 촉촉하게 남는다고 설명했습니다.",True,,,,,False,False,0.9032258064516129,0.9032258064516129,0.45161290322580644,0.45161290322580644,True,True,3.860129099979531,3.347424299980048,,,,,tie,"심화 C반 1차 브라우니에 대해 특징은 속이 촉촉하게 남는다고, 맛은 묵직하게 달콤하다고, 그리고 설명은 초콜렛을 압축한 케이크라고 설명했습니다.","심화 C반 1차 브라우니에 대해 맛은 묵직하게 달콤하다고, 맛과 시간이 지른다고, 그리고 특징은 속이 촉촉하게 남는다고 설명했습니다."
dataset_ko_243_final,entity_simple_hard_test_dessert_00025:final:0,entity_simple_hard_test_dessert_00025,entity_simple_hard_test_dessert_00025,True,same_source_sibling_facts,1,4,23,20,파일럿 C반 1차 솜사탕에서 맛과 특징을 함께 정리해줘.,"파일럿 C반 1차 솜사탕에 대해 맛은 가볍게 달콤하다고, 그리고 특징은 입에 닿으면 빠르게 사라진다고 설명했습니다.",True,,,,,False,False,0.8571428571428571,0.689655172413793,0.42857142857142855,0.3448275862068965,True,True,4.04904810001608,2.837406800012104,,,,,question+passage,"파일럿 C반 1차 솜사탕에 대해 맛은 가볍게 달콤하다고, 특징은 입에 닿으면 빠르게 사라진다고, 그리고 보류는 병에 닿으면 빠르게 사라진다고 설명했습니다.","파일럿 C반 1차 솜사탕에 대해 맛은 가볍게 달콤하다고, 맛은 깔끔하다고, 그리고 색깔은 진하다고 설명했습니다."
dataset_ko_244_final,entity_simple_hard_test_project_00012:final:0,entity_simple_hard_test_project_00012,entity_simple_hard_test_project_00012,True,same_source_sibling_facts,1,4,23,20,가을 B반 1차 최종 발표 설명에서 담당과 확인 기준만 알려줘.,"가을 B반 1차 최종 발표에 대해 담당은 기획 파트라고, 그리고 확인 기준은 근거 제시 여부라고 설명했습니다.",True,,,,,False,False,0.888888888888889,0.967741935483871,0.4444444444444445,0.4838709677419355,True,True,3.0603931000223383,2.343464999983553,,,,,passage-only,"가을 B반 1차 최종 발표 설명에 대해 담당은 기획 파트라고, 확인 기준은 근거 제시 여부라고, 그리고 공유 위치는 팀 노션 페이지라고 설명했습니다.","가을 B반 1차 최종 발표 설명에 대해 담당은 기획 파트라고, 확인 기준은 근거 제시 여부라고 설명했습니다."
dataset_ko_245_final,entity_simple_hard_test_art_history_00113:final:0,entity_simple_hard_test_art_history_00113,entity_simple_hard_test_art_history_00113,True,same_source_sibling_facts,1,4,23,20,겨울 B반 2차 입체주의에서 핵심 특징과 목적을 함께 정리해줘.,"겨울 B반 2차 입체주의에 대해 핵심 특징은 여러 시점이라고, 그리고 목적은 대상을 새롭게 해석하는 것이라고 설명했습니다.",True,,,,,False,False,0.6399999999999999,0.6486486486486486,0.31999999999999995,0.3243243243243243,True,True,5.289859800017439,3.353354200022295,,,,,tie,"겨울 B반 2차 입체주의에 대해 핵심 특징은 여러 시점이라고 설명하고 핵심 특징은 여러 시점에 대해 목적은 대상을 새롭게 해석하는 것이라고, 비유는 여러 방향에서 본 사물을 한 화면에 놓는 방식이라고, 그리고 목적은 대상을 새롭게 해석하는 것이라고 설명했습니다.","겨울 B반 2차 입체주의에 대해 핵심 특징은 여러 시점이라고, 목적은 행동의 방향을 도와준다고, 그리고 겨울 B반 2차 입체주의는 여러 시점이라고 설명했습니다."
dataset_ko_246_final,entity_simple_hard_test_art_history_00355:final:0,entity_simple_hard_test_art_history_00355,entity_simple_hard_test_art_history_00355,True,same_source_sibling_facts,1,4,23,20,파일럿 2팀 4차 르네상스 설명 중 목적과 핵심 특징에 해당하는 내용만 답해줘.,"파일럿 2팀 4차 르네상스에 대해 목적은 사람의 가치를 드러내는 것이라고, 그리고 핵심 특징은 인문주의라고 설명했습니다.",True,,,,,False,False,0.8571428571428571,0.8108108108108109,0.42857142857142855,0.40540540540540543,True,True,3.7373088999884203,3.6498882999876514,,,,,tie,"파일럿 2팀 4차 르네상스에 대해 핵심 특징은 인문주의라고, 목적은 사람의 가치를 드러내는 것이라고, 그리고 비교 포인트는 절대왕정 중심 설명과 다르다고 설명했습니다.","파일럿 2팀 4차 르네상스에 대해 목적은 사람의 가치를 드러내는 것이라고, 핵심 특징은 인문주의라고, 그리고 사용 방식은 건축 관련 영역에서 적용하는 것이라고 설명했습니다."
dataset_ko_247_final,entity_simple_hard_test_art_history_00065:final:0,entity_simple_hard_test_art_history_00065,entity_simple_hard_test_art_history_00065,True,same_source_sibling_facts,1,4,23,20,파일럿 3팀 1차 입체주의에서 목적과 핵심 특징을 함께 정리해줘.,"파일럿 3팀 1차 입체주의에 대해 목적은 대상을 새롭게 해석하는 것이라고, 그리고 핵심 특징은 여러 시점이라고 설명했습니다.",True,,,,,False,False,0.8205128205128205,0.888888888888889,0.41025641025641024,0.4444444444444445,True,True,3.9105097000137903,3.167833299958147,,,,,passage-only,"파일럿 3팀 1차 입체주의에 대해 핵심 특징은 여러 시점이라고, 비유는 여러 방향에서 본 사물을 한 화면에 놓는 방식이라고, 그리고 목적은 대상을 새롭게 해석하는 것이라고 설명했습니다.","파일럿 3팀 1차 입체주의에 대해 목적은 대상을 새롭게 해석하는 것이라고, 핵심 특징은 여러 시점이라고, 그리고 핵심 특징은 여러 시점이라고 설명했습니다."
dataset_ko_248_final,entity_simple_hard_test_marketing_00249:final:0,entity_simple_hard_test_marketing_00249,entity_simple_hard_test_marketing_00249,True,same_source_sibling_facts,1,4,23,20,세미나 1팀 3차 동아리 홍보에서 성과 지표와 핵심 채널을 함께 정리해줘.,"세미나 1팀 3차 동아리 홍보에 대해 성과 지표는 참여율이라고, 그리고 핵심 채널은 오픈채팅방이라고 설명했습니다.",True,,,,,False,False,0.9032258064516129,0.7878787878787878,0.45161290322580644,0.3939393939393939,True,True,3.306556800031103,3.6429272000095807,,,,,question+passage,"세미나 1팀 3차 동아리 홍보에 대해 핵심 채널은 오픈채팅방이라고, 대상은 동아리 회원이라고, 그리고 성과 지표는 참여율이라고 설명했습니다.","세미나 1팀 3차 동아리 홍보에 대해 성과 지표는 참여율이라고, 핵심 채널은 게시판과 투입 채널이라고, 그리고 결과는 참여율로 분석한다고 설명했습니다."
dataset_ko_249_final,entity_simple_hard_test_os_concept_00341:final:0,entity_simple_hard_test_os_concept_00341,entity_simple_hard_test_os_concept_00341,True,same_source_sibling_facts,1,4,23,20,여름 1팀 4차 스레드에서 장점과 역할을 함께 정리해줘.,"여름 1팀 4차 스레드에 대해 장점은 작업을 가볍게 나눌 수 있다고, 그리고 역할은 프로세스 안에서 작업을 나누어 실행한다고 설명했습니다.",True,,,,,False,False,0.7499999999999999,0.6046511627906976,0.37499999999999994,0.3023255813953488,True,True,3.501966600015294,4.0254072999814525,,,,,question+passage,"여름 1팀 4차 스레드에 대해 장점은 작업을 가볍게 나눌 수 있다고, 역할은 프로세스 중에 사용된다고, 그리고 비유는 같은 식당 안에서 일하는 직원이라고 설명했습니다.","여름 1팀 4차 스레드에 대해 주의점은 공유 자원 관리와 관련이 깊다라고, 역할은 프로세스 안에서 작업을 나누어 실행한다고, 그리고 비유는 같은 식당 안에서 작업하는 직원이라고 설명했습니다."
dataset_ko_250_final,entity_simple_hard_test_art_history_00066:final:0,entity_simple_hard_test_art_history_00066,entity_simple_hard_test_art_history_00066,True,same_source_sibling_facts,1,4,23,20,교수님이 정규 3팀 1차 인상주의의 목적과 핵심 특징을 어떻게 말했어?,"정규 3팀 1차 인상주의에 대해 목적은 관찰 순간을 살리는 것이라고, 그리고 핵심 특징은 빛의 순간적인 인상이라고 설명했습니다.",True,,,,,False,False,0.6829268292682927,0.5384615384615384,0.34146341463414637,0.2692307692307692,True,False,4.091320999956224,1.7571435999707319,,,,,question+passage,"교수님이 정규 3팀 1차 인상주의에 대해 핵심 특징은 위에unched된 것과 같다고, 비유는 햇빛이 흔들리는 수면에 비친 모습이라고, 그리고 목적은 관찰 순간을 살리는 것이라고 설명했습니다.",교수님이 정규 3팀 1차 인상주의의 목적과 핵심 특상이를 설명했습니다.
dataset_ko_251_final,entity_simple_hard_test_project_00399:final:0,entity_simple_hard_test_project_00399,entity_simple_hard_test_project_00399,True,same_source_sibling_facts,1,4,23,20,세미나 오후반 4차 프론트엔드 점검 설명 중 담당과 확인 기준에 해당하는 내용만 답해줘.,"세미나 오후반 4차 프론트엔드 점검에 대해 담당은 프론트엔드 파트라고, 그리고 확인 기준은 사용자 차단 여부라고 설명했습니다.",True,,,,,False,False,0.8648648648648648,0.888888888888889,0.4324324324324324,0.4444444444444445,True,True,3.972837699984666,3.777615600032732,,,,,tie,"세미나 오후반 4차 프론트엔드 점검 설명에 대해 확인 기준은 사용자 차단 여부라고, 공유 위치는 프로젝트 슬랙 채널이라고, 그리고 담당은 프론트엔드 파트라고 설명했습니다.","세미나 오후반 4차 프론트엔드 점검에 대해 담당은 프론트엔드 파트라고, 마감은 다음 달 첫째 주 화요일이라고, 그리고 확인 기준은 사용자 차단 여부라고 설명했습니다."
dataset_ko_252_final,entity_simple_hard_test_project_00108:final:0,entity_simple_hard_test_project_00108,entity_simple_hard_test_project_00108,True,same_source_sibling_facts,1,4,23,20,실습 A반 2차 최종 발표 설명에서 담당과 확인 기준만 알려줘.,"실습 A반 2차 최종 발표에 대해 담당은 기획 파트라고, 그리고 확인 기준은 근거 제시 여부라고 설명했습니다.",True,,,,,False,False,0.888888888888889,0.967741935483871,0.4444444444444445,0.4838709677419355,True,True,3.0315092999953777,2.34764069999801,,,,,passage-only,"실습 A반 2차 최종 발표에 대해 확인 기준은 근거 제시 여부라고, 공유 위치는 팀 노션 페이지라고, 그리고 담당은 기획 파트라고 설명했습니다.","실습 A반 2차 최종 발표 설명에 대해 담당은 기획 파트라고, 확인 기준은 근거 제시 여부라고 설명했습니다."
dataset_ko_253_final,entity_simple_hard_test_statistics_00215:final:0,entity_simple_hard_test_statistics_00215,entity_simple_hard_test_statistics_00215,True,same_source_sibling_facts,1,4,23,20,파일럿 B반 3차 회귀분석 설명 중 의미와 주의점에 해당하는 내용만 답해줘.,"파일럿 B반 3차 회귀분석에 대해 의미는 관계의 경향 설명이라고, 그리고 주의점은 모든 원인을 증명하지는 않는다고 설명했습니다.",True,,,,,False,False,0.7096774193548386,0.8205128205128205,0.3548387096774193,0.41025641025641024,True,True,2.5230963000212796,4.042300199973397,,,,,passage-only,"파일럿 B반 3차 회귀분석 설명에 대해 주의점은 관측 범위에 대한 설명이라고, 의미는 관계의 경향 설명이라고 설명했습니다.","파일럿 B반 3차 회귀분석 설명에 대해 의미는 관계의 경향 설명이라고, 주의점은 모든 원인을 증명하지는 않는다고, 그리고 비유는 흩어진 점 사이에 길을 그어 보는 일이라고 설명했습니다."
dataset_ko_254_final,entity_simple_hard_test_statistics_00214:final:0,entity_simple_hard_test_statistics_00214,entity_simple_hard_test_statistics_00214,True,same_source_sibling_facts,1,4,23,20,교수님이 캡스톤 B반 3차 상관계수의 의미와 주의점을 어떻게 말했어?,"캡스톤 B반 3차 상관계수에 대해 의미는 선형 관계 강도라고, 그리고 주의점은 원인 증명을 뜻하지 않는다고 설명했습니다.",True,,,,,False,False,0.6666666666666667,0.5333333333333333,0.33333333333333337,0.26666666666666666,True,False,4.65449390001595,2.292682900035288,,,,,question+passage,"교수님이 캡스톤 B반 3차 상관계수의 의미은 관계 강도를 빠르게 살필 때 쓴다고, 주의점은 원인 증명을 뜻하지 않는다고, 그리고 비유는 두 변수의 움직임을 비교하는 나침반이라고 설명했습니다.","교수님이 캡스톤 B반 3차 상관계수의 의미와 주의점을 설명하시고, 특히 데이터 목적에 대해 변경한다고 설명했습니다."
dataset_ko_255_final,entity_simple_hard_test_statistics_00358:final:0,entity_simple_hard_test_statistics_00358,entity_simple_hard_test_statistics_00358,True,same_source_sibling_facts,1,4,23,20,교수님이 실습 2팀 4차 상관계수의 주의점과 의미를 어떻게 말했어?,"실습 2팀 4차 상관계수에 대해 주의점은 원인 증명을 뜻하지 않는다고, 그리고 의미는 선형 관계 강도라고 설명했습니다.",True,,,,,False,False,0.6666666666666667,0.5945945945945946,0.33333333333333337,0.2972972972972973,True,True,3.1441978000220843,3.7686036999803036,,,,,question+passage,"실제 의미는 선형 관계 강도라고, 비유는 두 변수의 움직임을 비교하는 나침반이라고, 그리고 주의점은 원인 증명을 뜻하지 않는다고 설명했습니다.","교수님이 실습 2팀 4차 상관계수의 주의점과 의미를 설명하시면, 그 목적은 선형 관계 강도를 빠르게 살필 때 쓴다고, 그리고 의미는 선형 관계의 강도라고 설명했습니다."
dataset_ko_256_final,entity_simple_hard_test_art_history_00163:final:0,entity_simple_hard_test_art_history_00163,entity_simple_hard_test_art_history_00163,True,same_source_sibling_facts,1,4,23,20,겨울 3팀 2차 르네상스 설명 중 목적과 핵심 특징에 해당하는 내용만 답해줘.,"겨울 3팀 2차 르네상스에 대해 목적은 사람의 가치를 드러내는 것이라고, 그리고 핵심 특징은 인문주의라고 설명했습니다.",True,,,,,False,False,0.8571428571428571,0.7096774193548386,0.42857142857142855,0.3548387096774193,True,True,3.663288299983833,2.7653215000173077,,,,,question+passage,"겨울 3팀 2차 르네상스에 대해 핵심 특징은 인문주의라고, 목적은 사람의 가치를 드러내는 것이라고, 그리고 비교 포인트는 절대왕정 중심 설명과 다르다고 설명했습니다.","겨울 3팀 2차 르네상스에 대해 목적은 사람의 가치를, 핵심 특징은 인문주의, 그리고 전체 형상에 대한 관점이에요."
dataset_ko_257_final,entity_simple_hard_test_dessert_00194:final:0,entity_simple_hard_test_dessert_00194,entity_simple_hard_test_dessert_00194,True,same_source_sibling_facts,1,4,23,20,교수님이 캡스톤 오후반 2차 마카롱의 색깔과 비유를 어떻게 말했어?,"캡스톤 오후반 2차 마카롱에 대해 색깔은 알록달록하다고, 그리고 비유는 작은 보석 상자라고 설명했습니다.",True,,,,,False,False,0.8387096774193548,0.8571428571428571,0.4193548387096774,0.42857142857142855,True,True,3.4765449999831617,3.1679236000054516,,,,,tie,"캡스톤 오후반 2차 마카롱에 대해 비유는 작은 보석 상자라고, 특징은 겉은 바삭하고 속은 촉촉하다고, 그리고 색깔은 알록달록하다고 설명했습니다.","캡스톤 오후반 2차 마카롱에 대해 색깔은 알록달록하다고, 비유는 작은 보석 상자라고, 그리고 변환은 정보 원자처럼隐蔽转换地变得像所有的宝石一样描述了。"
dataset_ko_258_final,entity_simple_hard_test_marketing_00129:final:0,entity_simple_hard_test_marketing_00129,entity_simple_hard_test_marketing_00129,True,same_source_sibling_facts,1,4,23,20,세미나 C반 2차 동아리 홍보에서 대상과 보상을 함께 정리해줘.,"세미나 C반 2차 동아리 홍보에 대해 대상은 동아리 회원이라고, 그리고 보상은 굿즈 추첨권이라고 설명했습니다.",True,,,,,False,False,0.962962962962963,0.9032258064516129,0.4814814814814815,0.45161290322580644,True,True,2.3474694000324234,3.343965199950617,,,,,question+passage,"세미나 C반 2차 동아리 홍보에 대해 대상은 동아리 회원이라고, 보상은 굿즈 추첨권이라고 설명했습니다.","세미나 C반 2차 동아리 홍보에 대해 대상은 동아리 회원이라고, 보상은 굿즈 추첨권이라고, 그리고 핵심 채널은 오픈채팅방이라고 설명했습니다."
dataset_ko_259_final,entity_simple_hard_test_dessert_00288:final:0,entity_simple_hard_test_dessert_00288,entity_simple_hard_test_dessert_00288,True,same_source_sibling_facts,1,4,23,20,실습 오전반 3차 초콜렛 설명에서 색깔과 비유만 알려줘.,"실습 오전반 3차 초콜렛에 대해 색깔은 검정색이라고, 그리고 비유는 작은 선물 상자라고 설명했습니다.",True,,,,,False,False,0.8666666666666666,0.7142857142857142,0.4333333333333333,0.3571428571428571,True,True,3.0981811999808997,2.6996056999778375,,,,,question+passage,"실습 오전반 3차 초콜렛 설명에 대해 색깔은 검정색이라고, 비유는 작은 선물 상자라고, 그리고 특징은 입안에서 천천히 녹는다고 설명했습니다.","실습 오전반 3차 초콜렛에 대해 색깔은 검정색이라고, 비유는 다르게 보이다고, 그리고 프로는 추천만 강조한다고 설명했습니다."
dataset_ko_260_final,entity_simple_hard_test_dessert_00315:final:0,entity_simple_hard_test_dessert_00315,entity_simple_hard_test_dessert_00315,True,same_source_sibling_facts,1,4,23,20,파일럿 B반 4차 브라우니 설명 중 맛과 특징에 해당하는 내용만 답해줘.,"파일럿 B반 4차 브라우니에 대해 맛은 묵직하게 달콤하다고, 그리고 특징은 속이 촉촉하게 남는다고 설명했습니다.",True,,,,,False,False,0.9032258064516129,0.8750000000000001,0.45161290322580644,0.43750000000000006,True,True,3.656077900028322,3.948151499964297,,,,,tie,"파일럿 B반 4차 브라우니에 대해 맛은 묵직하게 달콤하다고, 특징은 속이 촉촉하게 남는다고, 그리고 맛은 묵직하게 달콤하다고 설명했습니다.","파일럿 B반 4차 브라우니에 대해 맛은 묵직하게 달콤하다고, 비유는 초콜렛을 압축한 케이크라고, 그리고 특징은 속이 촉촉하게 남는다고 설명했습니다."
dataset_ko_261_final,entity_simple_hard_test_project_00206:final:0,entity_simple_hard_test_project_00206,entity_simple_hard_test_project_00206,True,same_source_sibling_facts,1,4,23,20,교수님이 정규 A반 3차 AI 모델 평가의 담당과 확인 기준을 어떻게 말했어?,"정규 A반 3차 AI 모델 평가에 대해 담당은 AI 파트라고, 그리고 확인 기준은 정답률이라고 설명했습니다.",True,,,,,False,False,0.6,0.6829268292682926,0.3,0.3414634146341463,True,True,4.490362000011373,4.1581258999649435,,,,,passage-only,"교수님이 정규 A반 3차 AI 모델 평가의 담당과 확인 기준을基于每개 박스은 1unit으로 표시는 에이 모델 평가라고, 담당은 에이 모델 평가라고, 그리고 확인 기준은 정답률이라고 설명했습니다.","교수님이 정규 A반 3차 AI 모델 평가의 담당과 확인 기준에 대해 담당은 AI 파트라고, 확인 기준은 정답률을 사용하는 방식이라고, 그리고 기준은 없어도 알려진 방식은错误报告方式라고 설명했습니다."
dataset_ko_262_final,entity_simple_hard_test_marketing_00106:final:0,entity_simple_hard_test_marketing_00106,entity_simple_hard_test_marketing_00106,True,same_source_sibling_facts,1,4,23,20,교수님이 정규 A반 2차 스터디 모집의 핵심 채널과 성과 지표를 어떻게 말했어?,"정규 A반 2차 스터디 모집에 대해 핵심 채널은 학과 홈페이지라고, 그리고 성과 지표는 완료율이라고 설명했습니다.",True,,,,,False,False,0.6857142857142857,0.8333333333333333,0.34285714285714286,0.41666666666666663,True,True,4.01399099995615,3.837635700008832,,,,,passage-only,"교수님이 정규 A반 2차 스터디 모집의 핵심 채널을 성과 지표로는 완료율이라고, 대상은 스터디 신청자라고, 그리고 성과 지표의 결과값은 완료일자라고 설명했습니다.","교수님이 정규 A반 2차 스터디 모집에 대해 핵심 채널은 학과 홈페이지라고, 성과 지표는 완료율이라고, 그리고 핵심 채널은 학과 강의 노트라고 설명했습니다."
dataset_ko_263_final,entity_simple_hard_test_art_history_00211:final:0,entity_simple_hard_test_art_history_00211,entity_simple_hard_test_art_history_00211,True,same_source_sibling_facts,1,4,23,20,여름 B반 3차 르네상스 설명 중 핵심 특징과 목적에 해당하는 내용만 답해줘.,"여름 B반 3차 르네상스에 대해 핵심 특징은 인문주의라고, 그리고 목적은 사람의 가치를 드러내는 것이라고 설명했습니다.",True,,,,,False,False,0.9655172413793104,0.9090909090909091,0.4827586206896552,0.45454545454545453,True,True,2.5716843000263907,3.355916599975899,,,,,question+passage,"여름 B반 3차 르네상스에 대해 핵심 특징은 인문주의라고, 목적은 사람의 가치를 드러내는 것이라고 설명했습니다.","여름 B반 3차 르네상스에 대해 핵심 특징은 인문주의라고, 목적은 사람의 가치를 드러내는 것이라고, 그리고 핵심 학문은 인문주의라고 설명했습니다."
dataset_ko_264_final,entity_simple_hard_test_dessert_00168:final:0,entity_simple_hard_test_dessert_00168,entity_simple_hard_test_dessert_00168,True,same_source_sibling_facts,1,4,23,20,실습 3팀 2차 초콜렛 설명에서 특징과 맛만 알려줘.,"실습 3팀 2차 초콜렛에 대해 특징은 입안에서 천천히 녹는다고, 그리고 맛은 달콤하다고 설명했습니다.",True,,,,,False,False,0.8666666666666666,0.9285714285714286,0.4333333333333333,0.4642857142857143,True,True,3.1220819000154734,2.9766266000224277,,,,,passage-only,"실습 3팀 2차 초콜렛 설명에 대해 특징은 입안에서 천천히 녹는다고, 맛은 달콤하다고, 그리고 비유는 작은 선물 상자라고 설명했습니다.","실습 3팀 2차 초콜렛에 대해 특징은 입안에서 천천히 녹는다고, 맛은 달콤하다고, 그리고 색깔은 검정색이라고 설명했습니다."
dataset_ko_265_final,entity_simple_hard_test_project_00324:final:0,entity_simple_hard_test_project_00324,entity_simple_hard_test_project_00324,True,same_source_sibling_facts,1,4,23,20,캡스톤 C반 4차 최종 발표 설명에서 마감과 공유 위치만 알려줘.,"캡스톤 C반 4차 최종 발표에 대해 마감은 다음 주 월요일 밤이라고, 그리고 공유 위치는 팀 노션 페이지라고 설명했습니다.",True,,,,,False,False,0.967741935483871,0.8648648648648648,0.4838709677419355,0.4324324324324324,True,True,2.38613160001114,3.189275600016117,,,,,question+passage,"캡스톤 C반 4차 최종 발표에 대해 공유 위치는 팀 노션 페이지라고, 마감은 다음 주 월요일 밤이라고 설명했습니다.","캡스톤 C반 4차 최종 발표 설명에 대해 마감은 다음 주 월요일 밤이라고, 공유 위치는 팀 노션 페이지라고, 그리고 확인 기준은 근거 제공 여부라고 설명했습니다."
dataset_ko_266_final,entity_simple_hard_test_os_concept_00366:final:0,entity_simple_hard_test_os_concept_00366,entity_simple_hard_test_os_concept_00366,True,same_source_sibling_facts,1,4,23,20,교수님이 정규 3팀 4차 캐시의 주의점과 비유를 어떻게 말했어?,"정규 3팀 4차 캐시에 대해 주의점은 오래된 정보가 남을 수 있다고, 그리고 비유는 책상 위에 올려둔 책이라고 설명했습니다.",True,,,,,False,False,0.8205128205128205,0.45,0.41025641025641024,0.225,True,True,3.5811033000354655,3.468914900033269,,,,,question+passage,"prof의 3팀 4차 캐시에 대해 비유는 책상 위에 올려둔 책이라고, 장점은 반복 접근을 빠르게 만든다고, 그리고 주의점은 오래된 정보가 남을 수 있다고 설명했습니다.","Professor Lee's 3rd Team 4th Cache에 대해 주의점은 오래된 정보가 남을 수 있다고, 비유는 조금 먼 집이라고, 그리고 역할은 자주 쓰는 정보를 가까이 둔다고 설명했습니다."
dataset_ko_267_final,entity_simple_hard_test_art_history_00210:final:0,entity_simple_hard_test_art_history_00210,entity_simple_hard_test_art_history_00210,True,same_source_sibling_facts,1,4,23,20,교수님이 봄 B반 3차 인상주의의 핵심 특징과 목적을 어떻게 말했어?,"봄 B반 3차 인상주의에 대해 핵심 특징은 빛의 순간적인 인상이라고, 그리고 목적은 관찰 순간을 살리는 것이라고 설명했습니다.",True,,,,,False,False,0.7317073170731707,0.20338983050847456,0.36585365853658536,0.10169491525423728,True,False,4.77010630001314,7.540370200003963,,,,,question+passage,"봄 B반 3차 인상주의에 대해 핵심 특징은 완득이에요. 학생들이 동서에서는 햇빛의 순간적인 인상이라고, 목적은 관찰 순간을 살리는 것이라고, 그리고 비유는 햇빛이 흔들리는 수면에 비친 모습이라고 설명했습니다.",봄 B반 3차 인상주의의 핵심 특징과 목적을 설명할 때는 핵심 특징을 봄 B반 3차 인상주의의 핵심 특징과 목적을 말할 때는 핵심 특징을 봄 B반 3차 인상주의의 핵심 특징과 목적을 말할 때는 핵심 특징을 봄 B반 3차 인상주의의 핵심 특징과 목적을 말할 때는 핵심 특징을 봄 B반 3차 인상
dataset_ko_268_final,entity_simple_hard_test_project_00087:final:0,entity_simple_hard_test_project_00087,entity_simple_hard_test_project_00087,True,same_source_sibling_facts,1,4,23,20,심화 오전반 1차 프론트엔드 점검 설명 중 공유 위치와 마감에 해당하는 내용만 답해줘.,"심화 오전반 1차 프론트엔드 점검에 대해 공유 위치는 프로젝트 슬랙 채널이라고, 그리고 마감은 다음 달 첫째 주 화요일이라고 설명했습니다.",True,,,,,False,False,0.9696969696969697,0.44444444444444453,0.48484848484848486,0.22222222222222227,True,True,3.2827373000327498,6.826365599990822,,,,,question+passage,"심화 오전반 1차 프론트엔드 점검 설명에 대해 공유 위치는 프로젝트 슬랙 채널이라고, 마감은 다음 달 첫째 주 화요일이라고 설명했습니다.",심화 오전반 1차 프론트엔드 점검에 대해 공유 책임이 개인에 있던고 summary.md 파일 경로가 프로젝트 템플릿에 해당한고 설명 gist 파일 확인 파일 경로가 프로젝트 팀 템플릿에 해당한고 설명 스탠다 rd심화 오전반 1차 프론트엔드 점검에 대해 공유 위치가 프로젝트 슬랙 채널이라고 설명했습니다.
dataset_ko_269_final,entity_simple_hard_test_dessert_00193:final:0,entity_simple_hard_test_dessert_00193,entity_simple_hard_test_dessert_00193,True,same_source_sibling_facts,1,4,23,20,겨울 오후반 2차 솜사탕에서 색깔과 비유를 함께 정리해줘.,"겨울 오후반 2차 솜사탕에 대해 색깔은 분홍색이라고, 그리고 비유는 구름 같은 간식이라고 설명했습니다.",True,,,,,False,False,0.8387096774193548,0.896551724137931,0.4193548387096774,0.4482758620689655,True,True,3.3462287000147626,2.909629000001587,,,,,passage-only,"겨울 오후반 2차 솜사탕에 대해 색깔은 분홍색이라고, 비유는 구름 같은 간식이라고, 그리고 특징은 입에 닿으면 빠르게 사라진다고 설명했습니다.","겨울 오후반 2차 솜사탕에 대해 색깔은 분홍색이라고, 비유는 구름 같은 간식이라고, 그리고 이유는 새롭고 달콤하다고 설명했습니다."
dataset_ko_270_final,entity_simple_hard_test_statistics_00310:final:0,entity_simple_hard_test_statistics_00310,entity_simple_hard_test_statistics_00310,True,same_source_sibling_facts,1,4,23,20,교수님이 봄 B반 4차 상관계수의 의미와 주의점을 어떻게 말했어?,"봄 B반 4차 상관계수에 대해 의미는 선형 관계 강도라고, 그리고 주의점은 원인 증명을 뜻하지 않는다고 설명했습니다.",True,,,,,False,False,0.5714285714285715,0.8333333333333333,0.28571428571428575,0.41666666666666663,True,True,3.865239000006113,3.7016571999993175,,,,,passage-only,"professor의 4차 상관계수의 의미은 원인 증명을 뜻하지 않는다고, 주의점은 원인 증명을 뜻하지 않는다고, 그리고 비유는 두 변수의 움직임을 비교하는 나침반이라고 설명했습니다.","봄 B반 4차 상관계수에 대해 의미는 선형 관계 강도라고, 주의점은 원인 증명을 뜻하지 않는다고, 그리고 활용은 관계 강도를 빠르게 살필 때 쓴다고 설명했습니다."
dataset_ko_271_final,entity_simple_hard_test_art_history_00112:final:0,entity_simple_hard_test_art_history_00112,entity_simple_hard_test_art_history_00112,True,same_source_sibling_facts,1,4,23,20,가을 B반 2차 바로크 설명에서 핵심 특징과 목적만 알려줘.,"가을 B반 2차 바로크에 대해 핵심 특징은 극적 명암이라고, 그리고 목적은 감정을 강하게 전달하는 것이라고 설명했습니다.",True,,,,,False,False,0.8421052631578948,0.6,0.4210526315789474,0.3,True,True,3.6107171999756247,4.560386600031052,,,,,question+passage,"가을 B반 2차 바로크에 대해 핵심 특징은 극적 명암이라고, 비유는 무대 조명이 한 장면을 강조하는 방식이라고, 그리고 목적은 감정을 강하게 전달하는 것이라고 설명했습니다.","가을 B반 2차 바로크 설명에 대해 핵심 특징은 극적 명암으로 영永盛地의 영과 권力を传唤하는 것이라고, 목적은 청중의 삶을 화려하게 전달이라고, 그리고 핵심 특장은 극적 명암이completely conveyed라고 설명했습니다."
dataset_ko_272_final,entity_simple_hard_test_marketing_00224:final:0,entity_simple_hard_test_marketing_00224,entity_simple_hard_test_marketing_00224,True,same_source_sibling_facts,1,4,23,20,캡스톤 C반 3차 신입생 캠페인 설명에서 대상과 보상만 알려줘.,"캡스톤 C반 3차 신입생 캠페인에 대해 대상은 신입생이라고, 그리고 보상은 커피 쿠폰이라고 설명했습니다.",True,,,,,False,False,0.896551724137931,0.7741935483870968,0.4482758620689655,0.3870967741935484,True,True,3.2886128000100143,4.152726799948141,,,,,question+passage,"캡스톤 C반 3차 신입생 캠페인에 대해 보상은 커피 쿠폰이라고, 대상은 신입생이라고, 그리고 성과 지표는 전환율이라고 설명했습니다.","캡스톤 C반 3차 신입생 캠페인 설명에서 대상과 보상만 알려줬다. 핵심 채널은 인스타그램이라고, 대상은 신입생이라고, 그리고 보상은 커피 쿠폰이라고 설명했습니다."
dataset_ko_273_final,entity_simple_hard_test_os_concept_00246:final:0,entity_simple_hard_test_os_concept_00246,entity_simple_hard_test_os_concept_00246,True,same_source_sibling_facts,1,4,23,20,교수님이 정규 1팀 3차 캐시의 장점과 역할을 어떻게 말했어?,"정규 1팀 3차 캐시에 대해 장점은 반복 접근을 빠르게 만든다고, 그리고 역할은 자주 쓰는 정보를 가까이 둔다고 설명했습니다.",True,,,,,False,False,0.717948717948718,0.8571428571428571,0.358974358974359,0.42857142857142855,True,True,3.6208988000289537,4.1607412999728695,,,,,passage-only,"prof의 주의점에 대해 장점은 반복 접근을 빠르게 만든다고, 역할은 자주 쓰는 정보를 가까이 둔다고, 그리고 비유는 책상 위에 올려둔 책이라고 설명했습니다.","교수님이 정규 1팀 3차 캐시에 대해 장점은 반복 접근을 빠르게 만든다고, 역할은 자주 쓰는 정보를 가까이 둔다고, 그리고 비유는 책상 위에 올려둔 책이라고 설명했습니다."
dataset_ko_274_final,entity_simple_hard_test_statistics_00380:final:0,entity_simple_hard_test_statistics_00380,entity_simple_hard_test_statistics_00380,True,same_source_sibling_facts,1,4,23,20,봄 오전반 4차 표본분산 설명에서 활용과 비유만 알려줘.,"봄 오전반 4차 표본분산에 대해 활용은 데이터 변동성을 볼 때 쓴다고, 그리고 비유는 점들이 얼마나 퍼졌는지 보는 자라고 설명했습니다.",True,,,,,False,False,0.888888888888889,0.8421052631578948,0.4444444444444445,0.4210526315789474,True,True,3.7084707000176422,4.178851399978157,,,,,tie,"봄 오전반 4차 표본분산에 대해 비유는 점들이 얼마나 퍼졌는지 보는 자라고, 주의점은 순위 정렬과 다르다고, 그리고 활용은 데이터 변동성을 볼 때 쓴다고 설명했습니다.","봄 오전반 4차 표본분산 표본분산 설명에 대해 활용은 데이터 변동성을 볼 때 쓴다고, 비유는 점들이 얼마나 퍼졌는지 보는 자라고, 그리고 개념은 과정을 곧게 뻗은 것이라고 설명했습니다."
dataset_ko_275_final,entity_simple_hard_test_statistics_00236:final:0,entity_simple_hard_test_statistics_00236,entity_simple_hard_test_statistics_00236,True,same_source_sibling_facts,1,4,23,20,정규 D반 3차 표본분산 설명에서 비유와 활용만 알려줘.,"정규 D반 3차 표본분산에 대해 비유는 점들이 얼마나 퍼졌는지 보는 자라고, 그리고 활용은 데이터 변동성을 볼 때 쓴다고 설명했습니다.",True,,,,,False,False,0.9696969696969697,0.8947368421052632,0.48484848484848486,0.4473684210526316,True,True,2.887662699969951,3.7454835000098683,,,,,question+passage,"정규 D반 3차 표본분산에 대해 비유는 점들이 얼마나 퍼졌는지 보는 자라고, 활용은 데이터 변동성을 볼 때 쓴다고 설명했습니다.","정규 D반 3차 표본분산 설명에 대해 비유는 점들이 얼마나 퍼졌는지 보는 자라고, 주의점은 순위 정렬과 다르다고, 그리고 활용은 데이터 변동성을 볼 때 쓴다고 설명했습니다."
dataset_ko_276_final,entity_simple_hard_test_marketing_00153:final:0,entity_simple_hard_test_marketing_00153,entity_simple_hard_test_marketing_00153,True,same_source_sibling_facts,1,4,23,20,겨울 2팀 2차 동아리 홍보에서 성과 지표와 핵심 채널을 함께 정리해줘.,"겨울 2팀 2차 동아리 홍보에 대해 성과 지표는 참여율이라고, 그리고 핵심 채널은 오픈채팅방이라고 설명했습니다.",True,,,,,False,False,0.9032258064516129,0.6285714285714286,0.45161290322580644,0.3142857142857143,True,True,3.2297292000148445,4.329813899996225,,,,,question+passage,"겨울 2팀 2차 동아리 홍보에 대해 핵심 채널은 오픈채팅방이라고, 대상은 동아리 회원이라고, 그리고 성과 지표는 참여율이라고 설명했습니다.","겨울 2팀 2차 동아리 홍보에 대해 성과 지표는 참여율이라고, 핵심 채널은 게시판과 서식지로 분석됩니다. 성과는 참여율이라고, 핵심 채널은 게시판과 서식지로 분석됩니다."
dataset_ko_277_final,entity_simple_hard_test_marketing_00032:final:0,entity_simple_hard_test_marketing_00032,entity_simple_hard_test_marketing_00032,True,same_source_sibling_facts,1,4,23,20,가을 D반 1차 신입생 캠페인 설명에서 대상과 보상만 알려줘.,"가을 D반 1차 신입생 캠페인에 대해 대상은 신입생이라고, 그리고 보상은 커피 쿠폰이라고 설명했습니다.",True,,,,,False,False,0.896551724137931,0.3404255319148936,0.4482758620689655,0.1702127659574468,True,True,3.246350400033407,6.457904000009876,,,,,question+passage,"가을 D반 1차 신입생 캠페인에 대해 보상은 커피 쿠폰이라고, 대상은 신입생이라고, 그리고 성과 지표는 전환율이라고 설명했습니다.",가을 D반 1차 신입생 캠페인 설명에서 대상과 보상만 알려줍니다. 성과 지표가 커피 오일 캔이 됩니다. 진행 단계는 ROTOF로 시작합니다. 성과 지표가 커피 오일 캔이 됩니다. 선택 사유는 높인 클릭-through-conversion입니다. 성과 지표가 커피 오일 캔이 됩니다.
dataset_ko_278_final,entity_simple_hard_test_marketing_00081:final:0,entity_simple_hard_test_marketing_00081,entity_simple_hard_test_marketing_00081,True,same_source_sibling_facts,1,4,23,20,여름 오전반 1차 동아리 홍보에서 보상과 대상을 함께 정리해줘.,"여름 오전반 1차 동아리 홍보에 대해 보상은 굿즈 추첨권이라고, 그리고 대상은 동아리 회원이라고 설명했습니다.",True,,,,,False,False,0.962962962962963,0.7333333333333334,0.4814814814814815,0.3666666666666667,True,True,2.349001099995803,3.4009123999858275,,,,,question+passage,"여름 오전반 1차 동아리 홍보에 대해 대상은 동아리 회원이라고, 보상은 굿즈 추첨권이라고 설명했습니다.","여름 오전반 1차 동아리 홍보에 대해 보상은 굿즈 추첨권이라고, 핵심 채널은 오픈채팅방이라고, 대상은 순위권 안건부라고 설명했습니다."
dataset_ko_279_final,entity_simple_hard_test_dessert_00362:final:0,entity_simple_hard_test_dessert_00362,entity_simple_hard_test_dessert_00362,True,same_source_sibling_facts,1,4,23,20,교수님이 가을 3팀 4차 마카롱의 특징과 맛을 어떻게 말했어?,"가을 3팀 4차 마카롱에 대해 특징은 겉은 바삭하고 속은 촉촉하다고, 그리고 맛은 부드럽고 진하다고 설명했습니다.",True,,,,,False,False,0.9090909090909091,0.27027027027027023,0.45454545454545453,0.13513513513513511,True,False,3.6634902000078,2.6475154000218026,,,,,question+passage,"교수님 가을 3팀 4차 마카롱에 대해 특징은 겉은 바삭하고 속은 촉촉하다고, 색깔은 알록달록하다고, 그리고 맛은 부드럽고 진하다고 설명했습니다.","교수님이 가을 3팀 4차 마카롱의 특징과 맛을 설명하 said, is unique and memorable, and will give you a clear advantage over ordinary cakes.했습니다."
dataset_ko_280_final,entity_simple_hard_test_marketing_00345:final:0,entity_simple_hard_test_marketing_00345,entity_simple_hard_test_marketing_00345,True,same_source_sibling_facts,1,4,23,20,파일럿 1팀 4차 동아리 홍보에서 성과 지표와 핵심 채널을 함께 정리해줘.,"파일럿 1팀 4차 동아리 홍보에 대해 성과 지표는 참여율이라고, 그리고 핵심 채널은 오픈채팅방이라고 설명했습니다.",True,,,,,False,False,0.9032258064516129,0.4782608695652174,0.45161290322580644,0.2391304347826087,True,True,3.307782399991993,6.699910600029398,,,,,question+passage,"파일럿 1팀 4차 동아리 홍보에 대해 핵심 채널은 오픈채팅방이라고, 대상은 동아리 회원이라고, 그리고 성과 지표는 참여율이라고 설명했습니다.","파일럿 1팀 4차 동아리 홍보에 대해 성과 지표는 참여율이라고, 핵심 채널은 게시판과 투표를 비교했습니다. 성과 지표는 참여율이라고, 결과은 3명 이상으로 넘어갑니다. 핵심 채널은 공유 링크라고, 채널명은 핵심 채널이라고, 사용 이유는ionejang이라고, 결과는百分之로 넘어갑니다."
dataset_ko_281_final,entity_simple_hard_test_os_concept_00125:final:0,entity_simple_hard_test_os_concept_00125,entity_simple_hard_test_os_concept_00125,True,same_source_sibling_facts,1,4,23,20,파일럿 C반 2차 스레드에서 비유와 주의점을 함께 정리해줘.,"파일럿 C반 2차 스레드에 대해 비유는 같은 식당 안에서 일하는 직원이라고, 그리고 주의점은 공유 자원 관리가 필요하다고 설명했습니다.",True,,,,,False,False,0.8571428571428571,0.45714285714285713,0.42857142857142855,0.22857142857142856,True,False,3.837670099979732,2.8509692000225186,,,,,question+passage,"파일럿 C반 2차 스레드에 대해 비유는 같은 식당 안에서 일하는 직원이라고, 주의점은 공유 자원 관리가 필요하다고, 그리고 역할은 프로세스 안에서 작업을 나누어 실행한다고 설명했습니다.","파일럿 C반 2차 스레드에 대해 비유는 동일한 곳에서 слов을 나눌 수 있다고, 주의점은 작업이 익 not equal이 되는 것이라고 설명했습니다."
dataset_ko_282_final,entity_simple_hard_test_marketing_00083:final:0,entity_simple_hard_test_marketing_00083,entity_simple_hard_test_marketing_00083,True,same_source_sibling_facts,1,4,23,20,겨울 오전반 1차 멘토링 이벤트 설명 중 보상과 대상에 해당하는 내용만 답해줘.,"겨울 오전반 1차 멘토링 이벤트에 대해 보상은 포인트 500점이라고, 그리고 대상은 멘토링 참여 학생이라고 설명했습니다.",True,,,,,False,False,0.9090909090909091,0.8823529411764706,0.45454545454545453,0.4411764705882353,True,True,3.4921908999676816,3.935746199975256,,,,,tie,"겨울 오전반 1차 멘토링 이벤트에 대해 보상은 포인트 500점이라고, 대상은 멘토링 참여 학생이라고, 그리고 성과 지표는 재방문율이라고 설명했습니다.","겨울 오전반 1차 멘토링 이벤트에 대해 보상은 포인트 500점이라고, 핵심 채널은 이메일 뉴스레터라고, 그리고 대상은 멘토링 참여 학생이라고 설명했습니다."
dataset_ko_283_final,entity_simple_hard_test_art_history_00064:final:0,entity_simple_hard_test_art_history_00064,entity_simple_hard_test_art_history_00064,True,same_source_sibling_facts,1,4,23,20,캡스톤 3팀 1차 바로크 설명에서 목적과 핵심 특징만 알려줘.,"캡스톤 3팀 1차 바로크에 대해 목적은 감정을 강하게 전달하는 것이라고, 그리고 핵심 특징은 극적 명암이라고 설명했습니다.",True,,,,,False,False,0.8421052631578948,0.6206896551724138,0.4210526315789474,0.3103448275862069,True,False,3.60231789998943,2.410750199982431,,,,,question+passage,"캡스톤 3팀 1차 바로크에 대해 핵심 특징은 극적 명암이라고, 비유는 무대 조명이 한 장면을 강조하는 방식이라고, 그리고 목적은 감정을 강하게 전달하는 것이라고 설명했습니다.",캡스톤 3팀 1차 바로크 설명에 대해 핵심 특징은 감정이 긴 시간에 방위하는 실적과相似하다고 설명했습니다.
dataset_ko_284_final,entity_simple_hard_test_project_00327:final:0,entity_simple_hard_test_project_00327,entity_simple_hard_test_project_00327,True,same_source_sibling_facts,1,4,23,20,심화 C반 4차 프론트엔드 점검 설명 중 마감과 공유 위치에 해당하는 내용만 답해줘.,"심화 C반 4차 프론트엔드 점검에 대해 마감은 다음 달 첫째 주 화요일이라고, 그리고 공유 위치는 프로젝트 슬랙 채널이라고 설명했습니다.",True,,,,,False,False,0.9189189189189189,0.6451612903225806,0.45945945945945943,0.3225806451612903,True,False,4.068761500006076,2.3038178000133485,,,,,question+passage,"심화 C반 4차 프론트엔드 점검 설명에 대해 공유 위치은 프로젝트 슬랙 채널이라고, 담당은 프론트엔드 파트라고, 그리고 마감은 다음 달 첫째 주 화요일이라고 설명했습니다.",심화 C반 4차 프론트엔드 점검에 대해 마감은 종료되지만 공유 위치는 개인 작업으로 설정된다고 설명했습니다.
dataset_ko_285_final,entity_simple_hard_test_os_concept_00390:final:0,entity_simple_hard_test_os_concept_00390,entity_simple_hard_test_os_concept_00390,True,same_source_sibling_facts,1,4,23,20,교수님이 봄 오후반 4차 캐시의 역할과 장점을 어떻게 말했어?,"봄 오후반 4차 캐시에 대해 역할은 자주 쓰는 정보를 가까이 둔다고, 그리고 장점은 반복 접근을 빠르게 만든다고 설명했습니다.",True,,,,,False,False,0.5853658536585366,0.6842105263157895,0.2926829268292683,0.34210526315789475,True,True,4.38870740000857,3.699060200015083,,,,,passage-only,"professors가 봄 오후반 4차 캐시에 대해 주의점은 자주 쓰는 정보를 가까이 둔다고, 역할은 자주 쓰는 정보를 가까이 둔다고, 그리고 비유는 책상 위에 올려둔 책이라고 설명했습니다.","봄 오후반 4차 캐시에 대해 역할은 정보 접근을 빠르게 만든다고, 장점은 반복 접근을 빠르게 만든다고, 그리고 비유는 책상 위에 올려둔 책이라고 설명했습니다."
dataset_ko_286_final,entity_simple_hard_test_statistics_00118:final:0,entity_simple_hard_test_statistics_00118,entity_simple_hard_test_statistics_00118,True,same_source_sibling_facts,1,4,23,20,교수님이 실습 B반 2차 상관계수의 의미와 주의점을 어떻게 말했어?,"실습 B반 2차 상관계수에 대해 의미는 선형 관계 강도라고, 그리고 주의점은 원인 증명을 뜻하지 않는다고 설명했습니다.",True,,,,,False,False,0.42424242424242425,0.5333333333333333,0.21212121212121213,0.26666666666666666,True,False,3.4250836999854073,2.2434828000259586,,,,,passage-only,"실제意义는 원인 증명을 뜻하지 않는다고, 비유는 두 변수의 움직임을 비교하는 나침반이라고, 그리고 주의점은 원인 증명을 뜻하지 않는다고 설명했습니다.",교수님이 실습 B반 2차 상관계수의 의미와 주의점을 설명하며 명확한 구실인 원인 추가에 대해 추가합니다.
dataset_ko_287_final,entity_simple_hard_test_dessert_00290:final:0,entity_simple_hard_test_dessert_00290,entity_simple_hard_test_dessert_00290,True,same_source_sibling_facts,1,4,23,20,교수님이 봄 오후반 3차 마카롱의 색깔과 비유를 어떻게 말했어?,"봄 오후반 3차 마카롱에 대해 색깔은 알록달록하다고, 그리고 비유는 작은 보석 상자라고 설명했습니다.",True,,,,,False,False,0.6666666666666665,0.5714285714285715,0.33333333333333326,0.28571428571428575,True,False,2.9388222999987192,1.8039455999969505,,,,,question+passage,"교수님에 대해 비유는 작은 보석 상자라고, 특징은 겉은 바삭하고 속은 촉촉하다고, 그리고 색깔은 알록달록하다고 설명했습니다.",professor이 봄 오후반 3차 마카롱의 색깔에 대해 설명하며 주의점이라고 설명했습니다.
dataset_ko_288_final,entity_simple_hard_test_project_00276:final:0,entity_simple_hard_test_project_00276,entity_simple_hard_test_project_00276,True,same_source_sibling_facts,1,4,23,20,정규 4팀 3차 최종 발표 설명에서 공유 위치와 마감만 알려줘.,"정규 4팀 3차 최종 발표에 대해 공유 위치는 팀 노션 페이지라고, 그리고 마감은 다음 주 월요일 밤이라고 설명했습니다.",True,,,,,False,False,0.9411764705882353,0.888888888888889,0.47058823529411764,0.4444444444444445,True,True,2.8297319000121206,3.1961170000140555,,,,,question+passage,"정규 4팀 3차 최종 발표 설명에 대해 공유 위치는 팀 노션 페이지라고, 마감은 다음 주 월요일 밤이라고, 그리고 노션 페이지라고 설명했습니다.","정규 4팀 3차 최종 발표 설명에 대해 공유 위치는 링크 노션 페이지라고, 담당은 기획 파트라고, 그리고 마감은 다음 주 월요일 밤이라고 설명했습니다."
dataset_ko_289_final,entity_simple_hard_test_art_history_00209:final:0,entity_simple_hard_test_art_history_00209,entity_simple_hard_test_art_history_00209,True,same_source_sibling_facts,1,4,23,20,세미나 A반 3차 입체주의에서 핵심 특징과 목적을 함께 정리해줘.,"세미나 A반 3차 입체주의에 대해 핵심 특징은 여러 시점이라고, 그리고 목적은 대상을 새롭게 해석하는 것이라고 설명했습니다.",True,,,,,False,False,0.6399999999999999,0.888888888888889,0.31999999999999995,0.4444444444444445,True,True,5.331819300015923,2.9938749999855645,,,,,passage-only,"세미나 A반 3차 입체주의에 대해 핵심 특징은 여러 시점이라고 설명하고 핵심 특징은 여러 시점에 대해 목적은 대상을 새롭게 해석하는 것이라고, 비유는 여러 방향에서 본 사물을 한 화면에 놓는 방식이라고, 그리고 목적은 대상을 새롭게 해석하는 것이라고 설명했습니다.","세미나 A반 3차 입체주의에 대해 핵심 특징은 여러 시점이라고, 목적은 대상을 새롭게 해석하는 것이라고, 그리고 핵심 특징은 여러 시점이라고 설명했습니다."
dataset_ko_290_final,entity_simple_hard_test_project_00373:final:0,entity_simple_hard_test_project_00373,entity_simple_hard_test_project_00373,True,same_source_sibling_facts,1,4,23,20,겨울 4팀 4차 백엔드 배포에서 공유 위치와 마감을 함께 정리해줘.,"겨울 4팀 4차 백엔드 배포에 대해 공유 위치는 깃허브 이슈 탭이라고, 그리고 마감은 수요일 오후 다섯 시라고 설명했습니다.",True,,,,,False,False,0.9714285714285714,0.8108108108108109,0.4857142857142857,0.40540540540540543,True,True,2.7738929000333883,3.284111600019969,,,,,question+passage,"겨울 4팀 4차 백엔드 배포에 대해 공유 위치는 깃허브 이슈 탭이라고, 마감은 수요일 오후 다섯 시라고 설명했습니다.","겨울 4팀 4차 백엔드 배포에 대해 공유 위치는 갓집단이라고, 담당은 백엔드 팀이라고, 그리고 마감은 수요일 오후 다섯 시라고 설명했습니다."
dataset_ko_291_final,entity_simple_hard_test_art_history_00136:final:0,entity_simple_hard_test_art_history_00136,entity_simple_hard_test_art_history_00136,True,same_source_sibling_facts,1,4,23,20,정규 D반 2차 바로크 설명에서 비유와 비교 포인트만 알려줘.,"정규 D반 2차 바로크에 대해 비유는 무대 조명이 한 장면을 강조하는 방식이라고, 그리고 비교 포인트는 평면적 구도와 구분된다고 설명했습니다.",True,,,,,False,False,0.878048780487805,0.6666666666666667,0.4390243902439025,0.33333333333333337,True,True,3.8000131000299007,4.308232799987309,,,,,question+passage,"정규 D반 2차 바로크에 대해 비유는 무대 조명이 한 장면을 강조하는 방식이라고, 목적은 감정을 강하게 전달하는 것이라고, 그리고 비교 포인트는 평면적 구도와 구분된다고 설명했습니다.","정규 D반 2차 바로크 설명에 대해 비유는 무대 조명이 한 장면을 강조하는 방식이라고, 비유의 결함은 전체 영역이 아니라 다른 방향의 반전이라고, 그리고 비교 포인트는 극적 연속을 생각보다 단순하다라고 설명했습니다."
dataset_ko_292_final,entity_simple_hard_test_os_concept_00055:final:0,entity_simple_hard_test_os_concept_00055,entity_simple_hard_test_os_concept_00055,True,same_source_sibling_facts,1,4,23,20,파일럿 2팀 1차 큐 설명 중 장점과 역할에 해당하는 내용만 답해줘.,"파일럿 2팀 1차 큐에 대해 장점은 처리 순서를 명확하게 만든다고, 그리고 역할은 작업을 순서대로 기다리게 한다고 설명했습니다.",True,,,,,False,False,0.8717948717948718,0.8717948717948718,0.4358974358974359,0.4358974358974359,True,True,3.6706481000292115,3.651954199944157,,,,,tie,"파일럿 2팀 1차 큐에 대해 장점은 처리 순서를 명확하게 만든다고, 역할은 작업을 순서대로 기다리게 한다고, 그리고 주의점은 대기 시간이 길어질 수 있다고 설명했습니다.","파일럿 2팀 1차 큐에 대해 장점은 처리 순서를 명확하게 만든다고, 역할은 작업을 순서대로 기다리게 한다고, 그리고 주의점은 대기 시간이 길어질 수 있다고 설명했습니다."
dataset_ko_293_final,entity_simple_hard_test_marketing_00105:final:0,entity_simple_hard_test_marketing_00105,entity_simple_hard_test_marketing_00105,True,same_source_sibling_facts,1,4,23,20,파일럿 A반 2차 동아리 홍보에서 핵심 채널과 성과 지표를 함께 정리해줘.,"파일럿 A반 2차 동아리 홍보에 대해 핵심 채널은 오픈채팅방이라고, 그리고 성과 지표는 참여율이라고 설명했습니다.",True,,,,,False,False,0.962962962962963,0.7222222222222223,0.4814814814814815,0.36111111111111116,True,True,2.640029600006528,4.445638699980918,,,,,question+passage,"파일럿 A반 2차 동아리 홍보에 대해 핵심 채널은 오픈채팅방이라고, 성과 지표는 참여율이라고 설명했습니다.","파일럿 A반 2차 동아리 홍보에 대해 핵심 채널은 서식지가 둘로 나눠 going-to 점검구간이라고, 성과 지표는 참여율이라고, 그리고 핵심 채널은 협력사 채널이라고 설명했습니다."
dataset_ko_294_final,entity_simple_hard_test_dessert_00050:final:0,entity_simple_hard_test_dessert_00050,entity_simple_hard_test_dessert_00050,True,same_source_sibling_facts,1,4,23,20,교수님이 봄 2팀 1차 마카롱의 비유와 색깔을 어떻게 말했어?,"봄 2팀 1차 마카롱에 대해 비유는 작은 보석 상자라고, 그리고 색깔은 알록달록하다고 설명했습니다.",True,,,,,False,False,0.8275862068965517,0.6666666666666665,0.41379310344827586,0.33333333333333326,True,True,3.2737526999553666,3.5114268000470474,,,,,question+passage,"봄 2팀 1차 마카롱에 대해 색깔은 알록달록하다고, 특징은 겉은 바삭하고 속은 촉촉하다고, 그리고 비유는 작은 보석 상자라고 설명했습니다.","봄 2팀 1차 마카롱에 대해 비유는 중간에 반 빛나는 은 고기라고, 색깔은 알록달록하다고, 그리고 그랜披스 마카롱은 알고록하다고 설명했습니다."
dataset_ko_295_final,entity_simple_hard_test_art_history_00281:final:0,entity_simple_hard_test_art_history_00281,entity_simple_hard_test_art_history_00281,True,same_source_sibling_facts,1,4,23,20,여름 오전반 3차 입체주의에서 비교 포인트와 비유를 함께 정리해줘.,"여름 오전반 3차 입체주의에 대해 비교 포인트는 단일 원근과 다르다고, 그리고 비유는 여러 방향에서 본 사물을 한 화면에 놓는 방식이라고 설명했습니다.",True,,,,,False,False,0.9047619047619047,0.717948717948718,0.45238095238095233,0.358974358974359,True,True,3.860779100039508,2.955646999995224,,,,,question+passage,"여름 오전반 3차 입체주의에 대해 비교 포인트는 단일 원근과 다르다고, 핵심 특징은 여러 시점이라고, 그리고 비유는 여러 방향에서 본 사물을 한 화면에 놓는 방식이라고 설명했습니다.","여름 오전반 3차 입체주의에 대해 비교 포인트는 단일 원근과 다르다고, 핵심 특징은 여러 시점이라고, 그리고 비유는 여러 시점看待이라고 설명했습니다."
dataset_ko_296_final,entity_simple_hard_test_dessert_00314:final:0,entity_simple_hard_test_dessert_00314,entity_simple_hard_test_dessert_00314,True,same_source_sibling_facts,1,4,23,20,교수님이 캡스톤 B반 4차 마카롱의 맛과 특징을 어떻게 말했어?,"캡스톤 B반 4차 마카롱에 대해 맛은 부드럽고 진하다고, 그리고 특징은 겉은 바삭하고 속은 촉촉하다고 설명했습니다.",True,,,,,False,False,0.8823529411764706,0.48,0.4411764705882353,0.24,True,False,3.4124445999623276,2.1642434999812394,,,,,question+passage,"캡스톤 B반 4차 마카롱에 대해 맛은 부드럽고 진하다고, 특징은 겉은 바삭하고 속은 촉촉하다고, 그리고 비유는 작은 보석 상자라고 설명했습니다.",교수님이 캡스톤 B반 4차 마카롱의 맛과 특징으로 부드럽고 맛있게 말했다.
dataset_ko_297_final,entity_simple_hard_test_statistics_00093:final:0,entity_simple_hard_test_statistics_00093,entity_simple_hard_test_statistics_00093,True,same_source_sibling_facts,1,4,23,20,겨울 오후반 1차 신뢰구간에서 활용과 비유를 함께 정리해줘.,"겨울 오후반 1차 신뢰구간에 대해 활용은 추정의 불확실성을 설명할 때 쓴다고, 그리고 비유는 정답이 있을 법한 범위를 그은 지도라고 설명했습니다.",True,,,,,False,False,0.8837209302325582,0.6341463414634148,0.4418604651162791,0.3170731707317074,True,True,4.078323699999601,4.1661207000142895,,,,,question+passage,"겨울 오후반 1차 신뢰구간에 대해 비유는 정답이 있을 법한 범위를 그은 지도라고, 주의점은 정답 하나를 보장하지 않는다고, 그리고 활용은 추정의 불확실성을 설명할 때 쓴다고 설명했습니다.","겨울 오후반 1차 신뢰구간에 대해 활용은 추정의 불확실성을 설명할 때 쓴다고, 비유는 숫자로 끝나는 문제를 설명할 때 쓴다고, 그리고 의미는 정규분포 추정의 한 종류라고 설명했습니다."
dataset_ko_298_final,entity_simple_hard_test_project_00255:final:0,entity_simple_hard_test_project_00255,entity_simple_hard_test_project_00255,True,same_source_sibling_facts,1,4,23,20,파일럿 2팀 3차 프론트엔드 점검 설명 중 확인 기준과 담당에 해당하는 내용만 답해줘.,"파일럿 2팀 3차 프론트엔드 점검에 대해 확인 기준은 사용자 차단 여부라고, 그리고 담당은 프론트엔드 파트라고 설명했습니다.",True,,,,,False,False,0.9411764705882353,0.7222222222222223,0.47058823529411764,0.36111111111111116,True,True,3.1980268000042997,3.996410099964123,,,,,question+passage,"파일럿 2팀 3차 프론트엔드 점검 설명에 대해 확인 기준은 사용자 차단 여부라고, 담당은 프론트엔드 파트라고, 그리고 확인 방법이라고 설명했습니다.","파일럿 2팀 3차 프론트엔드 점검에 대해 확인 기준은 잘못分類: 프로젝트 손실이라고, 담당은 프론트엔드 파트라고, 그리고 담당 부서는 프로젝트 파트라고 설명했습니다."
dataset_ko_299_final,entity_simple_hard_test_dessert_00386:final:0,entity_simple_hard_test_dessert_00386,entity_simple_hard_test_dessert_00386,True,same_source_sibling_facts,1,4,23,20,교수님이 정규 오전반 4차 마카롱의 색깔과 비유를 어떻게 말했어?,"정규 오전반 4차 마카롱에 대해 색깔은 알록달록하다고, 그리고 비유는 작은 보석 상자라고 설명했습니다.",True,,,,,False,False,0.6428571428571429,0.7096774193548387,0.32142857142857145,0.3548387096774194,True,True,2.9231664999970235,3.2895739999949,,,,,passage-only,"교수님에 대해 비유는 작은 보석 상자라고, 특징은 겉은 바삭하고 속은 촉촉하다고, 그리고 색깔은 알록달록하다고 설명했습니다.","교수님이 정규 오전반 4차 마카롱의 색깔을 말했어. 그것은 알색의 알맹이보다 면빛이 슬퍼다고, 그리고 비유는 작은 보석 상자라고 설명했습니다."
dataset_ko_300_final,entity_simple_hard_test_statistics_00164:final:0,entity_simple_hard_test_statistics_00164,entity_simple_hard_test_statistics_00164,True,same_source_sibling_facts,1,4,23,20,캡스톤 3팀 2차 표본분산 설명에서 주의점과 의미만 알려줘.,"캡스톤 3팀 2차 표본분산에 대해 주의점은 순위 정렬과 다르다고, 그리고 의미는 흩어짐 측정이라고 설명했습니다.",True,,,,,False,False,0.8235294117647058,0.5641025641025641,0.4117647058823529,0.28205128205128205,True,True,3.7090742000145838,4.888730400009081,,,,,question+passage,"캡스톤 3팀 2차 표본분산에 대해 주의점은 순위 정렬과 다르다고, 의미는 흩어짐 측정이라고, 그리고 비유는 점들이 얼마나 퍼졌는지 보는 자라고 설명했습니다.","캡스톤 3팀 2차 표본분산 설명에 대해 주의점은 단위가 다르게 되면 안에 변동성을 볼 수 있는 지 보장하는 법이 안게 된다고, 의미는 흩어짐 측정이라고, 그리고 개념은 정乱化(변동성) 정도 흩어짐이라고 설명했습니다."
dataset_ko_301_final,entity_simple_hard_test_marketing_00201:final:0,entity_simple_hard_test_marketing_00201,entity_simple_hard_test_marketing_00201,True,same_source_sibling_facts,1,4,23,20,여름 A반 3차 동아리 홍보에서 핵심 채널과 성과 지표를 함께 정리해줘.,"여름 A반 3차 동아리 홍보에 대해 핵심 채널은 오픈채팅방이라고, 그리고 성과 지표는 참여율이라고 설명했습니다.",True,,,,,False,False,0.962962962962963,0.6486486486486486,0.4814814814814815,0.3243243243243243,True,True,2.581138200010173,4.30193670000881,,,,,question+passage,"여름 A반 3차 동아리 홍보에 대해 핵심 채널은 오픈채팅방이라고, 성과 지표는 참여율이라고 설명했습니다.","여름 A반 3차 동아리 홍보에 대해 핵심 채널은 서브 채널과 종합 채널이라고, 성과 지표는 참여율과 결과율이라고, 그리고 핵심 영역은 게시판과 동영상 채널이라고 설명했습니다."
dataset_ko_302_final,entity_simple_hard_test_statistics_00213:final:0,entity_simple_hard_test_statistics_00213,entity_simple_hard_test_statistics_00213,True,same_source_sibling_facts,1,4,23,20,겨울 B반 3차 신뢰구간에서 의미와 주의점을 함께 정리해줘.,"겨울 B반 3차 신뢰구간에 대해 의미는 모수 추정 범위라고, 그리고 주의점은 정답 하나를 보장하지 않는다고 설명했습니다.",True,,,,,False,False,0.8205128205128205,0.8108108108108109,0.41025641025641024,0.40540540540540543,True,True,3.7051751999533735,3.295839100028388,,,,,tie,"겨울 B반 3차 신뢰구간에 대해 주의점은 정답 하나를 보장하지 않는다고, 의미는 모수 추정 범위라고, 그리고 비유는 정답이 누를 법한 범위를 그은 지도라고 설명했습니다.","겨울 B반 3차 신뢰구간에 대해 의미는 모수 추정 범위라고, 주의점은 정답 범위만 보장하지 않는다고, 그리고 의미와 주의점 함께 설명하는 자리라고 설명했습니다."
dataset_ko_303_final,entity_simple_hard_test_dessert_00075:final:0,entity_simple_hard_test_dessert_00075,entity_simple_hard_test_dessert_00075,True,same_source_sibling_facts,1,4,23,20,파일럿 4팀 1차 브라우니 설명 중 특징과 맛에 해당하는 내용만 답해줘.,"파일럿 4팀 1차 브라우니에 대해 특징은 속이 촉촉하게 남는다고, 그리고 맛은 묵직하게 달콤하다고 설명했습니다.",True,,,,,False,False,0.8750000000000001,0.8148148148148148,0.43750000000000006,0.4074074074074074,True,True,3.8692103000357747,2.86647130001802,,,,,question+passage,"파일럿 4팀 1차 브라우니에 대해 특징은 속이 촉촉하게 남는다고, 맛은 묵직하게 달콤하다고, 그리고 보관은 저장을 압축하는 케이크라고 설명했습니다.","파일럿 4팀 1차 브라우니에 대해 특징은 속이 촉촉하게 남는다고, 맛은 달콤하게 달라진다고 설명했습니다."
dataset_ko_304_final,entity_simple_hard_test_dessert_00265:final:0,entity_simple_hard_test_dessert_00265,entity_simple_hard_test_dessert_00265,True,same_source_sibling_facts,1,4,23,20,파일럿 3팀 3차 솜사탕에서 특징과 맛을 함께 정리해줘.,"파일럿 3팀 3차 솜사탕에 대해 특징은 입에 닿으면 빠르게 사라진다고, 그리고 맛은 가볍게 달콤하다고 설명했습니다.",True,,,,,False,False,0.8108108108108109,0.3414634146341463,0.40540540540540543,0.17073170731707316,True,False,4.158336899999995,5.543849799956661,,,,,question+passage,"파일럿 3팀 3차 솜사탕에 대해 특징은 입에 닿으면 빠르게 사라진다고, 맛은 가볍게 달콤하다고, 그리고 보유에 대해 특징은 입에 닿으면 빠르게 사라진다고 설명했습니다.","파일럿 3팀 3차 솜사탕에 대해 특징이라고 추가 정보이라고, 맛이라고 추가 정보가 뭔데요 foramgelly.com에 비유는 초코칩이 방출되듯이 빠르게 먹을 수 있다고, 특징이라고 계속黄色韩国餐厅에 떠난다고, 맛이라고 계속黄色韩国餐厅被问为什么像dessert라고 설명했습니다."
dataset_ko_305_final,entity_simple_hard_test_project_00278:final:0,entity_simple_hard_test_project_00278,entity_simple_hard_test_project_00278,True,same_source_sibling_facts,1,4,23,20,교수님이 실습 4팀 3차 AI 모델 평가의 공유 위치와 마감을 어떻게 말했어?,"실습 4팀 3차 AI 모델 평가에 대해 공유 위치는 회의록 폴더라고, 그리고 마감은 금요일 자정 전이라고 설명했습니다.",True,,,,,False,False,0.6666666666666667,0.6046511627906976,0.33333333333333337,0.3023255813953488,True,False,2.1796170999878086,4.282709399994928,,,,,question+passage,"교수님의 AI 모델 평가의 공유 위치는 Zoom 링크라고, 마감은 금요일 자정 전이라고 설명했습니다.","교수님이 실습 4팀 3차 AI 모델 평가의 공유 위치와 마감을 어떻게 말했어?에 대해 공유 위치는 컨테이너 폴더라고, 마감은 24시간 후라고, 그리고 확인 파일 위치는 디렉터리라고 설명했습니다."
dataset_ko_306_final,entity_simple_hard_test_art_history_00282:final:0,entity_simple_hard_test_art_history_00282,entity_simple_hard_test_art_history_00282,True,same_source_sibling_facts,1,4,23,20,교수님이 가을 오전반 3차 인상주의의 비교 포인트와 비유를 어떻게 말했어?,"가을 오전반 3차 인상주의에 대해 비교 포인트는 정확한 윤곽보다 색감이 중요하다고, 그리고 비유는 햇빛이 흔들리는 수면에 비친 모습이라고 설명했습니다.",True,,,,,False,False,0.5416666666666666,0.35294117647058826,0.2708333333333333,0.17647058823529413,True,False,5.734339100017678,5.8198074999963865,,,,,question+passage,"교수님이 가을 오전반 3차 인상주의의 비교 포인트와 비유를 설명하는 이유은 후원자에 대한 목적이라고, 비교 포인트는 정확한 윤곽보다 색감이 중요하다고, 그리고 핵심 특징은 비유의 관리가 페인트와 흔lyounglyee.md의 예비 청망구라고 설명했습니다.","교수님이 가을 오전반 3차 인상주의의 비교 포인트와 비유를 말할 때의 형광펜의 포인트는 초중경계分明한 비교와 달라진다고, 핵심 특징은 빛의 순간적인 비교와 비유는 사람의 순간적인 포인트와 다르다고, 그리고 대상과 빛의 순간적인 포인트와 다르다고 설명했습니다."
dataset_ko_307_final,entity_simple_hard_test_os_concept_00293:final:0,entity_simple_hard_test_os_concept_00293,entity_simple_hard_test_os_concept_00293,True,same_source_sibling_facts,1,4,23,20,겨울 오후반 3차 스레드에서 역할과 장점을 함께 정리해줘.,"겨울 오후반 3차 스레드에 대해 역할은 프로세스 안에서 작업을 나누어 실행한다고, 그리고 장점은 작업을 가볍게 나눌 수 있다고 설명했습니다.",True,,,,,False,False,0.878048780487805,0.5263157894736842,0.4390243902439025,0.2631578947368421,True,False,3.7150582000031136,3.9267650000401773,,,,,question+passage,"겨울 오후반 3차 스레드에 대해 장점은 작업을 가볍게 나눌 수 있다고, 주의점은 공유 자원 관리가 필요하다고, 그리고 역할은 프로세스 안에서 작업을 나누어 실행한다고 설명했습니다.","겨울 오후반 3차 스레드에 대해 역할은 프로세스를 분해하고细化するを担当한다고, 겨울 오후반 3차 스레드는 프로세스를 분해하고한다고, 그리고 장점은 작업을igsaw cutting이라고 설명했습니다."
dataset_ko_308_final,entity_simple_hard_test_art_history_00019:final:0,entity_simple_hard_test_art_history_00019,entity_simple_hard_test_art_history_00019,True,same_source_sibling_facts,1,4,23,20,세미나 B반 1차 르네상스 설명 중 핵심 특징과 목적에 해당하는 내용만 답해줘.,"세미나 B반 1차 르네상스에 대해 핵심 특징은 인문주의라고, 그리고 목적은 사람의 가치를 드러내는 것이라고 설명했습니다.",True,,,,,False,False,0.9655172413793104,0.4848484848484848,0.4827586206896552,0.2424242424242424,True,False,2.620693000033498,3.9497058000415564,,,,,question+passage,"세미나 B반 1차 르네상스에 대해 핵심 특징은 인문주의라고, 목적은 사람의 가치를 드러내는 것이라고 설명했습니다.",세미나 B반 1차 르네상스에 대해 핵심 특징과 목적을 설명하겠습나dims는 르네상스와 같은 효과를 거두는 과거주의는 핵심 특징과 목적을 설명하겠습나dims입니다.
dataset_ko_309_final,entity_simple_hard_test_project_00253:final:0,entity_simple_hard_test_project_00253,entity_simple_hard_test_project_00253,True,same_source_sibling_facts,1,4,23,20,겨울 2팀 3차 백엔드 배포에서 확인 기준과 담당을 함께 정리해줘.,"겨울 2팀 3차 백엔드 배포에 대해 확인 기준은 오류 발생률이라고, 그리고 담당은 백엔드 팀이라고 설명했습니다.",True,,,,,False,False,0.9655172413793104,0.7027027027027029,0.4827586206896552,0.3513513513513514,True,True,2.4403848000220023,3.6352937999763526,,,,,question+passage,"겨울 2팀 3차 백엔드 배포에 대해 확인 기준은 오류 발생률이라고, 담당은 백엔드 팀이라고 설명했습니다.","겨울 2팀 3차 백엔드 배포에 대해 확인 기준은 오류 발생률을 함께 보고서 구간이라고, 원인을 기록을 구간이 이탈을 찾아 담당은 백엔드 팀이라고 설명했습니다."
dataset_ko_310_final,entity_simple_hard_test_marketing_00321:final:0,entity_simple_hard_test_marketing_00321,entity_simple_hard_test_marketing_00321,True,same_source_sibling_facts,1,4,23,20,여름 C반 4차 동아리 홍보에서 대상과 보상을 함께 정리해줘.,"여름 C반 4차 동아리 홍보에 대해 대상은 동아리 회원이라고, 그리고 보상은 굿즈 추첨권이라고 설명했습니다.",True,,,,,False,False,0.962962962962963,0.8484848484848484,0.4814814814814815,0.4242424242424242,True,True,2.284274799982086,3.230779599980451,,,,,question+passage,"여름 C반 4차 동아리 홍보에 대해 대상은 동아리 회원이라고, 보상은 굿즈 추첨권이라고 설명했습니다.","여름 C반 4차 동아리 홍보에 대해 대상은 동아리 회원이라고, 보상은 굿즈 추첨권이라고, 조건은 체류 시간이라고, 그리고 결과는 참여율이라고 설명했습니다."
dataset_ko_311_final,entity_simple_hard_test_statistics_00166:final:0,entity_simple_hard_test_statistics_00166,entity_simple_hard_test_statistics_00166,True,same_source_sibling_facts,1,4,23,20,교수님이 정규 3팀 2차 상관계수의 주의점과 의미를 어떻게 말했어?,"정규 3팀 2차 상관계수에 대해 주의점은 원인 증명을 뜻하지 않는다고, 그리고 의미는 선형 관계 강도라고 설명했습니다.",True,,,,,False,False,0.8205128205128205,0.42857142857142855,0.41025641025641024,0.21428571428571427,True,False,4.211768000037409,2.341176500020083,,,,,question+passage,"교수님이 정규 3팀 2차 상관계수의 주의점에 대해 주의점은 원인 증명을 뜻하지 않는다고, 의미는 선형 관계 강도라고, 그리고 비유는 두 변수의 움직임을 비교하는 나침반이라고 설명했습니다.","교수님이 정규 3팀 2차 상관계수의 주의점과 의미를 설명하시면, 다음과 같은 질문과 관련이 떨어집니다."
dataset_ko_312_final,entity_simple_hard_test_project_00326:final:0,entity_simple_hard_test_project_00326,entity_simple_hard_test_project_00326,True,same_source_sibling_facts,1,4,23,20,교수님이 정규 C반 4차 AI 모델 평가의 마감과 공유 위치를 어떻게 말했어?,"정규 C반 4차 AI 모델 평가에 대해 마감은 금요일 자정 전이라고, 그리고 공유 위치는 회의록 폴더라고 설명했습니다.",True,,,,,False,False,0.6875,0.5909090909090909,0.34375,0.29545454545454547,True,True,2.585590700036846,4.215325999946799,,,,,question+passage,"교수님의 마감 기간은 금요일 자정 전이라고, 공유 위치는 회의록 폴더라고, 그리고 담당은 AI 파트라고 설명했습니다.","교수님이 정규 C반 4차 AI 모델 평가의 마감과 공유 위치에 대해 설명의 기준은 정답률을 설명하고, 공유 위치는 회의록 폴더 다음에 위치한다고, 그리고 확인 기준은 정답률을 확인하는 기준이라고 설명했습니다."
dataset_ko_313_final,entity_simple_hard_test_art_history_00353:final:0,entity_simple_hard_test_art_history_00353,entity_simple_hard_test_art_history_00353,True,same_source_sibling_facts,1,4,23,20,겨울 2팀 4차 입체주의에서 목적과 핵심 특징을 함께 정리해줘.,"겨울 2팀 4차 입체주의에 대해 목적은 대상을 새롭게 해석하는 것이라고, 그리고 핵심 특징은 여러 시점이라고 설명했습니다.",True,,,,,False,False,0.8205128205128205,0.888888888888889,0.41025641025641024,0.4444444444444445,True,True,3.8259374999906868,3.0355733000324108,,,,,passage-only,"겨울 2팀 4차 입체주의에 대해 핵심 특징은 여러 시점이라고, 비유는 여러 방향에서 본 사물을 한 화면에 놓는 방식이라고, 그리고 목적은 대상을 새롭게 해석하는 것이라고 설명했습니다.","겨울 2팀 4차 입체주의에 대해 목적은 대상을 새롭게 해석하는 것이라고, 핵심 특징은 여러 시점이라고, 그리고 구분은 여러 시점과 다르다고 설명했습니다."
dataset_ko_314_final,entity_simple_hard_test_os_concept_00271:final:0,entity_simple_hard_test_os_concept_00271,entity_simple_hard_test_os_concept_00271,True,same_source_sibling_facts,1,4,23,20,여름 4팀 3차 큐 설명 중 주의점과 비유에 해당하는 내용만 답해줘.,"여름 4팀 3차 큐에 대해 주의점은 대기 시간이 길어질 수 있다고, 그리고 비유는 번호표를 뽑고 기다리는 줄이라고 설명했습니다.",True,,,,,False,False,0.8717948717948718,0.7804878048780487,0.4358974358974359,0.39024390243902435,True,True,3.6327719999826513,4.139771500020288,,,,,question+passage,"여름 4팀 3차 큐에 대해 비유는 번호표를 뽑고 기다리는 줄이라고, 장점은 처리 순서를 명확하게 만든다고, 그리고 주의점은 대기 시간이 길어질 수 있다고 설명했습니다.","여름 4팀 3차 큐에 대해 주의점은 대기 시간이 길어질 수 있다고, 비유는 번호표를 뽑고 기다리는 시간이 길어질 수 있다고, 그리고 역할은 작업을 순서대로 기다리게 한다고 설명했습니다."
dataset_ko_315_final,entity_simple_hard_test_statistics_00286:final:0,entity_simple_hard_test_statistics_00286,entity_simple_hard_test_statistics_00286,True,same_source_sibling_facts,1,4,23,20,교수님이 정규 오전반 3차 상관계수의 활용과 비유를 어떻게 말했어?,"정규 오전반 3차 상관계수에 대해 활용은 관계 강도를 빠르게 살필 때 쓴다고, 그리고 비유는 두 변수의 움직임을 비교하는 나침반이라고 설명했습니다.",True,,,,,False,False,0.7906976744186047,0.5714285714285715,0.39534883720930236,0.28571428571428575,True,False,4.764259899966419,3.5215530999703333,,,,,question+passage,"교수님이 정규 오전반 3차 상관계수의 활용을 설명한 비유는 두 변수의 움직임을 비교하는 나침반이라고, 주의점은 원인 증명을 뜻하지 않는다고, 그리고 활용은 관계 강도를 빠르게 살필 때 쓴다고 설명했습니다.","교수님이 정규 오전반 3차 상관계수의 활용과 비유는 두 변수의 움직임을 비교하는 직线下滑道에 대한 용어라고, 그 활용은 원인 증명을 강조하는다고 설명했습니다."
dataset_ko_316_final,entity_simple_hard_test_dessert_00312:final:0,entity_simple_hard_test_dessert_00312,entity_simple_hard_test_dessert_00312,True,same_source_sibling_facts,1,4,23,20,가을 B반 4차 초콜렛 설명에서 맛과 특징만 알려줘.,"가을 B반 4차 초콜렛에 대해 맛은 달콤하다고, 그리고 특징은 입안에서 천천히 녹는다고 설명했습니다.",True,,,,,False,False,0.8666666666666666,0.9285714285714286,0.4333333333333333,0.4642857142857143,True,True,3.050418599974364,2.9765394999994896,,,,,passage-only,"가을 B반 4차 초콜렛 설명에 대해 맛은 달콤하다고, 특징은 입안에서 천천히 녹는다고, 그리고 비유는 작은 선물 상자라고 설명했습니다.","가을 B반 4차 초콜렛 설명에 대해 맛은 달콤하다고, 특징은 입안에서 천천히 녹는다고, 그리고 색깔은 검정색이라고 설명했습니다."
dataset_ko_317_final,entity_simple_hard_test_dessert_00144:final:0,entity_simple_hard_test_dessert_00144,entity_simple_hard_test_dessert_00144,True,same_source_sibling_facts,1,4,23,20,캡스톤 1팀 2차 초콜렛 설명에서 비유와 색깔만 알려줘.,"캡스톤 1팀 2차 초콜렛에 대해 비유는 작은 선물 상자라고, 그리고 색깔은 검정색이라고 설명했습니다.",True,,,,,False,False,0.9600000000000001,0.7857142857142856,0.48000000000000004,0.3928571428571428,True,True,2.206597900018096,2.767931899987161,,,,,question+passage,"캡스톤 1팀 2차 초콜렛 설명에 대해 비유는 작은 선물 상자라고, 색깔은 검정색이라고 설명했습니다.","캡스톤 1팀 2차 초콜렛에 대해 비유는 작은 선물 상자라고, 그리고 색깔은white라고, 마지막으론 제공함량은 부분적으로라고 설명했습니다."
dataset_ko_318_final,entity_simple_hard_test_marketing_00128:final:0,entity_simple_hard_test_marketing_00128,entity_simple_hard_test_marketing_00128,True,same_source_sibling_facts,1,4,23,20,실습 C반 2차 신입생 캠페인 설명에서 대상과 보상만 알려줘.,"실습 C반 2차 신입생 캠페인에 대해 대상은 신입생이라고, 그리고 보상은 커피 쿠폰이라고 설명했습니다.",True,,,,,False,False,0.8571428571428571,0.6666666666666667,0.42857142857142855,0.33333333333333337,True,True,3.106762700015679,1.7346091999788769,,,,,question+passage,"실습 C반 2차 신입생 캠페인 보상은 커피 쿠폰이라고, 대상은 신입생이라고, 그리고 성과 지표는 전환율이라고 설명했습니다.",실습 C반 2차 신입생 캠페인 설명에서 대상과 보상만 알려줬습니다.
dataset_ko_319_final,entity_simple_hard_test_project_00135:final:0,entity_simple_hard_test_project_00135,entity_simple_hard_test_project_00135,True,same_source_sibling_facts,1,4,23,20,파일럿 D반 2차 프론트엔드 점검 설명 중 마감과 공유 위치에 해당하는 내용만 답해줘.,"파일럿 D반 2차 프론트엔드 점검에 대해 마감은 다음 달 첫째 주 화요일이라고, 그리고 공유 위치는 프로젝트 슬랙 채널이라고 설명했습니다.",True,,,,,False,False,0.9189189189189189,0.5454545454545455,0.45945945945945943,0.27272727272727276,True,False,4.1786242999951355,4.625252300000284,,,,,question+passage,"파일럿 D반 2차 프론트엔드 점검 설명에 대해 공유 위치은 프로젝트 슬랙 채널이라고, 담당은 프론트엔드 파트라고, 그리고 마감은 다음 달 첫째 주 화요일이라고 설명했습니다.","파일럿 D반 2차 프론트엔드 점검에 대해 마감은 종료되지만 공유 위치는 개인 작업자에 게시板을 설정하라는 S/W 인증 기준이라고, 확인 기준은 사용자 범위라고, 그리고 수신 범위은 프로젝트 파트너라고 설명했습니다."
dataset_ko_320_final,entity_simple_hard_test_art_history_00091:final:0,entity_simple_hard_test_art_history_00091,entity_simple_hard_test_art_history_00091,True,same_source_sibling_facts,1,4,23,20,여름 오후반 1차 르네상스 설명 중 비교 포인트와 비유에 해당하는 내용만 답해줘.,"여름 오후반 1차 르네상스에 대해 비교 포인트는 절대왕정 중심 설명과 다르다고, 그리고 비유는 사람을 화면 중앙에 다시 세우는 방식이라고 설명했습니다.",True,,,,,False,False,0.9268292682926829,0.8837209302325582,0.46341463414634143,0.4418604651162791,True,True,3.9622097000246868,4.241911499993876,,,,,tie,"여름 오후반 1차 르네상스에 대해 비교 포인트는 절대왕정 중심 설명과 다르다고, 핵심 특징은 인문주의라고, 그리고 비유는 사람을 화면 중앙에 다시 세우는 방식이라고 설명했습니다.","여름 오후반 1차 르네상스에 대해 비교 포인트는 절대왕정 중심 설명과 다르다고, 비유는 사람을 화면 중앙에 다시 세우는 방식이라고, 그리고 비유의 특징은 인문주의를 emphasis하는 방식이라고 설명했습니다."
dataset_ko_321_final,entity_simple_hard_test_art_history_00307:final:0,entity_simple_hard_test_art_history_00307,entity_simple_hard_test_art_history_00307,True,same_source_sibling_facts,1,4,23,20,심화 A반 4차 르네상스 설명 중 핵심 특징과 목적에 해당하는 내용만 답해줘.,"심화 A반 4차 르네상스에 대해 핵심 특징은 인문주의라고, 그리고 목적은 사람의 가치를 드러내는 것이라고 설명했습니다.",True,,,,,False,False,0.9655172413793104,0.6486486486486486,0.4827586206896552,0.3243243243243243,True,True,2.5723067999933846,3.373140899988357,,,,,question+passage,"심화 A반 4차 르네상스에 대해 핵심 특징은 인문주의라고, 목적은 사람의 가치를 드러내는 것이라고 설명했습니다.","심화 A반 4차 르네상스에 대해 핵심 특징과 목적은 인문주의라고, 목적은 사람의 Beautiful Moment이라고, 그리고 핵심 특징은 인문주의와 Contrast with classical features라고 설명했습니다."
dataset_ko_322_final,entity_simple_hard_test_os_concept_00006:final:0,entity_simple_hard_test_os_concept_00006,entity_simple_hard_test_os_concept_00006,True,same_source_sibling_facts,1,4,23,20,교수님이 정규 A반 1차 캐시의 역할과 장점을 어떻게 말했어?,"정규 A반 1차 캐시에 대해 역할은 자주 쓰는 정보를 가까이 둔다고, 그리고 장점은 반복 접근을 빠르게 만든다고 설명했습니다.",True,,,,,False,False,0.7999999999999999,0.6829268292682927,0.39999999999999997,0.34146341463414637,True,True,3.9044901999877766,3.9464072000118904,,,,,question+passage,"prof의 A반 1차 캐시의 역할은 자주 쓰는 정보를 가까이 둔다고, 장점은 반복 접근을 빠르게 만든다고, 그리고 비유는 책상 위에 올려둔 책이라고 설명했습니다.","교수님의 정규 A반 1차 캐시에 대해 역할은 정보 접근을 빠르게 만든다고, 장점은 반복 접근을 빠르게 만든다고, 그리고 비유는 책상 위에 올려둔 책이라고 설명했습니다."
dataset_ko_323_final,entity_simple_hard_test_statistics_00189:final:0,entity_simple_hard_test_statistics_00189,entity_simple_hard_test_statistics_00189,True,same_source_sibling_facts,1,4,23,20,세미나 오전반 2차 신뢰구간에서 활용과 비유를 함께 정리해줘.,"세미나 오전반 2차 신뢰구간에 대해 활용은 추정의 불확실성을 설명할 때 쓴다고, 그리고 비유는 정답이 있을 법한 범위를 그은 지도라고 설명했습니다.",True,,,,,False,False,0.8837209302325582,0.6842105263157895,0.4418604651162791,0.34210526315789475,True,True,4.146951500035357,3.4129071999923326,,,,,question+passage,"세미나 오전반 2차 신뢰구간에 대해 비유는 정답이 있을 법한 범위를 그은 지도라고, 주의점은 정답 하나를 보장하지 않는다고, 그리고 활용은 추정의 불확실성을 설명할 때 쓴다고 설명했습니다.","세미나 오전반 2차 신뢰구간에 대해 활용은 추정의 불확실성을 설명할 때 쓴다고, 비유는 일반 범위라고, 그리고 활용은 추정의 일부를 보장하는다고 설명했습니다."
dataset_ko_324_final,entity_simple_hard_test_art_history_00016:final:0,entity_simple_hard_test_art_history_00016,entity_simple_hard_test_art_history_00016,True,same_source_sibling_facts,1,4,23,20,정규 B반 1차 바로크 설명에서 핵심 특징과 목적만 알려줘.,"정규 B반 1차 바로크에 대해 핵심 특징은 극적 명암이라고, 그리고 목적은 감정을 강하게 전달하는 것이라고 설명했습니다.",True,,,,,False,False,0.8421052631578948,0.7692307692307693,0.4210526315789474,0.38461538461538464,True,True,3.5989204000215977,3.864355199970305,,,,,question+passage,"정규 B반 1차 바로크에 대해 핵심 특징은 극적 명암이라고, 비유는 무대 조명이 한 장면을 강조하는 방식이라고, 그리고 목적은 감정을 강하게 전달하는 것이라고 설명했습니다.","정규 B반 1차 바로크 설명에 대해 핵심 특징은 극적 명암으로 의중을 강조하는 것이라고, 목적은 감정을 극적으로 전달하는 것이라고, 그리고 핵심 특징은 극적 명암이라고 설명했습니다."
dataset_ko_325_final,entity_simple_hard_test_os_concept_00364:final:0,entity_simple_hard_test_os_concept_00364,entity_simple_hard_test_os_concept_00364,True,same_source_sibling_facts,1,4,23,20,캡스톤 3팀 4차 프로세스 설명에서 주의점과 비유만 알려줘.,"캡스톤 3팀 4차 프로세스에 대해 주의점은 자원을 너무 많이 쓰면 느려질 수 있다고, 그리고 비유는 독립된 식당이라고 설명했습니다.",True,,,,,False,False,0.85,0.7619047619047621,0.425,0.38095238095238104,True,True,4.281263399985619,4.1279808999970555,,,,,question+passage,"캡스톤 3팀 4차 프로세스 설명에 대해 주의점은 자원을 너무 많이 쓰면 느려질 수 있다고, 비유는 독립된 식당이라고, 그리고 역할은 독립된 식당을 연결하는 데 도움이 된다고 설명했습니다.","캡스톤 3팀 4차 프로세스에 대해 주의점은 자원을 너무 많이 쓰면 느려질 수 있다고, 비유는 멋진 방이 무서운 feeling을 가진다고, 그리고 역할은 독립된 실행 공간을 가진다고 설명했습니다."
dataset_ko_326_final,entity_simple_hard_test_os_concept_00365:final:0,entity_simple_hard_test_os_concept_00365,entity_simple_hard_test_os_concept_00365,True,same_source_sibling_facts,1,4,23,20,파일럿 3팀 4차 스레드에서 주의점과 비유를 함께 정리해줘.,"파일럿 3팀 4차 스레드에 대해 주의점은 공유 자원 관리가 필요하다고, 그리고 비유는 같은 식당 안에서 일하는 직원이라고 설명했습니다.",True,,,,,False,False,0.878048780487805,0.411764705882353,0.4390243902439025,0.2058823529411765,True,False,3.630387100041844,2.8721588000189513,,,,,question+passage,"파일럿 3팀 4차 스레드에 대해 비유는 같은 식당 안에서 일하는 직원이라고, 장점은 작업을 가볍게 나눌 수 있다고, 그리고 주의점은 공유 자원 관리가 필요하다고 설명했습니다.","파일럿 3팀 4차 스레드에 대해 주의점으로는 문제이전이 심각하고, 비유는 동행에서 관련 작업을 나누어 지을 수 있다고 설명했습니다."
dataset_ko_327_final,entity_simple_hard_test_dessert_00145:final:0,entity_simple_hard_test_dessert_00145,entity_simple_hard_test_dessert_00145,True,same_source_sibling_facts,1,4,23,20,파일럿 1팀 2차 솜사탕에서 비유와 색깔을 함께 정리해줘.,"파일럿 1팀 2차 솜사탕에 대해 비유는 구름 같은 간식이라고, 그리고 색깔은 분홍색이라고 설명했습니다.",True,,,,,False,False,0.7741935483870968,0.7407407407407408,0.3870967741935484,0.3703703703703704,True,False,3.4482274999609217,2.6487376000150107,,,,,tie,"파일럿 1팀 2차 솜사탕에 대해 주의는 구름 같은 간식이라고, 특징은 입에 닿으면 빠르게 사라진다고, 그리고 색깔은 분홍색이라고 설명했습니다.","파일럿 1팀 2차 솜사탕에 대해 비유는 구름 같은 최상의 추 Thought이라고, 색깔은 부분적으로 흰색이라고 설명했습니다."
dataset_ko_328_final,entity_simple_hard_test_statistics_00020:final:0,entity_simple_hard_test_statistics_00020,entity_simple_hard_test_statistics_00020,True,same_source_sibling_facts,1,4,23,20,봄 C반 1차 표본분산 설명에서 의미와 주의점만 알려줘.,"봄 C반 1차 표본분산에 대해 의미는 흩어짐 측정이라고, 그리고 주의점은 순위 정렬과 다르다고 설명했습니다.",True,,,,,False,False,0.8125000000000001,0.8666666666666666,0.40625000000000006,0.4333333333333333,True,True,3.5225692999665625,3.243891199992504,,,,,passage-only,"봄 C반 1차 표본분산에 대해 주의점은 순위 정렬과 다르다고, 의미는 흩어짐 측정이라고, 그리고 비유는 점들이 얼마나 퍼졌는지 보는 자라고 설명했습니다.","봄 C반 1차 표본분산 설명에 대해 의미는 흩어짐 측정이라고, 주의점은 순위 정렬과 다르다고, 그리고 주의점은 순위 정렬과 다르다고 설명했습니다."
dataset_ko_329_final,entity_simple_hard_test_marketing_00299:final:0,entity_simple_hard_test_marketing_00299,entity_simple_hard_test_marketing_00299,True,same_source_sibling_facts,1,4,23,20,세미나 오후반 3차 멘토링 이벤트 설명 중 핵심 채널과 성과 지표에 해당하는 내용만 답해줘.,"세미나 오후반 3차 멘토링 이벤트에 대해 핵심 채널은 이메일 뉴스레터라고, 그리고 성과 지표는 재방문율이라고 설명했습니다.",True,,,,,False,False,0.7878787878787877,0.7647058823529413,0.39393939393939387,0.3823529411764707,True,True,3.5927300000330433,4.22701390000293,,,,,tie,"세미나 오후반 3차 멘토링 이벤트 설명에 대해 핵심 채널은 재방문율이라고, 대상은 멘토링 참여 학생이라고, 그리고 성과 지표는 재방문율이라고 설명했습니다.","세미나 오후반 3차 멘토링 이벤트에 대해 핵심 채널은 이메일 뉴스레터라고, 핵심 채널로 소개합니다. 성과 지표는 재방문율이라고, 핵심 채널으로 이해합니다."
dataset_ko_330_final,entity_simple_hard_test_statistics_00140:final:0,entity_simple_hard_test_statistics_00140,entity_simple_hard_test_statistics_00140,True,same_source_sibling_facts,1,4,23,20,봄 1팀 2차 표본분산 설명에서 비유와 활용만 알려줘.,"봄 1팀 2차 표본분산에 대해 비유는 점들이 얼마나 퍼졌는지 보는 자라고, 그리고 활용은 데이터 변동성을 볼 때 쓴다고 설명했습니다.",True,,,,,False,False,0.967741935483871,0.888888888888889,0.4838709677419355,0.4444444444444445,True,True,2.881460500007961,3.7010933999554254,,,,,question+passage,"봄 1팀 2차 표본분산에 대해 비유는 점들이 얼마나 퍼졌는지 보는 자라고, 활용은 데이터 변동성을 볼 때 쓴다고 설명했습니다.","봄 1팀 2차 표본분산 설명에 대해 비유는 점들이 얼마나 퍼졌는지 보는 자라고, 주의점은 순위 정렬과 다르다고, 그리고 활용은 데이터 변동성을 볼 때 쓴다고 설명했습니다."
dataset_ko_331_final,entity_simple_hard_test_marketing_00248:final:0,entity_simple_hard_test_marketing_00248,entity_simple_hard_test_marketing_00248,True,same_source_sibling_facts,1,4,23,20,실습 1팀 3차 신입생 캠페인 설명에서 성과 지표와 핵심 채널만 알려줘.,"실습 1팀 3차 신입생 캠페인에 대해 성과 지표는 전환율이라고, 그리고 핵심 채널은 인스타그램이라고 설명했습니다.",True,,,,,False,False,0.7999999999999999,0.75,0.39999999999999997,0.375,True,False,3.4452541999635287,2.2217063999851234,,,,,tie,"실습 1팀 3차 신입생 캠페인 설명에 대해 핵심 채널은 인스타그램과 월ly 채널을 사용했다고, 성과 지표는 전환율이라고 설명했습니다.",실습 1팀 3차 신입생 캠페인 설명에서 성과 지표와 핵심 채널만 알려주겠습니다.
dataset_ko_332_final,entity_simple_hard_test_project_00398:final:0,entity_simple_hard_test_project_00398,entity_simple_hard_test_project_00398,True,same_source_sibling_facts,1,4,23,20,교수님이 실습 오후반 4차 AI 모델 평가의 담당과 확인 기준을 어떻게 말했어?,"실습 오후반 4차 AI 모델 평가에 대해 담당은 AI 파트라고, 그리고 확인 기준은 정답률이라고 설명했습니다.",True,,,,,False,False,0.6857142857142857,0.6666666666666667,0.34285714285714286,0.33333333333333337,True,True,3.229296399978921,4.399122700036969,,,,,tie,"교수님의 AI 모델 평가의 담당과 확인 기준에 대해 확인 기준은 정답률이라고, 공유 위치는 회의록 폴더라고, 그리고 담당은 AI 파트라고 설명했습니다.","교수님이 실습 오후반 4차 AI 모델 평가의 담당과 확인 기준에 대해 담당은 AI 파트라고, 확인 기준은 정답률을 설명했다고, 그리고 추가 정보는 오류 범위가 100% 를 넘지 않는다고 설명했습니다."
dataset_ko_333_final,entity_simple_hard_test_statistics_00311:final:0,entity_simple_hard_test_statistics_00311,entity_simple_hard_test_statistics_00311,True,same_source_sibling_facts,1,4,23,20,여름 B반 4차 회귀분석 설명 중 의미와 주의점에 해당하는 내용만 답해줘.,"여름 B반 4차 회귀분석에 대해 의미는 관계의 경향 설명이라고, 그리고 주의점은 모든 원인을 증명하지는 않는다고 설명했습니다.",True,,,,,False,False,0.5499999999999999,0.5945945945945946,0.27499999999999997,0.2972972972972973,True,True,4.264557800022885,3.2590379000175744,,,,,tie,"여름 B반 4차 회귀분석 설명에 대해 주의점은 관계의 경향 설명에 대해 추가할 수 있다고, 의미는 데이터와 외계자로的区别는 다르라고, 그리고 비유는 흩어진 점 사이에 길을 그어 보는 일이라고 설명했습니다.","여름 B반 4차 회귀분석 설명에 대해 의미는 관계의 경향 설명이라고, 경향은 강도는 작아진다고, 그리고 의미는 변수의 값이 다른 값을 설명할 때 사용한다고 설명했습니다."
dataset_ko_334_final,entity_simple_hard_test_art_history_00138:final:0,entity_simple_hard_test_art_history_00138,entity_simple_hard_test_art_history_00138,True,same_source_sibling_facts,1,4,23,20,교수님이 실습 D반 2차 인상주의의 비유와 비교 포인트를 어떻게 말했어?,"실습 D반 2차 인상주의에 대해 비유는 햇빛이 흔들리는 수면에 비친 모습이라고, 그리고 비교 포인트는 정확한 윤곽보다 색감이 중요하다고 설명했습니다.",True,,,,,False,False,0.6,0.6341463414634148,0.3,0.3170731707317074,True,True,3.4018481000093743,4.126607400015928,,,,,tie,"실습 D반 2차 인상주의에 대해 비유는 시간이 길어질 것이라고, 특징은 정확한 윤곽보다 색감이 중요하다고, 그리고 목적은 관찰 순간을 살리는 것이라고 설명했습니다.","실습 D반 2차 인상주의에 대해 비유는 그 느낌을 주는 포인트가 빛을 내는 곳이라고, 차이점은 인상주의의 면면과 비교 포인트는 정확한 윤곽보다 색감이 중요하다고 설명했습니다."
dataset_ko_335_final,entity_simple_hard_test_project_00375:final:0,entity_simple_hard_test_project_00375,entity_simple_hard_test_project_00375,True,same_source_sibling_facts,1,4,23,20,파일럿 4팀 4차 프론트엔드 점검 설명 중 공유 위치와 마감에 해당하는 내용만 답해줘.,"파일럿 4팀 4차 프론트엔드 점검에 대해 공유 위치는 프로젝트 슬랙 채널이라고, 그리고 마감은 다음 달 첫째 주 화요일이라고 설명했습니다.",True,,,,,False,False,0.9696969696969697,0.7027027027027027,0.48484848484848486,0.35135135135135137,True,True,3.337918500008527,4.183649100014009,,,,,question+passage,"파일럿 4팀 4차 프론트엔드 점검 설명에 대해 공유 위치는 프로젝트 슬랙 채널이라고, 마감은 다음 달 첫째 주 화요일이라고 설명했습니다.","파일럿 4팀 4차 프론트엔드 점검에 대해 공유 책임자와 담당은 프론트엔드 파트라고, 마감은 다음 달 첫째 주 화요일이라고, 그리고 담당은 프론트엔드 파트라고 설명했습니다."
dataset_ko_336_final,entity_simple_hard_test_os_concept_00100:final:0,entity_simple_hard_test_os_concept_00100,entity_simple_hard_test_os_concept_00100,True,same_source_sibling_facts,1,4,23,20,봄 A반 2차 프로세스 설명에서 역할과 장점만 알려줘.,"봄 A반 2차 프로세스에 대해 역할은 독립된 실행 공간을 가진다고, 그리고 장점은 서로 영향을 줄이는 데 도움이 된다고 설명했습니다.",True,,,,,False,False,0.9189189189189189,0.6875,0.45945945945945943,0.34375,True,True,3.612448300002143,2.752339099999517,,,,,question+passage,"봄 A반 2차 프로세스 설명에 대해 장점은 서로 영향을 줄이는 데 도움이 된다고, 역할은 독립된 실행 공간을 가진다고, 그리고 비유는 독립된 식당이라고 설명했습니다.","봄 A반 2차 프로세스에 대해 역할은 독립된 실행 공간을 가진다고, 그리고 역할은 독립된 프로세스를 가진다고 설명했습니다."
dataset_ko_337_final,entity_simple_hard_test_marketing_00152:final:0,entity_simple_hard_test_marketing_00152,entity_simple_hard_test_marketing_00152,True,same_source_sibling_facts,1,4,23,20,가을 2팀 2차 신입생 캠페인 설명에서 성과 지표와 핵심 채널만 알려줘.,"가을 2팀 2차 신입생 캠페인에 대해 성과 지표는 전환율이라고, 그리고 핵심 채널은 인스타그램이라고 설명했습니다.",True,,,,,False,False,0.962962962962963,0.65,0.4814814814814815,0.325,True,True,2.7840121999615803,5.771943400031887,,,,,question+passage,"가을 2팀 2차 신입생 캠페인에 대해 핵심 채널은 인스타그램이라고, 성과 지표는 전환율이라고 설명했습니다.","가을 2팀 2차 신입생 캠페인 설명에서 성과 지표와 핵심 채널만 알려주는 곳은 인스타그램이라고, 핵심 채널은 인스타그램의 핵심 채널이라고, 성과 지표는 전환율이라고, 그리고 핵심 채널의 줌 인출은 0%라고 설명했습니다."
dataset_ko_338_final,entity_simple_hard_test_os_concept_00245:final:0,entity_simple_hard_test_os_concept_00245,entity_simple_hard_test_os_concept_00245,True,same_source_sibling_facts,1,4,23,20,파일럿 1팀 3차 스레드에서 장점과 역할을 함께 정리해줘.,"파일럿 1팀 3차 스레드에 대해 장점은 작업을 가볍게 나눌 수 있다고, 그리고 역할은 프로세스 안에서 작업을 나누어 실행한다고 설명했습니다.",True,,,,,False,False,0.8571428571428571,0.5957446808510638,0.42857142857142855,0.2978723404255319,True,True,3.757892199966591,4.670184499991592,,,,,question+passage,"파일럿 1팀 3차 스레드에 대해 장점은 작업을 가볍게 나눌 수 있다고, 역할은 프로세스 안에서 작업을 나누어 실행한다고, 그리고 비유는 같은 식당 안에서 일하는 직원이라고 설명했습니다.","파일럿 1팀 3차 스레드에 대해 주의점은 공유 자원 관리와 관련이 깊다라고, 역할은 프로세스 안에서 작업을 나누어 실행한다고, 그리고 예를 들어는 알고리드 동기화 관련 코드는 매우 간단한 작업을 가진다라고 설명했습니다."
dataset_ko_339_final,entity_simple_hard_test_os_concept_00343:final:0,entity_simple_hard_test_os_concept_00343,entity_simple_hard_test_os_concept_00343,True,same_source_sibling_facts,1,4,23,20,겨울 1팀 4차 큐 설명 중 장점과 역할에 해당하는 내용만 답해줘.,"겨울 1팀 4차 큐에 대해 장점은 처리 순서를 명확하게 만든다고, 그리고 역할은 작업을 순서대로 기다리게 한다고 설명했습니다.",True,,,,,False,False,0.8717948717948718,0.8717948717948718,0.4358974358974359,0.4358974358974359,True,True,3.5778248999849893,3.5786647999775596,,,,,tie,"겨울 1팀 4차 큐에 대해 장점은 처리 순서를 명확하게 만든다고, 역할은 작업을 순서대로 기다리게 한다고, 그리고 주의점은 대기 시간이 길어질 수 있다고 설명했습니다.","겨울 1팀 4차 큐에 대해 장점은 처리 순서를 명확하게 만든다고, 역할은 작업을 순서대로 기다리게 한다고, 그리고 주의점은 대기 시간이 길어질 수 있다고 설명했습니다."
dataset_ko_340_final,entity_simple_hard_test_marketing_00202:final:0,entity_simple_hard_test_marketing_00202,entity_simple_hard_test_marketing_00202,True,same_source_sibling_facts,1,4,23,20,교수님이 가을 A반 3차 스터디 모집의 핵심 채널과 성과 지표를 어떻게 말했어?,"가을 A반 3차 스터디 모집에 대해 핵심 채널은 학과 홈페이지라고, 그리고 성과 지표는 완료율이라고 설명했습니다.",True,,,,,False,False,0.5581395348837209,0.8333333333333333,0.27906976744186046,0.41666666666666663,True,True,4.927804099977948,3.973914300033357,,,,,passage-only,"교수님이 가을 A반 3차 스터디 모집의 핵심 채널을 성과 지표로 설정하는 이유은 핵심 채널이 다른 경로에서 요청구도가 similarities를 보는 경우라고, 대상은 스터디 신청자라고, 그리고 성과 지표는 완료율이라고 설명했습니다.","교수님의 가을 A반 3차 스터디 모집에 대해 핵심 채널은 학과 홈페이지라고, 성과 지표는 완료율이라고, 그리고 핵심 채널은 학과 강의 학습결과보고서라고 설명했습니다."
dataset_ko_341_final,entity_simple_hard_test_project_00348:final:0,entity_simple_hard_test_project_00348,entity_simple_hard_test_project_00348,True,same_source_sibling_facts,1,4,23,20,실습 1팀 4차 최종 발표 설명에서 확인 기준과 담당만 알려줘.,"실습 1팀 4차 최종 발표에 대해 확인 기준은 근거 제시 여부라고, 그리고 담당은 기획 파트라고 설명했습니다.",True,,,,,False,False,0.7222222222222223,0.6341463414634146,0.36111111111111116,0.3170731707317073,True,False,3.1786940000019968,3.528206799994223,,,,,question+passage,"실습 1팀 4차 최종 발표 설명에 대해 확인 기준과 담당은 기획 파트라고, 공유 위치는 팀 노션 페이지라고, 그리고 담당은 기획 파트라고 설명했습니다.","실습 1팀 4차 최종 발표 설명에 대해 확인 기준은 확인 기준 세부 곳은 팀 노션 페이지라고, 담당은 기획, 실행 파트라고, 그리고 발표 내용은 종합 의견 집합이라고 설명했습니다."
dataset_ko_342_final,entity_simple_hard_test_project_00229:final:0,entity_simple_hard_test_project_00229,entity_simple_hard_test_project_00229,True,same_source_sibling_facts,1,4,23,20,세미나 C반 3차 백엔드 배포에서 마감과 공유 위치를 함께 정리해줘.,"세미나 C반 3차 백엔드 배포에 대해 마감은 수요일 오후 다섯 시라고, 그리고 공유 위치는 깃허브 이슈 탭이라고 설명했습니다.",True,,,,,False,False,0.923076923076923,0.65,0.4615384615384615,0.325,True,True,3.5334316000225954,3.478206700005103,,,,,question+passage,"세미나 C반 3차 백엔드 배포에 대해 공유 위치는 깃허브 이슈 탭이라고, 담당은 백엔드 팀이라고, 그리고 마감은 수요일 오후 다섯 시라고 설명했습니다.","세미나 C반 3차 백엔드 배포에 대해 마감은 수요일 오후 다섯 시라고, 함께 정리해줄 곳은 커밋에 댓글이라고, 그리고 확인 기준은 오류 발생률이라고 설명했습니다."
dataset_ko_343_final,entity_simple_hard_test_statistics_00165:final:0,entity_simple_hard_test_statistics_00165,entity_simple_hard_test_statistics_00165,True,same_source_sibling_facts,1,4,23,20,파일럿 3팀 2차 신뢰구간에서 주의점과 의미를 함께 정리해줘.,"파일럿 3팀 2차 신뢰구간에 대해 주의점은 정답 하나를 보장하지 않는다고, 그리고 의미는 모수 추정 범위라고 설명했습니다.",True,,,,,False,False,0.8648648648648648,0.5263157894736842,0.4324324324324324,0.2631578947368421,True,False,3.3958805999718606,4.006884099973831,,,,,question+passage,"파일럿 3팀 2차 신뢰구간에 대해 주의점은 정답 하나를 보장하지 않는다고, 의미는 모수 추정 범위라고, 그리고 비유는 정답 하나를 보장하지 않는다고 설명했습니다.","파일럿 3팀 2차 신뢰구간에 대해 주의점은 사용하지 않아도 되는 것이라고, 의미는 추정의 불확실성을 설명할 때 쓴다고, 그리고 주의점과 의미만 쓴 글보다 긴 글이 아니라다고 설명했습니다."
dataset_ko_344_final,entity_simple_hard_test_marketing_00104:final:0,entity_simple_hard_test_marketing_00104,entity_simple_hard_test_marketing_00104,True,same_source_sibling_facts,1,4,23,20,캡스톤 A반 2차 신입생 캠페인 설명에서 핵심 채널과 성과 지표만 알려줘.,"캡스톤 A반 2차 신입생 캠페인에 대해 핵심 채널은 인스타그램이라고, 그리고 성과 지표는 전환율이라고 설명했습니다.",True,,,,,False,False,0.8571428571428571,0.75,0.42857142857142855,0.375,True,True,2.9405131000094116,3.9857039999915287,,,,,question+passage,"캡스톤 A반 2차 신입생 캠페인 성과 지표가 성과 지표는 전환율이라고, 핵심 채널이 인스타그램이라고 설명했습니다.","캡스톤 A반 2차 신입생 캠페인 설명에서 핵심 채널은 인스타그램입니다. 성과 지표는 전환율이라고, 참여율은 핵심 채널이라고, 그리고 대상은 신입생이라고 설명했습니다."
dataset_ko_345_final,entity_simple_hard_test_art_history_00377:final:0,entity_simple_hard_test_art_history_00377,entity_simple_hard_test_art_history_00377,True,same_source_sibling_facts,1,4,23,20,심화 4팀 4차 입체주의에서 비교 포인트와 비유를 함께 정리해줘.,"심화 4팀 4차 입체주의에 대해 비교 포인트는 단일 원근과 다르다고, 그리고 비유는 여러 방향에서 본 사물을 한 화면에 놓는 방식이라고 설명했습니다.",True,,,,,False,False,0.717948717948718,0.9047619047619047,0.358974358974359,0.45238095238095233,True,True,3.0602563999709673,3.796739599958528,,,,,passage-only,"심화 4팀 4차 입체주의에 대해 비교 포인트는 단일 원근과 다르다고, 비유는 여러 시점이라고, 그리고 목적은 대상을 새롭게 해석하는 것이라고 설명했습니다.","심화 4팀 4차 입체주의에 대해 비교 포인트는 단일 원근과 다르다고, 핵심 특징은 여러 시점이라고, 그리고 비유는 여러 방향에서 본 사물을 한 화면에 놓는 방식이라고 설명했습니다."
dataset_ko_346_final,entity_simple_hard_test_marketing_00057:final:0,entity_simple_hard_test_marketing_00057,entity_simple_hard_test_marketing_00057,True,same_source_sibling_facts,1,4,23,20,심화 2팀 1차 동아리 홍보에서 성과 지표와 핵심 채널을 함께 정리해줘.,"심화 2팀 1차 동아리 홍보에 대해 성과 지표는 참여율이라고, 그리고 핵심 채널은 오픈채팅방이라고 설명했습니다.",True,,,,,False,False,0.9032258064516129,0.7878787878787878,0.45161290322580644,0.3939393939393939,True,True,3.2332376000122167,3.585757599968929,,,,,question+passage,"심화 2팀 1차 동아리 홍보에 대해 핵심 채널은 오픈채팅방이라고, 대상은 동아리 회원이라고, 그리고 성과 지표는 참여율이라고 설명했습니다.","심화 2팀 1차 동아리 홍보에 대해 성과 지표는 참여율이라고, 핵심 채널은 게시판과 투입 채널이라고, 그리고 결과는 참여율로 계산이라고 설명했습니다."
dataset_ko_347_final,entity_simple_hard_test_dessert_00195:final:0,entity_simple_hard_test_dessert_00195,entity_simple_hard_test_dessert_00195,True,same_source_sibling_facts,1,4,23,20,파일럿 오후반 2차 브라우니 설명 중 색깔과 비유에 해당하는 내용만 답해줘.,"파일럿 오후반 2차 브라우니에 대해 색깔은 진한 갈색이라고, 그리고 비유는 초콜렛을 압축한 케이크라고 설명했습니다.",True,,,,,False,False,0.8750000000000001,0.9032258064516129,0.43750000000000006,0.45161290322580644,True,True,3.8305096000549383,3.7462444999837317,,,,,tie,"파일럿 오후반 2차 브라우니에 대해 색깔은 진한 갈색이라고, 비유는 초콜렛을 압축한 케이크라고, 그리고 특징은 속이 촉촉하게 남는다고 설명했습니다.","파일럿 오후반 2차 브라우니에 대해 색깔은 진한 갈색이라고, 비유는 초콜렛을 압축한 케이크라고, 그리고 맛은 묵직하게 달콤하다고 설명했습니다."
dataset_ko_348_final,entity_simple_hard_test_os_concept_00174:final:0,entity_simple_hard_test_os_concept_00174,entity_simple_hard_test_os_concept_00174,True,same_source_sibling_facts,1,4,23,20,교수님이 캡스톤 4팀 2차 캐시의 주의점과 비유를 어떻게 말했어?,"캡스톤 4팀 2차 캐시에 대해 주의점은 오래된 정보가 남을 수 있다고, 그리고 비유는 책상 위에 올려둔 책이라고 설명했습니다.",True,,,,,False,False,0.7999999999999999,0.65,0.39999999999999997,0.325,True,True,3.9418499000021257,3.4427334000356495,,,,,question+passage,"prof의 4팀 2차 캐시의 주의점에 대해 비유는 책상 위에 올려둔 책이라고, 장점은 반복 접근을 빠르게 만든다고, 그리고 주의점은 오래된 정보가 남을 수 있다고 설명했습니다.","Professor Lee's Cache 설명서 비유에 대해 주의점은 오래된 정보가 남을 수 있다고, 비유는 책상 위에 올려둔 책이라고, 그리고 장점은 반복 접근을 빠르게 만든다고 설명했습니다."
dataset_ko_349_final,entity_simple_hard_test_statistics_00238:final:0,entity_simple_hard_test_statistics_00238,entity_simple_hard_test_statistics_00238,True,same_source_sibling_facts,1,4,23,20,교수님이 실습 D반 3차 상관계수의 비유와 활용을 어떻게 말했어?,"실습 D반 3차 상관계수에 대해 비유는 두 변수의 움직임을 비교하는 나침반이라고, 그리고 활용은 관계 강도를 빠르게 살필 때 쓴다고 설명했습니다.",True,,,,,False,False,0.7555555555555556,0.6,0.3777777777777778,0.3,True,True,5.103128399990965,4.109522500017192,,,,,question+passage,"professor의 실습 D반 3차 상관계수을 혼합에 조언을 추가합니다. 관계 비유는 두 변수의 움직임을 비교하는 나침반이라고, 주의점은 원인 증명을 뜻하지 않는다고, 그리고 활용은 관계 강도를 빠르게 살필 때 쓴다고 설명했습니다.","교수님이 실습 D반 3차 상관계수의 비유와 활용을 간단히 말하면 새로운 관계의 강도를 빠르게 살필 때 쓴다고, 활용은 관계 강도를 빠르게 살필 때 쓴다고 설명했습니다."
dataset_ko_350_final,entity_simple_hard_test_dessert_00266:final:0,entity_simple_hard_test_dessert_00266,entity_simple_hard_test_dessert_00266,True,same_source_sibling_facts,1,4,23,20,교수님이 정규 3팀 3차 마카롱의 특징과 맛을 어떻게 말했어?,"정규 3팀 3차 마카롱에 대해 특징은 겉은 바삭하고 속은 촉촉하다고, 그리고 맛은 부드럽고 진하다고 설명했습니다.",True,,,,,False,False,0.7586206896551724,0.3703703703703704,0.3793103448275862,0.1851851851851852,True,False,2.9948835999821313,2.2684931000112556,,,,,question+passage,"교수님에 대해 특징은 겉은 바삭하고 속은 촉촉하다고, 색깔은 알록달록하다고, 그리고 맛은 부드럽고 진하다고 설명했습니다.","교수님이 정규 3팀 3차 마카롱의 특징과 맛을 설명해, 상세한 설명을 구현하는 코드를 설명합니다."
dataset_ko_351_final,entity_simple_hard_test_project_00013:final:0,entity_simple_hard_test_project_00013,entity_simple_hard_test_project_00013,True,same_source_sibling_facts,1,4,23,20,겨울 B반 1차 백엔드 배포에서 담당과 확인 기준을 함께 정리해줘.,"겨울 B반 1차 백엔드 배포에 대해 담당은 백엔드 팀이라고, 그리고 확인 기준은 오류 발생률이라고 설명했습니다.",True,,,,,False,False,0.8571428571428571,0.7368421052631579,0.42857142857142855,0.3684210526315789,True,True,3.3050402000080794,3.8346357000409625,,,,,question+passage,"겨울 B반 1차 백엔드 배포에 대해 확인 기준은 오류 발생률이라고, 공유 위치는 깃허브 이슈 탭이라고, 그리고 담당은 백엔드 팀이라고 설명했습니다.","겨울 B반 1차 백엔드 배포에 대해 담당은 백엔드 팀이라고, 마감은 수요일 오후 다섯 시라고, 그리고 확인 기준은 오류 종류가 승인 범위 내 오류라고 설명했습니다."
dataset_ko_352_final,entity_simple_hard_test_os_concept_00388:final:0,entity_simple_hard_test_os_concept_00388,entity_simple_hard_test_os_concept_00388,True,same_source_sibling_facts,1,4,23,20,실습 오전반 4차 프로세스 설명에서 역할과 장점만 알려줘.,"실습 오전반 4차 프로세스에 대해 역할은 독립된 실행 공간을 가진다고, 그리고 장점은 서로 영향을 줄이는 데 도움이 된다고 설명했습니다.",True,,,,,False,False,0.8372093023255813,0.923076923076923,0.41860465116279066,0.4615384615384615,True,True,4.126227600034326,3.6971420999616385,,,,,passage-only,"실습 오전반 4차 프로세스 설명에 대해 장점은 서로 영향을 줄이는 데 도움이 된다고, 주의점은 자원을 너무 많이 쓰면 느려질 수 있다고, 그리고 역할은 독립된 실행 공간을 가진다고 설명했습니다.","실습 오전반 4차 프로세스에 대해 역할은 독립된 실행 공간을 가진다고, 비유는 독립된 식당이라고, 그리고 장점은 서로 영향을 줄이는 데 도움이 된다고 설명했습니다."
dataset_ko_353_final,entity_simple_hard_test_os_concept_00148:final:0,entity_simple_hard_test_os_concept_00148,entity_simple_hard_test_os_concept_00148,True,same_source_sibling_facts,1,4,23,20,실습 1팀 2차 프로세스 설명에서 장점과 역할만 알려줘.,"실습 1팀 2차 프로세스에 대해 장점은 서로 영향을 줄이는 데 도움이 된다고, 그리고 역할은 독립된 실행 공간을 가진다고 설명했습니다.",True,,,,,False,False,0.923076923076923,0.5909090909090908,0.4615384615384615,0.2954545454545454,True,True,3.7723356999922544,4.185181700042449,,,,,question+passage,"실습 1팀 2차 프로세스 설명에 대해 장점은 서로 영향을 줄이는 데 도움이 된다고, 역할은 독립된 실행 공간을 가진다고, 그리고 비유는 독립된 식당이라고 설명했습니다.","실습 1팀 2차 프로세스에 대해 장점은 독립된 실행 공간을 가진다고, 역할은 독립된 실행 공간을 가진다고, 예를指的是 실행 공간을 가진다고, 그리고 비유는 독립된 실행 공간을 가진다고 설명했습니다."
dataset_ko_354_final,entity_simple_hard_test_marketing_00346:final:0,entity_simple_hard_test_marketing_00346,entity_simple_hard_test_marketing_00346,True,same_source_sibling_facts,1,4,23,20,교수님이 정규 1팀 4차 스터디 모집의 성과 지표와 핵심 채널을 어떻게 말했어?,"정규 1팀 4차 스터디 모집에 대해 성과 지표는 완료율이라고, 그리고 핵심 채널은 학과 홈페이지라고 설명했습니다.",True,,,,,False,False,0.7741935483870969,0.8823529411764706,0.38709677419354843,0.4411764705882353,True,True,2.866297400032636,3.429168300004676,,,,,passage-only,"교수님이 정규 1팀 4차 스터디 모집의 성과 지표를 중요 학과 홈페이지라고, 핵심 채널은 face-to-face 관리라고 설명했습니다.","교수님의 정규 1팀 4차 스터디 모집에 대해 성과 지표는 완료율이라고, 핵심 채널은 학과 홈페이지라고, 그리고 보상은 우선 신청권이라고 설명했습니다."
dataset_ko_355_final,entity_simple_hard_test_statistics_00188:final:0,entity_simple_hard_test_statistics_00188,entity_simple_hard_test_statistics_00188,True,same_source_sibling_facts,1,4,23,20,실습 오전반 2차 표본분산 설명에서 활용과 비유만 알려줘.,"실습 오전반 2차 표본분산에 대해 활용은 데이터 변동성을 볼 때 쓴다고, 그리고 비유는 점들이 얼마나 퍼졌는지 보는 자라고 설명했습니다.",True,,,,,False,False,0.8947368421052632,0.6521739130434783,0.4473684210526316,0.32608695652173914,True,True,3.7217548999469727,5.298234899993986,,,,,question+passage,"실습 오전반 2차 표본분산에 대해 비유는 점들이 얼마나 퍼졌는지 보는 자라고, 주의점은 순위 정렬과 다르다고, 그리고 활용은 데이터 변동성을 볼 때 쓴다고 설명했습니다.","실습 오전반 2차 표본분산 설명에 대해 활용은 데이터의 분산을 가진ness를 따름으로 해석은 점들이 얼마나 퍼졌는지 보는 자라고, 비유는 점들이 얼마나 퍼졌는지 보는 자라고, 그리고 활용은 새 이미지의 붕어장정도를 내어줄 거리라고 설명했습니다."
dataset_ko_356_final,entity_simple_hard_test_dessert_00171:final:0,entity_simple_hard_test_dessert_00171,entity_simple_hard_test_dessert_00171,True,same_source_sibling_facts,1,4,23,20,여름 4팀 2차 브라우니 설명 중 특징과 맛에 해당하는 내용만 답해줘.,"여름 4팀 2차 브라우니에 대해 특징은 속이 촉촉하게 남는다고, 그리고 맛은 묵직하게 달콤하다고 설명했습니다.",True,,,,,False,False,0.8750000000000001,0.7741935483870968,0.43750000000000006,0.3870967741935484,True,True,3.8040011000121012,3.5244480000110343,,,,,question+passage,"여름 4팀 2차 브라우니에 대해 특징은 속이 촉촉하게 남는다고, 맛은 묵직하게 달콤하다고, 그리고 특징은 속이 촉촉하게 제공하는다고 설명했습니다.","여름 4팀 2차 브라우니에 대해 특징은 속이 촉촉하게 남는다고, 맛은 달콤하게 달라진다고, 그리고 색깔은 진한 갈색이라고 설명했습니다."
dataset_ko_357_final,entity_simple_hard_test_statistics_00261:final:0,entity_simple_hard_test_statistics_00261,entity_simple_hard_test_statistics_00261,True,same_source_sibling_facts,1,4,23,20,여름 3팀 3차 신뢰구간에서 주의점과 의미를 함께 정리해줘.,"여름 3팀 3차 신뢰구간에 대해 주의점은 정답 하나를 보장하지 않는다고, 그리고 의미는 모수 추정 범위라고 설명했습니다.",True,,,,,False,False,0.8421052631578948,0.5945945945945946,0.4210526315789474,0.2972972972972973,True,False,3.778105699981097,3.7189050000160933,,,,,question+passage,"여름 3팀 3차 신뢰구간에 대해 주의점은 정답 하나를 보장하지 않는다고, 의미는 모수 추정 범위라고, 그리고 비유는 정답이 1명, 1명을 보장하지 않는다고 설명했습니다.","여름 3팀 3차 신뢰구간에 대해 주의점은 소수를 구성하지 않는다고, 의미는 생성하는 당일의 일반적인 범위라고, 마지막 역할은 추정의 불확실성을 설명할 때 쓴다고 설명했습니다."
dataset_ko_358_final,entity_simple_hard_test_os_concept_00028:final:0,entity_simple_hard_test_os_concept_00028,entity_simple_hard_test_os_concept_00028,True,same_source_sibling_facts,1,4,23,20,실습 C반 1차 프로세스 설명에서 비유와 주의점만 알려줘.,"실습 C반 1차 프로세스에 대해 비유는 독립된 식당이라고, 그리고 주의점은 자원을 너무 많이 쓰면 느려질 수 있다고 설명했습니다.",True,,,,,False,False,0.8717948717948718,0.5365853658536585,0.4358974358974359,0.26829268292682923,True,True,3.750689100008458,4.255305099999532,,,,,question+passage,"실습 C반 1차 프로세스 설명에 대해 비유는 독립된 식당이라고, 주의점은 자원을 너무 많이 쓰면 느려질 수 있다고, 그리고 역할은 독립된 실행 공간을 가진다고 설명했습니다.","실습 C반 1차 프로세스 설명에 대해 비유는 독립된 식당과 비유가 있다고, 주의점은 독립된 식당이 문제에 종사하는 역할만이 있다고, 그리고 결론은 단일 함수보다 위험은 낮다고 설명했습니다."
dataset_ko_359_final,entity_simple_hard_test_dessert_00048:final:0,entity_simple_hard_test_dessert_00048,entity_simple_hard_test_dessert_00048,True,same_source_sibling_facts,1,4,23,20,실습 1팀 1차 초콜렛 설명에서 비유와 색깔만 알려줘.,"실습 1팀 1차 초콜렛에 대해 비유는 작은 선물 상자라고, 그리고 색깔은 검정색이라고 설명했습니다.",True,,,,,False,False,0.9600000000000001,0.6153846153846154,0.48000000000000004,0.3076923076923077,True,False,2.1459267999744043,2.842757900012657,,,,,question+passage,"실습 1팀 1차 초콜렛 설명에 대해 비유는 작은 선물 상자라고, 색깔은 검정색이라고 설명했습니다.","실습 1팀 1차 초콜렛에 대해 비유는 하나의 이방어라고, 색깔은 모두白衣이라고, 그리고 색깔만이라고 해是因为会给人深刻印象解释做了详答"
dataset_ko_360_final,entity_simple_hard_test_marketing_00371:final:0,entity_simple_hard_test_marketing_00371,entity_simple_hard_test_marketing_00371,True,same_source_sibling_facts,1,4,23,20,여름 4팀 4차 멘토링 이벤트 설명 중 보상과 대상에 해당하는 내용만 답해줘.,"여름 4팀 4차 멘토링 이벤트에 대해 보상은 포인트 500점이라고, 그리고 대상은 멘토링 참여 학생이라고 설명했습니다.",True,,,,,False,False,0.9090909090909091,0.8823529411764706,0.45454545454545453,0.4411764705882353,True,True,3.5550244000041857,3.9184867999865673,,,,,tie,"여름 4팀 4차 멘토링 이벤트 설명에 대해 보상은 포인트 500점이라고, 대상은 멘토링 참여 학생이라고, 그리고 성과 지표는 재방문율이라고 설명했습니다.","여름 4팀 4차 멘토링 이벤트에 대해 보상은 포인트 500점이라고, 핵심 채널은 이메일 뉴스레터라고, 그리고 대상은 멘토링 참여 학생이라고 설명했습니다."
dataset_ko_361_final,entity_simple_hard_test_art_history_00306:final:0,entity_simple_hard_test_art_history_00306,entity_simple_hard_test_art_history_00306,True,same_source_sibling_facts,1,4,23,20,교수님이 정규 A반 4차 인상주의의 핵심 특징과 목적을 어떻게 말했어?,"정규 A반 4차 인상주의에 대해 핵심 특징은 빛의 순간적인 인상이라고, 그리고 목적은 관찰 순간을 살리는 것이라고 설명했습니다.",True,,,,,False,False,0.7083333333333333,0.509090909090909,0.35416666666666663,0.2545454545454545,True,True,5.131636600010097,6.345076300029177,,,,,question+passage,"교수님이 정규 A반 4차 인상주의에 대해 핵심 특징은 인상의 의미가 간단한 호출, 그리고 핵심 특징은 빛의 순간적인 인상이라고, 비유는 햇빛이 흔들리는 수면에 비친 모습이라고, 그리고 목적은 관찰 순간을 살리는 것이라고 설명했습니다.","교수님이 정규 A반 4차 인상주의의 핵심 특징과 목적을 어떻게 말했어?에 대해 핵심 특징은 사용하는 전략들이었고 목적은 관찰 순간을 살리는 것이라고, 비유는 햇빛이 흔들리는 수면에 비친 모습이라고, 그리고 대조점은normally fails to make sense이라고, 마지막ally는 흔들리는 들 ears가 중요한 곳이라고 설명했습니다."
dataset_ko_362_final,entity_simple_hard_test_os_concept_00222:final:0,entity_simple_hard_test_os_concept_00222,entity_simple_hard_test_os_concept_00222,True,same_source_sibling_facts,1,4,23,20,교수님이 가을 C반 3차 캐시의 비유와 주의점을 어떻게 말했어?,"가을 C반 3차 캐시에 대해 비유는 책상 위에 올려둔 책이라고, 그리고 주의점은 오래된 정보가 남을 수 있다고 설명했습니다.",True,,,,,False,False,0.9411764705882353,0.7999999999999999,0.47058823529411764,0.39999999999999997,True,True,2.8140248999698088,3.5532449000165798,,,,,question+passage,"교수님이 가을 C반 3차 캐시에 대해 비유는 책상 위에 올려둔 책이라고, 주의점은 오래된 정보가 남을 수 있다고 설명했습니다.","교수님이 가을 C반 3차 캐시에 대해 비유는 책상 위에 올려둔 책이라고, 주의점은 오래된 책이 남을 수 있다고, 그리고 결과는 원래 책이 남을 수 있다고 설명했습니다."
dataset_ko_363_final,entity_simple_hard_test_dessert_00216:final:0,entity_simple_hard_test_dessert_00216,entity_simple_hard_test_dessert_00216,True,same_source_sibling_facts,1,4,23,20,정규 B반 3차 초콜렛 설명에서 맛과 특징만 알려줘.,"정규 B반 3차 초콜렛에 대해 맛은 달콤하다고, 그리고 특징은 입안에서 천천히 녹는다고 설명했습니다.",True,,,,,False,False,0.8666666666666666,0.8666666666666666,0.4333333333333333,0.4333333333333333,True,True,3.0511832000338472,2.9769893000484444,,,,,tie,"정규 B반 3차 초콜렛 설명에 대해 맛은 달콤하다고, 특징은 입안에서 천천히 녹는다고, 그리고 비유는 작은 선물 상자라고 설명했습니다.","정규 B반 3차 초콜렛에 대해 맛은 달콤하다고, 특징은 입안에서 천천히 녹는다고, 그리고 비유는 작은 선물 상자라고 설명했습니다."
dataset_ko_364_final,entity_simple_hard_test_statistics_00069:final:0,entity_simple_hard_test_statistics_00069,entity_simple_hard_test_statistics_00069,True,same_source_sibling_facts,1,4,23,20,세미나 3팀 1차 신뢰구간에서 주의점과 의미를 함께 정리해줘.,"세미나 3팀 1차 신뢰구간에 대해 주의점은 정답 하나를 보장하지 않는다고, 그리고 의미는 모수 추정 범위라고 설명했습니다.",True,,,,,False,False,0.8,0.65,0.4,0.325,True,True,3.7745344000286423,4.123597799974959,,,,,question+passage,"세미나 3팀 1차 신뢰구간에 대해 주의점은 정답 하나를 보장하지 않는다고, 의미는 모수 추정 범위라고, 그리고 비유는 정답 하나를 보장하지 않는 약속을 그은 지도라고 설명했습니다.","세미나 3팀 1차 신뢰구간에 대해 주의점은 소수점의 끝이 사용을 줄입니다고, 의미는 생성하는 관계는 정답 하나를 보장하지 않는다고, 그리고 주의점은 정답 하나를 보장하지 않는다고 설명했습니다."
dataset_ko_365_final,entity_simple_hard_test_os_concept_00244:final:0,entity_simple_hard_test_os_concept_00244,entity_simple_hard_test_os_concept_00244,True,same_source_sibling_facts,1,4,23,20,캡스톤 1팀 3차 프로세스 설명에서 장점과 역할만 알려줘.,"캡스톤 1팀 3차 프로세스에 대해 장점은 서로 영향을 줄이는 데 도움이 된다고, 그리고 역할은 독립된 실행 공간을 가진다고 설명했습니다.",True,,,,,False,False,0.923076923076923,0.631578947368421,0.4615384615384615,0.3157894736842105,True,True,3.833916599978693,3.775591399986297,,,,,question+passage,"캡스톤 1팀 3차 프로세스 설명에 대해 장점은 서로 영향을 줄이는 데 도움이 된다고, 역할은 독립된 실행 공간을 가진다고, 그리고 비유는 독립된 식당이라고 설명했습니다.","캡스톤 1팀 3차 프로세스에 대해 장점은 독립된 실행 공간을 가진다고, 역할은 독립된 실행 공간을 가진다고, 특징은 블록체인 프림atives를 가진다고 설명했습니다."
dataset_ko_366_final,entity_simple_hard_test_project_00303:final:0,entity_simple_hard_test_project_00303,entity_simple_hard_test_project_00303,True,same_source_sibling_facts,1,4,23,20,겨울 A반 4차 프론트엔드 점검 설명 중 담당과 확인 기준에 해당하는 내용만 답해줘.,"겨울 A반 4차 프론트엔드 점검에 대해 담당은 프론트엔드 파트라고, 그리고 확인 기준은 사용자 차단 여부라고 설명했습니다.",True,,,,,False,False,0.8648648648648648,0.888888888888889,0.4324324324324324,0.4444444444444445,True,True,3.8236113999737427,3.716645399981644,,,,,tie,"겨울 A반 4차 프론트엔드 점검 설명에 대해 확인 기준은 사용자 차단 여부라고, 공유 위치는 프로젝트 슬랙 채널이라고, 그리고 담당은 프론트엔드 파트라고 설명했습니다.","겨울 A반 4차 프론트엔드 점검에 대해 담당은 프론트엔드 파트라고, 마감은 다음 달 첫째 주 화요일이라고, 그리고 확인 기준은 사용자 차단 여부라고 설명했습니다."
dataset_ko_367_final,entity_simple_hard_test_project_00109:final:0,entity_simple_hard_test_project_00109,entity_simple_hard_test_project_00109,True,same_source_sibling_facts,1,4,23,20,세미나 A반 2차 백엔드 배포에서 담당과 확인 기준을 함께 정리해줘.,"세미나 A반 2차 백엔드 배포에 대해 담당은 백엔드 팀이라고, 그리고 확인 기준은 오류 발생률이라고 설명했습니다.",True,,,,,False,False,0.8571428571428571,0.7179487179487181,0.42857142857142855,0.35897435897435903,True,True,3.357605200028047,3.964003100001719,,,,,question+passage,"세미나 A반 2차 백엔드 배포에 대해 확인 기준은 오류 발생률이라고, 공유 위치는 깃허브 이슈 탭이라고, 그리고 담당은 백엔드 팀이라고 설명했습니다.","세미나 A반 2차 백엔드 배포에 대해 담당은 백엔드 팀이라고, 마감은 수요일 오후 다섯 시라고, 그리고 확인 기준은 오류 종류는 백엔드 팀의 확인 기준이라고 설명했습니다."
dataset_ko_368_final,entity_simple_hard_test_project_00182:final:0,entity_simple_hard_test_project_00182,entity_simple_hard_test_project_00182,True,same_source_sibling_facts,1,4,23,20,교수님이 가을 오전반 2차 AI 모델 평가의 공유 위치와 마감을 어떻게 말했어?,"가을 오전반 2차 AI 모델 평가에 대해 공유 위치는 회의록 폴더라고, 그리고 마감은 금요일 자정 전이라고 설명했습니다.",True,,,,,False,False,0.8888888888888888,0.5142857142857143,0.4444444444444444,0.2571428571428572,True,False,3.142831200035289,2.827678699977696,,,,,question+passage,"가을 오전반 2차 AI 모델 평가의 공유 위치는 회의록 폴더라고, 마감은 금요일 자정 전이라고, 그리고 확인 기준은 정답률이라고 설명했습니다.",교수님이 가을 오일반 2차 AI 모델 평가의 공유 위치와 마감는 학점이 부족하니 확인 기준과 note paste 경로라고 설명했습니다.
dataset_ko_369_final,entity_simple_hard_test_art_history_00331:final:0,entity_simple_hard_test_art_history_00331,entity_simple_hard_test_art_history_00331,True,same_source_sibling_facts,1,4,23,20,여름 D반 4차 르네상스 설명 중 비유와 비교 포인트에 해당하는 내용만 답해줘.,"여름 D반 4차 르네상스에 대해 비유는 사람을 화면 중앙에 다시 세우는 방식이라고, 그리고 비교 포인트는 절대왕정 중심 설명과 다르다고 설명했습니다.",True,,,,,False,False,0.8780487804878049,0.6511627906976745,0.43902439024390244,0.32558139534883723,True,True,4.016275800007861,4.1597264999873005,,,,,question+passage,"여름 D반 4차 르네상스 설명을 중심으로 비교 포인트는 절대왕정 중심 설명과 다르다고, 핵심 특징은 인문주의라고, 그리고 비유는 사람을 화면 중앙에 다시 세우는 방식이라고 설명했습니다.","여름 D반 4차 르네상스에 대해 비유는 사람을 화면 중앙에 다시 세우는 방식이라고, 비유 특징은 사람 가치를 드러내는 방식이라고, 그리고 설명은 중간을 더 명확히 하라는 부분이라고 설명했습니다."
dataset_ko_370_final,entity_simple_hard_test_project_00351:final:0,entity_simple_hard_test_project_00351,entity_simple_hard_test_project_00351,True,same_source_sibling_facts,1,4,23,20,여름 2팀 4차 프론트엔드 점검 설명 중 확인 기준과 담당에 해당하는 내용만 답해줘.,"여름 2팀 4차 프론트엔드 점검에 대해 확인 기준은 사용자 차단 여부라고, 그리고 담당은 프론트엔드 파트라고 설명했습니다.",True,,,,,False,False,0.9411764705882353,0.75,0.47058823529411764,0.375,True,True,3.117588999972213,4.447425399965141,,,,,question+passage,"여름 2팀 4차 프론트엔드 점검 설명에 대해 확인 기준은 사용자 차단 여부라고, 담당은 프론트엔드 파트라고, 그리고 확인 방법이라고 설명했습니다.","여름 2팀 4차 프론트엔드 점검에 대해 확인 기준은 잘못分類(分類)된 음력 여름으로 분류합니다. 담당은 frontend 파트라고, 확인 기준은 사용자 차단 여부라고, 그리고 담당은 긴급성이라고 설명했습니다."
dataset_ko_371_final,entity_simple_hard_test_statistics_00167:final:0,entity_simple_hard_test_statistics_00167,entity_simple_hard_test_statistics_00167,True,same_source_sibling_facts,1,4,23,20,심화 3팀 2차 회귀분석 설명 중 주의점과 의미에 해당하는 내용만 답해줘.,"심화 3팀 2차 회귀분석에 대해 주의점은 모든 원인을 증명하지는 않는다고, 그리고 의미는 관계의 경향 설명이라고 설명했습니다.",True,,,,,False,False,0.5294117647058824,0.5714285714285714,0.2647058823529412,0.2857142857142857,False,False,3.1403230999712832,3.1050267000100575,,,,,tie,"심화 3팀 2차 회귀분석 설명에 대해 주의점은 다음과 같이 구성됩니다. 1단계는 관계의 의미에 대해 설명이라고, 2단계는 문제의 규모를 설명합니다.","심화 3팀 2차 회귀분석 설명 중 주의점과 의미에 대해 summarizes JSON JSON입니다. 의미는 예측 경향을 설명할 때 쓴다고, 그리고 질문에 해당하는 결과라고 설명했습니다."
dataset_ko_372_final,entity_simple_hard_test_statistics_00382:final:0,entity_simple_hard_test_statistics_00382,entity_simple_hard_test_statistics_00382,True,same_source_sibling_facts,1,4,23,20,교수님이 가을 오전반 4차 상관계수의 활용과 비유를 어떻게 말했어?,"가을 오전반 4차 상관계수에 대해 활용은 관계 강도를 빠르게 살필 때 쓴다고, 그리고 비유는 두 변수의 움직임을 비교하는 나침반이라고 설명했습니다.",True,,,,,False,False,0.8571428571428571,0.4827586206896552,0.42857142857142855,0.2413793103448276,True,False,4.485653400013689,2.2775121000013314,,,,,question+passage,"가을 오전반 4차 상관계수의 활용에 대해 비유는 두 변수의 움직임을 비교하는 나침반이라고, 주의점은 원인 증명을 뜻하지 않는다고, 그리고 활용은 관계 강도를 빠르게 살필 때 쓴다고 설명했습니다.",교수님이 가을 오전반 4차 상관계수의 활용과 비유를 설명하시고、성질을 설명하시다는 의미라고 설명했습니다.
dataset_ko_373_final,entity_simple_hard_test_art_history_00259:final:0,entity_simple_hard_test_art_history_00259,entity_simple_hard_test_art_history_00259,True,same_source_sibling_facts,1,4,23,20,세미나 2팀 3차 르네상스 설명 중 목적과 핵심 특징에 해당하는 내용만 답해줘.,"세미나 2팀 3차 르네상스에 대해 목적은 사람의 가치를 드러내는 것이라고, 그리고 핵심 특징은 인문주의라고 설명했습니다.",True,,,,,False,False,0.9655172413793104,0.8571428571428571,0.4827586206896552,0.42857142857142855,True,True,2.6990542000276037,3.652133400028106,,,,,question+passage,"세미나 2팀 3차 르네상스에 대해 핵심 특징은 인문주의라고, 목적은 사람의 가치를 드러내는 것이라고 설명했습니다.","세미나 2팀 3차 르네상스에 대해 목적은 사람의 가치를 드러내는 것이라고, 핵심 특징은 인문주의라고, 그리고 핵심 요점은 인문주의에 해당하는 부분이라고 설명했습니다."
dataset_ko_374_final,entity_simple_hard_test_statistics_00383:final:0,entity_simple_hard_test_statistics_00383,entity_simple_hard_test_statistics_00383,True,same_source_sibling_facts,1,4,23,20,겨울 오전반 4차 회귀분석 설명 중 활용과 비유에 해당하는 내용만 답해줘.,"겨울 오전반 4차 회귀분석에 대해 활용은 예측 경향을 설명할 때 쓴다고, 그리고 비유는 흩어진 점 사이에 길을 그어 보는 일이라고 설명했습니다.",True,,,,,False,False,0.8571428571428571,0.6341463414634148,0.42857142857142855,0.3170731707317074,True,True,4.271871100005228,3.879718200012576,,,,,question+passage,"겨울 오전반 4차 회귀분석 설명 중 비유는 흩어진 점 사이에 길을 그어 보는 일이라고, 주의점은 모든 원인을 증명하지는 않는다고, 그리고 활용은 예측 경향을 설명할 때 쓴다고 설명했습니다.","겨울 오전반 4차 회귀분석 설명에 대해 활용은 예측 경향을 설명할 때 쓴다고, 비유는 그래프에 거는 투영이라고, 그리고 중 활용은 다른 것과 차이를 설명할 때 쓴다고 설명했습니다."
dataset_ko_375_final,entity_simple_hard_test_marketing_00225:final:0,entity_simple_hard_test_marketing_00225,entity_simple_hard_test_marketing_00225,True,same_source_sibling_facts,1,4,23,20,파일럿 C반 3차 동아리 홍보에서 대상과 보상을 함께 정리해줘.,"파일럿 C반 3차 동아리 홍보에 대해 대상은 동아리 회원이라고, 그리고 보상은 굿즈 추첨권이라고 설명했습니다.",True,,,,,False,False,0.962962962962963,0.8666666666666666,0.4814814814814815,0.4333333333333333,True,True,2.332050699973479,2.8799548999522813,,,,,question+passage,"파일럿 C반 3차 동아리 홍보에 대해 대상은 동아리 회원이라고, 보상은 굿즈 추첨권이라고 설명했습니다.","파일럿 C반 3차 동아리 홍보에 대해 대상은 동아리 회원이라고, 보상은 굿즈 추첨권이라고, 성과 지표는 참여율이라고 설명했습니다."
dataset_ko_376_final,entity_simple_hard_test_marketing_00177:final:0,entity_simple_hard_test_marketing_00177,entity_simple_hard_test_marketing_00177,True,same_source_sibling_facts,1,4,23,20,심화 4팀 2차 동아리 홍보에서 보상과 대상을 함께 정리해줘.,"심화 4팀 2차 동아리 홍보에 대해 보상은 굿즈 추첨권이라고, 그리고 대상은 동아리 회원이라고 설명했습니다.",True,,,,,False,False,0.6875000000000001,0.7999999999999999,0.34375000000000006,0.39999999999999997,False,True,3.052183599967975,2.9615355000132695,,,,,passage-only,"심화 4팀 2차 동아리 홍보에 대해 보상은 참여권과 성과 지표는 최종 결과가 될 때 생기는 선물이라고, 그리고 대상은 추첨권이라고 설명했습니다.","심화 4팀 2차 동아리 홍보에 대해 보상은 굿즈 추첨권이라고, 핵심 채널이라고, 관문이라고, 그리고 대상은 전원이라고 설명했습니다."
dataset_ko_377_final,entity_simple_hard_test_statistics_00022:final:0,entity_simple_hard_test_statistics_00022,entity_simple_hard_test_statistics_00022,True,same_source_sibling_facts,1,4,23,20,교수님이 가을 C반 1차 상관계수의 의미와 주의점을 어떻게 말했어?,"가을 C반 1차 상관계수에 대해 의미는 선형 관계 강도라고, 그리고 주의점은 원인 증명을 뜻하지 않는다고 설명했습니다.",True,,,,,False,False,0.8421052631578948,0.42424242424242425,0.4210526315789474,0.21212121212121213,True,False,3.7274073000298813,2.6834609999787062,,,,,question+passage,"가을 C반 1차 상관계수에 대해 주의점은 원인 증명을 뜻하지 않는다고, 활용은 관계 강도를 빠르게 살필 때 쓴다고, 그리고 의미은 선형 관계 강도라고 설명했습니다.","교수님이 가을 C반 1차 상관계수의 의미와 주의점을 설명하시고, 의미와 같은 의미에서 사용을 다르게 해요가 되는 방향으로 설명했습니다."
dataset_ko_378_final,entity_simple_hard_test_marketing_00130:final:0,entity_simple_hard_test_marketing_00130,entity_simple_hard_test_marketing_00130,True,same_source_sibling_facts,1,4,23,20,교수님이 봄 D반 2차 스터디 모집의 대상과 보상을 어떻게 말했어?,"봄 D반 2차 스터디 모집에 대해 대상은 스터디 신청자라고, 그리고 보상은 우선 신청권이라고 설명했습니다.",True,,,,,False,False,0.8666666666666666,0.8387096774193548,0.4333333333333333,0.4193548387096774,True,True,3.033177200006321,3.355338199995458,,,,,tie,"봄 D반 2차 스터디 모집에 대해 대상은 스터디 신청자라고, 보상은 우선 신청권이라고, 그리고 핵심 채널은 학과 홈페이지라고 설명했습니다.","교수님이 봄 D반 2차 스터디 모집에 대해 대상은 스터디 신청자라고, 보상은 우선 신청권이라고, 그리고 핵심 채널은 학과 홈페이지라고 설명했습니다."
dataset_ko_379_final,entity_simple_hard_test_os_concept_00052:final:0,entity_simple_hard_test_os_concept_00052,entity_simple_hard_test_os_concept_00052,True,same_source_sibling_facts,1,4,23,20,가을 2팀 1차 프로세스 설명에서 장점과 역할만 알려줘.,"가을 2팀 1차 프로세스에 대해 장점은 서로 영향을 줄이는 데 도움이 된다고, 그리고 역할은 독립된 실행 공간을 가진다고 설명했습니다.",True,,,,,False,False,0.923076923076923,0.5909090909090908,0.4615384615384615,0.2954545454545454,True,True,3.752572599973064,4.2142006999929436,,,,,question+passage,"가을 2팀 1차 프로세스 설명에 대해 장점은 서로 영향을 줄이는 데 도움이 된다고, 역할은 독립된 실행 공간을 가진다고, 그리고 비유는 독립된 식당이라고 설명했습니다.","가을 2팀 1차 프로세스에 대해 장점은 독립된 실행 공간을 가진다고, 역할은 독립된 실행 공간을 가진다고, 예를 들�는다고, 그리고 문제는 자원을 너무 많이 쓰면 느려질 수 있다고 설명했습니다."
dataset_ko_380_final,entity_simple_hard_test_marketing_00344:final:0,entity_simple_hard_test_marketing_00344,entity_simple_hard_test_marketing_00344,True,same_source_sibling_facts,1,4,23,20,캡스톤 1팀 4차 신입생 캠페인 설명에서 성과 지표와 핵심 채널만 알려줘.,"캡스톤 1팀 4차 신입생 캠페인에 대해 성과 지표는 전환율이라고, 그리고 핵심 채널은 인스타그램이라고 설명했습니다.",True,,,,,False,False,0.962962962962963,0.8387096774193549,0.4814814814814815,0.41935483870967744,True,True,2.8261412999709137,3.826337300008163,,,,,question+passage,"캡스톤 1팀 4차 신입생 캠페인에 대해 핵심 채널은 인스타그램이라고, 성과 지표는 전환율이라고 설명했습니다.","캡스톤 1팀 4차 신입생 캠페인 설명에서 성과 지표는 전환율이라고, 핵심 채널은 인스타그램이라고, 그리고 핵심 프로세스는 기다리기 기간이라고 설명했습니다."
dataset_ko_381_final,entity_simple_hard_test_statistics_00190:final:0,entity_simple_hard_test_statistics_00190,entity_simple_hard_test_statistics_00190,True,same_source_sibling_facts,1,4,23,20,교수님이 봄 오후반 2차 상관계수의 활용과 비유를 어떻게 말했어?,"봄 오후반 2차 상관계수에 대해 활용은 관계 강도를 빠르게 살필 때 쓴다고, 그리고 비유는 두 변수의 움직임을 비교하는 나침반이라고 설명했습니다.",True,,,,,False,False,0.7804878048780487,0.8947368421052632,0.39024390243902435,0.4473684210526316,True,True,4.858426699996926,3.893124900001567,,,,,passage-only,"교수님이 봄 오후반 2차 상관계수의 활용을 설명한 비유는 두 변수의 움직임을 비교하는 나침반이라고, 주의점은 원인 증명을 뜻하지 않는다고, 그리고 활용은 관계 강도를 빠르게 살필 때 쓴다고 설명했습니다.","봄 오후반 2차 상관계수에 대해 활용은 관계 강도를 빠르게 살필 때 쓴다고, 의미는 선형 관계 강도라고, 그리고 비유는 두 변수의 움직임을 비교하는 나침반이라고 설명했습니다."
dataset_ko_382_final,entity_simple_hard_test_marketing_00273:final:0,entity_simple_hard_test_marketing_00273,entity_simple_hard_test_marketing_00273,True,same_source_sibling_facts,1,4,23,20,겨울 4팀 3차 동아리 홍보에서 보상과 대상을 함께 정리해줘.,"겨울 4팀 3차 동아리 홍보에 대해 보상은 굿즈 추첨권이라고, 그리고 대상은 동아리 회원이라고 설명했습니다.",True,,,,,False,False,0.6666666666666666,0.7741935483870968,0.3333333333333333,0.3870967741935484,False,True,2.5708995000459254,3.4858995000249706,,,,,passage-only,"겨울 4팀 3차 동아리 홍보에 대해 보상은 참여 시간이 가장aser가 됐다고, 대상은 동아리 best가 됐다고 설명했습니다.","겨울 4팀 3차 동아리 홍보에 대해 보상은 굿즈 추첨권이라고, 핵심 채널은 오픈채팅방이라고, 그리고 대상은 순위권 종사자라고 설명했습니다."
dataset_ko_383_final,entity_simple_hard_test_project_00181:final:0,entity_simple_hard_test_project_00181,entity_simple_hard_test_project_00181,True,same_source_sibling_facts,1,4,23,20,여름 오전반 2차 백엔드 배포에서 공유 위치와 마감을 함께 정리해줘.,"여름 오전반 2차 백엔드 배포에 대해 공유 위치는 깃허브 이슈 탭이라고, 그리고 마감은 수요일 오후 다섯 시라고 설명했습니다.",True,,,,,False,False,0.9714285714285714,0.7647058823529411,0.4857142857142857,0.38235294117647056,True,True,2.781345000024885,2.691479499975685,,,,,question+passage,"여름 오전반 2차 백엔드 배포에 대해 공유 위치는 깃허브 이슈 탭이라고, 마감은 수요일 오후 다섯 시라고 설명했습니다.","여름 오전반 2차 백엔드 배포에 대해 공유 위치는 사용자 지向上로 보내기로, 마감은 수요일 오후 다섯 시로 설명했습니다."
dataset_ko_384_final,entity_simple_hard_test_dessert_00242:final:0,entity_simple_hard_test_dessert_00242,entity_simple_hard_test_dessert_00242,True,same_source_sibling_facts,1,4,23,20,교수님이 가을 1팀 3차 마카롱의 비유와 색깔을 어떻게 말했어?,"가을 1팀 3차 마카롱에 대해 비유는 작은 보석 상자라고, 그리고 색깔은 알록달록하다고 설명했습니다.",True,,,,,False,False,0.896551724137931,0.4848484848484849,0.4482758620689655,0.24242424242424246,True,True,2.9384595999727026,3.350614700000733,,,,,question+passage,"가을 1팀 3차 마카롱에 대해 색깔은 알록달록하다고, 맛은 부드럽고 진하다고, 그리고 비유는 작은 보석 상자라고 설명했습니다.","professor k's fall 1 team 3차 마카롱에 대해 비유는 점심 시간이라고, 색깔은 알록달록하다고, 그리고 주의점은 한 번의 음료와 구분할 수 있다고 설명했습니다."
dataset_ko_385_final,entity_simple_hard_test_os_concept_00340:final:0,entity_simple_hard_test_os_concept_00340,entity_simple_hard_test_os_concept_00340,True,same_source_sibling_facts,1,4,23,20,봄 1팀 4차 프로세스 설명에서 장점과 역할만 알려줘.,"봄 1팀 4차 프로세스에 대해 장점은 서로 영향을 줄이는 데 도움이 된다고, 그리고 역할은 독립된 실행 공간을 가진다고 설명했습니다.",True,,,,,False,False,0.9189189189189189,0.4347826086956522,0.45945945945945943,0.2173913043478261,True,False,3.7193287999834865,5.128915600012988,,,,,question+passage,"봄 1팀 4차 프로세스 설명에 대해 장점은 서로 영향을 줄이는 데 도움이 된다고, 역할은 독립된 실행 공간을 가진다고, 그리고 비유는 독립된 식당이라고 설명했습니다.",봄 1팀 4차 프로세스에 대해 장점은 자원을 더精细地管理和沟通提到帮助防止浪费并提到不同的是每个增加“责任”并提到风险是杀死不良实践提到理解为团队成员为公司工作为自己想到未来被定义为一个圆柱体的壁为红色重新描述为运行为条件为黄色重新描述为运行为公司工作为红色提到
dataset_ko_386_final,entity_simple_hard_test_dessert_00099:final:0,entity_simple_hard_test_dessert_00099,entity_simple_hard_test_dessert_00099,True,same_source_sibling_facts,1,4,23,20,세미나 오후반 1차 브라우니 설명 중 색깔과 비유에 해당하는 내용만 답해줘.,"세미나 오후반 1차 브라우니에 대해 색깔은 진한 갈색이라고, 그리고 비유는 초콜렛을 압축한 케이크라고 설명했습니다.",True,,,,,False,False,0.8750000000000001,0.9032258064516129,0.43750000000000006,0.45161290322580644,True,True,3.829505500034429,3.773452299996279,,,,,tie,"세미나 오후반 1차 브라우니에 대해 색깔은 진한 갈색이라고, 비유는 초콜렛을 압축한 케이크라고, 그리고 특징은 속이 촉촉하게 남는다고 설명했습니다.","세미나 오후반 1차 브라우니에 대해 색깔은 진한 갈색이라고, 비유는 초콜렛을 압축한 케이크라고, 그리고 맛은 묵직하게 달콤하다고 설명했습니다."
dataset_ko_387_final,entity_simple_hard_test_marketing_00203:final:0,entity_simple_hard_test_marketing_00203,entity_simple_hard_test_marketing_00203,True,same_source_sibling_facts,1,4,23,20,겨울 A반 3차 멘토링 이벤트 설명 중 핵심 채널과 성과 지표에 해당하는 내용만 답해줘.,"겨울 A반 3차 멘토링 이벤트에 대해 핵심 채널은 이메일 뉴스레터라고, 그리고 성과 지표는 재방문율이라고 설명했습니다.",True,,,,,False,False,0.8275862068965518,0.7179487179487181,0.4137931034482759,0.35897435897435903,True,True,2.835238500032574,5.344296399969608,,,,,question+passage,"겨울 A반 3차 멘토링 이벤트 설명에 대해 핵심 채널은 멘토링 참여율이라고, 성과 지표는 재방문율이라고 설명했습니다.","겨울 A반 3차 멘토링 이벤트에 대해 핵심 채널은 이메일 뉴스레터라고, 핵심 채널로 봅니다. 성과 지표는 재방문율이라고, 핵심 채널과 일치하는 정도가 높다고, 핵심 채널이라고 설명했습니다."
dataset_ko_388_final,entity_simple_hard_test_marketing_00395:final:0,entity_simple_hard_test_marketing_00395,entity_simple_hard_test_marketing_00395,True,same_source_sibling_facts,1,4,23,20,파일럿 오후반 4차 멘토링 이벤트 설명 중 핵심 채널과 성과 지표에 해당하는 내용만 답해줘.,"파일럿 오후반 4차 멘토링 이벤트에 대해 핵심 채널은 이메일 뉴스레터라고, 그리고 성과 지표는 재방문율이라고 설명했습니다.",True,,,,,False,False,0.7878787878787877,0.7777777777777778,0.39393939393939387,0.3888888888888889,True,True,3.6732944999821484,4.542978299956303,,,,,tie,"파일럿 오후반 4차 멘토링 이벤트 설명에 대해 핵심 채널은 재방문율이라고, 대상은 멘토링 참여 학생이라고, 그리고 성과 지표는 재방문율이라고 설명했습니다.","파일럿 오후반 4차 멘토링 이벤트에 대해 핵심 채널은 이메일 뉴스레터라고, 핵심 채널로 Twitter을 설명했다고, 성과 지표는 재방문율이라고, 핵심 채널으로 Twitter이라고 설명했습니다."
dataset_ko_389_final,entity_simple_hard_test_marketing_00155:final:0,entity_simple_hard_test_marketing_00155,entity_simple_hard_test_marketing_00155,True,same_source_sibling_facts,1,4,23,20,파일럿 2팀 2차 멘토링 이벤트 설명 중 성과 지표와 핵심 채널에 해당하는 내용만 답해줘.,"파일럿 2팀 2차 멘토링 이벤트에 대해 성과 지표는 재방문율이라고, 그리고 핵심 채널은 이메일 뉴스레터라고 설명했습니다.",True,,,,,False,False,0.8823529411764706,0.8333333333333333,0.4411764705882353,0.41666666666666663,True,True,3.898646900022868,4.3616655000369065,,,,,tie,"파일럿 2팀 2차 멘토링 이벤트 설명에 대해 핵심 채널은 이메일 뉴스레터라고, 대상은 멘토링 참여 학생이라고, 그리고 성과 지표는 재방문율이라고 설명했습니다.","파일럿 2팀 2차 멘토링 이벤트에 대해 성과 지표는 재방문율이라고, 핵심 채널은 이메일 뉴스레터라고, 그리고 핵심 채널의 연결요소는 이메일 메시지 메뉴라고 설명했습니다."
dataset_ko_390_final,entity_simple_hard_test_project_00231:final:0,entity_simple_hard_test_project_00231,entity_simple_hard_test_project_00231,True,same_source_sibling_facts,1,4,23,20,여름 D반 3차 프론트엔드 점검 설명 중 마감과 공유 위치에 해당하는 내용만 답해줘.,"여름 D반 3차 프론트엔드 점검에 대해 마감은 다음 달 첫째 주 화요일이라고, 그리고 공유 위치는 프로젝트 슬랙 채널이라고 설명했습니다.",True,,,,,False,False,0.9189189189189189,0.3829787234042553,0.45945945945945943,0.19148936170212766,True,False,4.079580999969039,4.489216600020882,,,,,question+passage,"여름 D반 3차 프론트엔드 점검 설명에 대해 공유 위치은 프로젝트 슬랙 채널이라고, 담당은 프론트엔드 파트라고, 그리고 마감은 다음 달 첫째 주 화요일이라고 설명했습니다.","여름 D반 3차 프론트엔드 점검에 대해 마감은 종료되지만 공유 위치는 개인 workspace path를 지命받은 노트로 지정합니다.
준비 방법은 확인하는 기준은 오류를 차단하고 공유 위치라고 설명하는 기준은 개인 workspace path라고 설명합니다."
dataset_ko_391_final,entity_simple_hard_test_marketing_00010:final:0,entity_simple_hard_test_marketing_00010,entity_simple_hard_test_marketing_00010,True,same_source_sibling_facts,1,4,23,20,교수님이 봄 B반 1차 스터디 모집의 핵심 채널과 성과 지표를 어떻게 말했어?,"봄 B반 1차 스터디 모집에 대해 핵심 채널은 학과 홈페이지라고, 그리고 성과 지표는 완료율이라고 설명했습니다.",True,,,,,False,False,0.6666666666666667,0.8484848484848484,0.33333333333333337,0.4242424242424242,True,True,3.706629200023599,3.582752999966033,,,,,passage-only,"봄 B반 1차 스터디 모집의 핵심 채널을 성과 지표로 설정하는 뜻은连续 enrollments이라고, 대상은 스터디 신청자라고, 그리고 성과 지표는 완료율이라고 설명했습니다.","봄 B반 1차 스터디 모집에 대해 핵심 채널은 학과 홈페이지라고, 성과 지표는 완료율이라고, 그리고 핵심 채널은 학과 강의 강태Sources라고 설명했습니다."
dataset_ko_392_final,entity_simple_hard_test_os_concept_00077:final:0,entity_simple_hard_test_os_concept_00077,entity_simple_hard_test_os_concept_00077,True,same_source_sibling_facts,1,4,23,20,심화 4팀 1차 스레드에서 주의점과 비유를 함께 정리해줘.,"심화 4팀 1차 스레드에 대해 주의점은 공유 자원 관리가 필요하다고, 그리고 비유는 같은 식당 안에서 일하는 직원이라고 설명했습니다.",True,,,,,False,False,0.878048780487805,0.32558139534883723,0.4390243902439025,0.16279069767441862,True,False,3.5967002999968827,4.222028999996837,,,,,question+passage,"심화 4팀 1차 스레드에 대해 비유는 같은 식당 안에서 일하는 직원이라고, 장점은 작업을 가볍게 나눌 수 있다고, 그리고 주의점은 공유 자원 관리가 필요하다고 설명했습니다.","심화 4팀 1차 스레드에 대해 주의점으로는 반복 수가 중요하며, 비유는 실행 중에서 한 줄을 더 주의점과 함께 생각할 수 있 said는 부분을 설명을 같이 정리해주는 역할을 가진 곳으로 이해가 간다."
dataset_ko_393_final,entity_simple_hard_test_os_concept_00247:final:0,entity_simple_hard_test_os_concept_00247,entity_simple_hard_test_os_concept_00247,True,same_source_sibling_facts,1,4,23,20,심화 1팀 3차 큐 설명 중 장점과 역할에 해당하는 내용만 답해줘.,"심화 1팀 3차 큐에 대해 장점은 처리 순서를 명확하게 만든다고, 그리고 역할은 작업을 순서대로 기다리게 한다고 설명했습니다.",True,,,,,False,False,0.8717948717948718,0.8717948717948718,0.4358974358974359,0.4358974358974359,True,True,3.803180599992629,3.5975091999862343,,,,,tie,"심화 1팀 3차 큐에 대해 장점은 처리 순서를 명확하게 만든다고, 역할은 작업을 순서대로 기다리게 한다고, 그리고 비유는 번호표를 뽑고 기다리는 줄이라고 설명했습니다.","심화 1팀 3차 큐에 대해 장점은 처리 순서를 명확하게 만든다고, 역할은 작업을 순서대로 기다리게 한다고, 그리고 주의점은 대기 시간이 길어질 수 있다고 설명했습니다."
dataset_ko_394_final,entity_simple_hard_test_art_history_00232:final:0,entity_simple_hard_test_art_history_00232,entity_simple_hard_test_art_history_00232,True,same_source_sibling_facts,1,4,23,20,가을 D반 3차 바로크 설명에서 비유와 비교 포인트만 알려줘.,"가을 D반 3차 바로크에 대해 비유는 무대 조명이 한 장면을 강조하는 방식이라고, 그리고 비교 포인트는 평면적 구도와 구분된다고 설명했습니다.",True,,,,,False,False,0.878048780487805,0.7567567567567567,0.4390243902439025,0.37837837837837834,True,True,3.8215770999668166,3.4177955000195652,,,,,question+passage,"가을 D반 3차 바로크에 대해 비유는 무대 조명이 한 장면을 강조하는 방식이라고, 목적은 감정을 강하게 전달하는 것이라고, 그리고 비교 포인트는 평면적 구도와 구분된다고 설명했습니다.","가을 D반 3차 바로크 설명에 대해 비유는 무대 조명이 한 장면을 강조하는 방식이라고, 비교의 포인트는 극적 진영과의 이전이 구간으로 생각된다고 설명했습니다."
dataset_ko_395_final,entity_simple_hard_test_dessert_00219:final:0,entity_simple_hard_test_dessert_00219,entity_simple_hard_test_dessert_00219,True,same_source_sibling_facts,1,4,23,20,세미나 B반 3차 브라우니 설명 중 맛과 특징에 해당하는 내용만 답해줘.,"세미나 B반 3차 브라우니에 대해 맛은 묵직하게 달콤하다고, 그리고 특징은 속이 촉촉하게 남는다고 설명했습니다.",True,,,,,False,False,0.9032258064516129,0.8750000000000001,0.45161290322580644,0.43750000000000006,True,True,3.6546251000254415,3.971154800034128,,,,,tie,"세미나 B반 3차 브라우니에 대해 맛은 묵직하게 달콤하다고, 특징은 속이 촉촉하게 남는다고, 그리고 맛은 묵직하게 달콤하다고 설명했습니다.","세미나 B반 3차 브라우니에 대해 맛은 묵직하게 달콤하다고, 비유는 초콜렛을 압축한 케이크라고, 그리고 특징은 속이 촉촉하게 남는다고 설명했습니다."
dataset_ko_396_final,entity_simple_hard_test_statistics_00191:final:0,entity_simple_hard_test_statistics_00191,entity_simple_hard_test_statistics_00191,True,same_source_sibling_facts,1,4,23,20,여름 오후반 2차 회귀분석 설명 중 활용과 비유에 해당하는 내용만 답해줘.,"여름 오후반 2차 회귀분석에 대해 활용은 예측 경향을 설명할 때 쓴다고, 그리고 비유는 흩어진 점 사이에 길을 그어 보는 일이라고 설명했습니다.",True,,,,,False,False,0.8571428571428571,0.5531914893617021,0.42857142857142855,0.2765957446808511,True,True,4.230793500028085,4.339920500002336,,,,,question+passage,"여름 오후반 2차 회귀분석 설명 중 비유는 흩어진 점 사이에 길을 그어 보는 일이라고, 주의점은 모든 원인을 증명하지는 않는다고, 그리고 활용은 예측 경향을 설명할 때 쓴다고 설명했습니다.","여름 오후반 2차 회귀분석 설명에 대해 활용은 예측 경향을 설명할 때 쓴다고, 비유는 직선으로 그어진 그래프를 예측 경향을 설명할 때 쓴다고, 그리고 설명은 조심 saying but it doesn't matter in here라고 설명했습니다."
dataset_ko_397_final,entity_simple_hard_test_project_00159:final:0,entity_simple_hard_test_project_00159,entity_simple_hard_test_project_00159,True,same_source_sibling_facts,1,4,23,20,세미나 2팀 2차 프론트엔드 점검 설명 중 확인 기준과 담당에 해당하는 내용만 답해줘.,"세미나 2팀 2차 프론트엔드 점검에 대해 확인 기준은 사용자 차단 여부라고, 그리고 담당은 프론트엔드 파트라고 설명했습니다.",True,,,,,False,False,0.8648648648648648,0.888888888888889,0.4324324324324324,0.4444444444444445,True,True,3.9323062000330538,3.7520858999923803,,,,,tie,"세미나 2팀 2차 프론트엔드 점검 설명에 대해 확인 기준은 사용자 차단 여부라고, 담당은 프론트엔드 파트라고, 그리고 확인 방법은 다음 달 첫째 주 화요일이라고 설명했습니다.","세미나 2팀 2차 프론트엔드 점검에 대해 확인 기준은 사용자 차단 여부라고, 담당은 프론트엔드 파트라고, 그리고 담당 부서는 프론트엔드 파트라고 설명했습니다."
dataset_ko_398_final,entity_simple_hard_test_marketing_00368:final:0,entity_simple_hard_test_marketing_00368,entity_simple_hard_test_marketing_00368,True,same_source_sibling_facts,1,4,23,20,실습 3팀 4차 신입생 캠페인 설명에서 보상과 대상만 알려줘.,"실습 3팀 4차 신입생 캠페인에 대해 보상은 커피 쿠폰이라고, 그리고 대상은 신입생이라고 설명했습니다.",True,,,,,False,False,0.9600000000000001,0.6666666666666667,0.48000000000000004,0.33333333333333337,True,True,2.6788159999996424,1.7948872999986634,,,,,question+passage,"실습 3팀 4차 신입생 캠페인 설명에 대해 보상은 커피 쿠폰이라고, 대상은 신입생이라고 설명했습니다.",실습 3팀 4차 신입생 캠페인 설명에서 보상과 대상만 알려줬다.
dataset_ko_399_final,entity_simple_hard_test_project_00204:final:0,entity_simple_hard_test_project_00204,entity_simple_hard_test_project_00204,True,same_source_sibling_facts,1,4,23,20,캡스톤 A반 3차 최종 발표 설명에서 담당과 확인 기준만 알려줘.,"캡스톤 A반 3차 최종 발표에 대해 담당은 기획 파트라고, 그리고 확인 기준은 근거 제시 여부라고 설명했습니다.",True,,,,,False,False,0.888888888888889,0.888888888888889,0.4444444444444445,0.4444444444444445,True,True,3.030416800000239,3.2037813999922946,,,,,tie,"캡스톤 A반 3차 최종 발표에 대해 확인 기준은 근거 제시 여부라고, 공유 위치는 팀 노션 페이지라고, 그리고 담당은 기획 파트라고 설명했습니다.","캡스톤 A반 3차 최종 발표 설명에 대해 담당은 기획 파트라고, 마감은 다음 주 월요일 밤이라고, 그리고 확인 기준은 근거 제시 여부라고 설명했습니다."
