case,source_id,root_source_id,merge_group_source_id,same_source_merge,merge_policy,merge_group_qas,merged_passage_count,qp_layer,ponly_layer,question,expected,recall_at_k,direct_normalized_em,no_memory_normalized_em,direct_answer_token_f1,no_memory_answer_token_f1,qp_normalized_em,ponly_normalized_em,qp_answer_token_f1,ponly_answer_token_f1,qp_qa_score,ponly_qa_score,qp_mergeprag_hit,ponly_mergeprag_hit,qp_inference_time_s,ponly_inference_time_s,qp_loss,ponly_loss,qp_phrase_loss,ponly_phrase_loss,pairwise_winner,qp_answer,ponly_answer
dataset_ko_0_final,entity_simple_hard_test_dessert_00339:final:0,entity_simple_hard_test_dessert_00339,entity_simple_hard_test_dessert_00339,True,same_source_sibling_facts,1,4,23,20,세미나 D반 4차 브라우니 설명 중 비유와 색깔에 해당하는 내용만 답해줘.,"세미나 D반 4차 브라우니에 대해 비유는 초콜렛을 압축한 케이크라고, 그리고 색깔은 진한 갈색이라고 설명했습니다.",True,,,,,False,False,0.8750000000000001,0.9032258064516129,0.43750000000000006,0.45161290322580644,True,True,4.249637499975506,3.7529799999902025,,,,,tie,"세미나 D반 4차 브라우니에 대해 비유는 초콜렛을 압축한 케이크라고, 색깔은 진한 갈색이라고, 그리고 특징은 속이 촉촉하게 남는다고 설명했습니다.","세미나 D반 4차 브라우니에 대해 비유는 초콜렛을 압축한 케이크라고, 색깔은 진한 갈색이라고, 그리고 맛은 묵직하게 달콤하다고 설명했습니다."
dataset_ko_1_final,entity_simple_hard_test_marketing_00370:final:0,entity_simple_hard_test_marketing_00370,entity_simple_hard_test_marketing_00370,True,same_source_sibling_facts,1,4,23,20,교수님이 봄 4팀 4차 스터디 모집의 보상과 대상을 어떻게 말했어?,"봄 4팀 4차 스터디 모집에 대해 보상은 우선 신청권이라고, 그리고 대상은 스터디 신청자라고 설명했습니다.",True,,,,,False,False,0.7333333333333334,0.3703703703703704,0.3666666666666667,0.1851851851851852,True,True,2.8786763000534847,2.567170800000895,,,,,question+passage,"봄 4팀 4차 스터디 모집에 대해 대상은 완료율이라고, 성과 지표는 전체 완료 시간이라고, 그리고 보상은 우선 신청권이라고 설명했습니다.","교수님 봉착점은 핵심 통로가 학과 홈페이지라고, 보상은 우선 신청권이라고, 그리고 대상은 점수로 알고 답변했습니다."
dataset_ko_2_final,entity_simple_hard_test_statistics_00141:final:0,entity_simple_hard_test_statistics_00141,entity_simple_hard_test_statistics_00141,True,same_source_sibling_facts,1,4,23,20,여름 1팀 2차 신뢰구간에서 비유와 활용을 함께 정리해줘.,"여름 1팀 2차 신뢰구간에 대해 비유는 정답이 있을 법한 범위를 그은 지도라고, 그리고 활용은 추정의 불확실성을 설명할 때 쓴다고 설명했습니다.",True,,,,,False,False,0.47457627118644063,0.8837209302325582,0.23728813559322032,0.4418604651162791,True,True,7.6306730000069365,4.087841600005049,,,,,passage-only,"여름 1팀 2차 신뢰구간에 대해 비유는 정답이 될 수 있는 설명을 뜻하고 활용은 추정의 불확실성을 설명할 때 쓴다고, 의미는 데이터가 보완될 때 간섭이 누려질 때 그리고 교배의 불확실성을 설명할 때 쓴다고, 그리고 비교는 추정의 불확실성을 확인할 때 쓴다고, 그리고 정답이 될 수 있는 설명을 정확한 범위를 말할 때 쓴다고, 그리고 불확실성을 그래프로","여름 1팀 2차 신뢰구간에 대해 비유는 정답이 있을 법한 범위를 그은 지도라고, 활용은 추정의 불확실성을 설명할 때 쓴다고, 그리고 주의점은 정답 하나를 보장하지 않는다고 설명했습니다."
dataset_ko_3_final,entity_simple_hard_test_dessert_00049:final:0,entity_simple_hard_test_dessert_00049,entity_simple_hard_test_dessert_00049,True,same_source_sibling_facts,1,4,23,20,세미나 1팀 1차 솜사탕에서 비유와 색깔을 함께 정리해줘.,"세미나 1팀 1차 솜사탕에 대해 비유는 구름 같은 간식이라고, 그리고 색깔은 분홍색이라고 설명했습니다.",True,,,,,False,False,0.6451612903225806,0.6451612903225806,0.3225806451612903,0.3225806451612903,True,True,3.4923560000024736,3.531560300034471,,,,,tie,"세미나 1팀 1차 솜사탕에 대해 비유는 분홍색의 먼비에 있다고, 색깔은 분홍색이라고, 그리고 특징은 입에 닿으면 빠르게 사라진다고 설명했습니다.","세미나 1팀 1차 솜사탕에 대해 비유는 분을 담은 맥주라고, 특징은 입에 닿으면 빠르게 사라진다고, 그리고 색깔은 분홍색이라고 설명했습니다."
dataset_ko_4_final,entity_simple_hard_test_project_00205:final:0,entity_simple_hard_test_project_00205,entity_simple_hard_test_project_00205,True,same_source_sibling_facts,1,4,23,20,파일럿 A반 3차 백엔드 배포에서 담당과 확인 기준을 함께 정리해줘.,"파일럿 A반 3차 백엔드 배포에 대해 담당은 백엔드 팀이라고, 그리고 확인 기준은 오류 발생률이라고 설명했습니다.",True,,,,,False,False,0.3928571428571429,0.8571428571428571,0.19642857142857145,0.42857142857142855,False,True,6.01492089999374,3.2983045000000857,,,,,passage-only,"파일럿 A반 3차 백엔드 배포에 대해 확인 기준을 다음으로 설정합니다.

1. 문제 해결 여부: 파일럿 A반 3차 백엔드 배포에 대해 확인 기준은 문제 해결 여부를 기준으로 설정합니다.

2. 기능은 제한 부분이라고, 모든 프로젝트에 공유 위치라고, 그리고 알림은 깃허브 이슈 탭이라고 설명했습니다.","파일럿 A반 3차 백엔드 배포에 대해 담당은 백엔드 팀이라고, 마감은 수요일 오후 다섯 시라고, 그리고 확인 기준은 오류 발생률이라고 설명했습니다."
dataset_ko_5_final,entity_simple_hard_test_art_history_00187:final:0,entity_simple_hard_test_art_history_00187,entity_simple_hard_test_art_history_00187,True,same_source_sibling_facts,1,4,23,20,심화 오전반 2차 르네상스 설명 중 비교 포인트와 비유에 해당하는 내용만 답해줘.,"심화 오전반 2차 르네상스에 대해 비교 포인트는 절대왕정 중심 설명과 다르다고, 그리고 비유는 사람을 화면 중앙에 다시 세우는 방식이라고 설명했습니다.",True,,,,,False,False,0.5333333333333333,0.8636363636363636,0.26666666666666666,0.4318181818181818,False,True,4.543143899994902,4.520704000024125,,,,,passage-only,"심화 오전반 2차 르네상스에 대해 비교 포인트는 점보타임에 그려지는 그림을 설명하는 것이라고, 비유는 사람을 화면에 어란 사진을 표시하는 것이라고, 그리고 목적은 사람의 중요성을 드러내는 것이라고 설명했습니다.","심화 오전반 2차 르네상스에 대해 비교 포인트는 절대왕정 중심 설명과 다르다고, 비유은 사람을 화면 중앙에 다시 세우는 방식이라고, 그리고 주제는 정확한 상황을 보이는 르네상스风格이라고 설명했습니다."
dataset_ko_6_final,entity_simple_hard_test_os_concept_00054:final:0,entity_simple_hard_test_os_concept_00054,entity_simple_hard_test_os_concept_00054,True,same_source_sibling_facts,1,4,23,20,교수님이 캡스톤 2팀 1차 캐시의 장점과 역할을 어떻게 말했어?,"캡스톤 2팀 1차 캐시에 대해 장점은 반복 접근을 빠르게 만든다고, 그리고 역할은 자주 쓰는 정보를 가까이 둔다고 설명했습니다.",True,,,,,False,False,0.6842105263157895,0.8571428571428571,0.34210526315789475,0.42857142857142855,True,True,3.7303172000101767,4.458195799961686,,,,,passage-only,"교수님이 캡스톤 2팀 1차 캐시에 대해 장점이라고, 역할은 자주 쓰는 정보를 가까이 둔다고, 그리고 비유는 책상 위에 올려둔 책이라고 설명했습니다.","교수님의 캡스톤 2팀 1차 캐시에 대해 장점은 반복 접근을 빠르게 만든다고, 역할은 자주 쓰는 정보를 가까이 둔다고, 그리고 비유는 책상 위에 올려둔 책이라고 설명했습니다."
dataset_ko_7_final,entity_simple_hard_test_dessert_00098:final:0,entity_simple_hard_test_dessert_00098,entity_simple_hard_test_dessert_00098,True,same_source_sibling_facts,1,4,23,20,교수님이 실습 오후반 1차 마카롱의 색깔과 비유를 어떻게 말했어?,"실습 오후반 1차 마카롱에 대해 색깔은 알록달록하다고, 그리고 비유는 작은 보석 상자라고 설명했습니다.",True,,,,,False,False,0.0,0.5185185185185186,0.0,0.2592592592592593,False,False,1.3245701999985613,2.456457499996759,,,,,passage-only,교수님의 몇 줄에 포함되는 모든 것들은重量과는 completely different하다.,"교수님이 실습 오후반 1차 마카롱의 색깔을 진하다고, 비유를 영어 객체의 위치를 설명하는 방법이라고 설명했습니다."
dataset_ko_8_final,entity_simple_hard_test_dessert_00169:final:0,entity_simple_hard_test_dessert_00169,entity_simple_hard_test_dessert_00169,True,same_source_sibling_facts,1,4,23,20,세미나 3팀 2차 솜사탕에서 특징과 맛을 함께 정리해줘.,"세미나 3팀 2차 솜사탕에 대해 특징은 입에 닿으면 빠르게 사라진다고, 그리고 맛은 가볍게 달콤하다고 설명했습니다.",True,,,,,False,False,0.8823529411764706,0.9375,0.4411764705882353,0.46875,True,True,3.5564621999510564,3.4720359000493772,,,,,passage-only,"세미나 3팀 2차 솜사탕에 대해 특징은 입에 닿으면 빠르게 사라진다고, 맛은 가볍게 달콤하다고, 그리고 비유는 구름 같은 간식이라고 설명했습니다.","세미나 3팀 2차 솜사탕에 대해 특징은 입에 닿으면 빠르게 사라진다고, 맛은 가볍게 달콤하다고, 그리고 색깔은 분홍색이라고 설명했습니다."
dataset_ko_9_final,entity_simple_hard_test_dessert_00387:final:0,entity_simple_hard_test_dessert_00387,entity_simple_hard_test_dessert_00387,True,same_source_sibling_facts,1,4,23,20,심화 오전반 4차 브라우니 설명 중 색깔과 비유에 해당하는 내용만 답해줘.,"심화 오전반 4차 브라우니에 대해 색깔은 진한 갈색이라고, 그리고 비유는 초콜렛을 압축한 케이크라고 설명했습니다.",True,,,,,False,False,0.8750000000000001,0.8750000000000001,0.43750000000000006,0.43750000000000006,True,True,3.8170963000156917,4.043929499981459,,,,,tie,"심화 오전반 4차 브라우니에 대해 특징은 속이 촉촉하게 남는다고, 비유는 초콜렛을 압축한 케이크라고, 그리고 색깔은 진한 갈색이라고 설명했습니다.","심화 오전반 4차 브라우니에 대해 색깔은 진한 갈색이라고, 비유는 초콜렛을 압축한 케이크라고, 그리고 비유는 초콜렛을 압축한 케이크라고 설명했습니다."
dataset_ko_10_final,entity_simple_hard_test_art_history_00379:final:0,entity_simple_hard_test_art_history_00379,entity_simple_hard_test_art_history_00379,True,same_source_sibling_facts,1,4,23,20,세미나 4팀 4차 르네상스 설명 중 비교 포인트와 비유에 해당하는 내용만 답해줘.,"세미나 4팀 4차 르네상스에 대해 비교 포인트는 절대왕정 중심 설명과 다르다고, 그리고 비유는 사람을 화면 중앙에 다시 세우는 방식이라고 설명했습니다.",True,,,,,False,False,0.5909090909090909,0.8837209302325582,0.29545454545454547,0.4418604651162791,False,True,4.722455099981744,4.117151699960232,,,,,passage-only,"세미나 4팀 4차 르네상스에 대해 비교 포인트는 점보타임에 비유, 효과는 명백한 화면을 짧은 면접을 보는 것이라고, 목적은 사람의 가치를 드러내는 것이라고, 그리고 비교점은老贵族과 다르다고 설명했습니다.","세미나 4팀 4차 르네상스에 대해 비교 포인트는 절대왕정 중심 설명과 다르다고, 비유은 사람을 화면 중앙에 다시 세우는 방식이라고, 그리고 비교 포인트는 절대왕정 중심 설명이라고 설명했습니다."
dataset_ko_11_final,entity_simple_hard_test_os_concept_00101:final:0,entity_simple_hard_test_os_concept_00101,entity_simple_hard_test_os_concept_00101,True,same_source_sibling_facts,1,4,23,20,여름 A반 2차 스레드에서 역할과 장점을 함께 정리해줘.,"여름 A반 2차 스레드에 대해 역할은 프로세스 안에서 작업을 나누어 실행한다고, 그리고 장점은 작업을 가볍게 나눌 수 있다고 설명했습니다.",True,,,,,False,False,0.85,0.8571428571428571,0.425,0.42857142857142855,True,True,3.481746200006455,3.6788958000252023,,,,,tie,"여름 A반 2차 스레드에 대해 장점은 작업을 가볍게 나눌 수 있다고, 역할은 프로세스를 나누어 실행한다고, 그리고 비유는 같은 식당 안에서 일하는 직원이라고 설명했습니다.","여름 A반 2차 스레드에 대해 역할은 프로세스 안에서 작업을 나누어 실행한다고, 장점은 작업을 가볍게 나눌 수 있다고, 그리고 비유는 같은 식당 안에서 일하는 직원이라고 설명했습니다."
dataset_ko_12_final,entity_simple_hard_test_art_history_00184:final:0,entity_simple_hard_test_art_history_00184,entity_simple_hard_test_art_history_00184,True,same_source_sibling_facts,1,4,23,20,캡스톤 오전반 2차 바로크 설명에서 비교 포인트와 비유만 알려줘.,"캡스톤 오전반 2차 바로크에 대해 비교 포인트는 평면적 구도와 구분된다고, 그리고 비유는 무대 조명이 한 장면을 강조하는 방식이라고 설명했습니다.",True,,,,,False,False,0.878048780487805,0.923076923076923,0.4390243902439025,0.4615384615384615,True,True,3.9787085000425577,3.8356029000133276,,,,,tie,"캡스톤 오전반 2차 바로크에 대해 비교 포인트는 평면적 구도와 구분된다고, 비유는 무대 조명이 한 장면을 강조하는 방식이라고, 그리고 목적은 감정을 강하게 전달하는 것이라고 설명했습니다.","캡스톤 오전반 2차 바로크에 대해 비교 포인트는 평면적 구도와 구분된다고, 비유는 무대 조명이 한 장면을 강조하는 방식이라고, 그리고 비유 구도와 달라진다고 설명했습니다."
dataset_ko_13_final,entity_simple_hard_test_dessert_00051:final:0,entity_simple_hard_test_dessert_00051,entity_simple_hard_test_dessert_00051,True,same_source_sibling_facts,1,4,23,20,여름 2팀 1차 브라우니 설명 중 비유와 색깔에 해당하는 내용만 답해줘.,"여름 2팀 1차 브라우니에 대해 비유는 초콜렛을 압축한 케이크라고, 그리고 색깔은 진한 갈색이라고 설명했습니다.",True,,,,,False,False,0.75,0.9032258064516129,0.375,0.45161290322580644,False,True,3.7602145000128075,3.733250399993267,,,,,passage-only,"여름 2팀 1차 브라우니에 대해 비유는 초록을 압축한 케이크라고, 색깔은 진한 초록이라고, 그리고 특징은 속이 촉촉하게 남는다고 설명했습니다.","여름 2팀 1차 브라우니에 대해 비유는 초콜렛을 압축한 케이크라고, 색깔은 진한 갈색이라고, 그리고 맛은 묵직하게 달콤하다고 설명했습니다."
dataset_ko_14_final,entity_simple_hard_test_statistics_00357:final:0,entity_simple_hard_test_statistics_00357,entity_simple_hard_test_statistics_00357,True,same_source_sibling_facts,1,4,23,20,심화 2팀 4차 신뢰구간에서 주의점과 의미를 함께 정리해줘.,"심화 2팀 4차 신뢰구간에 대해 주의점은 정답 하나를 보장하지 않는다고, 그리고 의미는 모수 추정 범위라고 설명했습니다.",True,,,,,False,False,0.42424242424242425,0.7586206896551724,0.21212121212121213,0.3793103448275862,True,False,7.697583700006362,2.876506300002802,,,,,passage-only,"심화 2팀 4차 신뢰구간에 대해 의미는 모수 추정을 보장하지 않는다고, 주의점은 정답 하나를 보장하지 않는다고, 그리고 활용은 추정의 불확실성을 설명할 때 쓴다고, 그리고 의미는 모르는 답이 있을 법한 범위를 표하는다고, 그리고 정답 하나를 보장하지 않는다고, 그리고 불확실성을 설명할 때 쓴다고, 그리고 모수 추정을 보장하지 않는다고, 그리고 정답 하나를 보장하지 않는다고, 그리고 불확실","심화 2팀 4차 신뢰구간에 대해 주의점은 정답의 범위라고, 의미는 수치의 추정 범위라고, 그리고区别是经典估计的性质吗?"
dataset_ko_15_final,entity_simple_hard_test_marketing_00322:final:0,entity_simple_hard_test_marketing_00322,entity_simple_hard_test_marketing_00322,True,same_source_sibling_facts,1,4,23,20,교수님이 가을 C반 4차 스터디 모집의 대상과 보상을 어떻게 말했어?,"가을 C반 4차 스터디 모집에 대해 대상은 스터디 신청자라고, 그리고 보상은 우선 신청권이라고 설명했습니다.",True,,,,,False,False,0.7586206896551724,0.7647058823529412,0.3793103448275862,0.3823529411764706,True,True,2.8321807000320405,3.462142699980177,,,,,tie,"교수님은 4차 스터디에 대해 대상은 스터디 신청자라고, 성과 지표는 완료율이라고, 그리고 보상은 우선 신청권이라고 설명했습니다.","교수님이 가을 C반 4차 스터디 모집에 대해 대상은 스터디 링크에서 알릴 예정이라고, 보상은 우선 신청권이라고, 그리고 성과 지표는 완료율이라고 설명했습니다."
dataset_ko_16_final,entity_simple_hard_test_os_concept_00389:final:0,entity_simple_hard_test_os_concept_00389,entity_simple_hard_test_os_concept_00389,True,same_source_sibling_facts,1,4,23,20,세미나 오전반 4차 스레드에서 역할과 장점을 함께 정리해줘.,"세미나 오전반 4차 스레드에 대해 역할은 프로세스 안에서 작업을 나누어 실행한다고, 그리고 장점은 작업을 가볍게 나눌 수 있다고 설명했습니다.",True,,,,,False,False,0.6274509803921569,0.923076923076923,0.3137254901960784,0.4615384615384615,False,True,5.400642900029197,3.372325800010003,,,,,passage-only,"세미나 오전반 4차 스레드에 대해 장점은 작업을 기다리는 시간을 최소화할 수 있다고, 역할은 프로세스之间를 쉬는 중에 대기oose를 정리하여 작업을 나누어 실행한다고, 그리고 비유는 같은 식당 안에서 일하는 직원이라고, 그리고 보증은 작업을 redo할 수 있다고 설명했습니다.","세미나 오전반 4차 스레드에 대해 역할은 프로세스 안에서 작업을 나누어 실행한다고, 장점은 작업을 가볍게 나눌 수 있다고, 그리고 caveat는 오래된 문제라고 설명했습니다."
dataset_ko_17_final,entity_simple_hard_test_marketing_00056:final:0,entity_simple_hard_test_marketing_00056,entity_simple_hard_test_marketing_00056,True,same_source_sibling_facts,1,4,23,20,정규 2팀 1차 신입생 캠페인 설명에서 성과 지표와 핵심 채널만 알려줘.,"정규 2팀 1차 신입생 캠페인에 대해 성과 지표는 전환율이라고, 그리고 핵심 채널은 인스타그램이라고 설명했습니다.",True,,,,,False,False,0.7407407407407408,0.896551724137931,0.3703703703703704,0.4482758620689655,False,True,2.7894095000228845,3.3011964000179432,,,,,passage-only,정규 2팀 1차 신입생 캠페인에 대해 성과 지표와 핵심 채널을 알려하는 가치는 뉴스피드에요.,"정규 2팀 1차 신입생 캠페인 설명에서 성과 지표는 전환율이라고, 핵심 채널은 인스타그램이라고, 그리고 대상은 신입생이라고 설명했습니다."
dataset_ko_18_final,entity_simple_hard_test_project_00133:final:0,entity_simple_hard_test_project_00133,entity_simple_hard_test_project_00133,True,same_source_sibling_facts,1,4,23,20,겨울 D반 2차 백엔드 배포에서 마감과 공유 위치를 함께 정리해줘.,"겨울 D반 2차 백엔드 배포에 대해 마감은 수요일 오후 다섯 시라고, 그리고 공유 위치는 깃허브 이슈 탭이라고 설명했습니다.",True,,,,,False,False,0.8095238095238096,0.9714285714285714,0.4047619047619048,0.4857142857142857,True,True,3.7963847999926656,2.7387232999899425,,,,,passage-only,"겨울 D반 2차 백엔드 배포에 대해 공유 위치는 깃허브 이슈 탭이라고, 마감은 오는 금요일 오후 다섯 시라고, 그리고 공유 위치는 깃허브 이슈 탭이라고 설명했습니다.","겨울 D반 2차 백엔드 배포에 대해 마감은 수요일 오후 다섯 시라고, 공유 위치는 깃허브 이슈 탭이라고 설명했습니다."
dataset_ko_19_final,entity_simple_hard_test_project_00110:final:0,entity_simple_hard_test_project_00110,entity_simple_hard_test_project_00110,True,same_source_sibling_facts,1,4,23,20,교수님이 봄 B반 2차 AI 모델 평가의 담당과 확인 기준을 어떻게 말했어?,"봄 B반 2차 AI 모델 평가에 대해 담당은 AI 파트라고, 그리고 확인 기준은 정답률이라고 설명했습니다.",True,,,,,False,False,0.9032258064516129,0.7027027027027025,0.45161290322580644,0.35135135135135126,True,True,2.7045165000017732,3.4367877999902703,,,,,question+passage,"봄 B반 2차 AI 모델 평가에 대해 담당은 AI 파트라고, 기준은 정답률이라고, 그리고 확인 기준은 정답률 확인이라고 설명했습니다.","봄 B반 2차 AI 모델 평가에 대해 담당은 AI 파트라고, 확인 기준은 정답률低于5%라고, 그리고 확인 기준은 다른 부분과 구분할 기준은 답의 위치라고 설명했습니다."
dataset_ko_20_final,entity_simple_hard_test_statistics_00285:final:0,entity_simple_hard_test_statistics_00285,entity_simple_hard_test_statistics_00285,True,same_source_sibling_facts,1,4,23,20,파일럿 오전반 3차 신뢰구간에서 활용과 비유를 함께 정리해줘.,"파일럿 오전반 3차 신뢰구간에 대해 활용은 추정의 불확실성을 설명할 때 쓴다고, 그리고 비유는 정답이 있을 법한 범위를 그은 지도라고 설명했습니다.",True,,,,,False,False,0.5538461538461538,0.7,0.2769230769230769,0.35,True,True,7.711739199992735,3.700822999991942,,,,,passage-only,"파일럿 오전반 3차 신뢰구간에 대해 비유는 정답이 있을 법한 범위를 그은 지도라고, 점수에 대한 의미는 정답을 보는 지도라고, 활용에 대해는 추정의 불확실성을 설명할 때 쓴다고, 그리고 분기의 이점은 정답 하나를 보장하지 않는다고, 그리고 분산이 의미는 모수 추정 범위를 좁힌다고, 그리고 활용은 추정의 불확실성을 설명할 때 쓴다고, 그리고 분야는 수","파일럿 오전반 3차 신뢰구간에 대해 활용은 추정의 불확실성을 설명할 때 쓴다고, 비유는 알고의 위치를 설명할 때의 비유라고, 그리고 주의점은 정답의 하나라고 설명했습니다."
dataset_ko_21_final,entity_simple_hard_test_marketing_00178:final:0,entity_simple_hard_test_marketing_00178,entity_simple_hard_test_marketing_00178,True,same_source_sibling_facts,1,4,23,20,교수님이 실습 4팀 2차 스터디 모집의 보상과 대상을 어떻게 말했어?,"실습 4팀 2차 스터디 모집에 대해 보상은 우선 신청권이라고, 그리고 대상은 스터디 신청자라고 설명했습니다.",True,,,,,False,False,0.75,0.5454545454545455,0.375,0.27272727272727276,True,True,3.0842974000261165,4.93416950001847,,,,,question+passage,"실습 4팀 2차 스터디 모집에 대해 대상은 완료율이라고, 성과 지표는 체계 방문 횟수라고, 그리고 보상은 우선 신청권이라고 설명했습니다.","교수님 실습 4팀 2차 스터디 모집에 대해 보상은 우선 신청권이 있던 실습 4팀에 상이한 처분 없이 알리미로 알리лась라고, 효과적인 전달 방식은 스터디 링크라고, 그리고 대상은 실습 4팀 학생이라고 설명했습니다."
dataset_ko_22_final,entity_simple_hard_test_statistics_00071:final:0,entity_simple_hard_test_statistics_00071,entity_simple_hard_test_statistics_00071,True,same_source_sibling_facts,1,4,23,20,여름 4팀 1차 회귀분석 설명 중 주의점과 의미에 해당하는 내용만 답해줘.,"여름 4팀 1차 회귀분석에 대해 주의점은 모든 원인을 증명하지는 않는다고, 그리고 의미는 관계의 경향 설명이라고 설명했습니다.",True,,,,,False,False,0.5499999999999999,0.6486486486486486,0.27499999999999997,0.3243243243243243,True,True,4.482618000009097,3.854845700028818,,,,,passage-only,"여름 4팀 1차 회귀분석에 대해 주의점은 관찰 수가 기댓값에 오래갈 때 쓴다고, 의미는 관계의 경향 설명에 해당하는다고, 그리고 비유는 흩어진 점 사이에 길을 그어 보는 일이라고 설명했습니다.","여름 4팀 1차 회귀분석 설명에 대해 주의점은 모든 원인을 증명하지는 않는다고, 설명적 의미라고, 그리고 비유는 흩어진 데이터의 위치를 한 곳에 집어넣는 행위라고 설명했습니다."
dataset_ko_23_final,entity_simple_hard_test_project_00374:final:0,entity_simple_hard_test_project_00374,entity_simple_hard_test_project_00374,True,same_source_sibling_facts,1,4,23,20,교수님이 캡스톤 4팀 4차 AI 모델 평가의 공유 위치와 마감을 어떻게 말했어?,"캡스톤 4팀 4차 AI 모델 평가에 대해 공유 위치는 회의록 폴더라고, 그리고 마감은 금요일 자정 전이라고 설명했습니다.",True,,,,,False,False,0.8205128205128205,0.8108108108108107,0.41025641025641024,0.4054054054054054,True,True,3.4864328999537975,3.1718608000082895,,,,,tie,"캡스톤 4팀 4차 AI 모델 평가에 대해 공유 위치는 회의록 폴더와 다르지 않다고, 마감은 금요일 자정 전이라고, 그리고 확인 기준은 정답률이라고 설명했습니다.","캡스톤 4팀 4차 AI 모델 평가에 대해 공유 위치는 커널 사이트라고, 마감은 금요일 자정 전이라고, 그리고 확인 기준은 정답률이라고 설명했습니다."
dataset_ko_24_final,entity_simple_hard_test_os_concept_00199:final:0,entity_simple_hard_test_os_concept_00199,entity_simple_hard_test_os_concept_00199,True,same_source_sibling_facts,1,4,23,20,세미나 오후반 2차 큐 설명 중 역할과 장점에 해당하는 내용만 답해줘.,"세미나 오후반 2차 큐에 대해 역할은 작업을 순서대로 기다리게 한다고, 그리고 장점은 처리 순서를 명확하게 만든다고 설명했습니다.",True,,,,,False,False,0.8108108108108107,0.7058823529411765,0.4054054054054054,0.35294117647058826,True,True,3.3129398000310175,3.3936800999799743,,,,,question+passage,"세미나 오후반 2차 큐에 대해 장점으로는 처리 순서를 명확하게 만든다고, 책임을 두고 작업을 기다리게 한다고, 그리고 역할을 분명하게 만든다고 설명했습니다.","세미나 오후반 2차 큐 설명에 대해 역할이 작업을 순서대로 기다리게 한다고, 장점이 효율이 빠르다고, 그리고 정보가 누유가 빠르다고 설명했습니다."
dataset_ko_25_final,entity_simple_hard_test_art_history_00018:final:0,entity_simple_hard_test_art_history_00018,entity_simple_hard_test_art_history_00018,True,same_source_sibling_facts,1,4,23,20,교수님이 실습 B반 1차 인상주의의 핵심 특징과 목적을 어떻게 말했어?,"실습 B반 1차 인상주의에 대해 핵심 특징은 빛의 순간적인 인상이라고, 그리고 목적은 관찰 순간을 살리는 것이라고 설명했습니다.",True,,,,,False,False,0.717948717948718,0.13114754098360656,0.358974358974359,0.06557377049180328,True,True,3.625944299972616,7.644685499952175,,,,,question+passage,"실습 B반 1차 인상주의에 대해 핵심 특징은 예의가 중요하다고, 목적은 관찰 순간을 살리는 것이라고, 그리고 비교 포인트는 정확한 윤곽보다 색감이 중요하다고 설명했습니다.","전남대의 인상주의는 빛의 순간적인 인상과 비교해 설명하 said, ""특정 시각의 중요 특징을 말해""고, 김 교수님의 인상주의는 빛의 순간적인 인상과 비교해 설명하 said, ""특정 시각의 중요 특징을 말해""고, 김 교수님의 인상주의는 빛의 순간적인 인상과 비교해 설명하 said, ""특정 시각의 중요 특상과 비유는 햇빛이 흔들리는 수면에 비친 모습"
dataset_ko_26_final,entity_simple_hard_test_art_history_00185:final:0,entity_simple_hard_test_art_history_00185,entity_simple_hard_test_art_history_00185,True,same_source_sibling_facts,1,4,23,20,파일럿 오전반 2차 입체주의에서 비교 포인트와 비유를 함께 정리해줘.,"파일럿 오전반 2차 입체주의에 대해 비교 포인트는 단일 원근과 다르다고, 그리고 비유는 여러 방향에서 본 사물을 한 화면에 놓는 방식이라고 설명했습니다.",True,,,,,False,False,0.6190476190476191,0.8372093023255814,0.30952380952380953,0.4186046511627907,False,True,3.9253002000041306,3.990201899956446,,,,,passage-only,"파일럿 오전반 2차 입체주의에 대해 목적은 대상을 새롭게 해석하는 것이라고, 비유는 여러 시점에서 본 사물을 한 화면에 놓는 방식이라고, 그리고 핵심 특징은 여러 시점이라고 설명했습니다.","파일럿 오전반 2차 입체주의에 대해 비교 포인트는 단일 원근과 다르다고, 핵심 특징은 여러 시점이라고, 그리고 비유는 여러 시점으로 보는 사물을 한 화면에 놓는 방식이라고 설명했습니다."
dataset_ko_27_final,entity_simple_hard_test_marketing_00080:final:0,entity_simple_hard_test_marketing_00080,entity_simple_hard_test_marketing_00080,True,same_source_sibling_facts,1,4,23,20,봄 오전반 1차 신입생 캠페인 설명에서 보상과 대상만 알려줘.,"봄 오전반 1차 신입생 캠페인에 대해 보상은 커피 쿠폰이라고, 그리고 대상은 신입생이라고 설명했습니다.",True,,,,,False,False,0.8461538461538461,0.5714285714285715,0.4230769230769231,0.28571428571428575,True,True,3.4403862000326626,2.149226900015492,,,,,question+passage,"봄 오전반 1차 신입생 캠페인과 보상은 커피 쿠폰이라고, 대상은 신입생이라고, 그리고 핵심 채널은 인스타그램이라고 설명했습니다.",봄 오전반 1차 신입생 캠페인 설명에서 보상으로 이oucher을 제공합니다. 대상은 신입생입니다.
dataset_ko_28_final,entity_simple_hard_test_art_history_00162:final:0,entity_simple_hard_test_art_history_00162,entity_simple_hard_test_art_history_00162,True,same_source_sibling_facts,1,4,23,20,교수님이 가을 3팀 2차 인상주의의 목적과 핵심 특징을 어떻게 말했어?,"가을 3팀 2차 인상주의에 대해 목적은 관찰 순간을 살리는 것이라고, 그리고 핵심 특징은 빛의 순간적인 인상이라고 설명했습니다.",True,,,,,False,False,0.6,0.5714285714285714,0.3,0.2857142857142857,False,False,3.7421980999642983,1.8274214999983087,,,,,tie,"교수님이 가을 3팀 2차 인상주의에 대해 목적은 관찰하는 순간을 살리는 것이라고, 비교 포인트는 예감의 핵심 특징이라고, 그리고 학교의 점수는 위에 있는 것이라고 설명했습니다.",교수님이 가을 3팀 2차 인상주의의 목적과 핵심 특징을 다음과 같이 설명했습니다.
dataset_ko_29_final,entity_simple_hard_test_statistics_00143:final:0,entity_simple_hard_test_statistics_00143,entity_simple_hard_test_statistics_00143,True,same_source_sibling_facts,1,4,23,20,겨울 1팀 2차 회귀분석 설명 중 비유와 활용에 해당하는 내용만 답해줘.,"겨울 1팀 2차 회귀분석에 대해 비유는 흩어진 점 사이에 길을 그어 보는 일이라고, 그리고 활용은 예측 경향을 설명할 때 쓴다고 설명했습니다.",True,,,,,False,False,0.6,0.5789473684210527,0.3,0.2894736842105263,True,True,5.548091700009536,3.576758000010159,,,,,tie,"겨울 1팀 2차 회귀분석에 대해 비유는 흩어진 점 사이에 공간적 경향을 설명할 때 쓴다고, 활용은 예측 경향을 설명할 때 쓴다고, 그리고 의미는 관계의 경향 설명과 예측 분모의 점을 나타내는 흩어진 점들의 공간 경향 설명이라고 설명했습니다.","겨울 1팀 2차 회귀분석 설명 중 비유와 활용에 해당하는 내용만은 예측 경향을 설명할 때 쓴다고, 과정은 입력값에 변환을 추가로 넣고 해석한다고 설명했습니다."
dataset_ko_30_final,entity_simple_hard_test_project_00372:final:0,entity_simple_hard_test_project_00372,entity_simple_hard_test_project_00372,True,same_source_sibling_facts,1,4,23,20,가을 4팀 4차 최종 발표 설명에서 공유 위치와 마감만 알려줘.,"가을 4팀 4차 최종 발표에 대해 공유 위치는 팀 노션 페이지라고, 그리고 마감은 다음 주 월요일 밤이라고 설명했습니다.",True,,,,,False,False,0.888888888888889,0.7777777777777777,0.4444444444444445,0.38888888888888884,True,True,3.1013301000348292,3.149930600018706,,,,,question+passage,"가을 4팀 4차 최종 발표 설명에 대해 공유 위치는 회의 노션 페이지라고, 마감은 다음 주 월요일 밤이라고, 그리고 역할은 기획 파트라고 설명했습니다.","가을 4팀 4차 최종 발표 설명에 대해 공유 위치는 메일 링크라고, 마감은 다음 주 월요일 밤이라고, 그리고 태그는 기획 문서区 방식이라고 설명했습니다."
dataset_ko_31_final,entity_simple_hard_test_os_concept_00269:final:0,entity_simple_hard_test_os_concept_00269,entity_simple_hard_test_os_concept_00269,True,same_source_sibling_facts,1,4,23,20,세미나 3팀 3차 스레드에서 주의점과 비유를 함께 정리해줘.,"세미나 3팀 3차 스레드에 대해 주의점은 공유 자원 관리가 필요하다고, 그리고 비유는 같은 식당 안에서 일하는 직원이라고 설명했습니다.",True,,,,,False,False,0.5853658536585366,0.6285714285714287,0.2926829268292683,0.31428571428571433,True,False,3.7482011999818496,2.552128100011032,,,,,tie,"세미나 3팀 3차 스레드에 대해 비유는 여러 기능을 가질 수 있다고, 역할은 프로세스 중에서 작업을 나누어 실행한다고, 그리고 약점은 공유 자원 관리가 필요하다고 설명했습니다.",세미나 3팀 3차 스레드에 대해 주의점은 공유 자원 관리와 비유는 실행 중인 행에 관련된 함수가 있다고 설명했습니다.
dataset_ko_32_final,entity_simple_hard_test_marketing_00347:final:0,entity_simple_hard_test_marketing_00347,entity_simple_hard_test_marketing_00347,True,same_source_sibling_facts,1,4,23,20,심화 1팀 4차 멘토링 이벤트 설명 중 성과 지표와 핵심 채널에 해당하는 내용만 답해줘.,"심화 1팀 4차 멘토링 이벤트에 대해 성과 지표는 재방문율이라고, 그리고 핵심 채널은 이메일 뉴스레터라고 설명했습니다.",True,,,,,False,False,0.9090909090909091,0.8823529411764706,0.45454545454545453,0.4411764705882353,True,True,3.8381623000022955,4.0889167000423186,,,,,tie,"심화 1팀 4차 멘토링 이벤트에 대해 핵심 채널은 이메일 뉴스레터라고, 성과 지표는 재방문율이라고, 그리고 보상은 포인트 500점이라고 설명했습니다.","심화 1팀 4차 멘토링 이벤트에 대해 성과 지표는 재방문율이라고, 핵심 채널은 이메일 뉴스레터라고, 그리고 핵심 채널의 연결요소는 리ファ尔リンク이라고 설명했습니다."
dataset_ko_33_final,entity_simple_hard_test_dessert_00336:final:0,entity_simple_hard_test_dessert_00336,entity_simple_hard_test_dessert_00336,True,same_source_sibling_facts,1,4,23,20,정규 D반 4차 초콜렛 설명에서 비유와 색깔만 알려줘.,"정규 D반 4차 초콜렛에 대해 비유는 작은 선물 상자라고, 그리고 색깔은 검정색이라고 설명했습니다.",True,,,,,False,False,0.8666666666666666,0.7142857142857142,0.4333333333333333,0.3571428571428571,True,True,3.078126699954737,2.7060192999779247,,,,,question+passage,"정규 D반 4차 초콜렛 설명에 대해 비유는 작은 선물 상자라고, 색깔은 검정색이라고, 그리고 특징은 입안에서 천천히 녹는다고 설명했습니다.","정규 정규 D반 4차 초콜렛에 대해 색깔은 검정색이라고, 비유는 하나의 상품이라고, 그리고 색깔은 검정색이라고 설명했습니다."
dataset_ko_34_final,entity_simple_hard_test_os_concept_00319:final:0,entity_simple_hard_test_os_concept_00319,entity_simple_hard_test_os_concept_00319,True,same_source_sibling_facts,1,4,23,20,세미나 B반 4차 큐 설명 중 비유와 주의점에 해당하는 내용만 답해줘.,"세미나 B반 4차 큐에 대해 비유는 번호표를 뽑고 기다리는 줄이라고, 그리고 주의점은 대기 시간이 길어질 수 있다고 설명했습니다.",True,,,,,False,False,0.5853658536585366,0.34146341463414637,0.2926829268292683,0.17073170731707318,True,False,4.54288910003379,3.6151472000055946,,,,,question+passage,"세미나 B반 4차 큐에 대해 핵심 정보는 대기열을 만드는 법이라고, 비유는 번호표를 뽑고 기다리는 줄이라고, 그리고 주의점은 대기열을 만든다라고, 그리고 설명은 작업을 순서대로 기다리라고 말했다.","세미나 B반 4차 큐 설명에 대해 시간표는 시작 시간이 earlier than 전통이야 되는 이유는 순서를 명확하게 만든다고, 전통은 waiting list라고, 그리고 문제는 중간의 작업을 생각한다고 설명했습니다."
dataset_ko_35_final,entity_simple_hard_test_art_history_00234:final:0,entity_simple_hard_test_art_history_00234,entity_simple_hard_test_art_history_00234,True,same_source_sibling_facts,1,4,23,20,교수님이 캡스톤 D반 3차 인상주의의 비유와 비교 포인트를 어떻게 말했어?,"캡스톤 D반 3차 인상주의에 대해 비유는 햇빛이 흔들리는 수면에 비친 모습이라고, 그리고 비교 포인트는 정확한 윤곽보다 색감이 중요하다고 설명했습니다.",True,,,,,False,False,0.5333333333333333,0.7916666666666666,0.26666666666666666,0.3958333333333333,False,True,4.477689500025008,5.673268599959556,,,,,passage-only,"교수님이 캡스톤 D반 3차 인상주의에 대해 비유는 시간이 개인을보호하는 것이라고, 비교 포인트는 정확한 윤곽이 보이기 가장 빠른 것이라고, 그리고 핵심 특징은 즉시 인상에 대한 의식이라고 설명했습니다.","전남대 인상주의에 대해 비유는 햇빛이 흔들리는 수면에 비친 모습이라고, 비유 포인트는 정확한 윤곽보다 색감이 중요하다고, 그리고 비교 포인트는 캡스톤 D반 3차 인상주의의 비유는 햇빛이 흔들리는 수면에 비친 모습이라고 설명했습니다."
dataset_ko_36_final,entity_simple_hard_test_art_history_00186:final:0,entity_simple_hard_test_art_history_00186,entity_simple_hard_test_art_history_00186,True,same_source_sibling_facts,1,4,23,20,교수님이 정규 오전반 2차 인상주의의 비교 포인트와 비유를 어떻게 말했어?,"정규 오전반 2차 인상주의에 대해 비교 포인트는 정확한 윤곽보다 색감이 중요하다고, 그리고 비유는 햇빛이 흔들리는 수면에 비친 모습이라고 설명했습니다.",True,,,,,False,False,0.45833333333333337,0.5714285714285714,0.22916666666666669,0.2857142857142857,False,False,4.73980089998804,1.6632919000112452,,,,,passage-only,"교수님이 정규 오전반 2차 인상주의에 대해 비교 포인트는 예를 들어 심리적 이미지에 대해 말하는 것이라고, 비교 조건은 정확한 윤곽이清晰地 찬찬히 비유될 것이라고, 그리고 목적은 관찰 순간을 드러내는 것이라고 설명했습니다.",교수님이 정규 오전반 2차 인상주의의 비교 포인트와 비유를 설명했습니다.
dataset_ko_37_final,entity_simple_hard_test_project_00063:final:0,entity_simple_hard_test_project_00063,entity_simple_hard_test_project_00063,True,same_source_sibling_facts,1,4,23,20,겨울 3팀 1차 프론트엔드 점검 설명 중 확인 기준과 담당에 해당하는 내용만 답해줘.,"겨울 3팀 1차 프론트엔드 점검에 대해 확인 기준은 사용자 차단 여부라고, 그리고 담당은 프론트엔드 파트라고 설명했습니다.",True,,,,,False,False,0.8205128205128205,0.7000000000000001,0.41025641025641024,0.35000000000000003,True,True,4.270934199972544,4.144657600030769,,,,,question+passage,"겨울 3팀 1차 프론트엔드 점검 설명에 대해 확인 기준은 사용자 차단 여부라고, 담당은 프론트엔드 파트라고, 그리고 대요일 전 멀리고 다음 주 화요일에 전화 연결이 가능하다고 설명했습니다.","겨울 3팀 1차 프론트엔드 점검 확인 기준에 대해 확인 책임은 프론트엔드 파트라고, 프론트엔드 점검은 사용자 경험 차이를 설명 필요 있다고, 그리고 담당은 프론트엔드 파트라고 설명했습니다."
dataset_ko_38_final,entity_simple_hard_test_marketing_00034:final:0,entity_simple_hard_test_marketing_00034,entity_simple_hard_test_marketing_00034,True,same_source_sibling_facts,1,4,23,20,교수님이 캡스톤 D반 1차 스터디 모집의 대상과 보상을 어떻게 말했어?,"캡스톤 D반 1차 스터디 모집에 대해 대상은 스터디 신청자라고, 그리고 보상은 우선 신청권이라고 설명했습니다.",True,,,,,False,False,0.9032258064516129,0.7647058823529412,0.45161290322580644,0.3823529411764706,True,True,3.0041655999957584,3.606989399995655,,,,,question+passage,"캡스톤 D반 1차 스터디 모집에 대해 대상은 스터디 신청자라고, 성과 지표는 완료율이라고, 그리고 보상은 우선 신청권이라고 설명했습니다.","교수님이 캡스톤 D반 1차 스터디 모집에 대해 대상은 스터디 공간을 이용하는 학생이라고, 보상은 우선 신청권이라고, 그리고 성과 지표는 완료율이라고 설명했습니다."
dataset_ko_39_final,entity_simple_hard_test_os_concept_00318:final:0,entity_simple_hard_test_os_concept_00318,entity_simple_hard_test_os_concept_00318,True,same_source_sibling_facts,1,4,23,20,교수님이 실습 B반 4차 캐시의 비유와 주의점을 어떻게 말했어?,"실습 B반 4차 캐시에 대해 비유는 책상 위에 올려둔 책이라고, 그리고 주의점은 오래된 정보가 남을 수 있다고 설명했습니다.",True,,,,,False,False,0.29411764705882354,0.5999999999999999,0.14705882352941177,0.29999999999999993,False,False,3.488539199985098,2.3735560000059195,,,,,passage-only,"교수님의 주의점은 연관을 빠르게 만든다고, 비유는 구현을 빠르게 만든다고, 그리고 역할은 자주 쓰는 정보를 가까이 둔다고 설명했습니다.",교수님의 실습 B반 4차 캐시는 상점으로 비유하고 주의점은 오래된 데이터가 남을 수 있다고 설명했습니다.
dataset_ko_40_final,entity_simple_hard_test_art_history_00280:final:0,entity_simple_hard_test_art_history_00280,entity_simple_hard_test_art_history_00280,True,same_source_sibling_facts,1,4,23,20,봄 오전반 3차 바로크 설명에서 비교 포인트와 비유만 알려줘.,"봄 오전반 3차 바로크에 대해 비교 포인트는 평면적 구도와 구분된다고, 그리고 비유는 무대 조명이 한 장면을 강조하는 방식이라고 설명했습니다.",True,,,,,False,False,0.85,0.7894736842105262,0.425,0.3947368421052631,True,True,4.148236699984409,3.760264999989886,,,,,question+passage,"봄 오전반 3차 바로크에 대해 비교 포인트는 평면적 구도와 구분된다고, 비유는 무대 조명이 한 장면을 강조하는 방식이라고, 그리고 비교 대상은 평면적 구도를 강조하는 방식이라고 설명했습니다.","봄 오전반 3차 바로크에 대해 비교 포인트는 기본 직线과 다르다고, 비유는 무대 조명이 한 장면을 강조하는 방식이라고, 그리고 비유 구도는 한 장면을 강조하는 방식이라고 설명했습니다."
dataset_ko_41_final,entity_simple_hard_test_marketing_00250:final:0,entity_simple_hard_test_marketing_00250,entity_simple_hard_test_marketing_00250,True,same_source_sibling_facts,1,4,23,20,교수님이 봄 2팀 3차 스터디 모집의 성과 지표와 핵심 채널을 어떻게 말했어?,"봄 2팀 3차 스터디 모집에 대해 성과 지표는 완료율이라고, 그리고 핵심 채널은 학과 홈페이지라고 설명했습니다.",True,,,,,False,False,0.9032258064516129,0.7777777777777778,0.45161290322580644,0.3888888888888889,True,True,3.2772001000121236,4.185331999964546,,,,,question+passage,"봄 2팀 3차 스터디 모집에 대해 성과 지표는 완료율이라고, 핵심 채널은 학과 홈페이지라고, 그리고 대상은 스터디 신청자라고 설명했습니다.","프로젝트 기간이 주기적인 방식으로 전달되는 봄 2팀 3차 스터디 모집에 대해 성과 지표는 완료율이라고, 핵심 채널은 학과 홈페이지라고, 그리고 보상은 우선 신청권이라고 설명했습니다."
dataset_ko_42_final,entity_simple_hard_test_project_00036:final:0,entity_simple_hard_test_project_00036,entity_simple_hard_test_project_00036,True,same_source_sibling_facts,1,4,23,20,정규 D반 1차 최종 발표 설명에서 마감과 공유 위치만 알려줘.,"정규 D반 1차 최종 발표에 대해 마감은 다음 주 월요일 밤이라고, 그리고 공유 위치는 팀 노션 페이지라고 설명했습니다.",True,,,,,False,False,0.8648648648648648,0.742857142857143,0.4324324324324324,0.3714285714285715,True,True,3.2525000000023283,3.1208346000057645,,,,,question+passage,"정규 D반 1차 최종 발표 설명에 대해 공유 위치는 팀 노션 페이지라고, 마감은 다음 주 월요일 밤이라고, 그리고 확인 기준은 근거 제시 여부라고 설명했습니다.","정규 D반 1차 최종 발표 설명에 대해 마감은 마주 측면에 달는다고, 공유 위치는 팀 노션 페이지라고, 그리고 설명은 결과 공유 장소라고 설명했습니다."
dataset_ko_43_final,entity_simple_hard_test_project_00157:final:0,entity_simple_hard_test_project_00157,entity_simple_hard_test_project_00157,True,same_source_sibling_facts,1,4,23,20,심화 2팀 2차 백엔드 배포에서 확인 기준과 담당을 함께 정리해줘.,"심화 2팀 2차 백엔드 배포에 대해 확인 기준은 오류 발생률이라고, 그리고 담당은 백엔드 팀이라고 설명했습니다.",True,,,,,False,False,0.4888888888888889,0.9655172413793104,0.24444444444444444,0.4827586206896552,False,True,4.558105800009798,2.480645299947355,,,,,passage-only,"심화 2팀 2차 백엔드 배포에 대해 확인 기준과 담당을 다음과 같이 표로로 설정을 해주기를고객 요청에 대한 처리 여부를 표시할 것이라고, 공유 위치를 표시할 것이라고, 그리고 관리의 퀸을 표시할 것이라고 설명했습니다.","심화 2팀 2차 백엔드 배포에 대해 확인 기준은 오류 발생률이라고, 담당은 백엔드 팀이라고 설명했습니다."
dataset_ko_44_final,entity_simple_hard_test_os_concept_00317:final:0,entity_simple_hard_test_os_concept_00317,entity_simple_hard_test_os_concept_00317,True,same_source_sibling_facts,1,4,23,20,심화 B반 4차 스레드에서 비유와 주의점을 함께 정리해줘.,"심화 B반 4차 스레드에 대해 비유는 같은 식당 안에서 일하는 직원이라고, 그리고 주의점은 공유 자원 관리가 필요하다고 설명했습니다.",True,,,,,False,False,0.7499999999999999,0.41860465116279066,0.37499999999999994,0.20930232558139533,True,False,4.46799319999991,3.7678170999861322,,,,,question+passage,"심화 B반 4차 스레드에 대해 비유는 여러 가지 작업을 나누어 실행한다고, 주의점은 공유 자원 관리가 필요하다고, 그리고 비유는 같은 식당 안에서 일하는 직원이라고, 그리고 약점은 작업을 가볍게 나눌 수 있다고 설명했습니다.","심화 B반 4차 스레드에 대해 비유는 동영상 나누기와 비유는 동영상 나누기가 있다고, 주의점은 낸 문제는 단락이 되지 않는 문제라고, 그리고 결합은 함수 내에서 생성하는 변수라고 설명했습니다."
dataset_ko_45_final,entity_simple_hard_test_statistics_00119:final:0,entity_simple_hard_test_statistics_00119,entity_simple_hard_test_statistics_00119,True,same_source_sibling_facts,1,4,23,20,세미나 B반 2차 회귀분석 설명 중 의미와 주의점에 해당하는 내용만 답해줘.,"세미나 B반 2차 회귀분석에 대해 의미는 관계의 경향 설명이라고, 그리고 주의점은 모든 원인을 증명하지는 않는다고 설명했습니다.",True,,,,,False,False,0.4800000000000001,0.8205128205128205,0.24000000000000005,0.41025641025641024,False,True,1.524150999961421,4.028013600036502,,,,,passage-only,세미나 B반 2차 회귀분석에 대해 설명하는 주의점은 다음을 의미한다.,"세미나 B반 2차 회귀분석 설명에 대해 의미는 관계의 경향 설명이라고, 주의점은 모든 원인을 증명하지는 않는다고, 그리고 비유는 흩어진 점 사이에 길을 그어 보는 일이라고 설명했습니다."
dataset_ko_46_final,entity_simple_hard_test_art_history_00139:final:0,entity_simple_hard_test_art_history_00139,entity_simple_hard_test_art_history_00139,True,same_source_sibling_facts,1,4,23,20,세미나 D반 2차 르네상스 설명 중 비유와 비교 포인트에 해당하는 내용만 답해줘.,"세미나 D반 2차 르네상스에 대해 비유는 사람을 화면 중앙에 다시 세우는 방식이라고, 그리고 비교 포인트는 절대왕정 중심 설명과 다르다고 설명했습니다.",True,,,,,False,False,0.4186046511627907,0.8837209302325582,0.20930232558139536,0.4418604651162791,False,True,4.394937800010666,4.173275000008289,,,,,passage-only,"세미나 D반 2차 르네상스에 대해 비교의 핵심적 특징은 인문주의를 드러내는 것이라고, 목적은 사람의 가치를 드러내는 것이라고, 그리고 시대에 대한 분명한 노선을 드러내는 것이라고 설명했습니다.","세미나 D반 2차 르네상스에 대해 비유는 사람을 화면 중앙에 다시 세우는 방식이라고, 설명은 중앙 중요성을 다시 강조하는 방식이라고, 그리고 비교 포인트는 절대왕정 중심 설명과 다르다고 설명했습니다."
dataset_ko_47_final,entity_simple_hard_test_project_00277:final:0,entity_simple_hard_test_project_00277,entity_simple_hard_test_project_00277,True,same_source_sibling_facts,1,4,23,20,심화 4팀 3차 백엔드 배포에서 공유 위치와 마감을 함께 정리해줘.,"심화 4팀 3차 백엔드 배포에 대해 공유 위치는 깃허브 이슈 탭이라고, 그리고 마감은 수요일 오후 다섯 시라고 설명했습니다.",True,,,,,False,False,0.85,0.9714285714285714,0.425,0.4857142857142857,True,True,3.7698650999809615,2.76663450000342,,,,,passage-only,"심화 4팀 3차 백엔드 배포에 대해 공유 위치는 깃허브 이슈 탭이라고, 마감은 다음 주 토요일 오후 다섯 시라고, 그리고 담당은 백엔드 팀이라고 설명했습니다.","심화 4팀 3차 백엔드 배포에 대해 공유 위치는 깃허브 이슈 탭이라고, 마감은 수요일 오후 다섯 시라고 설명했습니다."
dataset_ko_48_final,entity_simple_hard_test_project_00252:final:0,entity_simple_hard_test_project_00252,entity_simple_hard_test_project_00252,True,same_source_sibling_facts,1,4,23,20,가을 2팀 3차 최종 발표 설명에서 확인 기준과 담당만 알려줘.,"가을 2팀 3차 최종 발표에 대해 확인 기준은 근거 제시 여부라고, 그리고 담당은 기획 파트라고 설명했습니다.",True,,,,,False,False,0.7222222222222223,0.6111111111111112,0.36111111111111116,0.3055555555555556,True,False,3.161206300021149,3.4089245999930426,,,,,question+passage,"가을 2팀 3차 최종 발표 설명에 대해 확인 기준과 담당은 기획 파트라고, 공유 위치는 팀 노션 페이지라고, 그리고 담당은 기획 파트라고 설명했습니다.","가을 2팀 3차 최종 발표 설명에 대해 확인 기준은 확인 팀원이 담당이라고, 설명은 기준을 담은 곳이라고, 그리고 담당은 실행자 믿을 곳이라고 설명했습니다."
dataset_ko_49_final,entity_simple_hard_test_project_00350:final:0,entity_simple_hard_test_project_00350,entity_simple_hard_test_project_00350,True,same_source_sibling_facts,1,4,23,20,교수님이 봄 2팀 4차 AI 모델 평가의 확인 기준과 담당을 어떻게 말했어?,"봄 2팀 4차 AI 모델 평가에 대해 확인 기준은 정답률이라고, 그리고 담당은 AI 파트라고 설명했습니다.",True,,,,,False,False,0.3939393939393939,0.6250000000000001,0.19696969696969696,0.31250000000000006,True,True,7.732081499998458,3.237213400017936,,,,,passage-only,"봄 2팀 4차 AI 모델 평가에 대해 확인 기준은 정답률이라고, 그리고 담당은 AI 파트라고, 그리고 마감은 금요일 자정 전이라고, 그리고 확인 기준은 정답률이라고, 그리고 submit 경로는 회의록 폴더라고, 그리고 담당은 AI 파트라고, 그리고 봄 2팀 4차 AI 모델 평가에 대해 공유 위치는 회의록 폴더라고, 그리고 확인 기준은 true false 라고, 그리고 submit 위치는 슬랙","봄 2팀 4차 AI 모델 평가의 확인 기준은 확인서 형식으로 전달한다고, 담당은 설명 영역에 담았다고, 그리고 문제는 정답률이 낮다고 설명했습니다."
dataset_ko_50_final,entity_simple_hard_test_os_concept_00078:final:0,entity_simple_hard_test_os_concept_00078,entity_simple_hard_test_os_concept_00078,True,same_source_sibling_facts,1,4,23,20,교수님이 실습 4팀 1차 캐시의 주의점과 비유를 어떻게 말했어?,"실습 4팀 1차 캐시에 대해 주의점은 오래된 정보가 남을 수 있다고, 그리고 비유는 책상 위에 올려둔 책이라고 설명했습니다.",True,,,,,False,False,0.46511627906976744,0.8292682926829268,0.23255813953488372,0.4146341463414634,False,True,4.9496677000424825,4.132053599983919,,,,,passage-only,"실습 4팀 1차 캐시의 주의점에 대해 비유는 연상하는 정보를 빠르게 끼워 넣는다고, 비유의 장점은 반복 접근을 빠르게 만든다고, 그리고 역할은 자주 쓰는 정보를 가까이 둔다고 설명했습니다.","교수님의 실습 4팀 1차 캐시에 대해 주의점은 오래된 정보가 남을 수 있다고, 비유는 책상 위에 올려둔 책이라고, 그리고 역할은 자주 쓰는 책을 가까이 둔다고 설명했습니다."
dataset_ko_51_final,entity_simple_hard_test_project_00397:final:0,entity_simple_hard_test_project_00397,entity_simple_hard_test_project_00397,True,same_source_sibling_facts,1,4,23,20,심화 오후반 4차 백엔드 배포에서 담당과 확인 기준을 함께 정리해줘.,"심화 오후반 4차 백엔드 배포에 대해 담당은 백엔드 팀이라고, 그리고 확인 기준은 오류 발생률이라고 설명했습니다.",True,,,,,False,False,0.45833333333333326,0.8571428571428571,0.22916666666666663,0.42857142857142855,False,True,5.499411400000099,3.266085299954284,,,,,passage-only,"심화 오후반 4차 백엔드 배포에 대해 확인 기준을 다음과 몇 줄이라고, 그리고 함께 공유 위치라고, 그리고 담당 여부를 설명해줄고, 닫힌 문제라고, 그리고 확인 메모라고 표시해줄고, 댓글으로 컨트랙트라고, 그리고 확인 기준을 여러 위치에 표시해줄고,이라고 설명했습니다.","심화 오후반 4차 백엔드 배포에 대해 담당은 백엔드 팀이라고, 확인 기준은 오류 발생률이라고, 그리고 마감은 수요일 오후 다섯 시라고 설명했습니다."
dataset_ko_52_final,entity_simple_hard_test_dessert_00241:final:0,entity_simple_hard_test_dessert_00241,entity_simple_hard_test_dessert_00241,True,same_source_sibling_facts,1,4,23,20,여름 1팀 3차 솜사탕에서 비유와 색깔을 함께 정리해줘.,"여름 1팀 3차 솜사탕에 대해 비유는 구름 같은 간식이라고, 그리고 색깔은 분홍색이라고 설명했습니다.",True,,,,,False,False,0.8387096774193548,0.19672131147540983,0.4193548387096774,0.09836065573770492,True,True,3.356866699992679,7.709102799999528,,,,,question+passage,"여름 1팀 3차 솜사탕에 대해 비유는 구름 같은 간식이라고, 색깔은 분홍색이라고, 그리고 특징은 입에 닿으면 빠르게 사라진다고 설명했습니다.",여름 1팀 3차 솜사탕에 대해 비유는 분홍색 고이에 대해 설명이 영국 음료에 대한 비유는 분홍색 고이에 대해 설명이 영국 음료에 대해 추가 설명이 영분홍색 고이에 대해 비유는 분홍색 고이에 대해 비유는 분홍색 고이에 대해 비유는 분홍색 고이에 대해 비유는 분홍색 고이에 대해 비유는 분홍색 고이에 대해 설명이 영국 음료에 대해 추가 설명이 영분홍
dataset_ko_53_final,entity_simple_hard_test_project_00300:final:0,entity_simple_hard_test_project_00300,entity_simple_hard_test_project_00300,True,same_source_sibling_facts,1,4,23,20,봄 A반 4차 최종 발표 설명에서 담당과 확인 기준만 알려줘.,"봄 A반 4차 최종 발표에 대해 담당은 기획 파트라고, 그리고 확인 기준은 근거 제시 여부라고 설명했습니다.",True,,,,,False,False,0.5833333333333334,0.8484848484848485,0.2916666666666667,0.42424242424242425,False,True,1.3230704999878071,3.06961600005161,,,,,passage-only,봄 A반 4차 최종 발표 설명에 대해 확인 기준을 알려줄 수 있습니다.,"봄 A반 4차 최종 발표 설명이 담당은 기획 파트라고, 확인 기준은 근거 제시 여부라고, 그리고 마감은 다음 주 월요일 밤이라고 설명했습니다."
dataset_ko_54_final,entity_simple_hard_test_project_00111:final:0,entity_simple_hard_test_project_00111,entity_simple_hard_test_project_00111,True,same_source_sibling_facts,1,4,23,20,여름 B반 2차 프론트엔드 점검 설명 중 담당과 확인 기준에 해당하는 내용만 답해줘.,"여름 B반 2차 프론트엔드 점검에 대해 담당은 프론트엔드 파트라고, 그리고 확인 기준은 사용자 차단 여부라고 설명했습니다.",True,,,,,False,False,0.875,0.888888888888889,0.4375,0.4444444444444445,True,True,2.915478900016751,3.7103581000119448,,,,,tie,"여름 B반 2차 프론트엔드 점검 설명이라고, 담당은 프론트엔드 담당이라고, 그리고 확인 기준은 사용자 차단 여부라고 설명했습니다.","여름 B반 2차 프론트엔드 점검에 대해 담당은 프론트엔드 파트라고, 마감은 다음 달 첫째 주 화요일이라고, 그리고 확인 기준은 사용자 차단 여부라고 설명했습니다."
dataset_ko_55_final,entity_simple_hard_test_statistics_00046:final:0,entity_simple_hard_test_statistics_00046,entity_simple_hard_test_statistics_00046,True,same_source_sibling_facts,1,4,23,20,교수님이 정규 1팀 1차 상관계수의 비유와 활용을 어떻게 말했어?,"정규 1팀 1차 상관계수에 대해 비유는 두 변수의 움직임을 비교하는 나침반이라고, 그리고 활용은 관계 강도를 빠르게 살필 때 쓴다고 설명했습니다.",True,,,,,False,False,0.16666666666666666,0.6470588235294118,0.08333333333333333,0.3235294117647059,False,True,3.192814600013662,2.993254499975592,,,,,passage-only,"교수님이 오늘 클래스가 열리고, 관계 비유가 있다고, 학생들의 관심이 초긍이 됐다고, 그리고 야단ขPairing_condition 조명이 잘 조명되지 않는다고 설명했다.","교수님의 정규 1팀 1차 상관계수의 비유는 두 변수의 움직임을 비교하는 나침반이라고, 활용은 이해하는 방법으로 변화가 큰 수단이라고 설명했습니다."
dataset_ko_56_final,entity_simple_hard_test_art_history_00040:final:0,entity_simple_hard_test_art_history_00040,entity_simple_hard_test_art_history_00040,True,same_source_sibling_facts,1,4,23,20,봄 1팀 1차 바로크 설명에서 비유와 비교 포인트만 알려줘.,"봄 1팀 1차 바로크에 대해 비유는 무대 조명이 한 장면을 강조하는 방식이라고, 그리고 비교 포인트는 평면적 구도와 구분된다고 설명했습니다.",True,,,,,False,False,0.8717948717948718,0.41025641025641024,0.4358974358974359,0.20512820512820512,True,False,3.918280499987304,3.5684328000061214,,,,,question+passage,"봄 1팀 1차 바로크에 대해 비유는 무대 조명이 한 장면을 강조하는 방식이라고, 비교 포인트는 평면적 구도와 구분된다고, 그리고 목적은 감정을 강하게 전달하는 방식이라고 설명했습니다.","봄 1팀 1차 바로크에 대해 비유는 최고의 경관을 생각하는 것과 비유가 가장 큰 장점이어서 하는 것이라고, 비유와 비교 포인트는 효과적인 의사전달을 생각하는 것이라고 설명했습니다."
dataset_ko_57_final,entity_simple_hard_test_statistics_00023:final:0,entity_simple_hard_test_statistics_00023,entity_simple_hard_test_statistics_00023,True,same_source_sibling_facts,1,4,23,20,겨울 C반 1차 회귀분석 설명 중 의미와 주의점에 해당하는 내용만 답해줘.,"겨울 C반 1차 회귀분석에 대해 의미는 관계의 경향 설명이라고, 그리고 주의점은 모든 원인을 증명하지는 않는다고 설명했습니다.",True,,,,,False,False,0.392156862745098,0.375,0.196078431372549,0.1875,False,False,5.6351469999644905,5.19747820001794,,,,,tie,"겨울 C반 1차 회귀분석에 대해 설명하면 다음과 같은 의미가 있으며 주의점은 겨울과 성향, 경험은 세상을 설명할 때 쓴다고, 비유는 흩어진 점을 보는 방향은 세상을 1번 보는 방향보다는 3번 보는 것이라고, 그리고 의미는 관계를 설명할 때 쓴다고 설명했습니다.","겨울 C반 1차 회귀분석 설명 중 의미와 주의점에 대해 결론은 변수의 통제는 어려운데에 meaning이 변수의 값을 평균 이상으로 분산하는 정도라고, 주의점은 변수의 중심을 보는 데 문제 있다고, 그리고 귀납적인 의미는 변수의 순서를 보는 데 사용한다고 설명했습니다."
dataset_ko_58_final,entity_simple_hard_test_statistics_00335:final:0,entity_simple_hard_test_statistics_00335,entity_simple_hard_test_statistics_00335,True,same_source_sibling_facts,1,4,23,20,파일럿 D반 4차 회귀분석 설명 중 비유와 활용에 해당하는 내용만 답해줘.,"파일럿 D반 4차 회귀분석에 대해 비유는 흩어진 점 사이에 길을 그어 보는 일이라고, 그리고 활용은 예측 경향을 설명할 때 쓴다고 설명했습니다.",True,,,,,False,False,0.6976744186046512,0.8837209302325582,0.3488372093023256,0.4418604651162791,True,True,4.460435699962545,4.3129464000230655,,,,,passage-only,"파일럿 D반 4차 회귀분석에 대해 비유는 흩어진 점 사이에 공간적 경향을 설명할 때 쓴다고, 활용은 예측 경향을 설명할 때 쓴다고, 그리고 주의점은 모든 원인을 증명하지는 않는다고 설명했습니다.","파일럿 D반 4차 회귀분석 설명에 대해 비유는 흩어진 점 사이에 길을 그어 보는 일이라고, 주의점은 모든 원인을 증명하지는 않는다고, 그리고 활용은 예측 경향을 설명할 때 쓴다고 설명했습니다."
dataset_ko_59_final,entity_simple_hard_test_os_concept_00198:final:0,entity_simple_hard_test_os_concept_00198,entity_simple_hard_test_os_concept_00198,True,same_source_sibling_facts,1,4,23,20,교수님이 실습 오후반 2차 캐시의 역할과 장점을 어떻게 말했어?,"실습 오후반 2차 캐시에 대해 역할은 자주 쓰는 정보를 가까이 둔다고, 그리고 장점은 반복 접근을 빠르게 만든다고 설명했습니다.",True,,,,,False,False,0.6842105263157895,0.5581395348837209,0.34210526315789475,0.27906976744186046,True,False,3.6082923999638297,4.756667299952824,,,,,question+passage,"교수님의 설명을 통해 역할은 자주 쓰는 정보를 가까이 둔다고, 비유는 책상 위에 올려둔 책이라고, 그리고 장점은 반복 접근을 빠르게 만든다고 설명했습니다.","교수님의 캐시 교수님이 실습 오후반 2차 캐시를 설명할 때 가장 중요하다고 함은 반복하는 정보를 빠르게 만든다고, 역할을 반복하는 정보에 둔다고, 그리고 장점으로 작업을 빠르게 만든다고 설명했습니다."
dataset_ko_60_final,entity_simple_hard_test_dessert_00192:final:0,entity_simple_hard_test_dessert_00192,entity_simple_hard_test_dessert_00192,True,same_source_sibling_facts,1,4,23,20,가을 오후반 2차 초콜렛 설명에서 색깔과 비유만 알려줘.,"가을 오후반 2차 초콜렛에 대해 색깔은 검정색이라고, 그리고 비유는 작은 선물 상자라고 설명했습니다.",True,,,,,False,False,0.8666666666666666,0.9285714285714286,0.4333333333333333,0.4642857142857143,True,True,3.116580000030808,2.721865700033959,,,,,passage-only,"가을 오후반 2차 초콜렛에 대해 색깔은 검정색이라고, 비유는 작은 선물 상자라고, 그리고 특징은 입안에서 천천히 녹는다고 설명했습니다.","가을 오후반 2차 초콜렛에 대해 색깔은 검정색이라고, 비유는 작은 선물 상자라고, 그리고 맛은 달콤하다고 설명했습니다."
dataset_ko_61_final,entity_simple_hard_test_dessert_00074:final:0,entity_simple_hard_test_dessert_00074,entity_simple_hard_test_dessert_00074,True,same_source_sibling_facts,1,4,23,20,교수님이 캡스톤 4팀 1차 마카롱의 특징과 맛을 어떻게 말했어?,"캡스톤 4팀 1차 마카롱에 대해 특징은 겉은 바삭하고 속은 촉촉하다고, 그리고 맛은 부드럽고 진하다고 설명했습니다.",True,,,,,False,False,0.6451612903225806,0.896551724137931,0.3225806451612903,0.4482758620689655,True,True,3.3247814000351354,2.8406559000140987,,,,,passage-only,"교수님은 매카롱의 특징은 겉은 바삭하고 속은 촉촉하다고, 그리고 맛은 알록달록하다고, 그리고 마지막에 맛은 부드럽고 진하다고 설명했습니다.","캡스톤 4팀 1차 마카롱에 대해 특징으로 겉은 바삭하고 속은 촉촉하다고, 맛으로 부드럽고 진하다고 설명했습니다."
dataset_ko_62_final,entity_simple_hard_test_project_00061:final:0,entity_simple_hard_test_project_00061,entity_simple_hard_test_project_00061,True,same_source_sibling_facts,1,4,23,20,여름 3팀 1차 백엔드 배포에서 확인 기준과 담당을 함께 정리해줘.,"여름 3팀 1차 백엔드 배포에 대해 확인 기준은 오류 발생률이라고, 그리고 담당은 백엔드 팀이라고 설명했습니다.",True,,,,,False,False,0.5128205128205129,0.5945945945945945,0.25641025641025644,0.29729729729729726,False,True,3.940382500004489,3.6697060000151396,,,,,passage-only,"여름 3팀 1차 백엔드 배포에 대해 확인 기준과 담당을 다음과 같이 설정해줄 수 있을지 여부를 확인해줄 수 있을지 기준을 설명하고, 알 수 있는 위치를 추가해줄 수 있을지 여부를 설명했습니다.","여름 3팀 1차 백엔드 배포에서 함께 정리해줄 사항은 오류 발생률을 담당하는 백엔드 팀이라고, 확인 기준이라고, 그리고 이 문제가 발생하는 부분을 추천 경로라고 설명했습니다."
dataset_ko_63_final,entity_simple_hard_test_statistics_00092:final:0,entity_simple_hard_test_statistics_00092,entity_simple_hard_test_statistics_00092,True,same_source_sibling_facts,1,4,23,20,가을 오후반 1차 표본분산 설명에서 활용과 비유만 알려줘.,"가을 오후반 1차 표본분산에 대해 활용은 데이터 변동성을 볼 때 쓴다고, 그리고 비유는 점들이 얼마나 퍼졌는지 보는 자라고 설명했습니다.",True,,,,,False,False,0.8648648648648648,0.7317073170731708,0.4324324324324324,0.3658536585365854,True,True,3.835410800005775,4.381589800002985,,,,,question+passage,"가을 오후반 1차 표본분산 설명에 대해 비유는 점들이 얼마나 퍼졌는지 보는 자라고, 사용은 데이터 변동성을 볼 때 쓴다고, 그리고 의미는 퍼짐 측정이라고 설명했습니다.","가을 오후반 1차 표본분산 설명에 대해 활용은 데이터의 흩어짐을 나타내는지 알려주는 데 용도가 있다고, 비유는 점들이 얼마나 퍼졌는지 보는 자라고, 그리고 주의점은 순위 정렬과 다르다고 설명했습니다."
dataset_ko_64_final,entity_simple_hard_test_marketing_00272:final:0,entity_simple_hard_test_marketing_00272,entity_simple_hard_test_marketing_00272,True,same_source_sibling_facts,1,4,23,20,가을 4팀 3차 신입생 캠페인 설명에서 보상과 대상만 알려줘.,"가을 4팀 3차 신입생 캠페인에 대해 보상은 커피 쿠폰이라고, 그리고 대상은 신입생이라고 설명했습니다.",True,,,,,False,False,0.8571428571428571,0.896551724137931,0.42857142857142855,0.4482758620689655,True,True,3.5218782000010833,3.292942900035996,,,,,tie,"가을 4팀 3차 신입생 캠페인과 보상은 커피 쿠폰이라고, 대상은 신입생이라고, 그리고 핵심 채널은 인스타그램이라고 설명했습니다.","가을 4팀 3차 신입생 캠페인에 대해 보상은 커피 쿠폰이라고, 대상은 신입생이라고, 그리고 성과 지표는 전환율이라고 설명했습니다."
dataset_ko_65_final,entity_simple_hard_test_art_history_00256:final:0,entity_simple_hard_test_art_history_00256,entity_simple_hard_test_art_history_00256,True,same_source_sibling_facts,1,4,23,20,정규 2팀 3차 바로크 설명에서 목적과 핵심 특징만 알려줘.,"정규 2팀 3차 바로크에 대해 목적은 감정을 강하게 전달하는 것이라고, 그리고 핵심 특징은 극적 명암이라고 설명했습니다.",True,,,,,False,False,0.717948717948718,0.6486486486486486,0.358974358974359,0.3243243243243243,True,True,3.813584899995476,3.9464208999997936,,,,,question+passage,"정규 2팀 3차 바로크에 대해 핵심 특징은 감정을 강하게 전달하는 것이라고, 비교 포인트는 평면적 구도와 구분된다고, 그리고 목적은 감정을 강하게 전달하는 것이라고 설명했습니다.","정규 2팀 3차 바로크에 대해 목적은 기존 대상의 독과优势를 무flechate하는 것이라고, 핵심 특징은 극적 명암으로 해석된다고, 그리고 핵심 특징은 직线的优势 반전이라고 설명했습니다."
dataset_ko_66_final,entity_simple_hard_test_dessert_00170:final:0,entity_simple_hard_test_dessert_00170,entity_simple_hard_test_dessert_00170,True,same_source_sibling_facts,1,4,23,20,교수님이 봄 4팀 2차 마카롱의 특징과 맛을 어떻게 말했어?,"봄 4팀 2차 마카롱에 대해 특징은 겉은 바삭하고 속은 촉촉하다고, 그리고 맛은 부드럽고 진하다고 설명했습니다.",True,,,,,False,False,0.689655172413793,0.9333333333333333,0.3448275862068965,0.4666666666666667,True,True,3.1238044999772683,3.4243065000046045,,,,,passage-only,"교수님은 마카롱에 대해 특징은 겉은 바삭하고 속은 촉촉하다고, 그리고 맛은 알록달록하다고, 그리고 하나당 100가지이라고 설명했습니다.","봄 4팀 2차 마카롱에 대해 특징은 겉은 바삭하고 속은 촉촉하다고, 맛은 부드럽고 진하다고, 그리고 색깔은 알록달록하다고 설명했습니다."
dataset_ko_67_final,entity_simple_hard_test_project_00230:final:0,entity_simple_hard_test_project_00230,entity_simple_hard_test_project_00230,True,same_source_sibling_facts,1,4,23,20,교수님이 봄 D반 3차 AI 모델 평가의 마감과 공유 위치를 어떻게 말했어?,"봄 D반 3차 AI 모델 평가에 대해 마감은 금요일 자정 전이라고, 그리고 공유 위치는 회의록 폴더라고 설명했습니다.",True,,,,,False,False,0.7777777777777777,0.8333333333333334,0.38888888888888884,0.4166666666666667,True,True,3.1414531000191346,3.0494331999798305,,,,,passage-only,"봄 D반 3차 AI 모델 평가에 대해 공유 위치는 화요일 자정 전이라고, 담당은 AI 파트라고, 그리고 마감은 금요일 자정 전이라고 설명했습니다.","봄 D반 3차 AI 모델 평가에 대해 마감은 금요일 자정 전이라고, 공유 위치는 클래스 평가 폴더라고, 그리고 확인 기준은 정답률이라고 설명했습니다."
dataset_ko_68_final,entity_simple_hard_test_marketing_00320:final:0,entity_simple_hard_test_marketing_00320,entity_simple_hard_test_marketing_00320,True,same_source_sibling_facts,1,4,23,20,봄 C반 4차 신입생 캠페인 설명에서 대상과 보상만 알려줘.,"봄 C반 4차 신입생 캠페인에 대해 대상은 신입생이라고, 그리고 보상은 커피 쿠폰이라고 설명했습니다.",True,,,,,False,False,0.5128205128205128,0.7407407407407408,0.2564102564102564,0.3703703703703704,True,True,6.101558400026988,3.8065454000025056,,,,,passage-only,"봄 C반 4차 신입생 캠페인에 대해 대상은 인스타그램 카테고리가 봄 C반 인기 페이지에 있는 커피 채널이라고, 보상은 커피 채널의 인스타그램 팬 가수당액이라고, 그리고 핵심 채널은 인스타그램에 있는 커피 채널이라고 설명했습니다.","봄 C반 4차 신입생 캠페인 설명에서 대상은 신입생 캠페인이라고, 보상은 커피 쿠폰이라고, 그리고 핵심 채널은 인스타그램이라고 설명했습니다."
dataset_ko_69_final,entity_simple_hard_test_os_concept_00007:final:0,entity_simple_hard_test_os_concept_00007,entity_simple_hard_test_os_concept_00007,True,same_source_sibling_facts,1,4,23,20,심화 A반 1차 큐 설명 중 역할과 장점에 해당하는 내용만 답해줘.,"심화 A반 1차 큐에 대해 역할은 작업을 순서대로 기다리게 한다고, 그리고 장점은 처리 순서를 명확하게 만든다고 설명했습니다.",True,,,,,False,False,0.2727272727272727,0.8947368421052632,0.13636363636363635,0.4473684210526316,False,True,0.849944100016728,3.4224694999866188,,,,,passage-only,심화 A반 1차 큐의 설명입니다.,"심화 A반 1차 큐에 대해 역할은 작업을 순서대로 기다리게 한다고, 장점은 처리 순서를 명확하게 만든다고, 그리고 역할은 순서대로 기다리게 한다고 설명했습니다."
dataset_ko_70_final,entity_simple_hard_test_project_00037:final:0,entity_simple_hard_test_project_00037,entity_simple_hard_test_project_00037,True,same_source_sibling_facts,1,4,23,20,심화 D반 1차 백엔드 배포에서 마감과 공유 위치를 함께 정리해줘.,"심화 D반 1차 백엔드 배포에 대해 마감은 수요일 오후 다섯 시라고, 그리고 공유 위치는 깃허브 이슈 탭이라고 설명했습니다.",True,,,,,False,False,0.8717948717948718,0.9714285714285714,0.4358974358974359,0.4857142857142857,True,True,3.5115436000050977,2.7023316000122577,,,,,passage-only,"심화 D반 1차 백엔드 배포에 대해 공유 위치는 깃허브 이슈 탭이라고, 마감은 다음 날 오후 다섯 시라고, 그리고 담당은 백엔드 팀이라고 설명했습니다.","심화 D반 1차 백엔드 배포에 대해 마감은 수요일 오후 다섯 시라고, 공유 위치는 깃허브 이슈 탭이라고 설명했습니다."
dataset_ko_71_final,entity_simple_hard_test_statistics_00334:final:0,entity_simple_hard_test_statistics_00334,entity_simple_hard_test_statistics_00334,True,same_source_sibling_facts,1,4,23,20,교수님이 캡스톤 D반 4차 상관계수의 비유와 활용을 어떻게 말했어?,"캡스톤 D반 4차 상관계수에 대해 비유는 두 변수의 움직임을 비교하는 나침반이라고, 그리고 활용은 관계 강도를 빠르게 살필 때 쓴다고 설명했습니다.",True,,,,,False,False,0.39999999999999997,0.6,0.19999999999999998,0.3,False,True,6.137312600039877,3.9614254999905825,,,,,passage-only,"교수님이 캡스톤 D반 4차 상관계수의 의미는 선형 관계 강도를 나타내는 측정 단어라고, 반복 방향(향상, 개선, 희망) 제시권을 가지고는ならない다고, 그리고 비유는 두 변수를 압도하는 매력은 없앨 수 없지만 식은 채한 마음을 끌어낼 수 있다고 설명했습니다.","캡스톤 D반 4차 상관계수의 비유는 두 변수의 움직임을 비교하는 나침반이라고, 활용은 이해하는 방법으로 분할하지는 않는다고, 그리고 목적은 서로의 움직임을 비교하는 봇을 의미한다고 설명했습니다."
dataset_ko_72_final,entity_simple_hard_test_statistics_00239:final:0,entity_simple_hard_test_statistics_00239,entity_simple_hard_test_statistics_00239,True,same_source_sibling_facts,1,4,23,20,세미나 D반 3차 회귀분석 설명 중 비유와 활용에 해당하는 내용만 답해줘.,"세미나 D반 3차 회귀분석에 대해 비유는 흩어진 점 사이에 길을 그어 보는 일이라고, 그리고 활용은 예측 경향을 설명할 때 쓴다고 설명했습니다.",True,,,,,False,False,0.8837209302325582,0.6111111111111113,0.4418604651162791,0.30555555555555564,True,True,4.24467069999082,3.1576978000230156,,,,,question+passage,"세미나 D반 3차 회귀분석에 대해 비유는 흩어진 점 사이에 길을 그어 보는 일이라고, 활용은 예측 경향을 설명할 때 쓴다고, 그리고 주의점은 모든 원인을 증명하지는 않는다고 설명했습니다.","세미나 D반 3차 회귀분석 설명 중 비유와 활용에 해당하는 내용만은 예측 경향을 설명할 때 쓴다고, 과정은 입력 변수로 분리한다라고 설명했습니다."
dataset_ko_73_final,entity_simple_hard_test_marketing_00008:final:0,entity_simple_hard_test_marketing_00008,entity_simple_hard_test_marketing_00008,True,same_source_sibling_facts,1,4,23,20,실습 A반 1차 신입생 캠페인 설명에서 핵심 채널과 성과 지표만 알려줘.,"실습 A반 1차 신입생 캠페인에 대해 핵심 채널은 인스타그램이라고, 그리고 성과 지표는 전환율이라고 설명했습니다.",True,,,,,False,False,0.9032258064516129,0.8275862068965518,0.45161290322580644,0.4137931034482759,True,True,3.617794099962339,3.5449358000187203,,,,,question+passage,"실습 A반 1차 신입생 캠페인에 대해 핵심 채널은 인스타그램이라고, 성과 지표는 전환율이라고, 그리고 보상은 커피 쿠폰이라고 설명했습니다.","실습 A반 1차 신입생 캠페인 설명에서 핵심 채널은 인스타그램이라고, 성과 지표는 전환율이라고, 핵심 채널은 인스타그램이라고 설명했습니다."
dataset_ko_74_final,entity_simple_hard_test_os_concept_00127:final:0,entity_simple_hard_test_os_concept_00127,entity_simple_hard_test_os_concept_00127,True,same_source_sibling_facts,1,4,23,20,심화 C반 2차 큐 설명 중 비유와 주의점에 해당하는 내용만 답해줘.,"심화 C반 2차 큐에 대해 비유는 번호표를 뽑고 기다리는 줄이라고, 그리고 주의점은 대기 시간이 길어질 수 있다고 설명했습니다.",True,,,,,False,False,0.47619047619047616,0.6666666666666667,0.23809523809523808,0.33333333333333337,True,True,7.723936300026253,3.4969786999863572,,,,,passage-only,"심화 C반 2차 큐에 대해 핵심점은 처리 순서를 명확하게 설정하라고, 설명에 해당하는 부분은 큐를 기다리게 한다고, 그리고 비유로는 번호표를 뽑고 기다리는 줄이라고, 그리고 주의점에 대해서는 대기 시간이 길어질 수 있다고, 그리고 설명의 장소는 작업을 순서대로 기다리게 한다고, 그리고 코드를 짜는 순서를 설정하라고, 그리고 큐를 위한 특징이라고, 그리고 설명의 의미는 대기","심화 C반 2차 큐에 대해 비유는 선형 배열의 맨 앞이라고, 주의점은 대기 시간이 길어질 수 있다고, 그리고 역할은 작업을 순서대로 수행하는 역할을 한다고 설명했습니다."
dataset_ko_75_final,entity_simple_hard_test_project_00302:final:0,entity_simple_hard_test_project_00302,entity_simple_hard_test_project_00302,True,same_source_sibling_facts,1,4,23,20,교수님이 가을 A반 4차 AI 모델 평가의 담당과 확인 기준을 어떻게 말했어?,"가을 A반 4차 AI 모델 평가에 대해 담당은 AI 파트라고, 그리고 확인 기준은 정답률이라고 설명했습니다.",True,,,,,False,False,0.9090909090909091,0.7567567567567568,0.45454545454545453,0.3783783783783784,True,True,2.6662911999737844,3.1822792000020854,,,,,question+passage,"가을 A반 4차 AI 모델 평가에 대해 담당은 AI 파트라고, 기준은 정답률이라고, 그리고 확인 사항은 정답 확인이라고 설명했습니다.","가을 A반 4차 AI 모델 평가에 대해 담당은 AI 파트라고, 확인 기준은 정답률 이상의 범위라고, 그리고 확인 기준은 반별로 되어 있다고 설명했습니다."
dataset_ko_76_final,entity_simple_hard_test_os_concept_00030:final:0,entity_simple_hard_test_os_concept_00030,entity_simple_hard_test_os_concept_00030,True,same_source_sibling_facts,1,4,23,20,교수님이 봄 D반 1차 캐시의 비유와 주의점을 어떻게 말했어?,"봄 D반 1차 캐시에 대해 비유는 책상 위에 올려둔 책이라고, 그리고 주의점은 오래된 정보가 남을 수 있다고 설명했습니다.",True,,,,,False,False,0.631578947368421,0.8108108108108109,0.3157894736842105,0.40540540540540543,True,True,3.9199360000202432,3.612233299994841,,,,,passage-only,"봄 D반 1차 캐시에 대해 비유는 반복 접근을 빠르게 만든다고, 주의점은 오래된 정보가 남을 수 있다고, 그리고 역할은 자주 쓰는 정보를 가까이 둔다고 설명했습니다.","교수님의 D반 1차 캐시에 대해 비유는 책상 위에 올려둔 책이라고, 주의점은 오래된 책이 남을 수 있다고, 그리고 목적은 늘新鲜ness rules에 가까운다고 설명했습니다."
dataset_ko_77_final,entity_simple_hard_test_marketing_00393:final:0,entity_simple_hard_test_marketing_00393,entity_simple_hard_test_marketing_00393,True,same_source_sibling_facts,1,4,23,20,겨울 오후반 4차 동아리 홍보에서 핵심 채널과 성과 지표를 함께 정리해줘.,"겨울 오후반 4차 동아리 홍보에 대해 핵심 채널은 오픈채팅방이라고, 그리고 성과 지표는 참여율이라고 설명했습니다.",True,,,,,False,False,0.55,0.7878787878787878,0.275,0.3939393939393939,False,True,4.5439424000214785,3.550012500025332,,,,,passage-only,"겨울 오후반 4차 동아리 홍보에 대해 핵심 채널은 YouTube와 블로그에 대해 비교할 내용은 동아리 특징과 성과 지표와라고, 대상은 동아리 회원이라고, 그리고 핵심 채널은 동아리 페이지라고 설명했습니다.","겨울 오후반 4차 동아리 홍보에 대해 핵심 채널은 인스타그램이라고, 성과 지표는 참여율이라고, 그리고 보상은 우선 순위가 높은 혜택이라고 설명했습니다."
dataset_ko_78_final,entity_simple_hard_test_art_history_00233:final:0,entity_simple_hard_test_art_history_00233,entity_simple_hard_test_art_history_00233,True,same_source_sibling_facts,1,4,23,20,겨울 D반 3차 입체주의에서 비유와 비교 포인트를 함께 정리해줘.,"겨울 D반 3차 입체주의에 대해 비유는 여러 방향에서 본 사물을 한 화면에 놓는 방식이라고, 그리고 비교 포인트는 단일 원근과 다르다고 설명했습니다.",True,,,,,False,False,0.6,0.761904761904762,0.3,0.380952380952381,False,True,3.247476499993354,3.6714873000164516,,,,,passage-only,"겨울 D반 3차 입체주의에 대해 목적은 대상을 새롭게 해석하는 것이라고, 비교 포인트는 단일로 본 것과 다르다고, 그리고 핵심 특징은 여러 시점이라고 설명했습니다.","겨울 D반 3차 입체주의에 대해 비유는 여러 방향에서 본 사물을 한 화면에 놓는 방식이라고, 비교 포인트는 전체와 다른 부분이라고, 그리고 핵심 특징은 여러 시점이라고 설명했습니다."
dataset_ko_79_final,entity_simple_hard_test_os_concept_00076:final:0,entity_simple_hard_test_os_concept_00076,entity_simple_hard_test_os_concept_00076,True,same_source_sibling_facts,1,4,23,20,정규 4팀 1차 프로세스 설명에서 주의점과 비유만 알려줘.,"정규 4팀 1차 프로세스에 대해 주의점은 자원을 너무 많이 쓰면 느려질 수 있다고, 그리고 비유는 독립된 식당이라고 설명했습니다.",True,,,,,False,False,0.8717948717948718,0.75,0.4358974358974359,0.375,True,True,3.8846323000034317,3.6045962999924086,,,,,question+passage,"정규 4팀 1차 프로세스 설명에 대해 주의점은 자원을 너무 많이 쓰면 느려질 수 있다고, 역할은 독립된 실행 공간을 가진다고, 그리고 비유는 독립된 식당이라고 설명했습니다.","정규 4팀 1차 프로세스에 대해 주의점은 자원을 너무 많이 쓰면 느려질 수 있다고, 비유는 먹는 걸로 비유가 있다고, 그리고 설명은 다른 곳에서 문제가 있다고 설명했습니다."
dataset_ko_80_final,entity_simple_hard_test_art_history_00328:final:0,entity_simple_hard_test_art_history_00328,entity_simple_hard_test_art_history_00328,True,same_source_sibling_facts,1,4,23,20,실습 C반 4차 바로크 설명에서 비유와 비교 포인트만 알려줘.,"실습 C반 4차 바로크에 대해 비유는 무대 조명이 한 장면을 강조하는 방식이라고, 그리고 비교 포인트는 평면적 구도와 구분된다고 설명했습니다.",True,,,,,False,False,0.878048780487805,0.43478260869565216,0.4390243902439025,0.21739130434782608,True,False,3.9332207000115886,4.531831700005569,,,,,question+passage,"실습 C반 4차 바로크에 대해 비유는 무대 조명이 한 장면을 강조하는 방식이라고, 비교 포인트는 평면적 구도와 구분된다고, 그리고 목적은 감정을 강하게 전달하는 방식이라고 설명했습니다.","실습 C반 4차 바로크 설명에 대해 비유는 직ignment이 한 줌으로 생각될 때 가는 경로라고, 비유 구도와 차별된 포인트는 극적 명암이라고, 그리고 비유 구도와 가장 similar한 포인트는 이해하기 쉽게 위치하는 곳이라고 설명했습니다."
dataset_ko_81_final,entity_simple_hard_test_statistics_00309:final:0,entity_simple_hard_test_statistics_00309,entity_simple_hard_test_statistics_00309,True,same_source_sibling_facts,1,4,23,20,세미나 A반 4차 신뢰구간에서 의미와 주의점을 함께 정리해줘.,"세미나 A반 4차 신뢰구간에 대해 의미는 모수 추정 범위라고, 그리고 주의점은 정답 하나를 보장하지 않는다고 설명했습니다.",True,,,,,False,False,0.38805970149253727,0.631578947368421,0.19402985074626863,0.3157894736842105,True,True,7.713758700003382,3.4898773999884725,,,,,passage-only,"세미나 A반 4차 신뢰구간에 대해 주의점이 무엇이 있을 거라, 의미가是什么을 설명할 거라, 그리고 활용은 추정의 불확실성을 설명할 거라, 그리고 예시는 정답이 있을 거라, 그리고 활용은 추정을 보장하지 않는ly 범위가 있을 거라, 그리고 정답 하나를 보장하지 않는ly 범위가 있을 거라, 그리고 사용은 추정을 보장하지 않는ly 범위가 있을 거라, 그리고 의미는 모수 추정 범위가 될 거","세미나 A반 4차 신뢰구간에 대해 의미는 모수 추정 범위라고, 주의점은 직접 데이터 분석 범위가 줄어든다고, 그리고 의미와 주의점을 함께 설명할 부분이라고 설명했습니다."
dataset_ko_82_final,entity_simple_hard_test_marketing_00179:final:0,entity_simple_hard_test_marketing_00179,entity_simple_hard_test_marketing_00179,True,same_source_sibling_facts,1,4,23,20,세미나 4팀 2차 멘토링 이벤트 설명 중 보상과 대상에 해당하는 내용만 답해줘.,"세미나 4팀 2차 멘토링 이벤트에 대해 보상은 포인트 500점이라고, 그리고 대상은 멘토링 참여 학생이라고 설명했습니다.",True,,,,,False,False,0.8823529411764706,0.8823529411764706,0.4411764705882353,0.4411764705882353,True,True,4.05461719998857,4.040251099970192,,,,,tie,"세미나 4팀 2차 멘토링 이벤트에 대해 대상은 멘토링 참여 학생이라고, 보상은 포인트 500점이라고, 그리고 핵심 채널은 이메일 뉴스레터라고 설명했습니다.","세미나 4팀 2차 멘토링 이벤트에 대해 보상은 포인트 500점이라고, 핵심 채널은 이메일 뉴스레터라고, 그리고 대상은 멘토링 참여 학생이라고 설명했습니다."
dataset_ko_83_final,entity_simple_hard_test_statistics_00068:final:0,entity_simple_hard_test_statistics_00068,entity_simple_hard_test_statistics_00068,True,same_source_sibling_facts,1,4,23,20,실습 3팀 1차 표본분산 설명에서 주의점과 의미만 알려줘.,"실습 3팀 1차 표본분산에 대해 주의점은 순위 정렬과 다르다고, 그리고 의미는 흩어짐 측정이라고 설명했습니다.",True,,,,,False,False,0.7272727272727273,0.8750000000000001,0.36363636363636365,0.43750000000000006,True,True,3.378174399957061,3.3950638999813236,,,,,passage-only,"실습 3팀 1차 표본분산에 대해 주의점은 순위 정렬과 다르다고, 의미는 점수의 영향은 따름이라고, 그리고 비유는 점수를 조절하는 법이라고 설명했습니다.","실습 3팀 1차 표본분산 설명에 대해 주의점은 순위 정렬과 다르다고, 의미는 흩어짐 측정이라고, 그리고 주의점은 순위 정렬과 다르다고 설명했습니다."
dataset_ko_84_final,entity_simple_hard_test_project_00279:final:0,entity_simple_hard_test_project_00279,entity_simple_hard_test_project_00279,True,same_source_sibling_facts,1,4,23,20,세미나 4팀 3차 프론트엔드 점검 설명 중 공유 위치와 마감에 해당하는 내용만 답해줘.,"세미나 4팀 3차 프론트엔드 점검에 대해 공유 위치는 프로젝트 슬랙 채널이라고, 그리고 마감은 다음 달 첫째 주 화요일이라고 설명했습니다.",True,,,,,False,False,0.7317073170731708,0.8717948717948718,0.3658536585365854,0.4358974358974359,True,True,4.10519029997522,4.114370500028599,,,,,passage-only,"세미나 4팀 3차 프론트엔드 점검에 대해 확인 기준은 사용자 차단 여부라고, 공유 위치는 프로젝트 슬랙 채널이라고, 그리고 마감은 다음 week Tuesday 를 정할 수 있으면다고 설명했습니다.","세미나 4팀 3차 프론트엔드 점검에 대해 공유 위치는 프로젝트 슬랙 채널이라고, 마감은 다음 달 첫째 주 화요일이라고, 그리고 확인 기준은 사용자 차단 여부라고 설명했습니다."
dataset_ko_85_final,entity_simple_hard_test_dessert_00243:final:0,entity_simple_hard_test_dessert_00243,entity_simple_hard_test_dessert_00243,True,same_source_sibling_facts,1,4,23,20,겨울 1팀 3차 브라우니 설명 중 비유와 색깔에 해당하는 내용만 답해줘.,"겨울 1팀 3차 브라우니에 대해 비유는 초콜렛을 압축한 케이크라고, 그리고 색깔은 진한 갈색이라고 설명했습니다.",True,,,,,False,False,0.8750000000000001,0.9032258064516129,0.43750000000000006,0.45161290322580644,True,True,3.8979143999749795,3.743253900029231,,,,,tie,"겨울 1팀 3차 브라우니에 대해 비유는 초콜렛을 압축한 케이크라고, 색깔은 진한 갈색이라고, 그리고 특징은 속이 촉촉하게 남는다고 설명했습니다.","겨울 1팀 3차 브라우니에 대해 비유는 초콜렛을 압축한 케이크라고, 색깔은 진한 갈색이라고, 그리고 맛은 묵직하게 달콤하다고 설명했습니다."
dataset_ko_86_final,entity_simple_hard_test_os_concept_00126:final:0,entity_simple_hard_test_os_concept_00126,entity_simple_hard_test_os_concept_00126,True,same_source_sibling_facts,1,4,23,20,교수님이 정규 C반 2차 캐시의 비유와 주의점을 어떻게 말했어?,"정규 C반 2차 캐시에 대해 비유는 책상 위에 올려둔 책이라고, 그리고 주의점은 오래된 정보가 남을 수 있다고 설명했습니다.",True,,,,,False,False,0.5142857142857143,0.6285714285714287,0.2571428571428572,0.31428571428571433,True,True,3.445018100028392,3.4320684000267647,,,,,passage-only,"교수님의 주의점은 연산을 빠르게 만든다고, 비유는 책상 위에 올려둔 책이라고, 그리고 역할은 자주 쓰는 정보를 가까이 둔다고 설명했습니다.","교수님의 C반 2차 캐시는 CPU 련결로 간다라고, 비유는 책상 위에 올려둔 책이라고, 그리고 주의점은 연속적인 데이터가 간다라고 설명했습니다."
dataset_ko_87_final,entity_simple_hard_test_dessert_00122:final:0,entity_simple_hard_test_dessert_00122,entity_simple_hard_test_dessert_00122,True,same_source_sibling_facts,1,4,23,20,교수님이 가을 C반 2차 마카롱의 맛과 특징을 어떻게 말했어?,"가을 C반 2차 마카롱에 대해 맛은 부드럽고 진하다고, 그리고 특징은 겉은 바삭하고 속은 촉촉하다고 설명했습니다.",True,,,,,False,False,0.5384615384615385,0.4,0.2692307692307693,0.2,True,False,2.817966600006912,1.9478684000205249,,,,,question+passage,"교수님은 마카롱에 대해 색깔은 알록달록하다고, 퍼어filled(완치)하다고, 그리고 맛은 부드럽고 진하다고 설명했습니다.",교수님이 가을 C반 2차 마카롱의 맛과 특징을 진하게 달콤하다고 말했습니다.
dataset_ko_88_final,entity_simple_hard_test_marketing_00011:final:0,entity_simple_hard_test_marketing_00011,entity_simple_hard_test_marketing_00011,True,same_source_sibling_facts,1,4,23,20,여름 B반 1차 멘토링 이벤트 설명 중 핵심 채널과 성과 지표에 해당하는 내용만 답해줘.,"여름 B반 1차 멘토링 이벤트에 대해 핵심 채널은 이메일 뉴스레터라고, 그리고 성과 지표는 재방문율이라고 설명했습니다.",True,,,,,False,False,0.8823529411764706,0.8484848484848485,0.4411764705882353,0.42424242424242425,True,True,3.871376600000076,3.658149399969261,,,,,tie,"여름 B반 1차 멘토링 이벤트 설명에 대해 핵심 채널은 이메일 뉴스레터라고, 성과 지표는 재방문율이라고, 그리고 대상은 멘토링 참여 학생이라고 설명했습니다.","여름 B반 1차 멘토링 이벤트에 대해 핵심 채널은 이메일 뉴스레터라고, 성과 지표는 참여율이라고, 그리고 보상은 포인트 500점이라고 설명했습니다."
dataset_ko_89_final,entity_simple_hard_test_project_00228:final:0,entity_simple_hard_test_project_00228,entity_simple_hard_test_project_00228,True,same_source_sibling_facts,1,4,23,20,실습 C반 3차 최종 발표 설명에서 마감과 공유 위치만 알려줘.,"실습 C반 3차 최종 발표에 대해 마감은 다음 주 월요일 밤이라고, 그리고 공유 위치는 팀 노션 페이지라고 설명했습니다.",True,,,,,False,False,0.9142857142857143,0.8648648648648648,0.45714285714285713,0.4324324324324324,True,True,3.0424545000423677,3.2758227000012994,,,,,tie,"실습 C반 3차 최종 발표 설명에 대해 마감은 다음 주 월요일 밤이라고, 공유 위치는 팀 노션 페이지라고, 그리고 담당은 기획 파트라고 설명했습니다.","실습 C반 3차 최종 발표 설명에 대해 마감은 다음 주 월요일 밤이라고, 공유 위치는 팀 노션 페이지라고, 그리고 확인 기준은 근거 제시 여부라고 설명했습니다."
dataset_ko_90_final,entity_simple_hard_test_dessert_00120:final:0,entity_simple_hard_test_dessert_00120,entity_simple_hard_test_dessert_00120,True,same_source_sibling_facts,1,4,23,20,봄 C반 2차 초콜렛 설명에서 맛과 특징만 알려줘.,"봄 C반 2차 초콜렛에 대해 맛은 달콤하다고, 그리고 특징은 입안에서 천천히 녹는다고 설명했습니다.",True,,,,,False,False,0.8799999999999999,0.923076923076923,0.43999999999999995,0.4615384615384615,True,True,2.898261399997864,2.93966170004569,,,,,tie,"봄 C반 2차 초콜렛 설명에 대해 맛은 달콤하다고, 특징은 입안에서 천천히 녹는다고, 그리고보 ground(소금)라고 설명했습니다.","봄 C반 2차 초콜렛 설명에 대해 맛은 달콤하다고, 특징은 입안에서 천천히 녹는다고, 그리고 색깔은 검정색이라고 설명했습니다."
dataset_ko_91_final,entity_simple_hard_test_marketing_00131:final:0,entity_simple_hard_test_marketing_00131,entity_simple_hard_test_marketing_00131,True,same_source_sibling_facts,1,4,23,20,여름 D반 2차 멘토링 이벤트 설명 중 대상과 보상에 해당하는 내용만 답해줘.,"여름 D반 2차 멘토링 이벤트에 대해 대상은 멘토링 참여 학생이라고, 그리고 보상은 포인트 500점이라고 설명했습니다.",True,,,,,False,False,0.8823529411764706,0.9090909090909091,0.4411764705882353,0.45454545454545453,True,True,3.85479850001866,3.4313160000019707,,,,,tie,"여름 D반 2차 멘토링 이벤트에 대해 대상은 멘토링 참여 학생이라고, 보상은 포인트 500점이라고, 그리고 핵심 채널은 이메일 뉴스레터라고 설명했습니다.","여름 D반 2차 멘토링 이벤트에 대해 대상은 멘토링 참여 학생이라고, 보상은 포인트 500점이라고, 그리고 성과 지표는 재방문율이라고 설명했습니다."
dataset_ko_92_final,entity_simple_hard_test_art_history_00067:final:0,entity_simple_hard_test_art_history_00067,entity_simple_hard_test_art_history_00067,True,same_source_sibling_facts,1,4,23,20,심화 3팀 1차 르네상스 설명 중 목적과 핵심 특징에 해당하는 내용만 답해줘.,"심화 3팀 1차 르네상스에 대해 목적은 사람의 가치를 드러내는 것이라고, 그리고 핵심 특징은 인문주의라고 설명했습니다.",True,,,,,False,False,0.45614035087719296,0.8571428571428571,0.22807017543859648,0.42857142857142855,False,True,7.6917940999846905,3.6666948000201955,,,,,passage-only,"심화 3팀 1차 르네상스에 대해 핵심 특징을 인ograms으로 그림을 한화영변구에 대한 이미지를 넣고, 목적은 사람의 가치를 드러내는 든든한 robes의pearance을 보여주는 것이라고, 비교 포인트는 절대왕정에 대한 드러남의pearance이라고, 그리고区别은 청동기의parable가 look을 나타내는 것이라고 설명했다고, 그리고 의미는 인물의 private을 나타내는 것이라고, 그리고 인ograms이 변하는 이유","심화 3팀 1차 르네상스에 대해 목적은 사람의 가치를 드러내는 것이라고, 핵심 특징은 인문주의라고, 그리고 합수명은 사람의 영을 강하게 하려고이라고 설명했습니다."
dataset_ko_93_final,entity_simple_hard_test_project_00207:final:0,entity_simple_hard_test_project_00207,entity_simple_hard_test_project_00207,True,same_source_sibling_facts,1,4,23,20,심화 A반 3차 프론트엔드 점검 설명 중 담당과 확인 기준에 해당하는 내용만 답해줘.,"심화 A반 3차 프론트엔드 점검에 대해 담당은 프론트엔드 파트라고, 그리고 확인 기준은 사용자 차단 여부라고 설명했습니다.",True,,,,,False,False,0.45454545454545453,0.888888888888889,0.22727272727272727,0.4444444444444445,False,True,1.150707599997986,3.71558170003118,,,,,passage-only,심화 A반 3차 프론트엔드 점검 설명입니다.,"심화 A반 3차 프론트엔드 점검에 대해 담당은 프론트엔드 파트라고, 마감은 다음 달 첫째 주 화요일이라고, 그리고 확인 기준은 사용자 차단 여부라고 설명했습니다."
dataset_ko_94_final,entity_simple_hard_test_statistics_00260:final:0,entity_simple_hard_test_statistics_00260,entity_simple_hard_test_statistics_00260,True,same_source_sibling_facts,1,4,23,20,봄 3팀 3차 표본분산 설명에서 주의점과 의미만 알려줘.,"봄 3팀 3차 표본분산에 대해 주의점은 순위 정렬과 다르다고, 그리고 의미는 흩어짐 측정이라고 설명했습니다.",True,,,,,False,False,0.6666666666666667,0.8125000000000001,0.33333333333333337,0.40625000000000006,True,True,3.666717999964021,3.6591331000090577,,,,,passage-only,"봄 3팀 3차 표본분산 설명에 대해 주의점은 순위 정렬과 다르다고, 활용은 데이터 변동성을 볼 때 쓴다고, 그리고 의미는 점들이 얼마나 퍼졌는지 보는 자라고 설명했습니다.","봄 3팀 3차 표본분산 설명에 대해 주의점은 순위 정렬과 다르다고, 의미는 흩어짐 측정이라고, 그리고 비유는 점들이 얼마나 퍼졌는지 보는 자라고 설명했습니다."
dataset_ko_95_final,entity_simple_hard_test_project_00301:final:0,entity_simple_hard_test_project_00301,entity_simple_hard_test_project_00301,True,same_source_sibling_facts,1,4,23,20,여름 A반 4차 백엔드 배포에서 담당과 확인 기준을 함께 정리해줘.,"여름 A반 4차 백엔드 배포에 대해 담당은 백엔드 팀이라고, 그리고 확인 기준은 오류 발생률이라고 설명했습니다.",True,,,,,False,False,0.6976744186046512,0.8571428571428571,0.3488372093023256,0.42857142857142855,True,True,4.584116200043354,3.2447683000355028,,,,,passage-only,"여름 A반 4차 백엔드 배포에 대해 확인 기준을 다음 몇 줄으로 정리할 수 있다고, 공유 위치는 깃허브 이슈 탭이라고, 담당 여부는 백엔드 팀이라고, 그리고 담당 확인 기준은 오류 발생률이라고 설명했습니다.","여름 A반 4차 백엔드 배포에 대해 담당은 백엔드 팀이라고, 마감은 수요일 오후 다섯 시라고, 그리고 확인 기준은 오류 발생률이라고 설명했습니다."
dataset_ko_96_final,entity_simple_hard_test_dessert_00000:final:0,entity_simple_hard_test_dessert_00000,entity_simple_hard_test_dessert_00000,True,same_source_sibling_facts,1,4,23,20,봄 A반 1차 초콜렛 설명에서 색깔과 비유만 알려줘.,"봄 A반 1차 초콜렛에 대해 색깔은 검정색이라고, 그리고 비유는 작은 선물 상자라고 설명했습니다.",True,,,,,False,False,0.923076923076923,0.8275862068965517,0.4615384615384615,0.41379310344827586,True,True,2.6019111000350676,2.926859900006093,,,,,question+passage,"봄 A반 1차 초콜렛에 대해 특징은 달콤하다고, 색깔은 검정색이라고, 그리고 비유는 작은 선물 상자라고 설명했습니다.","봄 A반 1차 초콜렛 설명에 대해 색깔은 검정색이라고, 비유는 작은 선물 상자라고, 그리고 비유의 특징은 작은 선물 상자라고 설명했습니다."
dataset_ko_97_final,entity_simple_hard_test_dessert_00291:final:0,entity_simple_hard_test_dessert_00291,entity_simple_hard_test_dessert_00291,True,same_source_sibling_facts,1,4,23,20,여름 오후반 3차 브라우니 설명 중 색깔과 비유에 해당하는 내용만 답해줘.,"여름 오후반 3차 브라우니에 대해 색깔은 진한 갈색이라고, 그리고 비유는 초콜렛을 압축한 케이크라고 설명했습니다.",True,,,,,False,False,0.8750000000000001,0.8750000000000001,0.43750000000000006,0.43750000000000006,True,True,3.8455940000130795,4.0202412999933586,,,,,tie,"여름 오후반 3차 브라우니에 대해 색깔은 진한 갈색이라고, 비유는 초콜렛을 압축한 케이크라고, 그리고 특징은 속이 촉촉하게 남는다고 설명했습니다.","여름 오후반 3차 브라우니에 대해 색깔은 진한 갈색이라고, 비유는 초콜렛을 압축한 케이크라고, 그리고 비유는 초콜렛을 압축한 케이크라고 설명했습니다."
dataset_ko_98_final,entity_simple_hard_test_dessert_00121:final:0,entity_simple_hard_test_dessert_00121,entity_simple_hard_test_dessert_00121,True,same_source_sibling_facts,1,4,23,20,여름 C반 2차 솜사탕에서 맛과 특징을 함께 정리해줘.,"여름 C반 2차 솜사탕에 대해 맛은 가볍게 달콤하다고, 그리고 특징은 입에 닿으면 빠르게 사라진다고 설명했습니다.",True,,,,,False,False,0.6875,0.8749999999999999,0.34375,0.43749999999999994,True,True,3.1442598000285216,3.3490250000031665,,,,,passage-only,"여름 C반 2차 솜사탕에 대해 특징은 가볍게 달콤하다고, 맛은 가볍게 달콤하다고, 그리고 비유는 구름 같은 간식이라고 설명했습니다.","여름 C반 2차 솜사탕에 대해 맛이 가볍게 달콤하다고, 특징이 입에 닿으면 빠르게 사라진다고, 그리고 색깔이 분홍색이라고 설명했습니다."
dataset_ko_99_final,entity_simple_hard_test_os_concept_00175:final:0,entity_simple_hard_test_os_concept_00175,entity_simple_hard_test_os_concept_00175,True,same_source_sibling_facts,1,4,23,20,파일럿 4팀 2차 큐 설명 중 주의점과 비유에 해당하는 내용만 답해줘.,"파일럿 4팀 2차 큐에 대해 주의점은 대기 시간이 길어질 수 있다고, 그리고 비유는 번호표를 뽑고 기다리는 줄이라고 설명했습니다.",True,,,,,False,False,0.6315789473684211,0.7999999999999999,0.31578947368421056,0.39999999999999997,True,True,3.553507400036324,4.0091257999883965,,,,,passage-only,"파일럿 4팀 2차 큐에 대해 목적은 작업을 순서대로 기다리게 한다고, 비유는 번호표를 뽑고 기다리는 줄이라고, 그리고 다른 의미로는 대기하는 공간이라고 설명했습니다.","파일럿 4팀 2차 큐에 대해 주의점은 대기 시간이 길어질 수 있다고, 비유는 번호표를 뽑고 기다리는 시간을 생각한다고, 그리고 역할은 작업을 순서대로 기다리게 한다고 설명했습니다."
dataset_ko_100_final,entity_simple_hard_test_statistics_00356:final:0,entity_simple_hard_test_statistics_00356,entity_simple_hard_test_statistics_00356,True,same_source_sibling_facts,1,4,23,20,정규 2팀 4차 표본분산 설명에서 주의점과 의미만 알려줘.,"정규 2팀 4차 표본분산에 대해 주의점은 순위 정렬과 다르다고, 그리고 의미는 흩어짐 측정이라고 설명했습니다.",True,,,,,False,False,0.7058823529411764,0.8235294117647058,0.3529411764705882,0.4117647058823529,True,True,3.536793100007344,3.75122769997688,,,,,passage-only,"정규 2팀 4차 표본분산 설명에 대해 주의점은 순위 정렬과 다르다고, 의미는 점들은 움직이는 법과 다르다고, 그리고 활용은 데이터 변동성을 볼 때 쓴다고 설명했습니다.","정규 2팀 4차 표본분산 설명에 대해 주의점은 순위 정렬과 다르다고, 의미는 흩어짐 측정이라고, 그리고 비유는 점들이 얼마나 퍼졌는지 보는 자라고 설명했습니다."
dataset_ko_101_final,entity_simple_hard_test_statistics_00332:final:0,entity_simple_hard_test_statistics_00332,entity_simple_hard_test_statistics_00332,True,same_source_sibling_facts,1,4,23,20,가을 D반 4차 표본분산 설명에서 비유와 활용만 알려줘.,"가을 D반 4차 표본분산에 대해 비유는 점들이 얼마나 퍼졌는지 보는 자라고, 그리고 활용은 데이터 변동성을 볼 때 쓴다고 설명했습니다.",True,,,,,False,False,0.8947368421052632,0.8947368421052632,0.4473684210526316,0.4473684210526316,True,True,3.6971147999865934,3.7223340999917127,,,,,tie,"가을 D반 4차 표본분산에 대해 비유는 점들이 얼마나 퍼졌는지 보는 자라고, 활용은 데이터 변동성을 볼 때 쓴다고, 그리고 주의점은 순위 정렬과 다르다고 설명했습니다.","가을 D반 4차 표본분산 설명에 대해 비유는 점들이 얼마나 퍼졌는지 보는 자라고, 활용은 데이터 변동성을 볼 때 쓴다고, 그리고 주의점은 순위 정렬과 다르다고 설명했습니다."
dataset_ko_102_final,entity_simple_hard_test_marketing_00200:final:0,entity_simple_hard_test_marketing_00200,entity_simple_hard_test_marketing_00200,True,same_source_sibling_facts,1,4,23,20,봄 A반 3차 신입생 캠페인 설명에서 핵심 채널과 성과 지표만 알려줘.,"봄 A반 3차 신입생 캠페인에 대해 핵심 채널은 인스타그램이라고, 그리고 성과 지표는 전환율이라고 설명했습니다.",True,,,,,False,False,0.6428571428571429,0.8571428571428571,0.32142857142857145,0.42857142857142855,True,True,3.335629599983804,3.5359597000060603,,,,,passage-only,"봄 A반 3차 신입생 캠페인에 대해 핵심 채널은 인스타그램 인기 채널인 카테고리, 성과 지표는 전환율을 제공합니다.","봄 A반 3차 신입생 캠페인 설명에서 핵심 채널은 인스타그램이라고, 성과 지표는 전환율이라고, 그리고 핵심 채널은 인스타그램이라고 설명했습니다."
dataset_ko_103_final,entity_simple_hard_test_os_concept_00004:final:0,entity_simple_hard_test_os_concept_00004,entity_simple_hard_test_os_concept_00004,True,same_source_sibling_facts,1,4,23,20,캡스톤 A반 1차 프로세스 설명에서 역할과 장점만 알려줘.,"캡스톤 A반 1차 프로세스에 대해 역할은 독립된 실행 공간을 가진다고, 그리고 장점은 서로 영향을 줄이는 데 도움이 된다고 설명했습니다.",True,,,,,False,False,0.6341463414634146,0.8181818181818181,0.3170731707317073,0.40909090909090906,True,True,3.968287399969995,4.342515700031072,,,,,passage-only,"캡스톤 A반 1차 프로세스 설명에 대해 장점이 여러 곳을 다루면 과도한 판단을 나눌 수 있다고, 역할은 독립된 실행 공간을 가진다고, 그리고 비유는 독립된 식당이라고 설명했습니다.","캡스톤 A반 1차 프로세스에 대해 역할은 독립된 실행 공간을 가진다고, 장점은 서로 영향을 줄이는 데 도움이 된다고, 그리고 예를 들�라면 웹 사이트와 다르게 실행 시간만 줄일 수 있다고 설명했습니다."
dataset_ko_104_final,entity_simple_hard_test_os_concept_00079:final:0,entity_simple_hard_test_os_concept_00079,entity_simple_hard_test_os_concept_00079,True,same_source_sibling_facts,1,4,23,20,세미나 4팀 1차 큐 설명 중 주의점과 비유에 해당하는 내용만 답해줘.,"세미나 4팀 1차 큐에 대해 주의점은 대기 시간이 길어질 수 있다고, 그리고 비유는 번호표를 뽑고 기다리는 줄이라고 설명했습니다.",True,,,,,False,False,0.6153846153846153,0.5945945945945946,0.30769230769230765,0.2972972972972973,True,False,3.799385500024073,3.2414560999604873,,,,,tie,"세미나 4팀 1차 큐에 대해 목적은 작업을 순서대로 기다리게 한다고, 비유는 번호표를 뽑고 기다리는 줄이라고, 그리고 장점은 처리 순서를 명확하게 만든다고 설명했습니다.","세미나 4팀 1차 큐에 대해 주의점은 대기 시간에 영향을 끼치는 변수에 해당하고, 비유는 전환 경로에 비교가迅速하게 변할 수 있다고 설명했습니다."
dataset_ko_105_final,entity_simple_hard_test_os_concept_00292:final:0,entity_simple_hard_test_os_concept_00292,entity_simple_hard_test_os_concept_00292,True,same_source_sibling_facts,1,4,23,20,가을 오후반 3차 프로세스 설명에서 역할과 장점만 알려줘.,"가을 오후반 3차 프로세스에 대해 역할은 독립된 실행 공간을 가진다고, 그리고 장점은 서로 영향을 줄이는 데 도움이 된다고 설명했습니다.",True,,,,,False,False,0.6181818181818182,0.8571428571428571,0.3090909090909091,0.42857142857142855,True,True,6.319254399975762,4.014701400010381,,,,,passage-only,"가을 오후반 3차 프로세스 설명에 대해 장점은 서로 영향을 줄이는 데 도움이 된다고, 권장사항은 독립된 실행 공간을 너무 많이 쓰면 사용자와 관련된 리소스(데이터)를 너무 많이 쓰는 데 도움이 된다고, 그리고 역할은 독립된 실행 공간을 너무 많이 쓰는 데 도움이 된다고 설명했습니다.","가을 오후반 3차 프로세스에 대해 역할은 독립된 실행 공간을 가진다고, 장점은 서로 영향을 줄이는 데 도움이 된다고, 그리고 예를 들� 때는 시간에 영향을 줄이고 있다고 설명했습니다."
dataset_ko_106_final,entity_simple_hard_test_dessert_00002:final:0,entity_simple_hard_test_dessert_00002,entity_simple_hard_test_dessert_00002,True,same_source_sibling_facts,1,4,23,20,교수님이 가을 A반 1차 마카롱의 색깔과 비유를 어떻게 말했어?,"가을 A반 1차 마카롱에 대해 색깔은 알록달록하다고, 그리고 비유는 작은 보석 상자라고 설명했습니다.",True,,,,,False,False,0.8125000000000001,0.5925925925925927,0.40625000000000006,0.29629629629629634,True,True,3.624773900024593,2.8392968000262044,,,,,question+passage,"교수님의 가을 A반 1차 마카롱에 대해 색깔은 알록달록하다고, 비유는 작은 보석 상자라고, 그리고 특징은 겉은 바삭하고 속은 촉촉하다고 설명했습니다.","교수님이 가을 A반 1차 마카롱의 색깔을 말할 때 상자로 비유하고 있는다고, 그리고 그 색깔은 알록달록하다고 설명했습니다."
dataset_ko_107_final,entity_simple_hard_test_dessert_00217:final:0,entity_simple_hard_test_dessert_00217,entity_simple_hard_test_dessert_00217,True,same_source_sibling_facts,1,4,23,20,심화 B반 3차 솜사탕에서 맛과 특징을 함께 정리해줘.,"심화 B반 3차 솜사탕에 대해 맛은 가볍게 달콤하다고, 그리고 특징은 입에 닿으면 빠르게 사라진다고 설명했습니다.",True,,,,,False,False,0.7333333333333333,0.9375,0.36666666666666664,0.46875,True,True,3.027138300007209,3.3451991000329144,,,,,passage-only,"심화 B반 3차 솜사탕에 대해 특징은 가볍게 달콤하다고, 색깔은 분홍색이라고, 그리고 맛은 가볍게 달콤하다고 설명했습니다.","심화 B반 3차 솜사탕에 대해 맛은 가볍게 달콤하다고, 특징은 입에 닿으면 빠르게 사라진다고, 그리고 색깔은 분홍색이라고 설명했습니다."
dataset_ko_108_final,entity_simple_hard_test_marketing_00227:final:0,entity_simple_hard_test_marketing_00227,entity_simple_hard_test_marketing_00227,True,same_source_sibling_facts,1,4,23,20,심화 C반 3차 멘토링 이벤트 설명 중 대상과 보상에 해당하는 내용만 답해줘.,"심화 C반 3차 멘토링 이벤트에 대해 대상은 멘토링 참여 학생이라고, 그리고 보상은 포인트 500점이라고 설명했습니다.",True,,,,,False,False,0.8823529411764706,0.9090909090909091,0.4411764705882353,0.45454545454545453,True,True,3.9221671000123024,3.477064800041262,,,,,tie,"심화 C반 3차 멘토링 이벤트에 대해 대상은 멘토링 참여 학생이라고, 보상은 포인트 500점이라고, 그리고 핵심 채널은 이메일 뉴스레터라고 설명했습니다.","심화 C반 3차 멘토링 이벤트에 대해 대상은 멘토링 참여 학생이라고, 보상은 포인트 500점이라고, 그리고 성과 지표는 재방문율이라고 설명했습니다."
dataset_ko_109_final,entity_simple_hard_test_os_concept_00342:final:0,entity_simple_hard_test_os_concept_00342,entity_simple_hard_test_os_concept_00342,True,same_source_sibling_facts,1,4,23,20,교수님이 가을 1팀 4차 캐시의 장점과 역할을 어떻게 말했어?,"가을 1팀 4차 캐시에 대해 장점은 반복 접근을 빠르게 만든다고, 그리고 역할은 자주 쓰는 정보를 가까이 둔다고 설명했습니다.",True,,,,,False,False,0.37837837837837834,0.37209302325581395,0.18918918918918917,0.18604651162790697,False,False,2.7237014999845996,3.783012200030498,,,,,tie,"교수님이 가을 1팀 4차 캐시에 대해 장점이라고, 역할에 대해 is near and far away 등을 말했다고, 그리고 비유라고 말했습니다.","교수님의 fall 1 team 4th cache의 장점과 역할은 데이터 접근 속도를 빠르게 만든다고, 개념은 위치靠近하는 컴퓨터에 정보를 저장할 수 있다고, 그리고 이 cache는持久化データ storage를 의미한다고 설명했습니다."
dataset_ko_110_final,entity_simple_hard_test_dessert_00385:final:0,entity_simple_hard_test_dessert_00385,entity_simple_hard_test_dessert_00385,True,same_source_sibling_facts,1,4,23,20,파일럿 오전반 4차 솜사탕에서 색깔과 비유를 함께 정리해줘.,"파일럿 오전반 4차 솜사탕에 대해 색깔은 분홍색이라고, 그리고 비유는 구름 같은 간식이라고 설명했습니다.",True,,,,,False,False,0.7741935483870968,0.8,0.3870967741935484,0.4,True,True,3.391202599974349,2.430402099969797,,,,,tie,"파일럿 오전반 4차 솜사탕에 대해 특징은 입에 닿으면 빠르게 사라진다고, 색깔은 분홍색이라고, 그리고 의미는 구름 같은 간식이라고 설명했습니다.","파일럿 오전반 4차 솜사탕에 대해 색깔이라고는 분홍색이라고, 비유라고는 구름 같은 간식이라고 설명했습니다."
dataset_ko_111_final,entity_simple_hard_test_dessert_00289:final:0,entity_simple_hard_test_dessert_00289,entity_simple_hard_test_dessert_00289,True,same_source_sibling_facts,1,4,23,20,세미나 오전반 3차 솜사탕에서 색깔과 비유를 함께 정리해줘.,"세미나 오전반 3차 솜사탕에 대해 색깔은 분홍색이라고, 그리고 비유는 구름 같은 간식이라고 설명했습니다.",True,,,,,False,False,0.7741935483870968,0.4242424242424242,0.3870967741935484,0.2121212121212121,True,False,3.4206435999949463,4.000220299989451,,,,,question+passage,"세미나 오전반 3차 솜사탕에 대해 특징은 입에 닿으면 솜사탕이 돋아난다고, 색깔은 분홍색이라고, 그리고 의미는 구름 같은 간식이라고 설명했습니다.","세미나 오전반 3차 솜사탕에 대해 색깔에 초점을 놓고 비유에 표현적 수정을 추가하겠다고 했다고, 색깔에 한색깔로 빛나는 특징을 설명했다고 설명했다고 설명했다."
dataset_ko_112_final,entity_simple_hard_test_statistics_00142:final:0,entity_simple_hard_test_statistics_00142,entity_simple_hard_test_statistics_00142,True,same_source_sibling_facts,1,4,23,20,교수님이 가을 1팀 2차 상관계수의 비유와 활용을 어떻게 말했어?,"가을 1팀 2차 상관계수에 대해 비유는 두 변수의 움직임을 비교하는 나침반이라고, 그리고 활용은 관계 강도를 빠르게 살필 때 쓴다고 설명했습니다.",True,,,,,False,False,0.33962264150943394,0.6666666666666666,0.16981132075471697,0.3333333333333333,False,True,6.0659603999811225,2.867070499982219,,,,,passage-only,"가을 1팀 2차 상관계수의 비유는 두 변수의 강도 또는 속도가 비유가 됩니다. 사용은 원인 증명을 강화시킬 수 있다고, 예시는 두 사람의 화음 강도가 평가됩니다. 마지막으로 의미는 선형 증명이라고, 다른 상태 증명이라고, 그리고 비유는 선형 증명을 강화시킬 수 있다고 설명했습니다.","가을 1팀 2차 상관계수의 비유는 두 변수의 움직임을 비교하는 나침반이라고, 활용은 이해하는 방법을 설명하려는 목적이라고 설명했습니다."
dataset_ko_113_final,entity_simple_hard_test_dessert_00096:final:0,entity_simple_hard_test_dessert_00096,entity_simple_hard_test_dessert_00096,True,same_source_sibling_facts,1,4,23,20,정규 오후반 1차 초콜렛 설명에서 색깔과 비유만 알려줘.,"정규 오후반 1차 초콜렛에 대해 색깔은 검정색이라고, 그리고 비유는 작은 선물 상자라고 설명했습니다.",True,,,,,False,False,0.8666666666666666,0.9285714285714286,0.4333333333333333,0.4642857142857143,True,True,3.0835025000269525,2.7046870999620296,,,,,passage-only,"정규 오후반 1차 초콜렛에 대해 색깔은 검정색이라고, 비유는 작은 선물 상자라고, 그리고 특징은 입안에서 천천히 녹는다고 설명했습니다.","정규 오후반 1차 초콜렛에 대해 색깔은 검정색이라고, 비유는 작은 선물 상자라고, 그리고 맛은 달콤하다고 설명했습니다."
dataset_ko_114_final,entity_simple_hard_test_art_history_00305:final:0,entity_simple_hard_test_art_history_00305,entity_simple_hard_test_art_history_00305,True,same_source_sibling_facts,1,4,23,20,파일럿 A반 4차 입체주의에서 핵심 특징과 목적을 함께 정리해줘.,"파일럿 A반 4차 입체주의에 대해 핵심 특징은 여러 시점이라고, 그리고 목적은 대상을 새롭게 해석하는 것이라고 설명했습니다.",True,,,,,False,False,0.7317073170731707,0.7317073170731707,0.36585365853658536,0.36585365853658536,True,True,4.168250699993223,4.0437525999732316,,,,,tie,"파일럿 A반 4차 입체주의에 대해 핵심 특징은 여러 시점에서 본 사물을 한 화면에 놓는 방식이라고, 목적은 대상을 새롭게 해석하는 것이라고, 그리고 비교 포인트는 단일 원근과 다르다고 설명했습니다.","파일럿 A반 4차 입체주의에 대해 핵심 특징은 여러 시점에서 본 객체의 시선동向을 나타내는 것이라고, 목적은 대상을 새롭게 해석하는 것이라고, 그리고 비교 포인트는 단일 원근과 다르다고 설명했습니다."
dataset_ko_115_final,entity_simple_hard_test_os_concept_00197:final:0,entity_simple_hard_test_os_concept_00197,entity_simple_hard_test_os_concept_00197,True,same_source_sibling_facts,1,4,23,20,심화 오후반 2차 스레드에서 역할과 장점을 함께 정리해줘.,"심화 오후반 2차 스레드에 대해 역할은 프로세스 안에서 작업을 나누어 실행한다고, 그리고 장점은 작업을 가볍게 나눌 수 있다고 설명했습니다.",True,,,,,False,False,0.7499999999999999,0.606060606060606,0.37499999999999994,0.303030303030303,True,False,4.5583346000057645,2.8846569000161253,,,,,question+passage,"심화 오후반 2차 스레드에 대해 장점은 작업을 가볍게 나눌 수 있다고, 역할은 프로세스 안에서 작업을 나누어 실행한다고, 그리고 비유는 같은 식당 안에서 일하는 직원이라고, 그리고 보증점은 작업을 많이 사용하지는 않다고 설명했습니다.",심화 오후반 2차 스레드에 대해 역할을 작업을 더 분해합니다에 대해 역할은 프로세스 안에서 작업을 더 분해합니다.를 설명해드려겠습니다.
dataset_ko_116_final,entity_simple_hard_test_marketing_00392:final:0,entity_simple_hard_test_marketing_00392,entity_simple_hard_test_marketing_00392,True,same_source_sibling_facts,1,4,23,20,가을 오후반 4차 신입생 캠페인 설명에서 핵심 채널과 성과 지표만 알려줘.,"가을 오후반 4차 신입생 캠페인에 대해 핵심 채널은 인스타그램이라고, 그리고 성과 지표는 전환율이라고 설명했습니다.",True,,,,,False,False,0.7741935483870968,0.9333333333333333,0.3870967741935484,0.4666666666666667,True,True,3.6625846000388265,3.3054314999608323,,,,,passage-only,"가을 오후반 4차 신입생 캠페인의 핵심 채널은 인스타그램에 있다고, 성과 지표는 전환율이라고, 그리고 보상은 커피 쿠폰이라고 설명했습니다.","가을 오후반 4차 신입생 캠페인에 대해 핵심 채널은 인스타그램이라고, 성과 지표는 전환율이라고, 그리고 대상은 신입생이라고 설명했습니다."
dataset_ko_117_final,entity_simple_hard_test_statistics_00263:final:0,entity_simple_hard_test_statistics_00263,entity_simple_hard_test_statistics_00263,True,same_source_sibling_facts,1,4,23,20,겨울 3팀 3차 회귀분석 설명 중 주의점과 의미에 해당하는 내용만 답해줘.,"겨울 3팀 3차 회귀분석에 대해 주의점은 모든 원인을 증명하지는 않는다고, 그리고 의미는 관계의 경향 설명이라고 설명했습니다.",True,,,,,False,False,0.5416666666666666,0.6829268292682927,0.2708333333333333,0.34146341463414637,False,True,5.900675299984869,4.396364899992477,,,,,passage-only,"겨울 3팀 3차 회귀분석에 대해 주의점은 관찰 수가 원인을 증명하지는 않는다고, 의미는 관찰과 변증법적인 의미인 추측과区别는 심해지는 정도는 다르다고, 그리고 비유는 흩어진 세 사람을 만召唤는 것이라고, 그리고 결론은 관계의 심한 예측을 제공하는 것이라고 설명했습니다.","겨울 3팀 3차 회귀분석 설명에 대해 주의점은 모든 원인을 증명하지는 않는다고, 의미는 관계의 변화 규칙을 설명할 때 쓴다고, 그리고 비유는 흩어진 점 사이에 길을 그어 보는 일이라고 설명했습니다."
dataset_ko_118_final,entity_simple_hard_test_dessert_00073:final:0,entity_simple_hard_test_dessert_00073,entity_simple_hard_test_dessert_00073,True,same_source_sibling_facts,1,4,23,20,겨울 4팀 1차 솜사탕에서 특징과 맛을 함께 정리해줘.,"겨울 4팀 1차 솜사탕에 대해 특징은 입에 닿으면 빠르게 사라진다고, 그리고 맛은 가볍게 달콤하다고 설명했습니다.",True,,,,,False,False,0.7272727272727272,0.9375,0.3636363636363636,0.46875,True,True,3.299464999989141,3.450470000039786,,,,,passage-only,"겨울 4팀 1차 솜사탕의 특징은 입에 닿으면 맛이 달콤하다고, 맛은 가볍게 달콤하다고, 그리고 비유는 구름 같은 간식이라고 설명했습니다.","겨울 4팀 1차 솜사탕에 대해 특징은 입에 닿으면 빠르게 사라진다고, 맛은 가볍게 달콤하다고, 그리고 색깔은 분홍색이라고 설명했습니다."
dataset_ko_119_final,entity_simple_hard_test_os_concept_00005:final:0,entity_simple_hard_test_os_concept_00005,entity_simple_hard_test_os_concept_00005,True,same_source_sibling_facts,1,4,23,20,파일럿 A반 1차 스레드에서 역할과 장점을 함께 정리해줘.,"파일럿 A반 1차 스레드에 대해 역할은 프로세스 안에서 작업을 나누어 실행한다고, 그리고 장점은 작업을 가볍게 나눌 수 있다고 설명했습니다.",True,,,,,False,False,0.85,0.8571428571428571,0.425,0.42857142857142855,True,True,3.52955470001325,3.7529144000145607,,,,,tie,"파일럿 A반 1차 스레드에 대해 장점은 작업을 가볍게 나눌 수 있다고, 역할은 프로세스를 나누어 실행한다고, 그리고 비유는 같은 식당 안에서 일하는 직원이라고 설명했습니다.","파일럿 A반 1차 스레드에 대해 역할은 프로세스 안에서 작업을 나누어 실행한다고, 비유는 같은 식당 안에서 일하는 직원이라고, 그리고 장점은 작업을 가볍게 나눌 수 있다고 설명했습니다."
dataset_ko_120_final,entity_simple_hard_test_dessert_00361:final:0,entity_simple_hard_test_dessert_00361,entity_simple_hard_test_dessert_00361,True,same_source_sibling_facts,1,4,23,20,여름 3팀 4차 솜사탕에서 특징과 맛을 함께 정리해줘.,"여름 3팀 4차 솜사탕에 대해 특징은 입에 닿으면 빠르게 사라진다고, 그리고 맛은 가볍게 달콤하다고 설명했습니다.",True,,,,,False,False,0.7500000000000001,0.9375,0.37500000000000006,0.46875,True,True,3.4227841999963857,3.4476777000236325,,,,,passage-only,"여름 3팀 4차 솜사탕의 특징은 입에 닿으면 솜사탕 맛이라고, 맛은 가볍게 달콤하다고, 그리고 특징은 가볍게 달콤하다고 설명했습니다.","여름 3팀 4차 솜사탕에 대해 특징은 입에 닿으면 빠르게 사라진다고, 맛은 가볍게 달콤하다고, 그리고 색깔은 분홍색이라고 설명했습니다."
dataset_ko_121_final,entity_simple_hard_test_os_concept_00029:final:0,entity_simple_hard_test_os_concept_00029,entity_simple_hard_test_os_concept_00029,True,same_source_sibling_facts,1,4,23,20,세미나 C반 1차 스레드에서 비유와 주의점을 함께 정리해줘.,"세미나 C반 1차 스레드에 대해 비유는 같은 식당 안에서 일하는 직원이라고, 그리고 주의점은 공유 자원 관리가 필요하다고 설명했습니다.",True,,,,,False,False,0.64,0.39999999999999997,0.32,0.19999999999999998,True,False,4.9474347999785095,5.002433900022879,,,,,question+passage,"세미나 C반 1차 스레드에서 비유는 먼저 같은 직업 안에서 일을 나누어 정리하는 거라고, 주의점은 공유된 자원 관리가 필요하다고, 그리고 비유는 같은 식당 안에서 일하는 직원이라고, 그리고 야구는 같은 식당 안에서 사용하는_resource라고 설명했습니다.","세미나 C반 1차 스레드에 대해 비유는 동료인 반에서 생각을 공유하라는 의미라고, 비유는 동료인 반에서 생각을 공유하라는 의미이라고, 주의점은 많은 것과 동료인 반에서 생각을 공유하다라고, 그리고 역할은 스레드 안에서 다른 작업을 진행한다고 설명했습니다."
dataset_ko_122_final,entity_simple_hard_test_art_history_00042:final:0,entity_simple_hard_test_art_history_00042,entity_simple_hard_test_art_history_00042,True,same_source_sibling_facts,1,4,23,20,교수님이 가을 1팀 1차 인상주의의 비유와 비교 포인트를 어떻게 말했어?,"가을 1팀 1차 인상주의에 대해 비유는 햇빛이 흔들리는 수면에 비친 모습이라고, 그리고 비교 포인트는 정확한 윤곽보다 색감이 중요하다고 설명했습니다.",True,,,,,False,False,0.5957446808510638,0.21739130434782608,0.2978723404255319,0.10869565217391304,False,False,5.1561418999917805,5.2344840000150725,,,,,question+passage,"교수님이 가을 1팀 1차 인상주의에 대해 비유는 샘이나 햇빛의 외观에 대해 설명하는 것이라고, 비교 포인트는 정확한 윤곽을 보이기 위해 사용한다고, 그리고 핵심 특징은 빛의 작 fast_time와 색감의 명확한 관찰이라고 설명했습니다.","전남편의 인상주의에 반한 비유는 학생의 절대적인 중요성보다 필요성이 앞서고, 포인트는 주변 국가의 특징을 비교하는 방법이라고, 동료와의 차別점을 말한다고, 그리고 학생의 절대적인 중요성보다 필요성이 앞서는 인상주의의 비유라고 설명했습니다."
dataset_ko_123_final,entity_simple_hard_test_statistics_00262:final:0,entity_simple_hard_test_statistics_00262,entity_simple_hard_test_statistics_00262,True,same_source_sibling_facts,1,4,23,20,교수님이 가을 3팀 3차 상관계수의 주의점과 의미를 어떻게 말했어?,"가을 3팀 3차 상관계수에 대해 주의점은 원인 증명을 뜻하지 않는다고, 그리고 의미는 선형 관계 강도라고 설명했습니다.",True,,,,,False,False,0.6111111111111112,0.7317073170731707,0.3055555555555556,0.36585365853658536,True,True,3.691411199979484,4.399335699970834,,,,,passage-only,"가을 3팀 3차 상관계수의 주의점이란 관계 강도를 나타내지 않는다고, 의미는 선형 관계 강도라고, 그리고 비유는 두 변수의 움직임을 비교하는 나침반이라고 설명했습니다.","교수님의 가을 3팀 3차 상관계수의 주의점과 의미에 대해 비유는 두 변수의 움직임을 보여주는 말이라고, 주의점은 원인 증명을 뜻하지 않는다고, 그리고 의미는 선형 관계의 강도를 설명한다고 설명했습니다."
dataset_ko_124_final,entity_simple_hard_test_statistics_00116:final:0,entity_simple_hard_test_statistics_00116,entity_simple_hard_test_statistics_00116,True,same_source_sibling_facts,1,4,23,20,정규 B반 2차 표본분산 설명에서 의미와 주의점만 알려줘.,"정규 B반 2차 표본분산에 대해 의미는 흩어짐 측정이라고, 그리고 주의점은 순위 정렬과 다르다고 설명했습니다.",True,,,,,False,False,0.6857142857142857,0.8750000000000001,0.34285714285714286,0.43750000000000006,True,True,3.7075851999688894,3.504312100005336,,,,,passage-only,"정규 B반 2차 표본분산 설명에 대해 주의점은 순위 정렬과 다르다고, 활용은 데이터 변동성을 볼 때 쓴다고, 그리고 의미는 점들이 얼마나 퍼졌는지 보는 자라고 설명했습니다.","정규 B반 2차 표본분산 설명에 대해 의미는 흩어짐 측정이라고, 주의점은 순위 정렬과 다르다고, 그리고 활용은 데이터의 흩어짐 측정이라고 설명했습니다."
dataset_ko_125_final,entity_simple_hard_test_marketing_00323:final:0,entity_simple_hard_test_marketing_00323,entity_simple_hard_test_marketing_00323,True,same_source_sibling_facts,1,4,23,20,겨울 C반 4차 멘토링 이벤트 설명 중 대상과 보상에 해당하는 내용만 답해줘.,"겨울 C반 4차 멘토링 이벤트에 대해 대상은 멘토링 참여 학생이라고, 그리고 보상은 포인트 500점이라고 설명했습니다.",True,,,,,False,False,0.8823529411764706,0.9090909090909091,0.4411764705882353,0.45454545454545453,True,True,3.9196087999735028,3.450546799984295,,,,,tie,"겨울 C반 4차 멘토링 이벤트에 대해 대상은 멘토링 참여 학생이라고, 보상은 포인트 500점이라고, 그리고 핵심 채널은 이메일 뉴스레터라고 설명했습니다.","겨울 C반 4차 멘토링 이벤트에 대해 대상은 멘토링 참여 학생이라고, 보상은 포인트 500점이라고, 그리고 성과 지표는 재방문율이라고 설명했습니다."
dataset_ko_126_final,entity_simple_hard_test_art_history_00258:final:0,entity_simple_hard_test_art_history_00258,entity_simple_hard_test_art_history_00258,True,same_source_sibling_facts,1,4,23,20,교수님이 실습 2팀 3차 인상주의의 목적과 핵심 특징을 어떻게 말했어?,"실습 2팀 3차 인상주의에 대해 목적은 관찰 순간을 살리는 것이라고, 그리고 핵심 특징은 빛의 순간적인 인상이라고 설명했습니다.",True,,,,,False,False,0.5142857142857143,0.7999999999999999,0.2571428571428572,0.39999999999999997,False,True,2.833327799977269,4.048213800007943,,,,,passage-only,"실습 2차 인상주의에 대해 핵심 특징은 예의가 중요하다고, 비교적 단시간에 들어갈 수 있는 것이라고, 그리고 목적은 관찰하는 것이라고 설명했습니다.","교수님의 실습 2팀 3차 인상주의의 목적은 관찰 순간을 살리는 것이라고, 비교 포인트는 정확한 윤곽보다 색감이 중요하다고, 그리고 핵심 특징은 빛의 순간적인 인상이라고 설명했습니다."
dataset_ko_127_final,entity_simple_hard_test_os_concept_00031:final:0,entity_simple_hard_test_os_concept_00031,entity_simple_hard_test_os_concept_00031,True,same_source_sibling_facts,1,4,23,20,여름 D반 1차 큐 설명 중 비유와 주의점에 해당하는 내용만 답해줘.,"여름 D반 1차 큐에 대해 비유는 번호표를 뽑고 기다리는 줄이라고, 그리고 주의점은 대기 시간이 길어질 수 있다고 설명했습니다.",True,,,,,False,False,0.4324324324324324,0.41379310344827586,0.2162162162162162,0.20689655172413793,False,False,3.5754104999941774,1.8099287999793887,,,,,tie,"여름 D반 1차 큐에 대해 주의점을 설정할 때 생각하는 부분은 대기열을 만든다고, 설명은 작업을 순서대로 기다리게 한다고, 그리고 비유는 설명을 간결하게 만든다고 설명했다.",여름 D반 1차 큐에 대해 시간이 shortest로 간다 argue과 관련이 깊다고 설명했다.
dataset_ko_128_final,entity_simple_hard_test_project_00015:final:0,entity_simple_hard_test_project_00015,entity_simple_hard_test_project_00015,True,same_source_sibling_facts,1,4,23,20,파일럿 B반 1차 프론트엔드 점검 설명 중 담당과 확인 기준에 해당하는 내용만 답해줘.,"파일럿 B반 1차 프론트엔드 점검에 대해 담당은 프론트엔드 파트라고, 그리고 확인 기준은 사용자 차단 여부라고 설명했습니다.",True,,,,,False,False,0.875,0.888888888888889,0.4375,0.4444444444444445,True,True,2.955994700023439,3.8103382000117563,,,,,tie,"파일럿 B반 1차 프론트엔드 점검 설명이라고, 담당은 프론트엔드 담당이라고, 그리고 확인 기준은 사용자 차단 여부라고 설명했습니다.","파일럿 B반 1차 프론트엔드 점검에 대해 담당은 프론트엔드 파트라고, 마감은 다음 달 첫째 주 화요일이라고, 그리고 확인 기준은 사용자 차단 여부라고 설명했습니다."
dataset_ko_129_final,entity_simple_hard_test_dessert_00147:final:0,entity_simple_hard_test_dessert_00147,entity_simple_hard_test_dessert_00147,True,same_source_sibling_facts,1,4,23,20,심화 1팀 2차 브라우니 설명 중 비유와 색깔에 해당하는 내용만 답해줘.,"심화 1팀 2차 브라우니에 대해 비유는 초콜렛을 압축한 케이크라고, 그리고 색깔은 진한 갈색이라고 설명했습니다.",True,,,,,False,False,0.8750000000000001,0.6250000000000001,0.43750000000000006,0.31250000000000006,True,True,3.8458568999776617,4.4062317999778315,,,,,question+passage,"심화 1팀 2차 브라우니에 대해 비유는 초콜렛을 압축한 케이크라고, 색깔은 진한 갈색이라고, 그리고 특징은 속이 촉촉하게 남는다고 설명했습니다.","심화 1팀 2차 브라우니에 대해 비유는 초콜렛을 압축한 케이크라고, 비유는 초콜렛을 압축한 케이크라고, 비유는 초콜렛을 압축한 케이크라고 설명했습니다."
dataset_ko_130_final,entity_simple_hard_test_os_concept_00367:final:0,entity_simple_hard_test_os_concept_00367,entity_simple_hard_test_os_concept_00367,True,same_source_sibling_facts,1,4,23,20,심화 3팀 4차 큐 설명 중 주의점과 비유에 해당하는 내용만 답해줘.,"심화 3팀 4차 큐에 대해 주의점은 대기 시간이 길어질 수 있다고, 그리고 비유는 번호표를 뽑고 기다리는 줄이라고 설명했습니다.",True,,,,,False,False,0.6153846153846153,0.8717948717948718,0.30769230769230765,0.4358974358974359,True,True,3.691842500003986,3.8568708000238985,,,,,passage-only,"심화 3팀 4차 큐에 대해 목적은 작업을 순서대로 기다리게 한다고, 비유는 번호표를 뽑고 기다리는 줄이라고, 그리고 특징은 처리 순서를 명확하게 만든다고 설명했습니다.","심화 3팀 4차 큐에 대해 주의점은 대기 시간이 길어질 수 있다고, 비유는 번호표를 뽑고 기다리는 줄이라고, 그리고 역할은 작업을 순서대로 기다리게 한다고 설명했습니다."
dataset_ko_131_final,entity_simple_hard_test_dessert_00003:final:0,entity_simple_hard_test_dessert_00003,entity_simple_hard_test_dessert_00003,True,same_source_sibling_facts,1,4,23,20,겨울 A반 1차 브라우니 설명 중 색깔과 비유에 해당하는 내용만 답해줘.,"겨울 A반 1차 브라우니에 대해 색깔은 진한 갈색이라고, 그리고 비유는 초콜렛을 압축한 케이크라고 설명했습니다.",True,,,,,False,False,0.8750000000000001,0.9032258064516129,0.43750000000000006,0.45161290322580644,True,True,3.809198899951298,3.6611670999554917,,,,,tie,"겨울 A반 1차 브라우니에 대해 색깔은 진한 갈색이라고, 비유는 초콜렛을 압축한 케이크라고, 그리고 특징은 속이 촉촉하게 남는다고 설명했습니다.","겨울 A반 1차 브라우니에 대해 색깔은 진한 갈색이라고, 비유는 초콜렛을 압축한 케이크라고, 그리고 맛은 묵직하게 달콤하다고 설명했습니다."
dataset_ko_132_final,entity_simple_hard_test_os_concept_00102:final:0,entity_simple_hard_test_os_concept_00102,entity_simple_hard_test_os_concept_00102,True,same_source_sibling_facts,1,4,23,20,교수님이 가을 A반 2차 캐시의 역할과 장점을 어떻게 말했어?,"가을 A반 2차 캐시에 대해 역할은 자주 쓰는 정보를 가까이 둔다고, 그리고 장점은 반복 접근을 빠르게 만든다고 설명했습니다.",True,,,,,False,False,0.8205128205128205,0.7804878048780488,0.41025641025641024,0.3902439024390244,True,True,3.8027263999683782,4.055193200008944,,,,,tie,"A반 2차 캐시의 역할은 자주 쓰는 정보를 가까이 둔다고, 비유는 책상 위에 올려둔 책이라고, 그리고 장점은 반복 접근을 빠르게 만든다고 설명했습니다.","교수님의 A학년 2차 캐시에 대해 역할은 자주 쓰는 정보를 가까이 둔다고, 장점은 반복 접근을 빠르게 만든다고, 그리고 비유는 책상 위에 올려둔 책이라고 설명했습니다."
dataset_ko_133_final,entity_simple_hard_test_project_00349:final:0,entity_simple_hard_test_project_00349,entity_simple_hard_test_project_00349,True,same_source_sibling_facts,1,4,23,20,세미나 1팀 4차 백엔드 배포에서 확인 기준과 담당을 함께 정리해줘.,"세미나 1팀 4차 백엔드 배포에 대해 확인 기준은 오류 발생률이라고, 그리고 담당은 백엔드 팀이라고 설명했습니다.",True,,,,,False,False,0.46511627906976744,0.9655172413793104,0.23255813953488372,0.4827586206896552,False,True,7.680020500032697,2.5425393000477925,,,,,passage-only,"세미나 1팀 4차 백엔드 배포에 대해 확인 기준과 담당을 다음과 같이 표로 정리할 수 있습니다.

| 확인 기준 | 담당 | 언제 공유渠道 | 
| ---|---
| 프로젝트 중지 여부 | 1팀 백엔드 | 4일 후, 즉下周五晚六点前发送故障窗体里补充填写原因处 | 
| 모든 다수 카테고리(异常包括登录异常、支付异常)这样设置(添加此页面) | 1团队中一个处 |","세미나 1팀 4차 백엔드 배포에 대해 확인 기준은 오류 발생률이라고, 담당은 백엔드 팀이라고 설명했습니다."
dataset_ko_134_final,entity_simple_hard_test_dessert_00384:final:0,entity_simple_hard_test_dessert_00384,entity_simple_hard_test_dessert_00384,True,same_source_sibling_facts,1,4,23,20,캡스톤 오전반 4차 초콜렛 설명에서 색깔과 비유만 알려줘.,"캡스톤 오전반 4차 초콜렛에 대해 색깔은 검정색이라고, 그리고 비유는 작은 선물 상자라고 설명했습니다.",True,,,,,False,False,0.8666666666666666,0.9600000000000001,0.4333333333333333,0.48000000000000004,True,True,3.1279847999685444,2.1596598000032827,,,,,passage-only,"캡스톤 오전반 4차 초콜렛에 대해 색깔은 검정색이라고, 비유는 작은 선물 상자라고, 그리고 특징은 입안에서 천천히 녹는다고 설명했습니다.","캡스톤 오전반 4차 초콜렛에 대해 색깔은 검정색이라고, 비유는 작은 선물 상자라고 설명했습니다."
dataset_ko_135_final,entity_simple_hard_test_project_00062:final:0,entity_simple_hard_test_project_00062,entity_simple_hard_test_project_00062,True,same_source_sibling_facts,1,4,23,20,교수님이 가을 3팀 1차 AI 모델 평가의 확인 기준과 담당을 어떻게 말했어?,"가을 3팀 1차 AI 모델 평가에 대해 확인 기준은 정답률이라고, 그리고 담당은 AI 파트라고 설명했습니다.",True,,,,,False,False,0.8484848484848485,0.37209302325581395,0.42424242424242425,0.18604651162790697,True,True,2.7908300000126474,4.559703600010835,,,,,question+passage,"가을 3팀 1차 AI 모델 평가의 확인 기준은 정답률이라고, 공유 위치는 AI 파트라고, 그리고 담당은 AI 파트라고 설명했습니다.","가을 3팀 1차 AI 모델 평가의 확인 기준은 확인서 형식으로 전달하나, 정답률이 extremely 낮다고, 확인 기준은 정답률을 기준으로 이해하나, 확인 중 문제점은 정답률을 통해 파악하나 summarizes in a sentence 말했어."
dataset_ko_136_final,entity_simple_hard_test_project_00254:final:0,entity_simple_hard_test_project_00254,entity_simple_hard_test_project_00254,True,same_source_sibling_facts,1,4,23,20,교수님이 캡스톤 2팀 3차 AI 모델 평가의 확인 기준과 담당을 어떻게 말했어?,"캡스톤 2팀 3차 AI 모델 평가에 대해 확인 기준은 정답률이라고, 그리고 담당은 AI 파트라고 설명했습니다.",True,,,,,False,False,0.8484848484848485,0.6,0.42424242424242425,0.3,True,True,3.022438300016802,2.6445287999813445,,,,,question+passage,"캡스톤 2팀 3차 AI 모델 평가의 확인 기준은 정답률이라고, 공유 위치는 회의록 폴더라고, 그리고 담당은 AI 파트라고 설명했습니다.","캡스톤 2팀 3차 AI 모델 평가의 확인 기준은 확인서 형식으로 전달할 예정이라고, 담당은 정답률을 설명했다."
dataset_ko_137_final,entity_simple_hard_test_os_concept_00149:final:0,entity_simple_hard_test_os_concept_00149,entity_simple_hard_test_os_concept_00149,True,same_source_sibling_facts,1,4,23,20,세미나 1팀 2차 스레드에서 장점과 역할을 함께 정리해줘.,"세미나 1팀 2차 스레드에 대해 장점은 작업을 가볍게 나눌 수 있다고, 그리고 역할은 프로세스 안에서 작업을 나누어 실행한다고 설명했습니다.",True,,,,,False,False,0.7804878048780488,0.878048780487805,0.3902439024390244,0.4390243902439025,True,True,3.784935600007884,3.762321599991992,,,,,passage-only,"세미나 1팀 2차 스레드에서의 역할은 프로세스 안에서 작업을 나누어 실행한다고, 비유는 같은 식당 안에서 일하는 직원이라고, 그리고 장점은 작업을 가볍게 나눌 수 있다고 설명했습니다.","세미나 1팀 2차 스레드에 대해 장점은 작업을 가볍게 나눌 수 있다고, 주의점은 공유 자원 관리가 필요하다고, 그리고 역할은 프로세스 안에서 작업을 나누어 실행한다고 설명했습니다."
dataset_ko_138_final,entity_simple_hard_test_art_history_00329:final:0,entity_simple_hard_test_art_history_00329,entity_simple_hard_test_art_history_00329,True,same_source_sibling_facts,1,4,23,20,세미나 C반 4차 입체주의에서 비유와 비교 포인트를 함께 정리해줘.,"세미나 C반 4차 입체주의에 대해 비유는 여러 방향에서 본 사물을 한 화면에 놓는 방식이라고, 그리고 비교 포인트는 단일 원근과 다르다고 설명했습니다.",True,,,,,False,False,0.6,0.6956521739130435,0.3,0.34782608695652173,False,True,3.3225184999755584,4.613882800040301,,,,,passage-only,"세미나 C반 4차 입체주의에 대해 목적은 대상을 새롭게 해석하는 것이라고, 비교 포인트는 단일로 본 것과 다르다고, 그리고 핵심 특징은 여러 시점이라고 설명했습니다.","세미나 C반 4차 입체주의에 대해 비유는 여러 방향에서 본 사물을 한 화면에 놓는 방식이라고, 포인트는 생각하는 방향이 단일 방향이 아니라고, 그리고 결론은 여러 시점에서 본 사물의 성질을 보여주는 것이라고 설명했습니다."
dataset_ko_139_final,entity_simple_hard_test_art_history_00354:final:0,entity_simple_hard_test_art_history_00354,entity_simple_hard_test_art_history_00354,True,same_source_sibling_facts,1,4,23,20,교수님이 캡스톤 2팀 4차 인상주의의 목적과 핵심 특징을 어떻게 말했어?,"캡스톤 2팀 4차 인상주의에 대해 목적은 관찰 순간을 살리는 것이라고, 그리고 핵심 특징은 빛의 순간적인 인상이라고 설명했습니다.",True,,,,,False,False,0.5714285714285713,0.85,0.28571428571428564,0.425,False,True,4.258063799992669,3.8483869999763556,,,,,passage-only,"캡스톤 2팀 4차 인상주의에 대해 목적은 관찰을 강하게 믿는다고, 비교 포인트는 예시이거나 명료한 윤곽이 명확한 이미지라고, 그리고 핵심 특징은 유감없이 명확한 예의가 있는 것이라고 설명했습니다.","캡스톤 2팀 4차 인상주의에 대해 목적은 관찰 순간을 살리는 것이라고, 차분한 빛 포인트는 관찰 순간을 살리는 것이라고, 그리고 핵심 특징은 빛의 순간적인 인상이라고 설명했습니다."
dataset_ko_140_final,entity_simple_hard_test_statistics_00094:final:0,entity_simple_hard_test_statistics_00094,entity_simple_hard_test_statistics_00094,True,same_source_sibling_facts,1,4,23,20,교수님이 캡스톤 오후반 1차 상관계수의 활용과 비유를 어떻게 말했어?,"캡스톤 오후반 1차 상관계수에 대해 활용은 관계 강도를 빠르게 살필 때 쓴다고, 그리고 비유는 두 변수의 움직임을 비교하는 나침반이라고 설명했습니다.",True,,,,,False,False,0.33333333333333337,0.606060606060606,0.16666666666666669,0.303030303030303,False,False,4.73088230000576,2.974379399965983,,,,,passage-only,"교수님이 설명한 의미는 한 문제에서 관찰 변수의 변화가 다른 변수에 영향을 끼치는 강도를 의미한다고, 공식은 관계 강도를 의미하지 않고 의미하는 영역을 뜻하는 의미가 있다고, 그리고 비유는 두 변수의 움직임을 비교하는 도구라고 설명했습니다.","교수님이 캡스톤 오후반 1차 상관계수의 활용과 비유는 데이터의 관계를 설명할 때 쓴다고, 그리고 비유는 설명의 도구라고 설명했습니다."
dataset_ko_141_final,entity_simple_hard_test_os_concept_00220:final:0,entity_simple_hard_test_os_concept_00220,entity_simple_hard_test_os_concept_00220,True,same_source_sibling_facts,1,4,23,20,봄 C반 3차 프로세스 설명에서 비유와 주의점만 알려줘.,"봄 C반 3차 프로세스에 대해 비유는 독립된 식당이라고, 그리고 주의점은 자원을 너무 많이 쓰면 느려질 수 있다고 설명했습니다.",True,,,,,False,False,0.9142857142857143,0.7894736842105263,0.45714285714285713,0.39473684210526316,True,True,3.5069711999967694,3.7821100000292063,,,,,question+passage,"봄 C반 3차 프로세스 설명에 대해 비유는 독립된 식당이라고, 주의점은 자원을 너무 많이 쓰면 느려질 수 있다고, 그리고 역할은 독립된 식당이라고 설명했습니다.","봄 C반 3차 프로세스에 대해 비유는 독립된 식당을 상상, 주의점은 자원을 너무 많이 쓰면 느려질 수 있다고, 그리고 역할은 독립된 실행 공간을 가진다고 설명했습니다."
dataset_ko_142_final,entity_simple_hard_test_art_history_00330:final:0,entity_simple_hard_test_art_history_00330,entity_simple_hard_test_art_history_00330,True,same_source_sibling_facts,1,4,23,20,교수님이 봄 D반 4차 인상주의의 비유와 비교 포인트를 어떻게 말했어?,"봄 D반 4차 인상주의에 대해 비유는 햇빛이 흔들리는 수면에 비친 모습이라고, 그리고 비교 포인트는 정확한 윤곽보다 색감이 중요하다고 설명했습니다.",True,,,,,False,False,0.4888888888888889,0.6666666666666666,0.24444444444444444,0.3333333333333333,False,True,4.9906686000176705,4.442474200041033,,,,,passage-only,"교수님이 봄 D반 4차 인상주의에 대해 비교 포인트는 정확한 윤곽을 보이면 라인을 1분간 보여준다고, 핵심 특징은 즉생적인 인상이라고, 그리고 비유는 샘이나 땅에 대한 관심이 있다면 느끼는 것이라고 설명했습니다.","봄 D반 4차 인상주의에 대해 비유는 햇빛이 흔들리는 수면에 비친 모습이라고, 포인트는 명확하지 않은 상태를 보는 순간이라고, 그리고 비교 포인트는 정확하지만 부드러운 햇빛의 임무라고 설명했습니다."
dataset_ko_143_final,entity_simple_hard_test_art_history_00090:final:0,entity_simple_hard_test_art_history_00090,entity_simple_hard_test_art_history_00090,True,same_source_sibling_facts,1,4,23,20,교수님이 봄 오후반 1차 인상주의의 비교 포인트와 비유를 어떻게 말했어?,"봄 오후반 1차 인상주의에 대해 비교 포인트는 정확한 윤곽보다 색감이 중요하다고, 그리고 비유는 햇빛이 흔들리는 수면에 비친 모습이라고 설명했습니다.",True,,,,,False,False,0.4878048780487805,0.6666666666666666,0.24390243902439024,0.3333333333333333,False,True,4.3219468999886885,4.498075700015761,,,,,passage-only,"교수님이 봄 오후반 1차 인상주의에 대해 비교 포인트는 왜 중요한지 설명하는 것이라고, 비유는 시가 햇빛이 투명한 백과상이라고, 그리고 목적은 관찰하는 것에 대한 핵심 특징이라고 설명했습니다.","봄 오후반 1차 인상주의의 비교 포인트에 대해 비유는 햇빛이 흔들리는 수면에 비친 모습이라고, 중요한 포인트는 빛의 순간적인 인상이라고, 그리고 비교 포인트는 빛이 흔들리는 것이라고 설명했습니다."
dataset_ko_144_final,entity_simple_hard_test_marketing_00035:final:0,entity_simple_hard_test_marketing_00035,entity_simple_hard_test_marketing_00035,True,same_source_sibling_facts,1,4,23,20,파일럿 D반 1차 멘토링 이벤트 설명 중 대상과 보상에 해당하는 내용만 답해줘.,"파일럿 D반 1차 멘토링 이벤트에 대해 대상은 멘토링 참여 학생이라고, 그리고 보상은 포인트 500점이라고 설명했습니다.",True,,,,,False,False,0.7058823529411765,0.8823529411764706,0.35294117647058826,0.4411764705882353,True,True,3.7405693999608047,3.952809799986426,,,,,passage-only,"파일럿 D반 1차 멘토링 이벤트에 대해 대상은 참여하지 않은 고객이라고, 보상은 포인트 500점이라고, 그리고 핵심 채널은 이메일 뉴스레터라고 설명했습니다.","파일럿 D반 1차 멘토링 이벤트에 대해 대상은 멘토링 참여 학생이라고, 보상은 포인트 500점이라고, 그리고 핵심 채널은 이메일 뉴스레터라고 설명했습니다."
dataset_ko_145_final,entity_simple_hard_test_os_concept_00150:final:0,entity_simple_hard_test_os_concept_00150,entity_simple_hard_test_os_concept_00150,True,same_source_sibling_facts,1,4,23,20,교수님이 봄 2팀 2차 캐시의 장점과 역할을 어떻게 말했어?,"봄 2팀 2차 캐시에 대해 장점은 반복 접근을 빠르게 만든다고, 그리고 역할은 자주 쓰는 정보를 가까이 둔다고 설명했습니다.",True,,,,,False,False,0.6470588235294118,0.7999999999999999,0.3235294117647059,0.39999999999999997,True,True,3.2273390000336803,3.623489400022663,,,,,passage-only,"봄 2팀 2차 캐시의 장점이라고, 역할은 자주 쓰는 정보를 가까이 둔다고, 그리고 의미가 깊은 정보를 가까이 둔다고 설명했습니다.","교수님의 캐시는 성능을 빠르게 만든다고, 장점은 반복 접근을 빠르게 만든다고, 그리고 역할은 자주 쓰는 정보를 가까이 둔다고 설명했습니다."
dataset_ko_146_final,entity_simple_hard_test_os_concept_00151:final:0,entity_simple_hard_test_os_concept_00151,entity_simple_hard_test_os_concept_00151,True,same_source_sibling_facts,1,4,23,20,여름 2팀 2차 큐 설명 중 장점과 역할에 해당하는 내용만 답해줘.,"여름 2팀 2차 큐에 대해 장점은 처리 순서를 명확하게 만든다고, 그리고 역할은 작업을 순서대로 기다리게 한다고 설명했습니다.",True,,,,,False,False,0.6470588235294118,0.7,0.3235294117647059,0.35,True,True,2.871551799995359,4.002320300030988,,,,,passage-only,"여름 2팀 2차 큐에 대해 장점이라고, 역할에 대해서는 작업을 순서대로 기다리게 한다고, 그리고 재방문을 야기하ると 생각하고 있다.","여름 2팀 2차 큐에 대해 장점은 처리 순서를 명확하게 만든다고, 역할은 작업의 순서를 명확하게 만든다고, 그리고 비유는 번호표를 뽑는 데 delay가 길어질 수 있다고 설명했습니다."
dataset_ko_147_final,entity_simple_hard_test_project_00060:final:0,entity_simple_hard_test_project_00060,entity_simple_hard_test_project_00060,True,same_source_sibling_facts,1,4,23,20,봄 3팀 1차 최종 발표 설명에서 확인 기준과 담당만 알려줘.,"봄 3팀 1차 최종 발표에 대해 확인 기준은 근거 제시 여부라고, 그리고 담당은 기획 파트라고 설명했습니다.",True,,,,,False,False,0.6315789473684211,0.5714285714285715,0.31578947368421056,0.28571428571428575,True,False,3.756334500038065,1.9195533000165597,,,,,question+passage,"봄 3팀 1차 최종 발표 설명에 대해 확인 기준과 담당을 공유해 줘ね고는 다른 내용은 아니라고, 그리고 담당은 기획 파트라고, 그리고 마감은 다음 주 월요일 밤이라고 설명했습니다.",봄 3팀 1차 최종 발표 설명에 대해 확인 기준은 확인 기준을 기반으로 수정할 것이라고 설명했습니다.
dataset_ko_148_final,entity_simple_hard_test_statistics_00117:final:0,entity_simple_hard_test_statistics_00117,entity_simple_hard_test_statistics_00117,True,same_source_sibling_facts,1,4,23,20,심화 B반 2차 신뢰구간에서 의미와 주의점을 함께 정리해줘.,"심화 B반 2차 신뢰구간에 대해 의미는 모수 추정 범위라고, 그리고 주의점은 정답 하나를 보장하지 않는다고 설명했습니다.",True,,,,,False,False,0.3157894736842105,0.6666666666666665,0.15789473684210525,0.33333333333333326,False,True,7.673912700032815,3.302436799975112,,,,,passage-only,"심화 B반 2차 신뢰구간에 대해 의미와 주의점은 신뢰구간이 되는 방식, 적용 범위가 넓은 기능이기와 차이분석이 가능하다, 예시가 있고 해석이모호한 기능에 대해 위임의 불확실성을 설명, 활용이 모의집계의 불확실성을 의미, 차이가 분석은 추정의 불확실성을 보인다고, 사용은 추정이 불확실성을 의미, 해석은 모르는 질문이 많을 때 존재, 그리고 주","심화 B반 2차 신뢰구간에 대해 예시는 모수 추정 범위라고, 의미는 모수 추정 범위라고, 그리고 주의점은 확실치 않은 추정 범위라고 설명했습니다."
dataset_ko_149_final,entity_simple_hard_test_dessert_00360:final:0,entity_simple_hard_test_dessert_00360,entity_simple_hard_test_dessert_00360,True,same_source_sibling_facts,1,4,23,20,봄 3팀 4차 초콜렛 설명에서 특징과 맛만 알려줘.,"봄 3팀 4차 초콜렛에 대해 특징은 입안에서 천천히 녹는다고, 그리고 맛은 달콤하다고 설명했습니다.",True,,,,,False,False,0.888888888888889,0.923076923076923,0.4444444444444445,0.4615384615384615,True,True,3.133688500034623,2.943477900000289,,,,,tie,"봄 3팀 4차 초콜렛 설명에 대해 특징은 입안에서 천천히 녹는다고, 맛은 달콤하다고, 그리고 주의점은 입안에서very light라고 설명했습니다.","봄 3팀 4차 초콜렛에 대해 특징은 입안에서 천천히 녹는다고, 색깔은 검정색이라고, 그리고 맛은 달콤하다고 설명했습니다."
dataset_ko_150_final,entity_simple_hard_test_os_concept_00391:final:0,entity_simple_hard_test_os_concept_00391,entity_simple_hard_test_os_concept_00391,True,same_source_sibling_facts,1,4,23,20,여름 오후반 4차 큐 설명 중 역할과 장점에 해당하는 내용만 답해줘.,"여름 오후반 4차 큐에 대해 역할은 작업을 순서대로 기다리게 한다고, 그리고 장점은 처리 순서를 명확하게 만든다고 설명했습니다.",True,,,,,False,False,0.2727272727272727,0.8717948717948718,0.13636363636363635,0.4358974358974359,False,True,0.9391197999939322,3.7809026000322774,,,,,passage-only,여름 오후반 4차 큐의 설명입니다.,"여름 오후반 4차 큐에 대해 역할은 작업을 순서대로 기다리게 한다고, 장점은 처리 순서를 명확하게 만든다고, 그리고 비유는 번호표를 뽑고 기다리는 줄이라고 설명했습니다."
dataset_ko_151_final,entity_simple_hard_test_art_history_00160:final:0,entity_simple_hard_test_art_history_00160,entity_simple_hard_test_art_history_00160,True,same_source_sibling_facts,1,4,23,20,봄 3팀 2차 바로크 설명에서 목적과 핵심 특징만 알려줘.,"봄 3팀 2차 바로크에 대해 목적은 감정을 강하게 전달하는 것이라고, 그리고 핵심 특징은 극적 명암이라고 설명했습니다.",True,,,,,False,False,0.7027027027027029,0.611111111111111,0.3513513513513514,0.3055555555555555,True,True,3.742617200012319,3.463696799997706,,,,,question+passage,"봄 3팀 2차 바로크에 대해 핵심 특징은 감정을 강하게 전달하는 것이라고, 비교 포인트는 평면적 구도와 구분된다고, 그리고 목적은 감정을 강하게 전달하는 것이라고 설명했습니다.","봄 3팀 2차 바로크에 대해 목적은 기술적 이해와 구분되는 다른 방식이라고, 핵심 특징은 극적 명암이라고, 그리고 핵심 특징의 구분은 극적 특징이라고 설명했습니다."
dataset_ko_152_final,entity_simple_hard_test_statistics_00044:final:0,entity_simple_hard_test_statistics_00044,entity_simple_hard_test_statistics_00044,True,same_source_sibling_facts,1,4,23,20,캡스톤 1팀 1차 표본분산 설명에서 비유와 활용만 알려줘.,"캡스톤 1팀 1차 표본분산에 대해 비유는 점들이 얼마나 퍼졌는지 보는 자라고, 그리고 활용은 데이터 변동성을 볼 때 쓴다고 설명했습니다.",True,,,,,False,False,0.8947368421052632,0.85,0.4473684210526316,0.425,True,True,3.8101449999958277,4.216430699976627,,,,,tie,"캡스톤 1팀 1차 표본분산에 대해 비유는 점들이 얼마나 퍼졌는지 보는 자라고, 활용은 데이터 변동성을 볼 때 쓴다고, 그리고 주의점은 순위 정렬과 다르다고 설명했습니다.","캡스톤 1팀 1차 표본분산에 대해 비유는 점들이 얼마나 퍼졌는지 보는 자라고, 활용은 데이터 변동성을 볼 때 쓴다고, 그리고避免는 곡이 어떻게 퍼졌는지 보는 것을 의미한다고 설명했습니다."
dataset_ko_153_final,entity_simple_hard_test_statistics_00045:final:0,entity_simple_hard_test_statistics_00045,entity_simple_hard_test_statistics_00045,True,same_source_sibling_facts,1,4,23,20,파일럿 1팀 1차 신뢰구간에서 비유와 활용을 함께 정리해줘.,"파일럿 1팀 1차 신뢰구간에 대해 비유는 정답이 있을 법한 범위를 그은 지도라고, 그리고 활용은 추정의 불확실성을 설명할 때 쓴다고 설명했습니다.",True,,,,,False,False,0.41935483870967744,0.8837209302325582,0.20967741935483872,0.4418604651162791,True,True,7.702033200010192,4.182388099958189,,,,,passage-only,"파일럿 1팀 1차 신뢰구간에 대해 비유는 정답이 될 수 있는 설명의 특징, 활용은 추정의 불확실성을 설명할 때 쓴다고, 의미는 현재 행동이 결과를 보장하지 않는다고, 그리고 비유는 정답이 될 수 있는 설명의 특징을 면밀히 조사하고 설명할 때 쓴다고, 그리고 활용은 추정의 불확실성을 설명할 때 죄는 면밀히 조사할 때 쓴다고, 그리고 의미는 여러 증언이 있는","파일럿 1팀 1차 신뢰구간에 대해 비유는 정답이 있을 법한 범위를 그은 지도라고, 활용은 추정의 불확실성을 설명할 때 쓴다고, 그리고 주의점은 정답 하나를 보장하지 않는다고 설명했습니다."
dataset_ko_154_final,entity_simple_hard_test_dessert_00240:final:0,entity_simple_hard_test_dessert_00240,entity_simple_hard_test_dessert_00240,True,same_source_sibling_facts,1,4,23,20,봄 1팀 3차 초콜렛 설명에서 비유와 색깔만 알려줘.,"봄 1팀 3차 초콜렛에 대해 비유는 작은 선물 상자라고, 그리고 색깔은 검정색이라고 설명했습니다.",True,,,,,False,False,0.8571428571428571,0.7586206896551724,0.42857142857142855,0.3793103448275862,True,True,3.0808719000197016,3.2062608000123873,,,,,question+passage,"봄 1팀 3차 초콜렛 설명에 대해 비유는 작은 선물 상자라고, 색깔은 검정색이라고, 그리고 특징은 입안에서 천천히 녹는다고 설명했습니다.","봄 1팀 3차 초콜렛에 대해 비유는 작은 선물 상자라고, 색깔은 אדום이라고, 그리고 비유의 특징은 입안에서 천천히 녹는다고 설명했습니다."
dataset_ko_155_final,entity_simple_hard_test_statistics_00070:final:0,entity_simple_hard_test_statistics_00070,entity_simple_hard_test_statistics_00070,True,same_source_sibling_facts,1,4,23,20,교수님이 봄 4팀 1차 상관계수의 주의점과 의미를 어떻게 말했어?,"봄 4팀 1차 상관계수에 대해 주의점은 원인 증명을 뜻하지 않는다고, 그리고 의미는 선형 관계 강도라고 설명했습니다.",True,,,,,False,False,0.6470588235294117,0.5945945945945945,0.32352941176470584,0.29729729729729726,True,True,3.2619233999866992,3.941058200027328,,,,,question+passage,"봄 4팀 1차 상관계수 주의점이란 관계 강도를 나타내지 않는다고, 의미는 선형 관계 강도라고, 그리고 비유는 두 변수 운동을 뜻하지 않는다고 설명했습니다.","봄 4팀 1차 상관계수의 주의점과 의미에 대해 비유는 두 변수의 움직임을 설명하는 데 사용하는 것으로, 상관계수는 방향이지만 강도는 아니라고, 그리고 의미는 선형 관계 강도라고 설명했습니다."
dataset_ko_156_final,entity_simple_hard_test_statistics_00287:final:0,entity_simple_hard_test_statistics_00287,entity_simple_hard_test_statistics_00287,True,same_source_sibling_facts,1,4,23,20,심화 오전반 3차 회귀분석 설명 중 활용과 비유에 해당하는 내용만 답해줘.,"심화 오전반 3차 회귀분석에 대해 활용은 예측 경향을 설명할 때 쓴다고, 그리고 비유는 흩어진 점 사이에 길을 그어 보는 일이라고 설명했습니다.",True,,,,,False,False,0.6500000000000001,0.6046511627906976,0.32500000000000007,0.3023255813953488,True,True,3.7767335000098683,4.7093752000364475,,,,,tie,"심화 오전반 3차 회귀분석에 대해 비유는 관계의 경향 설명과 다르다고, 주의점은 모든 원인을 증명하지는 않는다고, 그리고 활용은 예측 경향을 설명할 때 쓴다고 설명했습니다.","심화 오전반 3차 회귀분석 설명에 대해 활용은 예측 경향을 설명할 때 쓴다고, 비유는 곡선이면 땅값이어도 조금이라도 예측 경향을 설명할 때 쓴다고, 그리고 핵심意义는 분석의 경향 설명이라고 설명했습니다."
dataset_ko_157_final,entity_simple_hard_test_statistics_00359:final:0,entity_simple_hard_test_statistics_00359,entity_simple_hard_test_statistics_00359,True,same_source_sibling_facts,1,4,23,20,세미나 2팀 4차 회귀분석 설명 중 주의점과 의미에 해당하는 내용만 답해줘.,"세미나 2팀 4차 회귀분석에 대해 주의점은 모든 원인을 증명하지는 않는다고, 그리고 의미는 관계의 경향 설명이라고 설명했습니다.",True,,,,,False,False,0.4888888888888889,0.717948717948718,0.24444444444444444,0.358974358974359,False,True,4.955533999949694,4.177830400003586,,,,,passage-only,"세미나 2팀 4차 회귀분석에 대해 주의점은 예측 경향을 설명할 때 쓴다고, 의미는 자료를 직접 사용해서 변화를 설명할 때 쓴다고, 그리고 비유는 점이 원을 만드는 일이라고, 그리고 의미는 관계를 설명할 때 쓴다고 설명했습니다.","세미나 2팀 4차 회귀분석 설명에 대해 주의점은 모든 원인을 증명하지는 않는다고, 의미는 관계의 비율을 설명한다고, 그리고 비유는 흩어진 점 사이에 길을 그어 보는 일이라고 설명했습니다."
dataset_ko_158_final,entity_simple_hard_test_marketing_00058:final:0,entity_simple_hard_test_marketing_00058,entity_simple_hard_test_marketing_00058,True,same_source_sibling_facts,1,4,23,20,교수님이 실습 2팀 1차 스터디 모집의 성과 지표와 핵심 채널을 어떻게 말했어?,"실습 2팀 1차 스터디 모집에 대해 성과 지표는 완료율이라고, 그리고 핵심 채널은 학과 홈페이지라고 설명했습니다.",True,,,,,False,False,0.6875,0.8235294117647058,0.34375,0.4117647058823529,True,True,3.066356999974232,3.208309699955862,,,,,passage-only,"실습 2팀 1차 스터디 모집에 대해 성과 지표는 완료율이라고, 대상은 스터디 간담회라고, 그리고 보상은 우선 신청권이라고 설명했습니다.","교수님 실습 2팀 1차 스터디 모집에 대해 성과 지표는 참여율이라고, 핵심 채널은 학과 홈페이지라고, 그리고 보상은 우선 신청권이라고 설명했습니다."
dataset_ko_159_final,entity_simple_hard_test_project_00132:final:0,entity_simple_hard_test_project_00132,entity_simple_hard_test_project_00132,True,same_source_sibling_facts,1,4,23,20,가을 D반 2차 최종 발표 설명에서 마감과 공유 위치만 알려줘.,"가을 D반 2차 최종 발표에 대해 마감은 다음 주 월요일 밤이라고, 그리고 공유 위치는 팀 노션 페이지라고 설명했습니다.",True,,,,,False,False,0.8648648648648648,0.8648648648648648,0.4324324324324324,0.4324324324324324,True,True,3.269780999980867,3.262602999981027,,,,,tie,"가을 D반 2차 최종 발표 설명에 대해 공유 위치는 팀 노션 페이지라고, 마감은 다음 주 월요일 밤이라고, 그리고 확인 기준은 근거 제시 여부라고 설명했습니다.","가을 D반 2차 최종 발표 설명에 대해 마감은 다음 주 월요일 밤이라고, 공유 위치는 팀 노션 페이지라고, 그리고 확인 기준은 근거 제시 여부라고 설명했습니다."
dataset_ko_160_final,entity_simple_hard_test_dessert_00097:final:0,entity_simple_hard_test_dessert_00097,entity_simple_hard_test_dessert_00097,True,same_source_sibling_facts,1,4,23,20,심화 오후반 1차 솜사탕에서 색깔과 비유를 함께 정리해줘.,"심화 오후반 1차 솜사탕에 대해 색깔은 분홍색이라고, 그리고 비유는 구름 같은 간식이라고 설명했습니다.",True,,,,,False,False,0.2857142857142857,0.625,0.14285714285714285,0.3125,True,True,1.767461400013417,3.764897799992468,,,,,passage-only,"솜사탕의 마음은 분홍색이다고, 구분은 양분이라고, 그리고 연꽃색이라고 설명했습니다.","심화 오후반 1차 솜사탕에 대해 색깔은 분홍색이라고, 비유은 입에 닿으면 빠르게 사라진다고, 그리고 비유의 특징은 단순한 색깔로 표시한다고 설명했습니다."
dataset_ko_161_final,entity_simple_hard_test_dessert_00338:final:0,entity_simple_hard_test_dessert_00338,entity_simple_hard_test_dessert_00338,True,same_source_sibling_facts,1,4,23,20,교수님이 실습 D반 4차 마카롱의 비유와 색깔을 어떻게 말했어?,"실습 D반 4차 마카롱에 대해 비유는 작은 보석 상자라고, 그리고 색깔은 알록달록하다고 설명했습니다.",True,,,,,False,False,0.7407407407407408,0.5599999999999999,0.3703703703703704,0.27999999999999997,True,False,2.705913199984934,2.463608799967915,,,,,question+passage,"교수님은 마카롱에 대해 비유는 작은 보석 상자라고, 색깔은 알록달록하다고, 그리고 맛은 부드럽고 진하다고 설명했습니다.","실습 D반 4차 마카롱의 색깔에 대해 독占적이고 식물적이라고, 그리고 흰색의 혼종으로 이해했습니다."
dataset_ko_162_final,entity_simple_hard_test_project_00396:final:0,entity_simple_hard_test_project_00396,entity_simple_hard_test_project_00396,True,same_source_sibling_facts,1,4,23,20,정규 오후반 4차 최종 발표 설명에서 담당과 확인 기준만 알려줘.,"정규 오후반 4차 최종 발표에 대해 담당은 기획 파트라고, 그리고 확인 기준은 근거 제시 여부라고 설명했습니다.",True,,,,,False,False,0.888888888888889,0.6470588235294118,0.4444444444444445,0.3235294117647059,True,True,3.1884855999960564,3.005693099985365,,,,,question+passage,"정규 오후반 4차 최종 발표 설명에 대해 확인 기준은 근거 제시 여부라고, 공유 위치는 팀 노션 페이지라고, 그리고 담당은 기획 파트라고 설명했습니다.","정규 오후반 4차 최종 발표 설명 담당은 기획 파트라고, 최종 확인은 편집 파트라고, 그리고 시간은 다음 주 월요일 밤이라고 설명했습니다."
dataset_ko_163_final,entity_simple_hard_test_marketing_00059:final:0,entity_simple_hard_test_marketing_00059,entity_simple_hard_test_marketing_00059,True,same_source_sibling_facts,1,4,23,20,세미나 2팀 1차 멘토링 이벤트 설명 중 성과 지표와 핵심 채널에 해당하는 내용만 답해줘.,"세미나 2팀 1차 멘토링 이벤트에 대해 성과 지표는 재방문율이라고, 그리고 핵심 채널은 이메일 뉴스레터라고 설명했습니다.",True,,,,,False,False,0.9090909090909091,0.8333333333333333,0.45454545454545453,0.41666666666666663,True,True,3.9161114000016823,4.363388400000986,,,,,question+passage,"세미나 2팀 1차 멘토링 이벤트에 대해 핵심 채널은 이메일 뉴스레터라고, 성과 지표는 재방문율이라고, 그리고 보상은 포인트 500점이라고 설명했습니다.","세미나 2팀 1차 멘토링 이벤트에 대해 성과 지표는 재방문율이라고, 핵심 채널은 이메일 뉴스레터라고, 그리고 핵심 채널의 연결요소는 리소스에 대한 설명이라고 설명했습니다."
dataset_ko_164_final,entity_simple_hard_test_art_history_00378:final:0,entity_simple_hard_test_art_history_00378,entity_simple_hard_test_art_history_00378,True,same_source_sibling_facts,1,4,23,20,교수님이 실습 4팀 4차 인상주의의 비교 포인트와 비유를 어떻게 말했어?,"실습 4팀 4차 인상주의에 대해 비교 포인트는 정확한 윤곽보다 색감이 중요하다고, 그리고 비유는 햇빛이 흔들리는 수면에 비친 모습이라고 설명했습니다.",True,,,,,False,False,0.2857142857142857,0.48484848484848486,0.14285714285714285,0.24242424242424243,False,False,7.711543699959293,2.312250699964352,,,,,passage-only,"교수님의 실습 4차 인상주의의 비교 포인트는 예를 들어ed`한 강의장에 비유될 수 있을might be `one`by lighted`of a room`가 주의점可能是`印象`of a moment`인상`으로 표현되고`이용`한 것이라고, `비유`는 빛이 투명한 중요점`의 특징`이라고,`과정`은 정확한 윤곽`처럼`보여보기`보는 것의 중요점`의 시 scope`라고,`",교수님의 실습 4팀 4차 인상주의의 비교 포인트와 비유에 대해 질문하는 것처럼 보일 때를 생각했어.
dataset_ko_165_final,entity_simple_hard_test_project_00156:final:0,entity_simple_hard_test_project_00156,entity_simple_hard_test_project_00156,True,same_source_sibling_facts,1,4,23,20,정규 2팀 2차 최종 발표 설명에서 확인 기준과 담당만 알려줘.,"정규 2팀 2차 최종 발표에 대해 확인 기준은 근거 제시 여부라고, 그리고 담당은 기획 파트라고 설명했습니다.",True,,,,,False,False,0.6842105263157896,0.42307692307692313,0.3421052631578948,0.21153846153846156,True,False,3.4388431000406854,5.903499300009571,,,,,question+passage,"정규 2팀 2차 최종 발표 설명에 대해 확인 기준과 담당을 공유는 프로젝트 노션 페이지라고, 마감은 다음 주 월요일 밤이라고, 그리고 담당은 기획 파트라고 설명했습니다.","정규 2팀 2차 최종 발표 설명에 대해 확인 기준은 확인 여부를 담당과 함께 설명하는 기준이라고, 담당은 변경하지 않은 내용을 담당하고, 담당이 아닌 담당 피크는 추가하는 역할을 하기라고, 그리고 정규 2팀 2차 최종 발표 설명은 합수(합수) 요청 후 발표라고 설명했습니다."
dataset_ko_166_final,entity_simple_hard_test_statistics_00333:final:0,entity_simple_hard_test_statistics_00333,entity_simple_hard_test_statistics_00333,True,same_source_sibling_facts,1,4,23,20,겨울 D반 4차 신뢰구간에서 비유와 활용을 함께 정리해줘.,"겨울 D반 4차 신뢰구간에 대해 비유는 정답이 있을 법한 범위를 그은 지도라고, 그리고 활용은 추정의 불확실성을 설명할 때 쓴다고 설명했습니다.",True,,,,,False,False,0.5084745762711864,0.8837209302325582,0.2542372881355932,0.4418604651162791,True,True,7.6708324999781325,3.888731699960772,,,,,passage-only,"겨울 D반 4차 신뢰구간에 대해 비유는 정답이 될 수 있는 설명을 뜻하고, 활용은 예시가 있을 법한 설명을 뜻하며, 따짐 조건은 수치를 보장하지 않는다고, 범위를 뜻하지 않는다고, 적용은 추정의 불확실성을 설명할 때 쓴다고, 예시는 숫자가 보장하지 않는다고, 범위를 설명할 때 쓴다고, 따짐은 추정을 보장하지 않는다고, 범위를 설명할","겨울 D반 4차 신뢰구간에 대해 비유는 정답이 있을 법한 범위를 그은 지도라고, 활용은 추정의 불확실성을 설명할 때 쓴다고, 그리고 특징은 정답 하나를 보장하지 않는다고 설명했습니다."
dataset_ko_167_final,entity_simple_hard_test_os_concept_00294:final:0,entity_simple_hard_test_os_concept_00294,entity_simple_hard_test_os_concept_00294,True,same_source_sibling_facts,1,4,23,20,교수님이 캡스톤 오후반 3차 캐시의 역할과 장점을 어떻게 말했어?,"캡스톤 오후반 3차 캐시에 대해 역할은 자주 쓰는 정보를 가까이 둔다고, 그리고 장점은 반복 접근을 빠르게 만든다고 설명했습니다.",True,,,,,False,False,0.9142857142857143,0.717948717948718,0.45714285714285713,0.358974358974359,True,False,3.246565199980978,3.966112800000701,,,,,question+passage,"캡스톤 오후반 3차 쐐기라고, 역할은 자주 쓰는 정보를 가까이 둔다고, 그리고 장점은 반복 접근을 빠르게 만든다고 설명했습니다.","교수님의 캡스톤 오후반 3차 캐시에 대해 역할은 정보를 가까이 둔다고, 장점은 작업을 빠르게 만든다고, 그리고 비유는 책상 위에 올려둔 책이라고 설명했습니다."
dataset_ko_168_final,entity_simple_hard_test_art_history_00257:final:0,entity_simple_hard_test_art_history_00257,entity_simple_hard_test_art_history_00257,True,same_source_sibling_facts,1,4,23,20,심화 2팀 3차 입체주의에서 목적과 핵심 특징을 함께 정리해줘.,"심화 2팀 3차 입체주의에 대해 목적은 대상을 새롭게 해석하는 것이라고, 그리고 핵심 특징은 여러 시점이라고 설명했습니다.",True,,,,,False,False,0.6,0.888888888888889,0.3,0.4444444444444445,True,True,3.7553606999572366,3.1094135000021197,,,,,passage-only,"심화 2팀 3차 입체주의에 대해 목적은 각 객체가 수행하는任务를 재해석하는 것이라고, 특징은 여러 시점에 대해 변경하는 것이라고, 그리고 핵심 특징은 여러 시점의 최종 목표라고 설명했습니다.","심화 2팀 3차 입체주의에 대해 목적은 대상을 새롭게 해석하는 것이라고, 핵심 특징은 여러 시점이라고, 그리고 핵심 특징은 여러 시점이라고 설명했습니다."
dataset_ko_169_final,entity_simple_hard_test_art_history_00137:final:0,entity_simple_hard_test_art_history_00137,entity_simple_hard_test_art_history_00137,True,same_source_sibling_facts,1,4,23,20,심화 D반 2차 입체주의에서 비유와 비교 포인트를 함께 정리해줘.,"심화 D반 2차 입체주의에 대해 비유는 여러 방향에서 본 사물을 한 화면에 놓는 방식이라고, 그리고 비교 포인트는 단일 원근과 다르다고 설명했습니다.",True,,,,,False,False,0.6,0.7272727272727272,0.3,0.3636363636363636,False,True,3.2776024999911897,3.971286099986173,,,,,passage-only,"심화 D반 2차 입체주의에 대해 목적은 대상을 새롭게 해석하는 것이라고, 비교 포인트는 단일로 본 것과 다르다고, 그리고 핵심 특징은 여러 시점이라고 설명했습니다.","심화 D반 2차 입체주의에 대해 비유는 여러 방향에서 본 사물을 한 화면에 놓는 방식이라고, 비교 포인트는 전체와 초점을 다른 곳이라고, 그리고 목적은 대상을 새롭게 해석하는 것이라고 설명했습니다."
dataset_ko_170_final,entity_simple_hard_test_marketing_00275:final:0,entity_simple_hard_test_marketing_00275,entity_simple_hard_test_marketing_00275,True,same_source_sibling_facts,1,4,23,20,파일럿 4팀 3차 멘토링 이벤트 설명 중 보상과 대상에 해당하는 내용만 답해줘.,"파일럿 4팀 3차 멘토링 이벤트에 대해 보상은 포인트 500점이라고, 그리고 대상은 멘토링 참여 학생이라고 설명했습니다.",True,,,,,False,False,0.8823529411764706,0.8823529411764706,0.4411764705882353,0.4411764705882353,True,True,4.029730500013102,4.0271609999472275,,,,,tie,"파일럿 4팀 3차 멘토링 이벤트에 대해 대상은 멘토링 참여 학생이라고, 보상은 포인트 500점이라고, 그리고 핵심 채널은 이메일 뉴스레터라고 설명했습니다.","파일럿 4팀 3차 멘토링 이벤트에 대해 보상은 포인트 500점이라고, 핵심 채널은 이메일 뉴스레터라고, 그리고 대상은 멘토링 참여 학생이라고 설명했습니다."
dataset_ko_171_final,entity_simple_hard_test_os_concept_00316:final:0,entity_simple_hard_test_os_concept_00316,entity_simple_hard_test_os_concept_00316,True,same_source_sibling_facts,1,4,23,20,정규 B반 4차 프로세스 설명에서 비유와 주의점만 알려줘.,"정규 B반 4차 프로세스에 대해 비유는 독립된 식당이라고, 그리고 주의점은 자원을 너무 많이 쓰면 느려질 수 있다고 설명했습니다.",True,,,,,False,False,0.9189189189189189,0.7555555555555554,0.45945945945945943,0.3777777777777777,True,True,3.651264300046023,5.132337499991991,,,,,question+passage,"정규 B반 4차 프로세스 설명에 대해 비유는 독립된 식당이라고, 주의점은 자원을 너무 많이 쓰면 느려질 수 있다고, 그리고 역할은 독립된 식당이라고 설명했습니다.","정규 B반 4차 프로세스에 대해 비유는 독립된 식당이라고, 주의점은 자원을 너무 많이 쓰면 느려질 수 있다고, 그리고 정보는 식당에类比는 독립된 식당이라고, 주의점은 자원을 너무 많이 쓰면 느려질 수 있다고 설명했습니다."
dataset_ko_172_final,entity_simple_hard_test_dessert_00313:final:0,entity_simple_hard_test_dessert_00313,entity_simple_hard_test_dessert_00313,True,same_source_sibling_facts,1,4,23,20,겨울 B반 4차 솜사탕에서 맛과 특징을 함께 정리해줘.,"겨울 B반 4차 솜사탕에 대해 맛은 가볍게 달콤하다고, 그리고 특징은 입에 닿으면 빠르게 사라진다고 설명했습니다.",True,,,,,False,False,0.6875,0.9375,0.34375,0.46875,True,True,3.1295733000151813,3.3772086999961175,,,,,passage-only,"겨울 B반 4차 솜사탕에 대해 특징은 가볍게 달콤하다고, 맛은 가볍게 달콤하다고, 그리고 비유는 구름 같은 간식이라고 설명했습니다.","겨울 B반 4차 솜사탕에 대해 맛은 가볍게 달콤하다고, 특징은 입에 닿으면 빠르게 사라진다고, 그리고 색깔은 분홍색이라고 설명했습니다."
dataset_ko_173_final,entity_simple_hard_test_project_00014:final:0,entity_simple_hard_test_project_00014,entity_simple_hard_test_project_00014,True,same_source_sibling_facts,1,4,23,20,교수님이 캡스톤 B반 1차 AI 모델 평가의 담당과 확인 기준을 어떻게 말했어?,"캡스톤 B반 1차 AI 모델 평가에 대해 담당은 AI 파트라고, 그리고 확인 기준은 정답률이라고 설명했습니다.",True,,,,,False,False,0.9375,0.7567567567567568,0.46875,0.3783783783783784,True,True,2.688334600010421,3.430211999977473,,,,,question+passage,"캡스톤 B반 1차 AI 모델 평가에 대해 담당은 AI 파트라고, 확인 기준은 정답률이라고, 그리고 메일 주소라고 설명했습니다.","캡스톤 B반 1차 AI 모델 평가에 대해 담당은 AI 파트라고, 확인 기준은 정답률 이상을 표방했다고, 그리고 확인 기준은 정답률 이상을 표방했다고 설명했습니다."
dataset_ko_174_final,entity_simple_hard_test_os_concept_00221:final:0,entity_simple_hard_test_os_concept_00221,entity_simple_hard_test_os_concept_00221,True,same_source_sibling_facts,1,4,23,20,여름 C반 3차 스레드에서 비유와 주의점을 함께 정리해줘.,"여름 C반 3차 스레드에 대해 비유는 같은 식당 안에서 일하는 직원이라고, 그리고 주의점은 공유 자원 관리가 필요하다고 설명했습니다.",True,,,,,False,False,0.4444444444444444,0.4390243902439025,0.2222222222222222,0.21951219512195125,False,False,2.641497700009495,3.426140099996701,,,,,tie,"여름 C반 3차 스레드에 대해 비유는 여러 가지가 있을 수 있다고, 책임은 유지해야 한다고, 그리고 조건은 업데이트해야 한다고 설명했습니다.","여름 C반 3차 스레드에 대해 비유는 동료이라고, 장점은 작업을 가볍게 나눌 수 있다고, 그리고 주의점은 정보가 다른 사람이 생각의 과정을 지켜야 하는 것이라고 설명했습니다."
dataset_ko_175_final,entity_simple_hard_test_dessert_00267:final:0,entity_simple_hard_test_dessert_00267,entity_simple_hard_test_dessert_00267,True,same_source_sibling_facts,1,4,23,20,심화 3팀 3차 브라우니 설명 중 특징과 맛에 해당하는 내용만 답해줘.,"심화 3팀 3차 브라우니에 대해 특징은 속이 촉촉하게 남는다고, 그리고 맛은 묵직하게 달콤하다고 설명했습니다.",True,,,,,False,False,0.9032258064516129,0.8750000000000001,0.45161290322580644,0.43750000000000006,True,True,3.5677995999576524,3.9890942000201903,,,,,tie,"심화 3팀 3차 브라우니에 대해 특징은 속이 촉촉하게 남는다고, 맛은 묵직하게 달콤하다고, 그리고 색깔은 진한 갈색이라고 설명했습니다.","심화 3팀 3차 브라우니에 대해 특징은 속이 촉촉하게 남는다고, 맛은 묵직하게 달콤하다고, 그리고 비유는 초콜렛을 압축한 케이크라고 설명했습니다."
dataset_ko_176_final,entity_simple_hard_test_art_history_00235:final:0,entity_simple_hard_test_art_history_00235,entity_simple_hard_test_art_history_00235,True,same_source_sibling_facts,1,4,23,20,파일럿 D반 3차 르네상스 설명 중 비유와 비교 포인트에 해당하는 내용만 답해줘.,"파일럿 D반 3차 르네상스에 대해 비유는 사람을 화면 중앙에 다시 세우는 방식이라고, 그리고 비교 포인트는 절대왕정 중심 설명과 다르다고 설명했습니다.",True,,,,,False,False,0.425531914893617,0.5957446808510638,0.2127659574468085,0.2978723404255319,False,True,4.821559100004379,5.046180800010916,,,,,passage-only,"파일럿 D반 3차 르네상스에 대해 비교는 색을 멋있게 그친 사진을 말하고, 목적은 사람의 가치를 드러내는 것이라고, 설명의 핵심은 가장 큰 그림을 가진 사람의 비유라고, 그리고 포인트는 성을 표현하는 방법이라고 설명했습니다.","파일럿 D반 3차 르네상스에 대해 비유는 사람을 화면 중앙에 다시 세우는 방식이라고, 설명은 절대값을 중요하게 생각하지만 역할이 멋진다고, 그리고 중앙 강사에 비유를 학생을 화면 중앙에 다시 세우는 방식이라고 설명했습니다."
dataset_ko_177_final,entity_simple_hard_test_art_history_00283:final:0,entity_simple_hard_test_art_history_00283,entity_simple_hard_test_art_history_00283,True,same_source_sibling_facts,1,4,23,20,겨울 오전반 3차 르네상스 설명 중 비교 포인트와 비유에 해당하는 내용만 답해줘.,"겨울 오전반 3차 르네상스에 대해 비교 포인트는 절대왕정 중심 설명과 다르다고, 그리고 비유는 사람을 화면 중앙에 다시 세우는 방식이라고 설명했습니다.",True,,,,,False,False,0.5365853658536586,0.9047619047619047,0.2682926829268293,0.45238095238095233,False,True,3.99756950000301,4.1993036000058055,,,,,passage-only,"겨울 오전반 3차 르네상스에 대해 비교 포인트는 점보타임에 대해 설명하는 것이라고, 비유는 파랑모양을 드러내는 것이라고, 그리고 목적은 사람의 가치를 드러내는 것이라고 설명했습니다.","겨울 오전반 3차 르네상스에 대해 비교 포인트는 절대왕정 중심 설명과 다르다고, 비유은 사람을 화면 중앙에 다시 세우는 방식이라고, 그리고 설명은 사람의 가치를 드러내는 방식이라고 설명했습니다."
dataset_ko_178_final,entity_simple_hard_test_art_history_00041:final:0,entity_simple_hard_test_art_history_00041,entity_simple_hard_test_art_history_00041,True,same_source_sibling_facts,1,4,23,20,여름 1팀 1차 입체주의에서 비유와 비교 포인트를 함께 정리해줘.,"여름 1팀 1차 입체주의에 대해 비유는 여러 방향에서 본 사물을 한 화면에 놓는 방식이라고, 그리고 비교 포인트는 단일 원근과 다르다고 설명했습니다.",True,,,,,False,False,0.5641025641025641,0.761904761904762,0.28205128205128205,0.380952380952381,False,True,3.2174605000182055,3.7483363000210375,,,,,passage-only,"여름 1팀 1차 입체주의에 대해 목적은 대상을 새롭게 해석하는 것이라고, 비유는 단일로 본 것과 다르다고, 그리고 핵심 특징은 여러 시점이라고 설명했습니다.","여름 1팀 1차 입체주의에 대해 비유는 여러 방향에서 본 사물을 한 화면에 놓는 방식이라고, 비교 포인트는 전체와 초점을 다른 곳이라고, 그리고 특징은 여러 시점이라고 설명했습니다."
dataset_ko_179_final,entity_simple_hard_test_dessert_00001:final:0,entity_simple_hard_test_dessert_00001,entity_simple_hard_test_dessert_00001,True,same_source_sibling_facts,1,4,23,20,여름 A반 1차 솜사탕에서 색깔과 비유를 함께 정리해줘.,"여름 A반 1차 솜사탕에 대해 색깔은 분홍색이라고, 그리고 비유는 구름 같은 간식이라고 설명했습니다.",True,,,,,False,False,0.896551724137931,0.5517241379310345,0.4482758620689655,0.27586206896551724,True,False,2.945071900030598,3.255633199994918,,,,,question+passage,"여름 A반 1차 솜사탕에 대해 특징은 가볍게 달콤하다고, 비유는 구름 같은 간식이라고, 그리고 색깔은 분홍색이라고 설명했습니다.","여름 A반 1차 솜사탕에 대해 색깔로 분류해보자고 설명했다고, 비유로可能是肉色的小球이라고, 그리고 비유적 의미은 mouthwatering이라고分解했다고 설명했다."
dataset_ko_180_final,entity_simple_hard_test_marketing_00369:final:0,entity_simple_hard_test_marketing_00369,entity_simple_hard_test_marketing_00369,True,same_source_sibling_facts,1,4,23,20,세미나 3팀 4차 동아리 홍보에서 보상과 대상을 함께 정리해줘.,"세미나 3팀 4차 동아리 홍보에 대해 보상은 굿즈 추첨권이라고, 그리고 대상은 동아리 회원이라고 설명했습니다.",True,,,,,False,False,0.5714285714285714,0.7999999999999999,0.2857142857142857,0.39999999999999997,True,True,4.813764000020456,3.364090599992778,,,,,passage-only,"세미나 3팀 4차 동아리 홍보에 대해 대상은 참여자 전체에게 소정의 시간 내에 채널 실적 증정권이라고, 보상은 굿즈 추첨권이라고, 그리고 핵심 채널에 대한 성과 지표는 참여자 전체의 점수라고 설명했습니다.","세미나 3팀 4차 동아리 홍보에 대해 보상은 굿즈 추첨권이라고, 핵심 채널은 오픈채팅방이라고, 그리고 대상은 추첨권이라고 설명했습니다."
dataset_ko_181_final,entity_simple_hard_test_project_00134:final:0,entity_simple_hard_test_project_00134,entity_simple_hard_test_project_00134,True,same_source_sibling_facts,1,4,23,20,교수님이 캡스톤 D반 2차 AI 모델 평가의 마감과 공유 위치를 어떻게 말했어?,"캡스톤 D반 2차 AI 모델 평가에 대해 마감은 금요일 자정 전이라고, 그리고 공유 위치는 회의록 폴더라고 설명했습니다.",True,,,,,False,False,0.47058823529411764,0.6486486486486486,0.23529411764705882,0.3243243243243243,True,False,2.969406499993056,3.20519410003908,,,,,passage-only,"교수님의 카톡 사용법을 공유 위치는 위에 달은 링크라고, 마감은 금요일 자정 전이라고, 그리고 확인 기준은 정답률이라고 설명했습니다.","캡스톤 D반 2차 AI 모델 평가에 대해 마감은 2일 후에 공유 위치는 커널 서버 폴더라고, 공유 위치는 리포트 폴더라고 설명했습니다."
dataset_ko_182_final,entity_simple_hard_test_os_concept_00172:final:0,entity_simple_hard_test_os_concept_00172,entity_simple_hard_test_os_concept_00172,True,same_source_sibling_facts,1,4,23,20,가을 4팀 2차 프로세스 설명에서 주의점과 비유만 알려줘.,"가을 4팀 2차 프로세스에 대해 주의점은 자원을 너무 많이 쓰면 느려질 수 있다고, 그리고 비유는 독립된 식당이라고 설명했습니다.",True,,,,,False,False,0.8717948717948718,0.8205128205128205,0.4358974358974359,0.41025641025641024,True,True,3.840007000020705,3.6493877000175416,,,,,question+passage,"가을 4팀 2차 프로세스 설명에 대해 주의점은 자원을 너무 많이 쓰면 느려질 수 있다고, 역할은 독립된 실행 공간을 가진다고, 그리고 비유는 독립된 식당이라고 설명했습니다.","가을 4팀 2차 프로세스에 대해 주의점은 자원을 너무 많이 쓰면 느려질 수 있다고, 비유는 먹는 게不好라고, 그리고 역할은 독립된 실행 공간을 가진다고 설명했습니다."
dataset_ko_183_final,entity_simple_hard_test_statistics_00047:final:0,entity_simple_hard_test_statistics_00047,entity_simple_hard_test_statistics_00047,True,same_source_sibling_facts,1,4,23,20,심화 1팀 1차 회귀분석 설명 중 비유와 활용에 해당하는 내용만 답해줘.,"심화 1팀 1차 회귀분석에 대해 비유는 흩어진 점 사이에 길을 그어 보는 일이라고, 그리고 활용은 예측 경향을 설명할 때 쓴다고 설명했습니다.",True,,,,,False,False,0.8837209302325582,0.7916666666666666,0.4418604651162791,0.3958333333333333,True,True,4.3344288999796845,5.040684400009923,,,,,question+passage,"심화 1팀 1차 회귀분석에 대해 비유는 흩어진 점 사이에 길을 그어 보는 일이라고, 활용은 예측 경향을 설명할 때 쓴다고, 그리고 주의점은 모든 원인을 증명하지는 않는다고 설명했습니다.","심화 1팀 1차 회귀분석 설명 중 비유와 활용에 해당하는 내용만 답해주는에 대해 비유는 흩어진 점 사이에 길을 그어 보는 일이라고, 주의점은 모든 원인을 증명하지는 않는다고, 그리고 활용은 예측 경향을 설명할 때 쓴다고 설명했습니다."
dataset_ko_184_final,entity_simple_hard_test_art_history_00115:final:0,entity_simple_hard_test_art_history_00115,entity_simple_hard_test_art_history_00115,True,same_source_sibling_facts,1,4,23,20,파일럿 B반 2차 르네상스 설명 중 핵심 특징과 목적에 해당하는 내용만 답해줘.,"파일럿 B반 2차 르네상스에 대해 핵심 특징은 인문주의라고, 그리고 목적은 사람의 가치를 드러내는 것이라고 설명했습니다.",True,,,,,False,False,0.7000000000000001,0.8108108108108109,0.35000000000000003,0.40540540540540543,True,True,4.349415999953635,3.8337394999689423,,,,,passage-only,"파일럿 B반 2차 르네상스에 대해 핵심 특징은 인문주의를 나타내는 문자를 배치하는 것이라고, 비교적 이미 그림의 Ctrl+M에 덮히는 정도라고, 그리고 목적은 사람의 가치를 드러내는 것이라고 설명했습니다.","파일럿 B반 2차 르네상스에 대해 핵심 특징은 인문주의라고, 비유는 사람을 화면 중앙에 다시 세우는 방식이라고, 그리고 목적은 사람의 가치를 드러내는 것이라고 설명했습니다."
dataset_ko_185_final,entity_simple_hard_test_dessert_00264:final:0,entity_simple_hard_test_dessert_00264,entity_simple_hard_test_dessert_00264,True,same_source_sibling_facts,1,4,23,20,캡스톤 3팀 3차 초콜렛 설명에서 특징과 맛만 알려줘.,"캡스톤 3팀 3차 초콜렛에 대해 특징은 입안에서 천천히 녹는다고, 그리고 맛은 달콤하다고 설명했습니다.",True,,,,,False,False,0.3703703703703704,0.9285714285714286,0.1851851851851852,0.4642857142857143,False,True,2.2665711999870837,2.8671132000163198,,,,,passage-only,캡스톤 3팀 3차 초콜렛 설명에 대해 역할은 소스를 준비하는任务 trong 각팀에서 어떤 것들이 다른지 설명하는 rule,"캡스톤 3팀 3차 초콜렛에 대해 특징은 입안에서 천천히 녹는다고, 맛은 달콤하다고, 그리고 색깔은 검정색이라고 설명했습니다."
dataset_ko_186_final,entity_simple_hard_test_statistics_00095:final:0,entity_simple_hard_test_statistics_00095,entity_simple_hard_test_statistics_00095,True,same_source_sibling_facts,1,4,23,20,파일럿 오후반 1차 회귀분석 설명 중 활용과 비유에 해당하는 내용만 답해줘.,"파일럿 오후반 1차 회귀분석에 대해 활용은 예측 경향을 설명할 때 쓴다고, 그리고 비유는 흩어진 점 사이에 길을 그어 보는 일이라고 설명했습니다.",True,,,,,False,False,0.8837209302325582,0.6666666666666667,0.4418604651162791,0.33333333333333337,True,True,4.348041700024623,3.481689299980644,,,,,question+passage,"파일럿 오후반 1차 회귀분석에 대해 비유는 흩어진 점 사이에 길을 그어 보는 일이라고, 주의점은 모든 원인을 증명하지는 않는다고, 그리고 활용은 예측 경향을 설명할 때 쓴다고 설명했습니다.","파일럿 오후반 1차 회귀분석 설명에 대해 활용은 예측 경향을 설명할 때 쓴다고, 비유는 주차된 길이라고, 그리고 문제는 모든 원인을 증명하지 않는다고 설명했습니다."
dataset_ko_187_final,entity_simple_hard_test_os_concept_00270:final:0,entity_simple_hard_test_os_concept_00270,entity_simple_hard_test_os_concept_00270,True,same_source_sibling_facts,1,4,23,20,교수님이 봄 4팀 3차 캐시의 주의점과 비유를 어떻게 말했어?,"봄 4팀 3차 캐시에 대해 주의점은 오래된 정보가 남을 수 있다고, 그리고 비유는 책상 위에 올려둔 책이라고 설명했습니다.",True,,,,,False,False,0.5625,0.8648648648648648,0.28125,0.4324324324324324,False,True,3.0250285999500193,3.9523590999888256,,,,,passage-only,"봄 4팀 3차 캐시의 주의점에 대해 비유는 연관리스트라고, 보조 기억이라고, 그리고 목적에 대해 생각을haften을 놓을 수 있다고 설명했습니다.","교수님이 봄 4팀 3차 캐시에 대해 역할이 정보를 빠르게 전달하는다고, 주의점이 오래된 정보가 남을 수 있다고, 그리고 비유가 책상 위에 올려둔 책이라고 설명했습니다."
dataset_ko_188_final,entity_simple_hard_test_dessert_00072:final:0,entity_simple_hard_test_dessert_00072,entity_simple_hard_test_dessert_00072,True,same_source_sibling_facts,1,4,23,20,가을 4팀 1차 초콜렛 설명에서 특징과 맛만 알려줘.,"가을 4팀 1차 초콜렛에 대해 특징은 입안에서 천천히 녹는다고, 그리고 맛은 달콤하다고 설명했습니다.",True,,,,,False,False,0.8000000000000002,0.9285714285714286,0.4000000000000001,0.4642857142857143,True,True,3.153883799968753,3.050067999982275,,,,,passage-only,"가을 4팀 1차 초콜렛 설명에 대해 역할은 작은 선물이라고, 특징은 입안에서 천천히 녹는다고, 그리고 맛은 달콤한 맛이라고 설명했습니다.","가을 4팀 1차 초콜렛 설명에 대해 특징은 입안에서 천천히 녹는다고, 색깔은 검정색이라고, 그리고 맛은 달콤하다고 설명했습니다."
dataset_ko_189_final,entity_simple_hard_test_statistics_00284:final:0,entity_simple_hard_test_statistics_00284,entity_simple_hard_test_statistics_00284,True,same_source_sibling_facts,1,4,23,20,캡스톤 오전반 3차 표본분산 설명에서 활용과 비유만 알려줘.,"캡스톤 오전반 3차 표본분산에 대해 활용은 데이터 변동성을 볼 때 쓴다고, 그리고 비유는 점들이 얼마나 퍼졌는지 보는 자라고 설명했습니다.",True,,,,,False,False,0.8947368421052632,0.7317073170731708,0.4473684210526316,0.3658536585365854,True,True,3.7840236999909393,4.634487100003753,,,,,question+passage,"캡스톤 오전반 3차 표본분산에 대해 비유는 점들이 얼마나 퍼졌는지 보는 자라고, 주의점은 순위 정렬과 다르다고, 그리고 활용은 데이터 변동성을 볼 때 쓴다고 설명했습니다.","캡스톤 오전반 3차 표본분산 설명에 대해 활용은 데이터 전체의 흩어짐을 보여준다고, 비유는 점들이 얼마나 퍼졌는지 보는 자라고, 그리고 의미는 차이가 더해지면 실질적인 흩어짐을 보여준다고 설명했습니다."
dataset_ko_190_final,entity_simple_hard_test_project_00158:final:0,entity_simple_hard_test_project_00158,entity_simple_hard_test_project_00158,True,same_source_sibling_facts,1,4,23,20,교수님이 실습 2팀 2차 AI 모델 평가의 확인 기준과 담당을 어떻게 말했어?,"실습 2팀 2차 AI 모델 평가에 대해 확인 기준은 정답률이라고, 그리고 담당은 AI 파트라고 설명했습니다.",True,,,,,False,False,0.4615384615384615,0.7428571428571429,0.23076923076923075,0.37142857142857144,True,True,3.4225188000127673,3.321087400021497,,,,,passage-only,"교수님의 AI 모델 평가의 담당을 다음과 같이 설명하고 있다. 또한 확인 기준은 정답률이라고, 메일 주소로 보내오는 내용이라고, 그리고 확인 기준이 다른 모델과的区别가 있다고 설명했습니다.","실습 2팀 2차 AI 모델 평가에 대해 확인 기준은 정답률이라고, 담당은 기획부에서 확인할 예정이라고, 그리고 공유 위치는 회의록 폴더라고 설명했습니다."
dataset_ko_191_final,entity_simple_hard_test_project_00183:final:0,entity_simple_hard_test_project_00183,entity_simple_hard_test_project_00183,True,same_source_sibling_facts,1,4,23,20,겨울 오전반 2차 프론트엔드 점검 설명 중 공유 위치와 마감에 해당하는 내용만 답해줘.,"겨울 오전반 2차 프론트엔드 점검에 대해 공유 위치는 프로젝트 슬랙 채널이라고, 그리고 마감은 다음 달 첫째 주 화요일이라고 설명했습니다.",True,,,,,False,False,0.6341463414634146,0.8717948717948718,0.3170731707317073,0.4358974358974359,False,True,3.904659099993296,4.039139600005001,,,,,passage-only,"겨울 오전반 2차 프론트엔드 점검에 대해 확인 기준은 사용자 차단 여부라고, 공유 위치는 다음에 달린 질문이라고, 그리고 마감은 사용자 슬랙 채널에 달리고 있다고 설명했습니다.","겨울 오전반 2차 프론트엔드 점검에 대해 공유 위치는 프로젝트 슬랙 채널이라고, 마감은 다음 달 첫째 주 화요일이라고, 그리고 확인 기준은 사용자 차단 여부라고 설명했습니다."
dataset_ko_192_final,entity_simple_hard_test_statistics_00308:final:0,entity_simple_hard_test_statistics_00308,entity_simple_hard_test_statistics_00308,True,same_source_sibling_facts,1,4,23,20,실습 A반 4차 표본분산 설명에서 의미와 주의점만 알려줘.,"실습 A반 4차 표본분산에 대해 의미는 흩어짐 측정이라고, 그리고 주의점은 순위 정렬과 다르다고 설명했습니다.",True,,,,,False,False,0.8750000000000001,0.8750000000000001,0.43750000000000006,0.43750000000000006,True,True,3.455610400007572,3.478851899970323,,,,,tie,"실습 A반 4차 표본분산 설명에 대해 주의점은 순위 정렬과 다르다고, 활용은 데이터 변동성을 볼 때 쓴다고, 그리고 의미는 흩어짐 측정이라고 설명했습니다.","실습 A반 4차 표본분산 설명에 대해 의미는 흩어짐 측정이라고, 주의점은 순위 정렬과 다르다고, 그리고 활용은 데이터의 흩어짐 측정이라고 설명했습니다."
dataset_ko_193_final,entity_simple_hard_test_os_concept_00103:final:0,entity_simple_hard_test_os_concept_00103,entity_simple_hard_test_os_concept_00103,True,same_source_sibling_facts,1,4,23,20,겨울 A반 2차 큐 설명 중 역할과 장점에 해당하는 내용만 답해줘.,"겨울 A반 2차 큐에 대해 역할은 작업을 순서대로 기다리게 한다고, 그리고 장점은 처리 순서를 명확하게 만든다고 설명했습니다.",True,,,,,False,False,0.2727272727272727,0.8717948717948718,0.13636363636363635,0.4358974358974359,False,True,0.8404426999622956,3.7192159999976866,,,,,passage-only,겨울 A반 2차 큐의 설명입니다.,"겨울 A반 2차 큐에 대해 역할은 작업을 순서대로 기다리게 한다고, 장점은 처리 순서를 명확하게 만든다고, 그리고 비유는 번호표를 뽑고 기다리는 줄이라고 설명했습니다."
dataset_ko_194_final,entity_simple_hard_test_marketing_00082:final:0,entity_simple_hard_test_marketing_00082,entity_simple_hard_test_marketing_00082,True,same_source_sibling_facts,1,4,23,20,교수님이 가을 오전반 1차 스터디 모집의 보상과 대상을 어떻게 말했어?,"가을 오전반 1차 스터디 모집에 대해 보상은 우선 신청권이라고, 그리고 대상은 스터디 신청자라고 설명했습니다.",True,,,,,False,False,0.5945945945945946,0.6666666666666666,0.2972972972972973,0.3333333333333333,True,True,4.226832400017884,7.682932100025937,,,,,passage-only,"교수님은 오전반 1차 스터디 모집에 대해 대상은 완료율이라고, 성과 지표는 새 학년에 학과 홈페이지 대표 채널인 메일은 5일치 누름이라고, 그리고 보상은 우선 신청권이라고 설명했습니다.",교수님이 가을 오전반 1차 스터디 모집에 대해 보상은 우선 신청권을给予给予了给予了给予了给予了给予了给予了给予了给予了给予了给予了给予了给予了给予了给予了给予了给予了给予了给予了给予了给予了给予了给予了给予了给予了给予了给予了给予了给予了给予了给予了给予了给予了给予了给予了给予了给予了给予了给予了给予了给予了给予了给予了给予了给予了给予了给予了给予了给予了给予了给予了给予了给予了给予了给予了给予了给予了给予了给予了给予了给予了给予了给予了给予了给予了给予了给予了给予了给予了给予了给予了给予了给予了给予了给予了给予了给予了给予了给予了给予了给予了给予了给予了给予了给予了给予了给予了给予了给予了给予了给予了给予了给予了给予了给予了给予了给予了给予了给予了给予了给予了
dataset_ko_195_final,entity_simple_hard_test_art_history_00376:final:0,entity_simple_hard_test_art_history_00376,entity_simple_hard_test_art_history_00376,True,same_source_sibling_facts,1,4,23,20,정규 4팀 4차 바로크 설명에서 비교 포인트와 비유만 알려줘.,"정규 4팀 4차 바로크에 대해 비교 포인트는 평면적 구도와 구분된다고, 그리고 비유는 무대 조명이 한 장면을 강조하는 방식이라고 설명했습니다.",True,,,,,False,False,0.878048780487805,0.923076923076923,0.4390243902439025,0.4615384615384615,True,True,3.9005168000003323,3.7218068999936804,,,,,tie,"정규 4팀 4차 바로크에 대해 비교 포인트는 평면적 구도와 구분된다고, 비유는 무대 조명이 한 장면을 강조하는 방식이라고, 그리고 목적은 감정을 강하게 전달하는 것이라고 설명했습니다.","정규 4팀 4차 바로크에 대해 비교 포인트는 평면적 구도와 구분된다고, 비유는 무대 조명이 한 장면을 강조하는 방식이라고, 그리고 비유 구도와 구분된다고 설명했습니다."
dataset_ko_196_final,entity_simple_hard_test_os_concept_00196:final:0,entity_simple_hard_test_os_concept_00196,entity_simple_hard_test_os_concept_00196,True,same_source_sibling_facts,1,4,23,20,정규 오후반 2차 프로세스 설명에서 역할과 장점만 알려줘.,"정규 오후반 2차 프로세스에 대해 역할은 독립된 실행 공간을 가진다고, 그리고 장점은 서로 영향을 줄이는 데 도움이 된다고 설명했습니다.",True,,,,,False,False,0.6842105263157895,0.8181818181818181,0.34210526315789475,0.40909090909090906,True,True,3.4446819000295363,4.561068899987731,,,,,passage-only,"정규 오후반 2차 프로세스 설명에 대해 장점이 여러 곳에서 확인할 수 있다고, 역할은 독립된 실행 공간을 가진다고, 그리고 비유는 독립된 식당이라고 설명했습니다.","정규 오후반 2차 프로세스에 대해 역할은 독립된 실행 공간을 가진다고, 장점은 서로 영향을 줄이는 데 도움이 된다고, 예시는 독립된 실행 공간을 가진다고, 그리고 비유는 독립된 식당이라고 설명했습니다."
dataset_ko_197_final,entity_simple_hard_test_dessert_00026:final:0,entity_simple_hard_test_dessert_00026,entity_simple_hard_test_dessert_00026,True,same_source_sibling_facts,1,4,23,20,교수님이 정규 C반 1차 마카롱의 맛과 특징을 어떻게 말했어?,"정규 C반 1차 마카롱에 대해 맛은 부드럽고 진하다고, 그리고 특징은 겉은 바삭하고 속은 촉촉하다고 설명했습니다.",True,,,,,False,False,0.5925925925925926,0.4,0.2962962962962963,0.2,True,False,2.946493100025691,1.9326125999796204,,,,,question+passage,"교수님은 마카롱을 '特別상자'라고, 특징은 겉은 바삭하고 속은 촉촉하다고, 그리고 색깔은 알록달록하다고 설명했습니다.",교수님이 정규 C반 1차 마카롱의 맛과 특징을 진하게 달콤하다고 말했습니다.
dataset_ko_198_final,entity_simple_hard_test_art_history_00352:final:0,entity_simple_hard_test_art_history_00352,entity_simple_hard_test_art_history_00352,True,same_source_sibling_facts,1,4,23,20,가을 2팀 4차 바로크 설명에서 목적과 핵심 특징만 알려줘.,"가을 2팀 4차 바로크에 대해 목적은 감정을 강하게 전달하는 것이라고, 그리고 핵심 특징은 극적 명암이라고 설명했습니다.",True,,,,,False,False,0.717948717948718,0.34146341463414637,0.358974358974359,0.17073170731707318,True,False,3.745413099997677,4.678658000018913,,,,,question+passage,"가을 2팀 4차 바로크에 대해 핵심 특징은 감정을 강하게 전달하는 것이라고, 비교 포인트는 평면적 구도와 구분된다고, 그리고 목적은 감정을 강하게 전달하는 것이라고 설명했습니다.",가을 2팀 4차 바로크에 대해 목적은 기분ful한 설명이 아니라单纯的理性思考입니다‎가 blurry boundary와 다른 설명입니다‎질문:가을 2팀 4차 바로크의 특징은 강조ポイント 위치입니다‎감사합니다‎학생님의 설명이 대조적인 함축입니다‎감사합니다‎
dataset_ko_199_final,entity_simple_hard_test_dessert_00146:final:0,entity_simple_hard_test_dessert_00146,entity_simple_hard_test_dessert_00146,True,same_source_sibling_facts,1,4,23,20,교수님이 정규 1팀 2차 마카롱의 비유와 색깔을 어떻게 말했어?,"정규 1팀 2차 마카롱에 대해 비유는 작은 보석 상자라고, 그리고 색깔은 알록달록하다고 설명했습니다.",True,,,,,False,False,0.5599999999999999,0.46153846153846156,0.27999999999999997,0.23076923076923078,True,False,2.780707700003404,2.5121652000234462,,,,,question+passage,"교수님의 표본은 작은 보석 상자라고, 색깔은 겉은 환상적인schuttery(color)이라고, 그리고 맛은 알록달록하다고 설명했습니다.",교수님이 정규 1팀 2차 마카롱의 비유는 중첩 방식으로 설명합니다. 색깔은 푸른 부분을 가집니다.
dataset_ko_200_final,entity_simple_hard_test_art_history_00304:final:0,entity_simple_hard_test_art_history_00304,entity_simple_hard_test_art_history_00304,True,same_source_sibling_facts,1,4,23,20,캡스톤 A반 4차 바로크 설명에서 핵심 특징과 목적만 알려줘.,"캡스톤 A반 4차 바로크에 대해 핵심 특징은 극적 명암이라고, 그리고 목적은 감정을 강하게 전달하는 것이라고 설명했습니다.",True,,,,,False,False,0.7142857142857143,0.7894736842105263,0.35714285714285715,0.39473684210526316,True,True,4.473742500005756,3.731181100010872,,,,,passage-only,"캡스톤 A반 4차 바로크에 대해 핵심 특징은 극적 명암'의 ' depths'에 대한 의식을 강조하고자 함이라고, 비교 포인트는 평면적 구도와 구분된다고, 그리고 목적은 감정을 강하게 전달하는 것이라고 설명했습니다.","캡스톤 A반 4차 바로크 설명에 대해 핵심 특징은 극적 명암과 구분이라고, 목적은 감정을 강하게 전달하는 것이라고, 그리고 핵심 특징은 극적 명암과 구분이라고 설명했습니다."
dataset_ko_201_final,entity_simple_hard_test_os_concept_00124:final:0,entity_simple_hard_test_os_concept_00124,entity_simple_hard_test_os_concept_00124,True,same_source_sibling_facts,1,4,23,20,캡스톤 C반 2차 프로세스 설명에서 비유와 주의점만 알려줘.,"캡스톤 C반 2차 프로세스에 대해 비유는 독립된 식당이라고, 그리고 주의점은 자원을 너무 많이 쓰면 느려질 수 있다고 설명했습니다.",True,,,,,False,False,0.9189189189189189,0.6315789473684211,0.45945945945945943,0.31578947368421056,True,True,3.6718150000087917,3.8878131000092253,,,,,question+passage,"캡스톤 C반 2차 프로세스에 대해 비유는 독립된 식당이라고, 주의점은 자원을 너무 많이 쓰면 느려질 수 있다고, 그리고 역할은 독립된 식당이라고 설명했습니다.","캡스톤 C반 2차 프로세스에 대해 비유는 독립된 식당이라고, 주의점은 unnecessary resource가 많을 수 있어서 컴퓨터가 번화지에 있다고, 그리고 연결고리은 프로세스가 빠르다고 설명했습니다."
dataset_ko_202_final,entity_simple_hard_test_marketing_00297:final:0,entity_simple_hard_test_marketing_00297,entity_simple_hard_test_marketing_00297,True,same_source_sibling_facts,1,4,23,20,심화 오후반 3차 동아리 홍보에서 핵심 채널과 성과 지표를 함께 정리해줘.,"심화 오후반 3차 동아리 홍보에 대해 핵심 채널은 오픈채팅방이라고, 그리고 성과 지표는 참여율이라고 설명했습니다.",True,,,,,False,False,0.6486486486486486,0.7878787878787878,0.3243243243243243,0.3939393939393939,True,True,7.0621012999909,3.4517800000030547,,,,,passage-only,"심화 오후반 3차 동아리 홍보에 대해 핵심 채널은 YouTube 뮤톡으로, 성과 지표는 참여율이라고, 대상은 동아리 회원이라고, 그리고 핵심 채널 사용 채널은 뮤톡으로都说别讲，问答模式，친화型小程序这个页面名叫“新闻提要”（新闻哨所）他说，用户群体是决策层或者宣传部门，希望快速累积用户数，可以赠送限量商品等","심화 오후반 3차 동아리 홍보에 대해 핵심 채널은 인스타그램이라고, 성과 지표는 참여율이라고, 그리고 보상은 우선 순위권에 있는 혜택이라고 설명했습니다."
dataset_ko_203_final,entity_simple_hard_test_dessert_00363:final:0,entity_simple_hard_test_dessert_00363,entity_simple_hard_test_dessert_00363,True,same_source_sibling_facts,1,4,23,20,겨울 3팀 4차 브라우니 설명 중 특징과 맛에 해당하는 내용만 답해줘.,"겨울 3팀 4차 브라우니에 대해 특징은 속이 촉촉하게 남는다고, 그리고 맛은 묵직하게 달콤하다고 설명했습니다.",True,,,,,False,False,0.8666666666666666,0.8750000000000001,0.4333333333333333,0.43750000000000006,True,True,3.3661492000101134,3.9798555999877863,,,,,tie,"겨울 3팀 4차 브라우니에 대해 특징은 촉촉하게 남는다고, 맛은 묵직하게 달콤하다고, 그리고 색깔은 진한 갈색이라고 설명했습니다.","겨울 3팀 4차 브라우니에 대해 특징은 속이 촉촉하게 남는다고, 맛은 묵직하게 달콤하다고, 그리고 비유는 초콜렛을 압축한 케이크라고 설명했습니다."
dataset_ko_204_final,entity_simple_hard_test_art_history_00089:final:0,entity_simple_hard_test_art_history_00089,entity_simple_hard_test_art_history_00089,True,same_source_sibling_facts,1,4,23,20,세미나 오전반 1차 입체주의에서 비교 포인트와 비유를 함께 정리해줘.,"세미나 오전반 1차 입체주의에 대해 비교 포인트는 단일 원근과 다르다고, 그리고 비유는 여러 방향에서 본 사물을 한 화면에 놓는 방식이라고 설명했습니다.",True,,,,,False,False,0.6341463414634148,0.7692307692307692,0.3170731707317074,0.3846153846153846,False,True,3.2944252000306733,3.1314291000016965,,,,,passage-only,"세미나 오전반 1차 입체주의에 대해 목적은 대상을 새롭게 해석하는 것이라고, 비교 포인트는 단일로 본 것과 다르다고, 그리고 비유는 여러 목적 중에 하나라고 설명했습니다.","세미나 오전반 1차 입체주의에 대해 비교 포인트는 단일 원근과 다르다고, 비유는 여러 시점이라고, 그리고 핵심 특징은 관찰 방향이 다르다고 설명했습니다."
dataset_ko_205_final,entity_simple_hard_test_art_history_00114:final:0,entity_simple_hard_test_art_history_00114,entity_simple_hard_test_art_history_00114,True,same_source_sibling_facts,1,4,23,20,교수님이 캡스톤 B반 2차 인상주의의 핵심 특징과 목적을 어떻게 말했어?,"캡스톤 B반 2차 인상주의에 대해 핵심 특징은 빛의 순간적인 인상이라고, 그리고 목적은 관찰 순간을 살리는 것이라고 설명했습니다.",True,,,,,False,False,0.5454545454545455,0.5,0.27272727272727276,0.25,False,False,4.767159899987746,2.004924699955154,,,,,tie,"교수님이 캡스톤 B반 2차 인상주의에 대해 핵심 특징은 반찬에 대한 의식이라고, 목적은 관찰을 100% 드릴 수 있을 때를 생각하는 것이라고, 그리고 비교 포인트는 정확한 윤곽보다 색감이 중요하다고 설명했습니다.",교수님이 캡스톤 B반 2차 인상주의의 핵심 특징과 목적을 설명하시면 다음과 같습니다.
dataset_ko_206_final,entity_simple_hard_test_marketing_00154:final:0,entity_simple_hard_test_marketing_00154,entity_simple_hard_test_marketing_00154,True,same_source_sibling_facts,1,4,23,20,교수님이 캡스톤 2팀 2차 스터디 모집의 성과 지표와 핵심 채널을 어떻게 말했어?,"캡스톤 2팀 2차 스터디 모집에 대해 성과 지표는 완료율이라고, 그리고 핵심 채널은 학과 홈페이지라고 설명했습니다.",True,,,,,False,False,0.9090909090909091,0.8484848484848485,0.45454545454545453,0.42424242424242425,True,True,3.3710810000193305,3.351808399951551,,,,,question+passage,"캡스톤 2팀 2차 스터디 모집에 대해 성과 지표는 완료율이라고, 핵심 채널은 학과 홈페이지라고, 그리고 대상은 스터디 신청자라고 설명했습니다.","교수님이 캡스톤 2팀 2차 스터디 모집의 성과 지표는 완료율이라고, 핵심 채널은 학과 홈페이지라고, 그리고 보상은 우선 신청권이라고 설명했습니다."
dataset_ko_207_final,entity_simple_hard_test_dessert_00218:final:0,entity_simple_hard_test_dessert_00218,entity_simple_hard_test_dessert_00218,True,same_source_sibling_facts,1,4,23,20,교수님이 실습 B반 3차 마카롱의 맛과 특징을 어떻게 말했어?,"실습 B반 3차 마카롱에 대해 맛은 부드럽고 진하다고, 그리고 특징은 겉은 바삭하고 속은 촉촉하다고 설명했습니다.",True,,,,,False,False,0.9375,0.8749999999999999,0.46875,0.43749999999999994,True,True,3.4121075999573804,3.2376925999997184,,,,,question+passage,"실습 B반 3차 마카롱에 대해 특징은 겉은 바삭하고 속은 촉촉하다고, 색깔은 알록달록하다고, 그리고 맛은 부드럽고 진하다고 설명했습니다.","실습 B반 3차 마카롱의 맛과 특징을 설명하니 맛은 부드럽고 진하다고, 그리고 특징은 겉은 바삭하고 속은 촉촉하다고 설명했습니다."
dataset_ko_208_final,entity_simple_hard_test_os_concept_00053:final:0,entity_simple_hard_test_os_concept_00053,entity_simple_hard_test_os_concept_00053,True,same_source_sibling_facts,1,4,23,20,겨울 2팀 1차 스레드에서 장점과 역할을 함께 정리해줘.,"겨울 2팀 1차 스레드에 대해 장점은 작업을 가볍게 나눌 수 있다고, 그리고 역할은 프로세스 안에서 작업을 나누어 실행한다고 설명했습니다.",True,,,,,False,False,0.7499999999999999,0.6285714285714287,0.37499999999999994,0.31428571428571433,True,False,3.5423574000014924,2.859590899955947,,,,,question+passage,"겨울 2팀 1차 스레드에 대해 장점은 작업을 가볍게 나눌 수 있다고, 역할은 프로세스 중에 사용하다고, 그리고 비유는 같은 식당 안에서 일하는 직원이라고 설명했습니다.","겨울 2팀 1차 스레드에 대해 장점은 작업을 최少 분할 가능하다고, 역할은 부분 작업을 관리한다고, 그리고는 설명을 같이 한다고 설명했습니다."
dataset_ko_209_final,entity_simple_hard_test_project_00084:final:0,entity_simple_hard_test_project_00084,entity_simple_hard_test_project_00084,True,same_source_sibling_facts,1,4,23,20,캡스톤 오전반 1차 최종 발표 설명에서 공유 위치와 마감만 알려줘.,"캡스톤 오전반 1차 최종 발표에 대해 공유 위치는 팀 노션 페이지라고, 그리고 마감은 다음 주 월요일 밤이라고 설명했습니다.",True,,,,,False,False,0.9142857142857143,0.7777777777777777,0.45714285714285713,0.38888888888888884,True,True,3.1914453000063077,3.1190810999833047,,,,,question+passage,"캡스톤 오전반 1차 최종 발표 설명에 대해 공유 위치는 팀 노션 페이지라고, 마감은 다음 주 월요일 밤이라고, 그리고 담당은 기획 파트라고 설명했습니다.","캡스톤 오전반 1차 최종 발표 설명에 대해 공유 위치는 메인 발표 영역이라고, 마감은 다음 주 월요일 밤이라고, 그리고 확인 기준은 정답률이라고 설명했습니다."
dataset_ko_210_final,entity_simple_hard_test_dessert_00024:final:0,entity_simple_hard_test_dessert_00024,entity_simple_hard_test_dessert_00024,True,same_source_sibling_facts,1,4,23,20,캡스톤 C반 1차 초콜렛 설명에서 맛과 특징만 알려줘.,"캡스톤 C반 1차 초콜렛에 대해 맛은 달콤하다고, 그리고 특징은 입안에서 천천히 녹는다고 설명했습니다.",True,,,,,False,False,0.5333333333333333,0.9285714285714286,0.26666666666666666,0.4642857142857143,True,True,2.532396800001152,3.0705519000184722,,,,,passage-only,"캡스톤 C반 1차 초콜렛 설명에 대해 특징은 달콤하다고, 맛은 달콤하다고, 그리고보 groundings of small pots on the table said","캡스톤 C반 1차 초콜렛 설명에 대해 맛은 달콤하다고, 특징은 입안에서 천천히 녹는다고, 그리고 색깔은 검정색이라고 설명했습니다."
dataset_ko_211_final,entity_simple_hard_test_art_history_00161:final:0,entity_simple_hard_test_art_history_00161,entity_simple_hard_test_art_history_00161,True,same_source_sibling_facts,1,4,23,20,여름 3팀 2차 입체주의에서 목적과 핵심 특징을 함께 정리해줘.,"여름 3팀 2차 입체주의에 대해 목적은 대상을 새롭게 해석하는 것이라고, 그리고 핵심 특징은 여러 시점이라고 설명했습니다.",True,,,,,False,False,0.6511627906976744,0.888888888888889,0.3255813953488372,0.4444444444444445,True,True,4.569542500015814,3.1616419999627396,,,,,passage-only,"여름 3팀 2차 입체주의에 대해 목적은 각 요소의 의미를 새롭게 해석하는 것이라고, 핵심 특징은 여러 시점에서 본 사물을 한 화면에 놓는 방식이라고, 그리고 목적은 새로운 방향에서 본 사물을 재해석하는 것이라고 설명했습니다.","여름 3팀 2차 입체주의에 대해 목적은 대상을 새롭게 해석하는 것이라고, 핵심 특징은 여러 시점이라고, 그리고 핵심 특징은 여러 시점이라고 설명했습니다."
dataset_ko_212_final,entity_simple_hard_test_marketing_00033:final:0,entity_simple_hard_test_marketing_00033,entity_simple_hard_test_marketing_00033,True,same_source_sibling_facts,1,4,23,20,겨울 D반 1차 동아리 홍보에서 대상과 보상을 함께 정리해줘.,"겨울 D반 1차 동아리 홍보에 대해 대상은 동아리 회원이라고, 그리고 보상은 굿즈 추첨권이라고 설명했습니다.",True,,,,,False,False,0.44067796610169485,0.8666666666666666,0.22033898305084743,0.4333333333333333,True,True,7.709856599976774,2.8643396999686956,,,,,passage-only,"겨울 D반 1차 동아리 홍보에 대해 대상은 동아리 회원이라고, 보상은 굿즈 추첨권이라고, 그리고 핵심 채널은 오픈채팅방이라고, 그리고 목표는 동아리 회원이라고, 그리고 성과 지표는 참여율이라고, 그리고 포인트는 재방문을 줌으로써라고, 그리고 위에 despite를 substitute라고, 그리고 성과 지표는 참여율이라고, 그리고 그리고 지원을 위해 보상은 굿즈 구매권이라고, 그리고 비용이보상의","겨울 D반 1차 동아리 홍보에 대해 대상은 동아리 회원이라고, 보상은 굿즈 추첨권이라고, 성과 지표는 참여율이라고 설명했습니다."
dataset_ko_213_final,entity_simple_hard_test_art_history_00043:final:0,entity_simple_hard_test_art_history_00043,entity_simple_hard_test_art_history_00043,True,same_source_sibling_facts,1,4,23,20,겨울 1팀 1차 르네상스 설명 중 비유와 비교 포인트에 해당하는 내용만 답해줘.,"겨울 1팀 1차 르네상스에 대해 비유는 사람을 화면 중앙에 다시 세우는 방식이라고, 그리고 비교 포인트는 절대왕정 중심 설명과 다르다고 설명했습니다.",True,,,,,False,False,0.5500000000000002,0.8837209302325582,0.2750000000000001,0.4418604651162791,False,True,4.095689499983564,4.212483600014821,,,,,passage-only,"겨울 1팀 1차 르네상스에 대해 비교 포인트는 절대적 완벽화를 표현하는 드러그와 다르다고, 목적은 사람의 삶을 드러내는 것이라고, 그리고 비교대는 궁극주의라고 설명했습니다.","겨울 1팀 1차 르네상스에 대해 비유는 사람을 화면 중앙에 다시 세우는 방식이라고, 목적은 사람의 가치를 드러내는 것이라고, 그리고 비교 포인트는 절대왕정 중심 설명과 다르다고 설명했습니다."
dataset_ko_214_final,entity_simple_hard_test_marketing_00394:final:0,entity_simple_hard_test_marketing_00394,entity_simple_hard_test_marketing_00394,True,same_source_sibling_facts,1,4,23,20,교수님이 캡스톤 오후반 4차 스터디 모집의 핵심 채널과 성과 지표를 어떻게 말했어?,"캡스톤 오후반 4차 스터디 모집에 대해 핵심 채널은 학과 홈페이지라고, 그리고 성과 지표는 완료율이라고 설명했습니다.",True,,,,,False,False,0.689655172413793,0.9090909090909091,0.3448275862068965,0.45454545454545453,True,True,2.7481439999537542,3.2523617000551894,,,,,passage-only,"교수님에 대한 핵심 채널은 학과 홈페이지라고, 성과 지표는 완료율이라고, 그리고 대상은 스터디 신청자라고 설명했습니다.","캡스톤 오후반 4차 스터디 모집에 대해 핵심 채널은 학과 홈페이지라고, 성과 지표는 완료율이라고, 그리고 보상은 우선 신청권이라고 설명했습니다."
dataset_ko_215_final,entity_simple_hard_test_statistics_00021:final:0,entity_simple_hard_test_statistics_00021,entity_simple_hard_test_statistics_00021,True,same_source_sibling_facts,1,4,23,20,여름 C반 1차 신뢰구간에서 의미와 주의점을 함께 정리해줘.,"여름 C반 1차 신뢰구간에 대해 의미는 모수 추정 범위라고, 그리고 주의점은 정답 하나를 보장하지 않는다고 설명했습니다.",True,,,,,False,False,0.44444444444444436,0.6341463414634146,0.22222222222222218,0.3170731707317073,True,True,7.616124499996658,3.4479464999749325,,,,,passage-only,"여름 C반 1차 신뢰구간에 대해 의미는 모수 추정 범위가 확실하지 않은 값을 대표화하는 뜻, 주의점은 정답 하나를 보장하지 않는다고, 시행은 결과를 뜻하지 않는다고, 조작을 방지하는 뜻이 있으며 활용은 추정의 불확실성을 설명할 때 쓴다고, 그리고 의미는 모수 추정 범위가 확실하지 않은 값을 대표화하는 뜻을 설명할 때 쓴다고, 그리고 정답 하나를 보장","여름 C반 1차 신뢰구간에 대해 의미는 모수 추정 범위라고, 주의점은 직접 데이터 분석의 목적을 변경하지 않는다고, 그리고 추가 정보는 데이터의 분포를 그릴 때의 목적이라고 설명했습니다."
dataset_ko_216_final,entity_simple_hard_test_marketing_00296:final:0,entity_simple_hard_test_marketing_00296,entity_simple_hard_test_marketing_00296,True,same_source_sibling_facts,1,4,23,20,정규 오후반 3차 신입생 캠페인 설명에서 핵심 채널과 성과 지표만 알려줘.,"정규 오후반 3차 신입생 캠페인에 대해 핵심 채널은 인스타그램이라고, 그리고 성과 지표는 전환율이라고 설명했습니다.",True,,,,,False,False,0.65,0.896551724137931,0.325,0.4482758620689655,True,True,5.314680499956012,3.3007494999910705,,,,,passage-only,"정규 오후반 3차 신입생 캠페인에 대해 핵심 채널은 인스타그램이고, 성과 지표는 전환율을 설정하면 블록을 위채로 만들 수 있다고, 핵심 채널은 인스타그램이라고, 그리고 성과 지표는 커피 채널이라고 설명했습니다.","정규 오후반 3차 신입생 캠페인 설명에서 핵심 채널은 인스타그램이라고, 성과 지표는 전환율이라고, 그리고 대상은 신입생이라고 설명했습니다."
dataset_ko_217_final,entity_simple_hard_test_marketing_00298:final:0,entity_simple_hard_test_marketing_00298,entity_simple_hard_test_marketing_00298,True,same_source_sibling_facts,1,4,23,20,교수님이 실습 오후반 3차 스터디 모집의 핵심 채널과 성과 지표를 어떻게 말했어?,"실습 오후반 3차 스터디 모집에 대해 핵심 채널은 학과 홈페이지라고, 그리고 성과 지표는 완료율이라고 설명했습니다.",True,,,,,False,False,0.9090909090909091,0.8823529411764706,0.45454545454545453,0.4411764705882353,True,True,3.323377699998673,3.458039799996186,,,,,tie,"실습 오후반 3차 스터디 모집에 대해 핵심 채널은 학과 홈페이지라고, 대상은 스터디 신청자라고, 그리고 성과 지표는 완료율이라고 설명했습니다.","교수님이 실습 오후반 3차 스터디 모집에 대해 핵심 채널은 학과 홈페이지라고, 성과 지표는 완료율이라고, 그리고 보상은 우선 신청권이라고 설명했습니다."
dataset_ko_218_final,entity_simple_hard_test_os_concept_00268:final:0,entity_simple_hard_test_os_concept_00268,entity_simple_hard_test_os_concept_00268,True,same_source_sibling_facts,1,4,23,20,실습 3팀 3차 프로세스 설명에서 주의점과 비유만 알려줘.,"실습 3팀 3차 프로세스에 대해 주의점은 자원을 너무 많이 쓰면 느려질 수 있다고, 그리고 비유는 독립된 식당이라고 설명했습니다.",True,,,,,False,False,0.8205128205128205,0.6976744186046512,0.41025641025641024,0.3488372093023256,True,False,3.9347515999688767,4.361366999975871,,,,,question+passage,"실습 3팀 3차 프로세스 설명에 대해 주의점으로는 자원을 너무 많이 쓰면 느려질 수 있다고, 비유는 독립된 식당이라고, 그리고 역할은 독립된 실행 공간을 가진다고 설명했습니다.","실습 3팀 3차 프로세스에 대해 주의점은 자원을 너무 많이 쓰면 컴퓨터가 끊어질 수 있다고, 비유는 말해도 독립된 실행 공간을 가진다고, 그리고 역할은 독립된 실행 공간을 가진다고 설명했습니다."
dataset_ko_219_final,entity_simple_hard_test_project_00085:final:0,entity_simple_hard_test_project_00085,entity_simple_hard_test_project_00085,True,same_source_sibling_facts,1,4,23,20,파일럿 오전반 1차 백엔드 배포에서 공유 위치와 마감을 함께 정리해줘.,"파일럿 오전반 1차 백엔드 배포에 대해 공유 위치는 깃허브 이슈 탭이라고, 그리고 마감은 수요일 오후 다섯 시라고 설명했습니다.",True,,,,,False,False,0.85,0.7272727272727272,0.425,0.3636363636363636,True,True,3.6239596999948844,2.711293599975761,,,,,question+passage,"파일럿 오전반 1차 백엔드 배포에 대해 공유 위치는 깃허브 이슈 탭이라고, 마감은 다음 주일 오후 다섯 시라고, 그리고 담당은 백엔드 팀이라고 설명했습니다.","파일럿 오전반 1차 백엔드 배포에 대해 담당은 백엔드 팀이라고, 마감은 수요일 오후 다섯 시라고 설명했습니다."
dataset_ko_220_final,entity_simple_hard_test_art_history_00088:final:0,entity_simple_hard_test_art_history_00088,entity_simple_hard_test_art_history_00088,True,same_source_sibling_facts,1,4,23,20,실습 오전반 1차 바로크 설명에서 비교 포인트와 비유만 알려줘.,"실습 오전반 1차 바로크에 대해 비교 포인트는 평면적 구도와 구분된다고, 그리고 비유는 무대 조명이 한 장면을 강조하는 방식이라고 설명했습니다.",True,,,,,False,False,0.878048780487805,0.5238095238095238,0.4390243902439025,0.2619047619047619,True,False,3.940565600001719,3.8069419999956153,,,,,question+passage,"실습 오전반 1차 바로크에 대해 비교 포인트는 평면적 구도와 구분된다고, 비유는 무대 조명이 한 장면을 강조하는 방식이라고, 그리고 목적은 감정을 강하게 전달하는 것이라고 설명했습니다.","실습 오전반 1차 바로크 설명에 대해 비교 포인트는 주 emphasized point와 구분된 위치라고, 비유는 실제 구도와 구분된 선으로 해석된다고, 그리고 비유는 한 상황을 단적으로 설명하는 것이라고 설명했습니다."
dataset_ko_221_final,entity_simple_hard_test_art_history_00017:final:0,entity_simple_hard_test_art_history_00017,entity_simple_hard_test_art_history_00017,True,same_source_sibling_facts,1,4,23,20,심화 B반 1차 입체주의에서 핵심 특징과 목적을 함께 정리해줘.,"심화 B반 1차 입체주의에 대해 핵심 특징은 여러 시점이라고, 그리고 목적은 대상을 새롭게 해석하는 것이라고 설명했습니다.",True,,,,,False,False,0.6976744186046512,0.6521739130434783,0.3488372093023256,0.32608695652173914,True,True,4.355735999997705,4.827339400013443,,,,,tie,"심화 B반 1차 입체주의에 대해 핵심 특징은 여러 시점에서 본 사물을 한 화면에 놓는 방식이라고, 목적은 대상을 새롭게 해석하는 것이라고, 그리고 비교 포인트는 단일로 본 사물을 새롭게 해석하는 것이라고 설명했습니다.","심화 B반 1차 입체주의에 대해 핵심 특징은 여러 시점에서 관찰되는 객체의 라인을 따라 다시 분해하는 방식이라고, 비유는 여러 방향에서 본 사물을 한 화면에 놓는 방식이라고, 그리고 목적은 대상을 새롭게 해석하는 것이라고 설명했습니다."
dataset_ko_222_final,entity_simple_hard_test_project_00039:final:0,entity_simple_hard_test_project_00039,entity_simple_hard_test_project_00039,True,same_source_sibling_facts,1,4,23,20,세미나 D반 1차 프론트엔드 점검 설명 중 마감과 공유 위치에 해당하는 내용만 답해줘.,"세미나 D반 1차 프론트엔드 점검에 대해 마감은 다음 달 첫째 주 화요일이라고, 그리고 공유 위치는 프로젝트 슬랙 채널이라고 설명했습니다.",True,,,,,False,False,0.6363636363636364,0.8717948717948718,0.3181818181818182,0.4358974358974359,True,True,4.869894000003114,4.071640099980868,,,,,passage-only,"세미나 D반 1차 프론트엔드 점검에 대해 마감은 다음 주 화요일 이전으로 설정하고고 공유 위치는 프로젝트 슬랙 채널으로 설정한다고, 담당은 프론트엔드 파트라고, 그리고 확인 기준은 사용자 차단 여부라고 설명했습니다.","세미나 D반 1차 프론트엔드 점검에 대해 마감은 다음 달 첫째 주 화요일이라고, 공유 위치는 프로젝트 슬랙 채널이라고, 그리고 확인 기준은 사용자 차단 여부라고 설명했습니다."
dataset_ko_223_final,entity_simple_hard_test_os_concept_00295:final:0,entity_simple_hard_test_os_concept_00295,entity_simple_hard_test_os_concept_00295,True,same_source_sibling_facts,1,4,23,20,파일럿 오후반 3차 큐 설명 중 역할과 장점에 해당하는 내용만 답해줘.,"파일럿 오후반 3차 큐에 대해 역할은 작업을 순서대로 기다리게 한다고, 그리고 장점은 처리 순서를 명확하게 만든다고 설명했습니다.",True,,,,,False,False,0.6829268292682927,0.8717948717948718,0.34146341463414637,0.4358974358974359,True,True,4.180390499997884,3.892674700007774,,,,,passage-only,"파일럿 오후반 3차 큐에 대해 장점으로는 처리 순서를 명확하게 만든다고, 책임을 두고 기다리게 한다고, 기다리게 한다고, 비용을 들일 수 있다고, 그리고 역할을 명확하게 만든다고 설명했습니다.","파일럿 오후반 3차 큐에 대해 역할은 작업을 순서대로 기다리게 한다고, 장점은 처리 순서를 명확하게 만든다고, 그리고 비유는 번호표를 뽑고 기다리는 줄이라고 설명했습니다."
dataset_ko_224_final,entity_simple_hard_test_os_concept_00223:final:0,entity_simple_hard_test_os_concept_00223,entity_simple_hard_test_os_concept_00223,True,same_source_sibling_facts,1,4,23,20,겨울 C반 3차 큐 설명 중 비유와 주의점에 해당하는 내용만 답해줘.,"겨울 C반 3차 큐에 대해 비유는 번호표를 뽑고 기다리는 줄이라고, 그리고 주의점은 대기 시간이 길어질 수 있다고 설명했습니다.",True,,,,,False,False,0.5853658536585366,0.8717948717948718,0.2926829268292683,0.4358974358974359,False,True,4.394427300023381,3.7451498999726027,,,,,passage-only,"겨울 C반 3차 큐에 대해 주의점을 설정할 수 있다고, 설명에 해당하는 내용은 작업을 순서대로 기다리라고, 비유는 번호를 뽑고 기다리는 줄이라고, 그리고 핵심 정보는 긴 대기열을 만든다고 설명했다.","겨울 C반 3차 큐에 대해 비유는 번호표를 뽑고 기다리는 줄이라고, 주의점은 대기 시간이 길어질 수 있다고, 그리고 역할은 작업을 순서대로 수행하는 역할이라고 설명했습니다."
dataset_ko_225_final,entity_simple_hard_test_art_history_00208:final:0,entity_simple_hard_test_art_history_00208,entity_simple_hard_test_art_history_00208,True,same_source_sibling_facts,1,4,23,20,실습 A반 3차 바로크 설명에서 핵심 특징과 목적만 알려줘.,"실습 A반 3차 바로크에 대해 핵심 특징은 극적 명암이라고, 그리고 목적은 감정을 강하게 전달하는 것이라고 설명했습니다.",True,,,,,False,False,0.6829268292682927,0.7368421052631579,0.34146341463414637,0.3684210526315789,True,True,4.05683020001743,3.5007366000209004,,,,,passage-only,"실습 A반 3차 바로크 그리기告에 대해 핵심 특징은 감정을 강하게 전달하는 것이라고, 비유는 무대 조명이 한 장면을 강조하는 방식이라고, 그리고 목적은 감정을 강하게 전달하는 것이라고 설명했습니다.","실습 A반 3차 바로크 설명에 대해 핵심 특징은 극적 명암으로 시각을 자극하는 것이라고, 목적은 생각을 강하게 전달하는 것이라고, 그리고 비유는 맺는 생각이라고 설명했습니다."
dataset_ko_226_final,entity_simple_hard_test_marketing_00107:final:0,entity_simple_hard_test_marketing_00107,entity_simple_hard_test_marketing_00107,True,same_source_sibling_facts,1,4,23,20,심화 A반 2차 멘토링 이벤트 설명 중 핵심 채널과 성과 지표에 해당하는 내용만 답해줘.,"심화 A반 2차 멘토링 이벤트에 대해 핵심 채널은 이메일 뉴스레터라고, 그리고 성과 지표는 재방문율이라고 설명했습니다.",True,,,,,False,False,0.6222222222222223,0.8484848484848485,0.31111111111111117,0.42424242424242425,True,True,6.474888500000816,3.669806600024458,,,,,passage-only,"심화 A반 2차 멘토링 이벤트에 대해 핵심 채널은 인스타그램 계정 @duolingo_KEO account에 관찰되는지 확인하는 내용만 답해주고요. 성과 지표는 이벤트 참여율을 측정하는 내용이라고, 뉴스레터는 이메일 뉴스레터라고, 그리고 핵심 채널으로 생각되는지라고 설명했습니다.","심화 A반 2차 멘토링 이벤트에 대해 핵심 채널은 이메일 뉴스레터라고, 성과 지표는 참여율이라고, 그리고 보상은 포인트 500점이라고 설명했습니다."
dataset_ko_227_final,entity_simple_hard_test_marketing_00226:final:0,entity_simple_hard_test_marketing_00226,entity_simple_hard_test_marketing_00226,True,same_source_sibling_facts,1,4,23,20,교수님이 정규 C반 3차 스터디 모집의 대상과 보상을 어떻게 말했어?,"정규 C반 3차 스터디 모집에 대해 대상은 스터디 신청자라고, 그리고 보상은 우선 신청권이라고 설명했습니다.",True,,,,,False,False,0.6111111111111112,0.8387096774193549,0.3055555555555556,0.41935483870967744,True,True,3.9905583999934606,3.0899833999574184,,,,,passage-only,"교수님은 다음 학기 3차 스터디에 대해 대상은 스터디 신청자라고, 성과 지표는 완료율이라고, 또는 핵심 채널은 학과 홈페이지라고, 그리고 보상은 우선 신청권이라고 설명했습니다.","교수님이 정규 C반 3차 스터디 모집의 대상은 스터디 신청자라고, 보상은 우선 신청권이라고, 그리고 성과 지표는 완료율이라고 설명했습니다."
dataset_ko_228_final,entity_simple_hard_test_statistics_00237:final:0,entity_simple_hard_test_statistics_00237,entity_simple_hard_test_statistics_00237,True,same_source_sibling_facts,1,4,23,20,심화 D반 3차 신뢰구간에서 비유와 활용을 함께 정리해줘.,"심화 D반 3차 신뢰구간에 대해 비유는 정답이 있을 법한 범위를 그은 지도라고, 그리고 활용은 추정의 불확실성을 설명할 때 쓴다고 설명했습니다.",True,,,,,False,False,0.5230769230769231,0.8837209302325582,0.26153846153846155,0.4418604651162791,True,True,7.704877600015607,3.9649564000428654,,,,,passage-only,"심화 D반 3차 신뢰구간에 대해 비유는 정답이 있을 법한 범위를 그은 지도, 활용은 추정의 불확실성을 설명할 때 쓴다고, 의미는 추정의 불확실성을 나타내는 한을 가진 지도, 차이가 있을 법한 점은 정답 하나를 보장하지 않는다고, 그리고 활용의 불확실성을 설명할 때 쓴다고, 그리고 한을 나타내는 방식은 정답이 50%를 뒤를 보는 지도, 한","심화 D반 3차 신뢰구간에 대해 비유는 정답이 있을 법한 범위를 그은 지도라고, 활용은 추정의 불확실성을 설명할 때 쓴다고, 그리고 특징은 정답 하나를 보장하지 않는다고 설명했습니다."
dataset_ko_229_final,entity_simple_hard_test_dessert_00123:final:0,entity_simple_hard_test_dessert_00123,entity_simple_hard_test_dessert_00123,True,same_source_sibling_facts,1,4,23,20,겨울 C반 2차 브라우니 설명 중 맛과 특징에 해당하는 내용만 답해줘.,"겨울 C반 2차 브라우니에 대해 맛은 묵직하게 달콤하다고, 그리고 특징은 속이 촉촉하게 남는다고 설명했습니다.",True,,,,,False,False,0.9032258064516129,0.9032258064516129,0.45161290322580644,0.45161290322580644,True,True,3.4972351000178605,3.4694503999780864,,,,,tie,"겨울 C반 2차 브라우니에 대해 맛은 묵직하게 달콤하다고, 특징은 속이 촉촉하게 남는다고, 그리고 색깔은 진한 갈색이라고 설명했습니다.","겨울 C반 2차 브라우니에 대해 색깔은 진한 갈색이라고, 맛은 묵직하게 달콤하다고, 그리고 특징은 속이 촉촉하게 남는다고 설명했습니다."
dataset_ko_230_final,entity_simple_hard_test_dessert_00337:final:0,entity_simple_hard_test_dessert_00337,entity_simple_hard_test_dessert_00337,True,same_source_sibling_facts,1,4,23,20,심화 D반 4차 솜사탕에서 비유와 색깔을 함께 정리해줘.,"심화 D반 4차 솜사탕에 대해 비유는 구름 같은 간식이라고, 그리고 색깔은 분홍색이라고 설명했습니다.",True,,,,,False,False,0.7142857142857142,0.5,0.3571428571428571,0.25,True,True,2.6980678999680094,3.990563800034579,,,,,question+passage,"심화 D반 4차 솜사탕에 대해 비유는 분홍색의 작은 구름이라고, 색깔은 분홍색이라고, 그리고 특징은 가볍다고 설명했습니다.","심화 D반 4차 솜사탕에 대해 비유는 분홍색 고이가 빠른 속도를 제공하는 요리 설명이라고, 색깔은 분홍색이라고, 그리고 특징은 한 방에 여러 색을 볼 수 있는 것을 설명했다."
dataset_ko_231_final,entity_simple_hard_test_marketing_00274:final:0,entity_simple_hard_test_marketing_00274,entity_simple_hard_test_marketing_00274,True,same_source_sibling_facts,1,4,23,20,교수님이 캡스톤 4팀 3차 스터디 모집의 보상과 대상을 어떻게 말했어?,"캡스톤 4팀 3차 스터디 모집에 대해 보상은 우선 신청권이라고, 그리고 대상은 스터디 신청자라고 설명했습니다.",True,,,,,False,False,0.75,0.75,0.375,0.375,True,True,3.334008600038942,3.455427000008058,,,,,tie,"캡스톤 4팀 3차 스터디 모집에 대해 대상은 완료율이라고, 성과 지표는 성과가aredays에 들어가는 시간이라고, 그리고 보상은 우선 신청권이라고 설명했습니다.","교수님이 캡스톤 4팀 3차 스터디 모집에 대해 보상은 우선 신청권이라고, 대상은 알리보이로 지칭했다고, 그리고 성과 지표는 완료율이라고 설명했습니다."
dataset_ko_232_final,entity_simple_hard_test_statistics_00212:final:0,entity_simple_hard_test_statistics_00212,entity_simple_hard_test_statistics_00212,True,same_source_sibling_facts,1,4,23,20,가을 B반 3차 표본분산 설명에서 의미와 주의점만 알려줘.,"가을 B반 3차 표본분산에 대해 의미는 흩어짐 측정이라고, 그리고 주의점은 순위 정렬과 다르다고 설명했습니다.",True,,,,,False,False,0.8750000000000001,0.8750000000000001,0.43750000000000006,0.43750000000000006,True,True,3.4225460000452586,3.490154800005257,,,,,tie,"가을 B반 3차 표본분산 설명에 대해 주의점은 순위 정렬과 다르다고, 활용은 데이터 변동성을 볼 때 쓴다고, 그리고 의미는 흩어짐 측정이라고 설명했습니다.","가을 B반 3차 표본분산 설명에 대해 의미는 흩어짐 측정이라고, 주의점은 순위 정렬과 다르다고, 그리고 활용은 데이터의 흩어짐 측정이라고 설명했습니다."
dataset_ko_233_final,entity_simple_hard_test_project_00038:final:0,entity_simple_hard_test_project_00038,entity_simple_hard_test_project_00038,True,same_source_sibling_facts,1,4,23,20,교수님이 실습 D반 1차 AI 모델 평가의 마감과 공유 위치를 어떻게 말했어?,"실습 D반 1차 AI 모델 평가에 대해 마감은 금요일 자정 전이라고, 그리고 공유 위치는 회의록 폴더라고 설명했습니다.",True,,,,,False,False,0.8235294117647058,0.6341463414634146,0.4117647058823529,0.3170731707317073,True,True,2.946913800027687,4.388764299976174,,,,,question+passage,"교수님의 AI 모델 평가에 대해 주의점은 정답률이라고, 공유 위치는 회의록 폴더라고, 그리고 마감은 금요일 자정 전이라고 설명했습니다.","교수님�이 실습 D반 1차 AI 모델 평가의 마감과 공유 위치를 말했어는 2023년 4월 16일부터 20일까지, 공유 위치는 회의록 폴더라고, 그리고 확인 기준은 정답률이라고 설명했습니다."
dataset_ko_234_final,entity_simple_hard_test_project_00086:final:0,entity_simple_hard_test_project_00086,entity_simple_hard_test_project_00086,True,same_source_sibling_facts,1,4,23,20,교수님이 정규 오전반 1차 AI 모델 평가의 공유 위치와 마감을 어떻게 말했어?,"정규 오전반 1차 AI 모델 평가에 대해 공유 위치는 회의록 폴더라고, 그리고 마감은 금요일 자정 전이라고 설명했습니다.",True,,,,,False,False,0.6666666666666667,0.12903225806451615,0.33333333333333337,0.06451612903225808,True,False,3.0068795999977738,2.630956300010439,,,,,question+passage,"교수님의 AI 모델 평가에 대해 공유 위치는 화요일 자정 전이라고, 마감은 금요일 자정 전이라고, 그리고 확인 기준은 정답률이라고 설명했습니다.",주5일제 연구실 시간表 정리가 있는 땡sheets 공유 위치와는 달라서 담당자에게는 답변 미구상이 있는 위치로 파악했습니다.
dataset_ko_235_final,entity_simple_hard_test_marketing_00009:final:0,entity_simple_hard_test_marketing_00009,entity_simple_hard_test_marketing_00009,True,same_source_sibling_facts,1,4,23,20,세미나 A반 1차 동아리 홍보에서 핵심 채널과 성과 지표를 함께 정리해줘.,"세미나 A반 1차 동아리 홍보에 대해 핵심 채널은 오픈채팅방이라고, 그리고 성과 지표는 참여율이라고 설명했습니다.",True,,,,,False,False,0.9032258064516129,0.8125000000000001,0.45161290322580644,0.40625000000000006,True,True,3.20140189997619,3.1608299000072293,,,,,question+passage,"세미나 A반 1차 동아리 홍보에 대해 핵심 채널은 오픈채팅방이라고, 성과 지표는 참여율이라고, 그리고 대상은 동아리 회원이라고 설명했습니다.","세미나 A반 1차 동아리 홍보에 대해 핵심 채널은 인스타그램이라고, 성과 지표는 참여율이라고, 그리고 보상은 우선 순위권 상품이라고 설명했습니다."
dataset_ko_236_final,entity_simple_hard_test_project_00180:final:0,entity_simple_hard_test_project_00180,entity_simple_hard_test_project_00180,True,same_source_sibling_facts,1,4,23,20,봄 오전반 2차 최종 발표 설명에서 공유 위치와 마감만 알려줘.,"봄 오전반 2차 최종 발표에 대해 공유 위치는 팀 노션 페이지라고, 그리고 마감은 다음 주 월요일 밤이라고 설명했습니다.",True,,,,,False,False,0.8235294117647058,0.7878787878787877,0.4117647058823529,0.39393939393939387,True,True,3.187529999995604,2.909690899949055,,,,,tie,"봄 오전반 2차 최종 발표 설명에 대해 공유 위치는 컨테이너 리스트 페이지라고, 마감은 다음 주 월요일 밤이라고, 그리고 담당은 기획 파트라고 설명했습니다.","봄 오전반 2차 최종 발표 설명에 대해 공유 위치는 메인 발표 영역이라고, 마감은 다음 주 월요일 밤이라고, 그리고 질문은 설명 덧신 파일이라고 설명했습니다."
dataset_ko_237_final,entity_simple_hard_test_marketing_00251:final:0,entity_simple_hard_test_marketing_00251,entity_simple_hard_test_marketing_00251,True,same_source_sibling_facts,1,4,23,20,여름 2팀 3차 멘토링 이벤트 설명 중 성과 지표와 핵심 채널에 해당하는 내용만 답해줘.,"여름 2팀 3차 멘토링 이벤트에 대해 성과 지표는 재방문율이라고, 그리고 핵심 채널은 이메일 뉴스레터라고 설명했습니다.",True,,,,,False,False,0.9090909090909091,0.8333333333333333,0.45454545454545453,0.41666666666666663,True,True,3.836193999974057,4.241695399978198,,,,,question+passage,"여름 2팀 3차 멘토링 이벤트에 대해 핵심 채널은 이메일 뉴스레터라고, 성과 지표는 재방문율이라고, 그리고 보상은 포인트 500점이라고 설명했습니다.","여름 2팀 3차 멘토링 이벤트에 대해 성과 지표는 재방문율이라고, 핵심 채널은 이메일 뉴스레터라고, 그리고 핵심 채널의 연결요소는 리소스에 대한 설명이라고 설명했습니다."
dataset_ko_238_final,entity_simple_hard_test_project_00325:final:0,entity_simple_hard_test_project_00325,entity_simple_hard_test_project_00325,True,same_source_sibling_facts,1,4,23,20,파일럿 C반 4차 백엔드 배포에서 마감과 공유 위치를 함께 정리해줘.,"파일럿 C반 4차 백엔드 배포에 대해 마감은 수요일 오후 다섯 시라고, 그리고 공유 위치는 깃허브 이슈 탭이라고 설명했습니다.",True,,,,,False,False,0.85,0.7999999999999999,0.425,0.39999999999999997,True,True,3.7378174999612384,2.696182999992743,,,,,question+passage,"파일럿 C반 4차 백엔드 배포에 대해 공유 위치는 깃허브 이슈 탭이라고, 마감은 오는 금요일 오후 다섯 시라고, 그리고 담당은 백엔드 팀이라고 설명했습니다.","파일럿 C반 4차 백엔드 배포에 대해 마감은 수요일 오후 다섯 시라고, 공유 위치는 GitHub 仓库 파일로 전달이라고 설명했습니다."
dataset_ko_239_final,entity_simple_hard_test_os_concept_00173:final:0,entity_simple_hard_test_os_concept_00173,entity_simple_hard_test_os_concept_00173,True,same_source_sibling_facts,1,4,23,20,겨울 4팀 2차 스레드에서 주의점과 비유를 함께 정리해줘.,"겨울 4팀 2차 스레드에 대해 주의점은 공유 자원 관리가 필요하다고, 그리고 비유는 같은 식당 안에서 일하는 직원이라고 설명했습니다.",True,,,,,False,False,0.4782608695652174,0.65,0.2391304347826087,0.325,False,True,4.263228699972387,3.740159599983599,,,,,passage-only,"겨울 4팀 2차 스레드에 대해 비유는 여러 기능 중에서 중요점을 담당하는 비유가 있다고, 역할은 프로세스 중에 공유 자원을 나누어 실행한다고, 그리고 비유는 프로세스 안에서 작업을 나누어 실행한다고 설명했습니다.","겨울 4팀 2차 스레드에 대해 주의점은 공유 자원 관리가 필요하다고, 비유는 손이 빠진 쪽에서 작업을 시작한다고, 그리고 장점은 작업이 분배될 수 있다고 설명했습니다."
dataset_ko_240_final,entity_simple_hard_test_marketing_00176:final:0,entity_simple_hard_test_marketing_00176,entity_simple_hard_test_marketing_00176,True,same_source_sibling_facts,1,4,23,20,정규 4팀 2차 신입생 캠페인 설명에서 보상과 대상만 알려줘.,"정규 4팀 2차 신입생 캠페인에 대해 보상은 커피 쿠폰이라고, 그리고 대상은 신입생이라고 설명했습니다.",True,,,,,False,False,0.787878787878788,0.8387096774193548,0.393939393939394,0.4193548387096774,True,True,4.542242099996656,4.2969435000559315,,,,,passage-only,"정규 4팀 2차 신입생 캠페인에 대해 보상은 커피 쿠폰으로, 대상은 신입생이라고, 핵심 채널은 인스타그램이라고, 그리고 보상의 특징은 커피 쿠폰이라고 설명했습니다.","정규 4팀 2차 신입생 캠페인에 대해 보상은 커피 쿠폰이라고, 대상은 신입생이라고, 설명은 캠페인 게시판이라고, 그리고 핵심 채널은 인스타그램이라고 설명했습니다."
dataset_ko_241_final,entity_simple_hard_test_statistics_00381:final:0,entity_simple_hard_test_statistics_00381,entity_simple_hard_test_statistics_00381,True,same_source_sibling_facts,1,4,23,20,여름 오전반 4차 신뢰구간에서 활용과 비유를 함께 정리해줘.,"여름 오전반 4차 신뢰구간에 대해 활용은 추정의 불확실성을 설명할 때 쓴다고, 그리고 비유는 정답이 있을 법한 범위를 그은 지도라고 설명했습니다.",True,,,,,False,False,0.5454545454545454,0.6500000000000001,0.2727272727272727,0.32500000000000007,True,True,7.653156799962744,3.806945199961774,,,,,passage-only,"여름 오전반 4차 신뢰구간에 대해 비유는 정답이 있을 법한 범위를 그은 지도라고, 점수에 대한 의미는 정답을 보는 지도라고, 그리고 활용은 추정의 불확실성을 설명할 때 쓴다고, 그리고 주의점은 정답 하나를 보장하지 않는다고, 그리고 활용은 추정의 불확실성을 설명할 때 쓴다고, 그리고 예시는 답이 분위기가 좋아서 추정의 점수를 보는 지도라고, 그리고 적용은 정","여름 오전반 4차 신뢰구간에 대해 활용은 추정의 불확실성을 설명할 때 쓴다고, 비유는 숫자의 잘못된 위치를 설명할 때 쓴다고, 그리고 의미는 추정의 한 종류라고 설명했습니다."
dataset_ko_242_final,entity_simple_hard_test_dessert_00027:final:0,entity_simple_hard_test_dessert_00027,entity_simple_hard_test_dessert_00027,True,same_source_sibling_facts,1,4,23,20,심화 C반 1차 브라우니 설명 중 맛과 특징에 해당하는 내용만 답해줘.,"심화 C반 1차 브라우니에 대해 맛은 묵직하게 달콤하다고, 그리고 특징은 속이 촉촉하게 남는다고 설명했습니다.",True,,,,,False,False,0.8387096774193549,0.9032258064516129,0.41935483870967744,0.45161290322580644,True,True,3.4937664999742992,3.44576060003601,,,,,passage-only,"심화 C반 1차 브라우니에 대해 특징은 촉촉하게 남는다고, 맛은 묵직하게 달콤하다고, 그리고 사진은 부각하는 촉촉하게 남는다고 설명했습니다.","심화 C반 1차 브라우니에 대해 색깔은 진한 갈색이라고, 맛은 묵직하게 달콤하다고, 그리고 특징은 속이 촉촉하게 남는다고 설명했습니다."
dataset_ko_243_final,entity_simple_hard_test_dessert_00025:final:0,entity_simple_hard_test_dessert_00025,entity_simple_hard_test_dessert_00025,True,same_source_sibling_facts,1,4,23,20,파일럿 C반 1차 솜사탕에서 맛과 특징을 함께 정리해줘.,"파일럿 C반 1차 솜사탕에 대해 맛은 가볍게 달콤하다고, 그리고 특징은 입에 닿으면 빠르게 사라진다고 설명했습니다.",True,,,,,False,False,0.6875,0.9375,0.34375,0.46875,True,True,3.213005899975542,3.445497600012459,,,,,passage-only,"파일럿 C반 1차 솜사탕에 대해 특징은 가볍게 달콤하다고, 맛은 가볍게 달콤하다고, 그리고 비유는 구름 같은 간식이라고 설명했습니다.","파일럿 C반 1차 솜사탕에 대해 맛은 가볍게 달콤하다고, 특징은 입에 닿으면 빠르게 사라진다고, 그리고 색깔은 분홍색이라고 설명했습니다."
dataset_ko_244_final,entity_simple_hard_test_project_00012:final:0,entity_simple_hard_test_project_00012,entity_simple_hard_test_project_00012,True,same_source_sibling_facts,1,4,23,20,가을 B반 1차 최종 발표 설명에서 담당과 확인 기준만 알려줘.,"가을 B반 1차 최종 발표에 대해 담당은 기획 파트라고, 그리고 확인 기준은 근거 제시 여부라고 설명했습니다.",True,,,,,False,False,0.888888888888889,0.888888888888889,0.4444444444444445,0.4444444444444445,True,True,3.059308400028385,3.2092970000230707,,,,,tie,"가을 B반 1차 최종 발표 설명에 대해 확인 기준은 근거 제시 여부라고, 공유 위치는 팀 노션 페이지라고, 그리고 담당은 기획 파트라고 설명했습니다.","가을 B반 1차 최종 발표 설명에 대해 담당은 기획 파트라고, 확인 기준은 근거 제시 여부라고, 그리고 마감은 다음 주 월요일 밤이라고 설명했습니다."
dataset_ko_245_final,entity_simple_hard_test_art_history_00113:final:0,entity_simple_hard_test_art_history_00113,entity_simple_hard_test_art_history_00113,True,same_source_sibling_facts,1,4,23,20,겨울 B반 2차 입체주의에서 핵심 특징과 목적을 함께 정리해줘.,"겨울 B반 2차 입체주의에 대해 핵심 특징은 여러 시점이라고, 그리고 목적은 대상을 새롭게 해석하는 것이라고 설명했습니다.",True,,,,,False,False,0.7317073170731707,0.6341463414634146,0.36585365853658536,0.3170731707317073,True,True,4.079367699974682,3.837428800005,,,,,question+passage,"겨울 B반 2차 입체주의에 대해 핵심 특징은 여러 시점에서 본 사물을 한 화면에 놓는 방식이라고, 목적은 대상을 새롭게 해석하는 것이라고, 그리고 비교 포인트는 단일 원근과 다르다고 설명했습니다.","겨울 B반 2차 입체주의에 대해 핵심 특징은 여러 시점에서 관찰하고 분석하는 것이라고, 목적은 관찰된 객체의 시점과 변경되는 시점이라고, 그리고 비교 포인트는 단일 원근과 다르다고 설명했습니다."
dataset_ko_246_final,entity_simple_hard_test_art_history_00355:final:0,entity_simple_hard_test_art_history_00355,entity_simple_hard_test_art_history_00355,True,same_source_sibling_facts,1,4,23,20,파일럿 2팀 4차 르네상스 설명 중 목적과 핵심 특징에 해당하는 내용만 답해줘.,"파일럿 2팀 4차 르네상스에 대해 목적은 사람의 가치를 드러내는 것이라고, 그리고 핵심 특징은 인문주의라고 설명했습니다.",True,,,,,False,False,0.4285714285714285,0.8571428571428571,0.21428571428571425,0.42857142857142855,False,True,7.683077799971215,3.763087600003928,,,,,passage-only,"파일럿 2팀 4차 르네상스에 대해 목적은 사람의 가치를 드러내는 드라마라는, 핵심 특징은 연어의 경관을 드라마 배치를 가정한 사진이라고, 그리고 비교 포인트는 절대왕정 화면'과 다르다고, 그리고 유를 가산화하는 핵심 특징이라고, 그리고 사용은 법정 사진의 점화를 가정한 드라마라고, 그리고 르네상스를 나타내는 방식은 연어","파일럿 2팀 4차 르네상스에 대해 목적은 사람의 가치를 드러내는 것이라고, 핵심 특징은 인문주의라고, 그리고 비교 포인트는 절대왕정 중심 설명과 다르다고 설명했습니다."
dataset_ko_247_final,entity_simple_hard_test_art_history_00065:final:0,entity_simple_hard_test_art_history_00065,entity_simple_hard_test_art_history_00065,True,same_source_sibling_facts,1,4,23,20,파일럿 3팀 1차 입체주의에서 목적과 핵심 특징을 함께 정리해줘.,"파일럿 3팀 1차 입체주의에 대해 목적은 대상을 새롭게 해석하는 것이라고, 그리고 핵심 특징은 여러 시점이라고 설명했습니다.",True,,,,,False,False,0.7000000000000001,0.888888888888889,0.35000000000000003,0.4444444444444445,True,True,4.153840699989814,3.1824739000294358,,,,,passage-only,"파일럿 3팀 1차 입체주의에 대해 목적은 각 요소을 새롭게 해석하는 것이라고, 핵심 특징은 여러 시점에서 본 사물을 한 화면에 놓는 방식이라고, 그리고 목적은 새로운 시점으로 본 것이라고 설명했습니다.","파일럿 3팀 1차 입체주의에 대해 목적은 대상을 새롭게 해석하는 것이라고, 핵심 특징은 여러 시점이라고, 그리고 핵심 특징은 여러 시점이라고 설명했습니다."
dataset_ko_248_final,entity_simple_hard_test_marketing_00249:final:0,entity_simple_hard_test_marketing_00249,entity_simple_hard_test_marketing_00249,True,same_source_sibling_facts,1,4,23,20,세미나 1팀 3차 동아리 홍보에서 성과 지표와 핵심 채널을 함께 정리해줘.,"세미나 1팀 3차 동아리 홍보에 대해 성과 지표는 참여율이라고, 그리고 핵심 채널은 오픈채팅방이라고 설명했습니다.",True,,,,,False,False,0.9032258064516129,0.8387096774193549,0.45161290322580644,0.41935483870967744,True,True,3.344308700005058,3.239998299977742,,,,,question+passage,"세미나 1팀 3차 동아리 홍보에 대해 성과 지표는 참여율이라고, 핵심 채널은 오픈채팅방이라고, 그리고 대상은 동아리 회원이라고 설명했습니다.","세미나 1팀 3차 동아리 홍보에 대해 성과 지표는 참여율이라고, 핵심 채널은 게시판이라고, 그리고 보상은 굿즈 추첨권이라고 설명했습니다."
dataset_ko_249_final,entity_simple_hard_test_os_concept_00341:final:0,entity_simple_hard_test_os_concept_00341,entity_simple_hard_test_os_concept_00341,True,same_source_sibling_facts,1,4,23,20,여름 1팀 4차 스레드에서 장점과 역할을 함께 정리해줘.,"여름 1팀 4차 스레드에 대해 장점은 작업을 가볍게 나눌 수 있다고, 그리고 역할은 프로세스 안에서 작업을 나누어 실행한다고 설명했습니다.",True,,,,,False,False,0.7499999999999999,0.7692307692307692,0.37499999999999994,0.3846153846153846,True,True,3.5007045000093058,3.3591642000246793,,,,,tie,"여름 1팀 4차 스레드에 대해 장점은 작업을 가볍게 나눌 수 있다고, 역할은 프로세스 중에 사용하다고, 그리고 비유는 같은 식당 안에서 일하는 직원이라고 설명했습니다.","여름 1팀 4차 스레드에 대해 책임은 프로세스 안에서 작업을 나누어 실행한다고, 장점은 작업을 줄이지 않는다고, 그리고는 역할은 부분 작업을 관리한다고 설명했습니다."
dataset_ko_250_final,entity_simple_hard_test_art_history_00066:final:0,entity_simple_hard_test_art_history_00066,entity_simple_hard_test_art_history_00066,True,same_source_sibling_facts,1,4,23,20,교수님이 정규 3팀 1차 인상주의의 목적과 핵심 특징을 어떻게 말했어?,"정규 3팀 1차 인상주의에 대해 목적은 관찰 순간을 살리는 것이라고, 그리고 핵심 특징은 빛의 순간적인 인상이라고 설명했습니다.",True,,,,,False,False,0.372093023255814,0.7555555555555554,0.186046511627907,0.3777777777777777,False,True,4.089049600006547,4.90179769997485,,,,,passage-only,"교수님의 주요 목적은 관찰을 강하게 인상에 대한 의미를 정의시킬 것이라고, 비교 포인트는 정확한 윤곽을 드릴 것이라고, 그리고 핵심 특징은 빛을 내는 순간에 대한 의식이 있다고 설명했습니다.","교수님이 정규 3팀 1차 인상주의의 목적과 핵심 특징을 어떻게 말했어?에 대해 목적은 관찰 순간을 살리는 것이라고, 차이점은 정확한 윤곽보다 색감이 중요하다고, 그리고 핵심 특징은 빛의 순간적인 인상이라고 설명했습니다."
dataset_ko_251_final,entity_simple_hard_test_project_00399:final:0,entity_simple_hard_test_project_00399,entity_simple_hard_test_project_00399,True,same_source_sibling_facts,1,4,23,20,세미나 오후반 4차 프론트엔드 점검 설명 중 담당과 확인 기준에 해당하는 내용만 답해줘.,"세미나 오후반 4차 프론트엔드 점검에 대해 담당은 프론트엔드 파트라고, 그리고 확인 기준은 사용자 차단 여부라고 설명했습니다.",True,,,,,False,False,0.5652173913043479,0.888888888888889,0.28260869565217395,0.4444444444444445,True,True,4.857874000037555,3.875558900006581,,,,,passage-only,"세미나 오후반 4차 프론트엔드 점검 설명에 대해 확인 기준은 사용자 차단 여부라고, 메모는 다음에 연락할 수 있는 주소를 기재해야 한다고, 그리고 확인의 필요성은 다음번에 연락할 수 있는 주소를 통해 담당자에게 알려줄 수 있다고 설명했습니다.","세미나 오후반 4차 프론트엔드 점검에 대해 담당은 프론트엔드 파트라고, 마감은 다음 달 첫째 주 화요일이라고, 그리고 확인 기준은 사용자 차단 여부라고 설명했습니다."
dataset_ko_252_final,entity_simple_hard_test_project_00108:final:0,entity_simple_hard_test_project_00108,entity_simple_hard_test_project_00108,True,same_source_sibling_facts,1,4,23,20,실습 A반 2차 최종 발표 설명에서 담당과 확인 기준만 알려줘.,"실습 A반 2차 최종 발표에 대해 담당은 기획 파트라고, 그리고 확인 기준은 근거 제시 여부라고 설명했습니다.",True,,,,,False,False,0.7647058823529411,0.7222222222222223,0.38235294117647056,0.36111111111111116,True,True,2.6580692999996245,3.325792799994815,,,,,tie,"실습 A반 2차 최종 발표 설명에 대해 확인 기준은 근거 제시 여부라고, 설명의 역할이라고, 그리고 다른 정보 공유 여부라고 설명했습니다.","실습 A반 2차 최종 발표 설명에 대해 담당은 기획 파트라고, 확인 기준은 정확한 증거_requireance 확인이라고, 그리고 마감은 다음 주 월요일 밤이라고 설명했습니다."
dataset_ko_253_final,entity_simple_hard_test_statistics_00215:final:0,entity_simple_hard_test_statistics_00215,entity_simple_hard_test_statistics_00215,True,same_source_sibling_facts,1,4,23,20,파일럿 B반 3차 회귀분석 설명 중 의미와 주의점에 해당하는 내용만 답해줘.,"파일럿 B반 3차 회귀분석에 대해 의미는 관계의 경향 설명이라고, 그리고 주의점은 모든 원인을 증명하지는 않는다고 설명했습니다.",True,,,,,False,False,0.4186046511627907,0.8205128205128205,0.20930232558139536,0.41025641025641024,False,True,4.472442600002978,3.993644200032577,,,,,passage-only,"파일럿 B반 3차 회귀분석에 대해 설명하는 주의점은 다음에 대해 설명할 내용을 설명하는 대목이 아니라고, 예측 관점으로 볼 때 quantitative 예측을 증명하는 대목이라고, 그리고 활용은 예측 경향을 설명할 때 쓴다고 설명했습니다.","파일럿 B반 3차 회귀분석에 대해 의미는 관계의 경향 설명이라고, 주의점은 모든 원인을 증명하지는 않는다고, 그리고 비유는 흩어진 점 사이에 길을 그어 보는 일이라고 설명했습니다."
dataset_ko_254_final,entity_simple_hard_test_statistics_00214:final:0,entity_simple_hard_test_statistics_00214,entity_simple_hard_test_statistics_00214,True,same_source_sibling_facts,1,4,23,20,교수님이 캡스톤 B반 3차 상관계수의 의미와 주의점을 어떻게 말했어?,"캡스톤 B반 3차 상관계수에 대해 의미는 선형 관계 강도라고, 그리고 주의점은 원인 증명을 뜻하지 않는다고 설명했습니다.",True,,,,,False,False,0.65,0.8571428571428572,0.325,0.4285714285714286,True,True,3.6512872999883257,3.219679999980144,,,,,passage-only,"교수님이 캡스톤 B반 3차 상관계수의 의미에 대해 말한 내용에는 두 가지 의미가 있다고, 주의점에 대해는 관계 강도를 나타내지 않는다고, 그리고 의미는 선형 관계 강도라고 설명했습니다.","캡스톤 B반 3차 상관계수의 의미는 선형 관계 강도라고, 주의점은 원인 증명을 뜻하지 않는다고, 그리고 의미는 선형 관계 강도라고 설명했습니다."
dataset_ko_255_final,entity_simple_hard_test_statistics_00358:final:0,entity_simple_hard_test_statistics_00358,entity_simple_hard_test_statistics_00358,True,same_source_sibling_facts,1,4,23,20,교수님이 실습 2팀 4차 상관계수의 주의점과 의미를 어떻게 말했어?,"실습 2팀 4차 상관계수에 대해 주의점은 원인 증명을 뜻하지 않는다고, 그리고 의미는 선형 관계 강도라고 설명했습니다.",True,,,,,False,False,0.631578947368421,0.5116279069767441,0.3157894736842105,0.25581395348837205,True,False,3.912905299977865,5.107938800007105,,,,,question+passage,"실습 2팀 4차 상관계수의 주의점은 원인 증명을 뜻하지 않는다고, 의미는 강도 증명을 뜻하지 않는다고, 그리고 비유는 두 변수 강도 증명에서 사용하는 비유라고 설명했습니다.","교수님의 실습 2팀 4차 상관계수의 주의점과 의미에 대해 비유는 두 변수의 움직임을 설명하는 데 사용된다고, 주의점은 변수 간 관계의 유형을 설명하는 데 사용된다고, 그리고 의미는 선형 관계의 강도를 설명하는 데 사용된다고 설명했습니다."
dataset_ko_256_final,entity_simple_hard_test_art_history_00163:final:0,entity_simple_hard_test_art_history_00163,entity_simple_hard_test_art_history_00163,True,same_source_sibling_facts,1,4,23,20,겨울 3팀 2차 르네상스 설명 중 목적과 핵심 특징에 해당하는 내용만 답해줘.,"겨울 3팀 2차 르네상스에 대해 목적은 사람의 가치를 드러내는 것이라고, 그리고 핵심 특징은 인문주의라고 설명했습니다.",True,,,,,False,False,0.7222222222222222,0.8571428571428571,0.3611111111111111,0.42857142857142855,True,True,4.155553300050087,3.680026900023222,,,,,passage-only,"겨울 3팀 2차 르네상스에 대해 핵심 특징은 인문주의와 다르다고, 목적은 사람의 가치를 드러내는 든든한 보너스라고, 그리고 비교 포인트는 절대왕정에 비유된다고 설명했습니다.","겨울 3팀 2차 르네상스에 대해 목적은 사람의 가치를 드러내는 것이라고, 핵심 특징은 인문주의라고, 그리고 비교 포인트는 절대왕정 중심 설명과 다르다고 설명했습니다."
dataset_ko_257_final,entity_simple_hard_test_dessert_00194:final:0,entity_simple_hard_test_dessert_00194,entity_simple_hard_test_dessert_00194,True,same_source_sibling_facts,1,4,23,20,교수님이 캡스톤 오후반 2차 마카롱의 색깔과 비유를 어떻게 말했어?,"캡스톤 오후반 2차 마카롱에 대해 색깔은 알록달록하다고, 그리고 비유는 작은 보석 상자라고 설명했습니다.",True,,,,,False,False,0.41176470588235287,0.5217391304347826,0.20588235294117643,0.2608695652173913,False,False,2.973646499973256,1.9458721000119112,,,,,passage-only,"교수님이 캡스톤 오후반 2차 마카롱의 색깔을 they're hidden and they're white category라고, 그리고 characteristic이라고, and the meaning is untouched by processing이라고 설명했습니다.",캡스톤 오후반 2차 마카롱의 색깔에 대해 진지하고 빛나는 의미를 제공했습니다.
dataset_ko_258_final,entity_simple_hard_test_marketing_00129:final:0,entity_simple_hard_test_marketing_00129,entity_simple_hard_test_marketing_00129,True,same_source_sibling_facts,1,4,23,20,세미나 C반 2차 동아리 홍보에서 대상과 보상을 함께 정리해줘.,"세미나 C반 2차 동아리 홍보에 대해 대상은 동아리 회원이라고, 그리고 보상은 굿즈 추첨권이라고 설명했습니다.",True,,,,,False,False,0.456140350877193,0.6875000000000001,0.2280701754385965,0.34375000000000006,True,True,7.67444890004117,3.2755390999955125,,,,,passage-only,"세미나 C반 2차 동아리 홍보에 대해 대상은 동아리 회원이라고, 보상은 굿즈 추첨권이라고, 그리고 핵심 채널은 오픈채팅방이라고, 그리고 유저 추정치는 5000명이라고, 그리고 성과 지표는 참여율이라고, 그리고 사용자 성향은 외부 출처라고, 그리고如何로 전달하는 지점은 방ality라고, 그리고 성과 지표는 재 involvement이라고, 그리고 동아리 회원들이 받을 수 있는 상품은","세미나 C반 2차 동아리 홍보에 대해 대상은 참여율을 보일 수 있는 동아리 회원이라고, 보상은 쿠폰이라고, 성과 지표는 참여율이라고 설명했습니다."
dataset_ko_259_final,entity_simple_hard_test_dessert_00288:final:0,entity_simple_hard_test_dessert_00288,entity_simple_hard_test_dessert_00288,True,same_source_sibling_facts,1,4,23,20,실습 오전반 3차 초콜렛 설명에서 색깔과 비유만 알려줘.,"실습 오전반 3차 초콜렛에 대해 색깔은 검정색이라고, 그리고 비유는 작은 선물 상자라고 설명했습니다.",True,,,,,False,False,0.9285714285714286,0.9600000000000001,0.4642857142857143,0.48000000000000004,True,True,2.7761945000384003,2.110571000026539,,,,,tie,"실습 오전반 3차 초콜렛 설명에 대해 특징은 달콤하다고, 색깔은 검정색이라고, 그리고 비유는 작은 선물 상자라고 설명했습니다.","실습 오전반 3차 초콜렛에 대해 색깔은 검정색이라고, 비유는 작은 선물 상자라고 설명했습니다."
dataset_ko_260_final,entity_simple_hard_test_dessert_00315:final:0,entity_simple_hard_test_dessert_00315,entity_simple_hard_test_dessert_00315,True,same_source_sibling_facts,1,4,23,20,파일럿 B반 4차 브라우니 설명 중 맛과 특징에 해당하는 내용만 답해줘.,"파일럿 B반 4차 브라우니에 대해 맛은 묵직하게 달콤하다고, 그리고 특징은 속이 촉촉하게 남는다고 설명했습니다.",True,,,,,False,False,0.9032258064516129,0.6451612903225806,0.45161290322580644,0.3225806451612903,True,True,3.471644900040701,3.7416316000162624,,,,,question+passage,"파일럿 B반 4차 브라우니에 대해 맛은 묵직하게 달콤하다고, 특징은 속이 촉촉하게 남는다고, 그리고 색깔은 진한 갈색이라고 설명했습니다.","파일럿 B반 4차 브라우니에 대해 색깔은 진한 갈색이라고, 맛은 묵직하게 달콤하다고, 그리고 비유는 초콜렛을 압축한 케이크라고 설명했습니다."
dataset_ko_261_final,entity_simple_hard_test_project_00206:final:0,entity_simple_hard_test_project_00206,entity_simple_hard_test_project_00206,True,same_source_sibling_facts,1,4,23,20,교수님이 정규 A반 3차 AI 모델 평가의 담당과 확인 기준을 어떻게 말했어?,"정규 A반 3차 AI 모델 평가에 대해 담당은 AI 파트라고, 그리고 확인 기준은 정답률이라고 설명했습니다.",True,,,,,False,False,0.625,0.7567567567567568,0.3125,0.3783783783783784,True,True,3.250246800016612,3.208678799972404,,,,,passage-only,"교수님의 AI 모델 평가의 담당을 맡은 카드는 AI 모델 분류라고, 확인 기준은 정답률이라고, 그리고 연락처는 블랙리스트라고 설명했습니다.","정규 A반 3차 AI 모델 평가에 대해 담당은 AI 파트라고, 확인 기준은 정답률低于5%라고, 그리고 확인 기준은 다른 부분과 구분하는 방법이라고 설명했습니다."
dataset_ko_262_final,entity_simple_hard_test_marketing_00106:final:0,entity_simple_hard_test_marketing_00106,entity_simple_hard_test_marketing_00106,True,same_source_sibling_facts,1,4,23,20,교수님이 정규 A반 2차 스터디 모집의 핵심 채널과 성과 지표를 어떻게 말했어?,"정규 A반 2차 스터디 모집에 대해 핵심 채널은 학과 홈페이지라고, 그리고 성과 지표는 완료율이라고 설명했습니다.",True,,,,,False,False,0.7142857142857142,0.8823529411764706,0.3571428571428571,0.4411764705882353,True,True,2.6466163999866694,3.372921000001952,,,,,passage-only,"교수님의 핵심 채널은 학과 홈페이지라고, 대상은 스터디 신청자라고, 그리고 성과 지표는 완료율이라고 설명했습니다.","교수님이 정규 A반 2차 스터디 모집에 대해 핵심 채널은 학과 홈페이지라고, 성과 지표는 완료율이라고, 그리고 보상은 우선 신청권이라고 설명했습니다."
dataset_ko_263_final,entity_simple_hard_test_art_history_00211:final:0,entity_simple_hard_test_art_history_00211,entity_simple_hard_test_art_history_00211,True,same_source_sibling_facts,1,4,23,20,여름 B반 3차 르네상스 설명 중 핵심 특징과 목적에 해당하는 내용만 답해줘.,"여름 B반 3차 르네상스에 대해 핵심 특징은 인문주의라고, 그리고 목적은 사람의 가치를 드러내는 것이라고 설명했습니다.",True,,,,,False,False,0.4905660377358491,0.8571428571428571,0.24528301886792456,0.42857142857142855,True,True,7.663385099964216,3.4620098999585025,,,,,passage-only,"여름 B반 3차 르네상스에 대해 핵심 특징과 설명하고 있다면, 그리고区别은 사람의 가치를 현대화하는 것이라고, 그리고 핵심 특징은 인문주의라고, 그리고 비교대상은古人의 향Appearance이라고, 그리고 르네상스가 구분되는 시점은 현재를 가르치는 도화지라고, 그리고 르네상스의 영향은 사람의 가치를 화면에 어监의 향Appearance을 드러내는 도화지라고, 그리고","여름 B반 3차 르네상스에 대해 핵심 특징은 인문주의라고, 목적은 사람의 가치를 드러내는 것이라고, 그리고 비교 포인트는 인문주의에 close하지 않는다고 설명했습니다."
dataset_ko_264_final,entity_simple_hard_test_dessert_00168:final:0,entity_simple_hard_test_dessert_00168,entity_simple_hard_test_dessert_00168,True,same_source_sibling_facts,1,4,23,20,실습 3팀 2차 초콜렛 설명에서 특징과 맛만 알려줘.,"실습 3팀 2차 초콜렛에 대해 특징은 입안에서 천천히 녹는다고, 그리고 맛은 달콤하다고 설명했습니다.",True,,,,,False,False,0.5,0.9285714285714286,0.25,0.4642857142857143,False,True,3.5093960999511182,3.049081999983173,,,,,passage-only,"실습 3팀 2차 초콜렛 설명에 대해 역할은 소위 맛의 초콜렛을 소개하는 역할이라고, 특징은 가벼운 초콜렛이라고, 그리고 대목은 처음에 무엇을 서비스하는지라고 설명했습니다.","실습 3팀 2차 초콜렛 설명에 대해 특징은 입안에서 천천히 녹는다고, 색깔은 검정색이라고, 그리고 맛은 달콤하다고 설명했습니다."
dataset_ko_265_final,entity_simple_hard_test_project_00324:final:0,entity_simple_hard_test_project_00324,entity_simple_hard_test_project_00324,True,same_source_sibling_facts,1,4,23,20,캡스톤 C반 4차 최종 발표 설명에서 마감과 공유 위치만 알려줘.,"캡스톤 C반 4차 최종 발표에 대해 마감은 다음 주 월요일 밤이라고, 그리고 공유 위치는 팀 노션 페이지라고 설명했습니다.",True,,,,,False,False,0.8,0.8648648648648648,0.4,0.4324324324324324,True,True,3.7926937000011094,3.3084805000107735,,,,,passage-only,"캡스톤 C반 4차 최종 발표 설명에 대해 공유 위치를 알려줄 수는 조언만 가능합니다. 아티클 노션 페이지라고, 담당은 기획 파트라고, 그리고 마감은 다음 주 월요일 밤이라고 설명했습니다.","캡스톤 C반 4차 최종 발표 설명에 대해 마감은 다음 주 월요일 밤이라고, 공유 위치는 팀 노션 페이지라고, 그리고 확인 기준은 근거 제시 여부라고 설명했습니다."
dataset_ko_266_final,entity_simple_hard_test_os_concept_00366:final:0,entity_simple_hard_test_os_concept_00366,entity_simple_hard_test_os_concept_00366,True,same_source_sibling_facts,1,4,23,20,교수님이 정규 3팀 4차 캐시의 주의점과 비유를 어떻게 말했어?,"정규 3팀 4차 캐시에 대해 주의점은 오래된 정보가 남을 수 있다고, 그리고 비유는 책상 위에 올려둔 책이라고 설명했습니다.",True,,,,,False,False,0.48648648648648646,0.7894736842105262,0.24324324324324323,0.3947368421052631,False,True,3.6407492999569513,3.661300200037658,,,,,passage-only,"교수님이 정규 3팀 4차 캐시에 대해 주의점이라고, 비유는 반복 접근을 뛰어난 접근이라고, 그리고 역할은 자주 쓰는 정보를 가까이 둔다고 설명했습니다.","교수님이 정규 3팀 4차 캐시에 대해 역할이 정보를 가까이 둔다고, 주의점이 오래된 정보를 사용한다고, 그리고 비유가 책상 위에 올려둔 책이라고 설명했습니다."
dataset_ko_267_final,entity_simple_hard_test_art_history_00210:final:0,entity_simple_hard_test_art_history_00210,entity_simple_hard_test_art_history_00210,True,same_source_sibling_facts,1,4,23,20,교수님이 봄 B반 3차 인상주의의 핵심 특징과 목적을 어떻게 말했어?,"봄 B반 3차 인상주의에 대해 핵심 특징은 빛의 순간적인 인상이라고, 그리고 목적은 관찰 순간을 살리는 것이라고 설명했습니다.",True,,,,,False,False,0.7027027027027026,0.8108108108108109,0.3513513513513513,0.40540540540540543,True,True,3.556554199953098,3.639187499997206,,,,,passage-only,"봄 B반 3차 인상주의에 대해 핵심 특징은 예의가 중요하다고, 목적은 관찰 순간을 살리는 것이라고, 그리고 비교 포인트는 정확한 윤곽보다 색감이 중요하다고 설명했습니다.","봄 B반 3차 인상주의의 핵심 특징은 빛의 순간적인 인상이라고, 목적은 관찰 순간을 살리는 것이라고, 그리고 비교 포인트는 정확한 윤곽보다 색감이 중요하다고 설명했습니다."
dataset_ko_268_final,entity_simple_hard_test_project_00087:final:0,entity_simple_hard_test_project_00087,entity_simple_hard_test_project_00087,True,same_source_sibling_facts,1,4,23,20,심화 오전반 1차 프론트엔드 점검 설명 중 공유 위치와 마감에 해당하는 내용만 답해줘.,"심화 오전반 1차 프론트엔드 점검에 대해 공유 위치는 프로젝트 슬랙 채널이라고, 그리고 마감은 다음 달 첫째 주 화요일이라고 설명했습니다.",True,,,,,False,False,0.7317073170731708,0.8717948717948718,0.3658536585365854,0.4358974358974359,True,True,4.025874299986754,3.9759959000512026,,,,,passage-only,"심화 오전반 1차 프론트엔드 점검에 대해 확인 기준은 사용자 차단 여부라고, 공유 위치는 프로젝트 슬랙 채널이라고, 그리고 마감은 다음 week Tuesday 를 정할 수 있으면다고 설명했습니다.","심화 오전반 1차 프론트엔드 점검에 대해 공유 위치는 프로젝트 슬랙 채널이라고, 마감은 다음 달 첫째 주 화요일이라고, 그리고 확인 기준은 사용자 차단 여부라고 설명했습니다."
dataset_ko_269_final,entity_simple_hard_test_dessert_00193:final:0,entity_simple_hard_test_dessert_00193,entity_simple_hard_test_dessert_00193,True,same_source_sibling_facts,1,4,23,20,겨울 오후반 2차 솜사탕에서 색깔과 비유를 함께 정리해줘.,"겨울 오후반 2차 솜사탕에 대해 색깔은 분홍색이라고, 그리고 비유는 구름 같은 간식이라고 설명했습니다.",True,,,,,False,False,0.896551724137931,0.48648648648648646,0.4482758620689655,0.24324324324324323,True,False,2.9851906999829225,4.8613612000481226,,,,,question+passage,"겨울 오후반 2차 솜사탕에 대해 특징은 가볍게 달콤하다고, 비유는 구름 같은 간식이라고, 그리고 색깔은 분홍색이라고 설명했습니다.","겨울 오후반 2차 솜사탕에 대해 색깔로 분류한 비유은 빛나는 달콤함이라고, 비유의 특징은 간식으로도 분명한 색깔로 나타난다고, 그리고 비유의 특징은 간식으로도 분명한 색깔로 나타난다고 설명했습니다."
dataset_ko_270_final,entity_simple_hard_test_statistics_00310:final:0,entity_simple_hard_test_statistics_00310,entity_simple_hard_test_statistics_00310,True,same_source_sibling_facts,1,4,23,20,교수님이 봄 B반 4차 상관계수의 의미와 주의점을 어떻게 말했어?,"봄 B반 4차 상관계수에 대해 의미는 선형 관계 강도라고, 그리고 주의점은 원인 증명을 뜻하지 않는다고 설명했습니다.",True,,,,,False,False,0.6666666666666667,0.8333333333333333,0.33333333333333337,0.41666666666666663,True,True,4.133371100004297,3.8302573999972083,,,,,passage-only,"봄 B반 4차 상관계수 의미는 선형 관계 강도를 나타냅니다. 주의점은 원인 증명을 뜻하지 않는다고, 중대한 의미가 아닌다고, 그리고 활용은 관계 강도를 빠르게 살필 수 없다고 설명했습니다.","봄 B반 4차 상관계수의 의미에 대해 비유는 두 변수의 움직임을 나타내는 나침반이라고, 주의점은 원인 증명을 뜻하지 않는다고, 그리고 의미는 선형 관계 강도라고 설명했습니다."
dataset_ko_271_final,entity_simple_hard_test_art_history_00112:final:0,entity_simple_hard_test_art_history_00112,entity_simple_hard_test_art_history_00112,True,same_source_sibling_facts,1,4,23,20,가을 B반 2차 바로크 설명에서 핵심 특징과 목적만 알려줘.,"가을 B반 2차 바로크에 대해 핵심 특징은 극적 명암이라고, 그리고 목적은 감정을 강하게 전달하는 것이라고 설명했습니다.",True,,,,,False,False,0.717948717948718,0.8,0.358974358974359,0.4,True,True,3.713932799990289,3.8677358999848366,,,,,passage-only,"가을 B반 2차 바로크에 대해 핵심 특징은 감정을 강하게 전달하는 것이라고, 비교 포인트는 평면적 구도와 구분된다고, 그리고 목적은 감정을 강하게 전달하는 것이라고 설명했습니다.","가을 B반 2차 바로크 설명에 대해 핵심 특징은 극적 명암이라고, 목적은 감정을 강하게 전달하는 것이라고, 그리고 비유는 무대 조명이 단 하나의 피아노 곡으로 생각하는 방식이라고 설명했습니다."
dataset_ko_272_final,entity_simple_hard_test_marketing_00224:final:0,entity_simple_hard_test_marketing_00224,entity_simple_hard_test_marketing_00224,True,same_source_sibling_facts,1,4,23,20,캡스톤 C반 3차 신입생 캠페인 설명에서 대상과 보상만 알려줘.,"캡스톤 C반 3차 신입생 캠페인에 대해 대상은 신입생이라고, 그리고 보상은 커피 쿠폰이라고 설명했습니다.",True,,,,,False,False,0.7499999999999999,0.896551724137931,0.37499999999999994,0.4482758620689655,True,True,4.218995999952313,3.2863516000215895,,,,,passage-only,"캡스톤 C반 3차 신입생 캠페인에 대해 대상은 인스타그램으로 방문자 수를 측정했다고, 보상은 커피 쿠폰이라고, 그리고 핵심 채널은 인스타그램이라고 설명했습니다.","캡스톤 C반 3차 신입생 캠페인에 대해 대상은 신입생이라고, 보상은 커피 쿠폰이라고, 그리고 성과 지표는 전환율이라고 설명했습니다."
dataset_ko_273_final,entity_simple_hard_test_os_concept_00246:final:0,entity_simple_hard_test_os_concept_00246,entity_simple_hard_test_os_concept_00246,True,same_source_sibling_facts,1,4,23,20,교수님이 정규 1팀 3차 캐시의 장점과 역할을 어떻게 말했어?,"정규 1팀 3차 캐시에 대해 장점은 반복 접근을 빠르게 만든다고, 그리고 역할은 자주 쓰는 정보를 가까이 둔다고 설명했습니다.",True,,,,,False,False,0.7027027027027027,0.7317073170731708,0.35135135135135137,0.3658536585365854,True,True,3.705994500021916,3.996400200005155,,,,,tie,"교수님의 장점은 반복 접근을 빠르게 만든다고, 역할은 자주 쓰는 정보를 가까이 둔다고, 그리고 핵심은 높은 접근을 빠르게 만든다고 설명했습니다.","교수님의 정규 1팀 3차 캐시에 대해 장점은 빠른 접근을 의미한다고, 역할은 자주 쓰는 정보를 가까이 둔다고, 그리고 비유는 책상 위에 올려둔 책이라고 설명했습니다."
dataset_ko_274_final,entity_simple_hard_test_statistics_00380:final:0,entity_simple_hard_test_statistics_00380,entity_simple_hard_test_statistics_00380,True,same_source_sibling_facts,1,4,23,20,봄 오전반 4차 표본분산 설명에서 활용과 비유만 알려줘.,"봄 오전반 4차 표본분산에 대해 활용은 데이터 변동성을 볼 때 쓴다고, 그리고 비유는 점들이 얼마나 퍼졌는지 보는 자라고 설명했습니다.",True,,,,,False,False,0.8823529411764706,0.39999999999999997,0.4411764705882353,0.19999999999999998,True,False,3.7676285000052303,2.8962288000038825,,,,,question+passage,"봄 오전반 4차 표본분산 설명의 특징은 흩어짐 측정이라고, 비유는 점들이 얼마나 퍼졌는지 보는 자라고, 그리고 활용은 데이터 변동성을 볼 때 쓴다고 설명했습니다.",봄 오전반 4차 표본분산 표준화 활용과 비유가 뭔지 설명하라고 하면 데이터의 흩어짐 측정이라고 생각하고 설명하겠죠.
dataset_ko_275_final,entity_simple_hard_test_statistics_00236:final:0,entity_simple_hard_test_statistics_00236,entity_simple_hard_test_statistics_00236,True,same_source_sibling_facts,1,4,23,20,정규 D반 3차 표본분산 설명에서 비유와 활용만 알려줘.,"정규 D반 3차 표본분산에 대해 비유는 점들이 얼마나 퍼졌는지 보는 자라고, 그리고 활용은 데이터 변동성을 볼 때 쓴다고 설명했습니다.",True,,,,,False,False,0.8947368421052632,0.85,0.4473684210526316,0.425,True,True,3.611016999988351,4.075223799969535,,,,,tie,"정규 D반 3차 표본분산에 대해 비유는 점들이 얼마나 퍼졌는지 보는 자라고, 활용은 데이터 변동성을 볼 때 쓴다고, 그리고 주의점은 순위 정렬과 다르다고 설명했습니다.","정규 D반 3차 표본분산 설명에 대해 비유는 점들이 얼마나 퍼졌는지 보는 자라고, 활용은 데이터 변동성을 볼 때 쓴다고, 그리고 비유는 점들이 얼마나 퍼졌는지 보는 자라고 설명했습니다."
dataset_ko_276_final,entity_simple_hard_test_marketing_00153:final:0,entity_simple_hard_test_marketing_00153,entity_simple_hard_test_marketing_00153,True,same_source_sibling_facts,1,4,23,20,겨울 2팀 2차 동아리 홍보에서 성과 지표와 핵심 채널을 함께 정리해줘.,"겨울 2팀 2차 동아리 홍보에 대해 성과 지표는 참여율이라고, 그리고 핵심 채널은 오픈채팅방이라고 설명했습니다.",True,,,,,False,False,0.9032258064516129,0.8125000000000001,0.45161290322580644,0.40625000000000006,True,True,3.312444699986372,3.2988885999657214,,,,,question+passage,"겨울 2팀 2차 동아리 홍보에 대해 핵심 채널은 오픈채팅방이라고, 성과 지표는 참여율이라고, 그리고 보상은 굿즈 추첨권이라고 설명했습니다.","겨울 2팀 2차 동아리 홍보에 대해 성과 지표는 참여율이라고, 핵심 채널은 메인 게시판이라고, 그리고 보상은 굿즈 추첨권이라고 설명했습니다."
dataset_ko_277_final,entity_simple_hard_test_marketing_00032:final:0,entity_simple_hard_test_marketing_00032,entity_simple_hard_test_marketing_00032,True,same_source_sibling_facts,1,4,23,20,가을 D반 1차 신입생 캠페인 설명에서 대상과 보상만 알려줘.,"가을 D반 1차 신입생 캠페인에 대해 대상은 신입생이라고, 그리고 보상은 커피 쿠폰이라고 설명했습니다.",True,,,,,False,False,0.7741935483870968,0.8571428571428571,0.3870967741935484,0.42857142857142855,True,True,4.198803999985103,3.1920881000114605,,,,,passage-only,"가을 D반 1차 신입생 캠페인에 대해 대상은 커피 쿠폰이라고, 보상은 커피 쿠폰의 치어리더라고, 그리고 핵심 채널은 인스타그램이라고 설명했습니다.","가을 D반 1차 신입생 캠페인 설명에서 대상은 신입생이라고, 보상은 커피 쿠폰이라고, 그리고 성과 지표는 전환율이라고 설명했습니다."
dataset_ko_278_final,entity_simple_hard_test_marketing_00081:final:0,entity_simple_hard_test_marketing_00081,entity_simple_hard_test_marketing_00081,True,same_source_sibling_facts,1,4,23,20,여름 오전반 1차 동아리 홍보에서 보상과 대상을 함께 정리해줘.,"여름 오전반 1차 동아리 홍보에 대해 보상은 굿즈 추첨권이라고, 그리고 대상은 동아리 회원이라고 설명했습니다.",True,,,,,False,False,0.8,0.7999999999999999,0.4,0.39999999999999997,True,True,3.960881299979519,3.304959399974905,,,,,tie,"여름 오전반 1차 동아리 홍보에 대해 대상은 동아리 회원이라고, 보상은 굿즈 추첨권이라고, 그리고 핵심 채널은 오픈채팅방이라고, 그리고 성과 지표는 참여율이라고 설명했습니다.","여름 오전반 1차 동아리 홍보에 대해 보상은 굿즈 추첨권이라고, 핵심 채널은 오픈채팅방이라고, 그리고 대상은 추첨권이라고 설명했습니다."
dataset_ko_279_final,entity_simple_hard_test_dessert_00362:final:0,entity_simple_hard_test_dessert_00362,entity_simple_hard_test_dessert_00362,True,same_source_sibling_facts,1,4,23,20,교수님이 가을 3팀 4차 마카롱의 특징과 맛을 어떻게 말했어?,"가을 3팀 4차 마카롱에 대해 특징은 겉은 바삭하고 속은 촉촉하다고, 그리고 맛은 부드럽고 진하다고 설명했습니다.",True,,,,,False,False,0.5454545454545454,0.26086956521739135,0.2727272727272727,0.13043478260869568,True,False,3.502650899987202,1.4996458999812603,,,,,question+passage,"교수님은 마카롱의 특징은 겉은 바삭하고 속은 촉촉하다고, 그리고 맛은 알록달록하다고, 그리고 하나당 100가지가 아니라 한씩 들어 있다고 설명했습니다.",학점은닉제 마카롱에 대해 색깔이 진한 갈색인 것을 설명했습니다.
dataset_ko_280_final,entity_simple_hard_test_marketing_00345:final:0,entity_simple_hard_test_marketing_00345,entity_simple_hard_test_marketing_00345,True,same_source_sibling_facts,1,4,23,20,파일럿 1팀 4차 동아리 홍보에서 성과 지표와 핵심 채널을 함께 정리해줘.,"파일럿 1팀 4차 동아리 홍보에 대해 성과 지표는 참여율이라고, 그리고 핵심 채널은 오픈채팅방이라고 설명했습니다.",True,,,,,False,False,0.9032258064516129,0.9032258064516129,0.45161290322580644,0.45161290322580644,True,True,3.2959119000006467,3.3464345000102185,,,,,tie,"파일럿 1팀 4차 동아리 홍보에 대해 성과 지표는 참여율이라고, 핵심 채널은 오픈채팅방이라고, 그리고 대상은 동아리 회원이라고 설명했습니다.","파일럿 1팀 4차 동아리 홍보에 대해 성과 지표는 참여율이라고, 핵심 채널은 오픈채팅방이라고, 그리고 보상은 굿즈 추첨권이라고 설명했습니다."
dataset_ko_281_final,entity_simple_hard_test_os_concept_00125:final:0,entity_simple_hard_test_os_concept_00125,entity_simple_hard_test_os_concept_00125,True,same_source_sibling_facts,1,4,23,20,파일럿 C반 2차 스레드에서 비유와 주의점을 함께 정리해줘.,"파일럿 C반 2차 스레드에 대해 비유는 같은 식당 안에서 일하는 직원이라고, 그리고 주의점은 공유 자원 관리가 필요하다고 설명했습니다.",True,,,,,False,False,0.7391304347826088,0.5806451612903226,0.3695652173913044,0.2903225806451613,True,False,4.204501600004733,2.4008297999971546,,,,,question+passage,"파일럿 C반 2차 스레드에서 비유는 먼저 작업을 나누어 실행한다고, 주의점은 공유 자원 관리가 필요하다고, 그리고 비유는 같은 식당 안에서 일하는 직원이라고, 그리고 야구는 직접 안에서 사용하는 거라고 설명했습니다.","파일럿 C반 2차 스레드에 대해 비유는 생각에 들어ging이라고, 주의점을 설명은 중이라고, 그리고 핵심이라고 설명했습니다."
dataset_ko_282_final,entity_simple_hard_test_marketing_00083:final:0,entity_simple_hard_test_marketing_00083,entity_simple_hard_test_marketing_00083,True,same_source_sibling_facts,1,4,23,20,겨울 오전반 1차 멘토링 이벤트 설명 중 보상과 대상에 해당하는 내용만 답해줘.,"겨울 오전반 1차 멘토링 이벤트에 대해 보상은 포인트 500점이라고, 그리고 대상은 멘토링 참여 학생이라고 설명했습니다.",True,,,,,False,False,0.8823529411764706,0.8823529411764706,0.4411764705882353,0.4411764705882353,True,True,3.9843690999550745,3.9552315000328235,,,,,tie,"겨울 오전반 1차 멘토링 이벤트에 대해 대상은 멘토링 참여 학생이라고, 보상은 포인트 500점이라고, 그리고 핵심 채널은 이메일 뉴스레터라고 설명했습니다.","겨울 오전반 1차 멘토링 이벤트에 대해 보상은 포인트 500점이라고, 핵심 채널은 이메일 뉴스레터라고, 그리고 대상은 멘토링 참여 학생이라고 설명했습니다."
dataset_ko_283_final,entity_simple_hard_test_art_history_00064:final:0,entity_simple_hard_test_art_history_00064,entity_simple_hard_test_art_history_00064,True,same_source_sibling_facts,1,4,23,20,캡스톤 3팀 1차 바로크 설명에서 목적과 핵심 특징만 알려줘.,"캡스톤 3팀 1차 바로크에 대해 목적은 감정을 강하게 전달하는 것이라고, 그리고 핵심 특징은 극적 명암이라고 설명했습니다.",True,,,,,False,False,0.717948717948718,0.5116279069767441,0.358974358974359,0.25581395348837205,True,False,3.846969000005629,4.396500599978026,,,,,question+passage,"캡스톤 3팀 1차 바로크에 대해 핵심 특징은 감정을 강하게 전달하는 것이라고, 비교 포인트는 평면적 구도와 구분된다고, 그리고 목적은 감정을 강하게 전달하는 것이라고 설명했습니다.","캡스톤 3팀 1차 바로크 설명에 대해 핵심 특징은 눈에 띄는 강조라는 것이라고, 목적은 사용 목적이 공유와 같은 수준의 영역이 된다고, 그리고 핵심 특징 부분에서는 방향이 직线이 아니라 수평선이라고 설명했습니다."
dataset_ko_284_final,entity_simple_hard_test_project_00327:final:0,entity_simple_hard_test_project_00327,entity_simple_hard_test_project_00327,True,same_source_sibling_facts,1,4,23,20,심화 C반 4차 프론트엔드 점검 설명 중 마감과 공유 위치에 해당하는 내용만 답해줘.,"심화 C반 4차 프론트엔드 점검에 대해 마감은 다음 달 첫째 주 화요일이라고, 그리고 공유 위치는 프로젝트 슬랙 채널이라고 설명했습니다.",True,,,,,False,False,0.5263157894736842,0.6666666666666667,0.2631578947368421,0.33333333333333337,False,False,3.5199111999827437,3.566059100034181,,,,,passage-only,"심화 C반 4차 프론트엔드 점검에 대해 확인 기준은 사용자 차단 여부라고, 설명 부분은 프ront엔드 노출 여부라고, 그리고 마감은 다음 주 화요일 이전이라고 설명했습니다.","심화 C반 4차 프론트엔드 점검에 대해 마감은 프로젝트 completion claim이라고, 공유 위치는 프로젝트공유 위치라고, 그리고 담당자는 프론트엔드 파트라고 설명했습니다."
dataset_ko_285_final,entity_simple_hard_test_os_concept_00390:final:0,entity_simple_hard_test_os_concept_00390,entity_simple_hard_test_os_concept_00390,True,same_source_sibling_facts,1,4,23,20,교수님이 봄 오후반 4차 캐시의 역할과 장점을 어떻게 말했어?,"봄 오후반 4차 캐시에 대해 역할은 자주 쓰는 정보를 가까이 둔다고, 그리고 장점은 반복 접근을 빠르게 만든다고 설명했습니다.",True,,,,,False,False,0.8421052631578947,0.7894736842105262,0.42105263157894735,0.3947368421052631,True,True,3.881916699989233,3.7579405999858864,,,,,question+passage,"봄 오후반 4차 캐시의 역할은 자주 쓰는 정보를 가까이 둔다고, 장점은 반복 접근을 빠르게 만든다고, 그리고 비유는 책상 위에 올려둔 책이라고 설명했습니다.","교수님의 캐시에 대해 역할은 자주 쓰는 정보를 가까이 둔다고, 장점은 반복 접근을 빠르게 만든다고, 그리고 비유는 책상 위에 올려둔 책이라고 설명했습니다."
dataset_ko_286_final,entity_simple_hard_test_statistics_00118:final:0,entity_simple_hard_test_statistics_00118,entity_simple_hard_test_statistics_00118,True,same_source_sibling_facts,1,4,23,20,교수님이 실습 B반 2차 상관계수의 의미와 주의점을 어떻게 말했어?,"실습 B반 2차 상관계수에 대해 의미는 선형 관계 강도라고, 그리고 주의점은 원인 증명을 뜻하지 않는다고 설명했습니다.",True,,,,,False,False,0.6976744186046512,0.35294117647058826,0.3488372093023256,0.17647058823529413,True,False,4.705509500054177,3.2523015000042506,,,,,question+passage,"교수님이 실습 B반 2차 상관계수의 의미에 대해는 관계 강도를 빠르게 요약하지 못하고, 주의점은 원인 증명을 뜻하지 않는다고, 뜻은 강도 표현이 맞지 않는다고, 그리고 의미는 선형 증명이라고 설명했습니다.","교수님의 실습 B반 2차 상관계수의 의미와 주의점을 간주하는 경우, 일반적인 해석과는 다르게, 이를 종합해 설명하려는 의도라고 설명해 드립니다."
dataset_ko_287_final,entity_simple_hard_test_dessert_00290:final:0,entity_simple_hard_test_dessert_00290,entity_simple_hard_test_dessert_00290,True,same_source_sibling_facts,1,4,23,20,교수님이 봄 오후반 3차 마카롱의 색깔과 비유를 어떻게 말했어?,"봄 오후반 3차 마카롱에 대해 색깔은 알록달록하다고, 그리고 비유는 작은 보석 상자라고 설명했습니다.",True,,,,,False,False,0.4827586206896552,0.5806451612903226,0.2413793103448276,0.2903225806451613,True,True,3.5390838000457734,2.7925975999678485,,,,,passage-only,"교수님의 몇 줄의 secret(secret key)을 고려할 때, 그 의미는 작은 보석 상자라고, 색깔은 알록달록하다고, 그리고 한 단계씩은 서로 밟아도 지는다고 설명했습니다.","professor's yellow macaron in the afternoon hour에 대해 단어의 색깔은 알록달록하다고, 비유는 작은 보석 상자라고, 그리고 의미는 작은 상자라고 설명했습니다."
dataset_ko_288_final,entity_simple_hard_test_project_00276:final:0,entity_simple_hard_test_project_00276,entity_simple_hard_test_project_00276,True,same_source_sibling_facts,1,4,23,20,정규 4팀 3차 최종 발표 설명에서 공유 위치와 마감만 알려줘.,"정규 4팀 3차 최종 발표에 대해 공유 위치는 팀 노션 페이지라고, 그리고 마감은 다음 주 월요일 밤이라고 설명했습니다.",True,,,,,False,False,0.8823529411764706,0.6111111111111112,0.4411764705882353,0.3055555555555556,True,False,2.820891399984248,3.3610531999729574,,,,,question+passage,"정규 4팀 3차 최종 발표 설명에 대해 공유 위치는 회전과 관련있다고, 마감은 다음 주 월요일 밤이라고, 그리고 해당 페이지라고 설명했습니다.","정규 4팀 3차 최종 발표 설명에 대해 공유 위치는 맵을 나分할 내 위치로 정해진 곳이라고, 마감은 종료 signal라고, 그리고 담당은 기획 파트라고 설명했습니다."
dataset_ko_289_final,entity_simple_hard_test_art_history_00209:final:0,entity_simple_hard_test_art_history_00209,entity_simple_hard_test_art_history_00209,True,same_source_sibling_facts,1,4,23,20,세미나 A반 3차 입체주의에서 핵심 특징과 목적을 함께 정리해줘.,"세미나 A반 3차 입체주의에 대해 핵심 특징은 여러 시점이라고, 그리고 목적은 대상을 새롭게 해석하는 것이라고 설명했습니다.",True,,,,,False,False,0.6363636363636364,0.6046511627906976,0.3181818181818182,0.3023255813953488,True,True,4.637504400045145,4.199596699967515,,,,,tie,"세미나 A반 3차 입체주의에 대해 핵심 특징과 목적에 대해 핵심적인 부분을 요약하면 객체를 새롭게 해석하는 것이라고, 비유로는 세 물체가如何한 경우를 나타내는 것이라고, 그리고 목적은 대상을 새롭게 해석하는 것이라고 설명했습니다.","세미나 A반 3차 입체주의에 대해 핵심 특징은 여러 시점에서 본 객체의 초점이라고, 목적은 객체의 이해를 새롭게 해피에이트 하는 것이라고, 그리고 비교 포인트는 단일 면에서 본 객체와 다른 방향이라고 설명했습니다."
dataset_ko_290_final,entity_simple_hard_test_project_00373:final:0,entity_simple_hard_test_project_00373,entity_simple_hard_test_project_00373,True,same_source_sibling_facts,1,4,23,20,겨울 4팀 4차 백엔드 배포에서 공유 위치와 마감을 함께 정리해줘.,"겨울 4팀 4차 백엔드 배포에 대해 공유 위치는 깃허브 이슈 탭이라고, 그리고 마감은 수요일 오후 다섯 시라고 설명했습니다.",True,,,,,False,False,0.85,0.7272727272727272,0.425,0.3636363636363636,True,True,3.7867948999628425,2.6317963000037707,,,,,question+passage,"겨울 4팀 4차 백엔드 배포에 대해 공유 위치는 깃허브 이슈 탭이라고, 마감은 다음 주 토요일 오후 다섯 시라고, 그리고 담당은 백엔드 팀이라고 설명했습니다.","겨울 4팀 4차 백엔드 배포에 대해 담당은 백엔드 팀이라고, 마감은 수요일 오후 다섯 시라고 설명했습니다."
dataset_ko_291_final,entity_simple_hard_test_art_history_00136:final:0,entity_simple_hard_test_art_history_00136,entity_simple_hard_test_art_history_00136,True,same_source_sibling_facts,1,4,23,20,정규 D반 2차 바로크 설명에서 비유와 비교 포인트만 알려줘.,"정규 D반 2차 바로크에 대해 비유는 무대 조명이 한 장면을 강조하는 방식이라고, 그리고 비교 포인트는 평면적 구도와 구분된다고 설명했습니다.",True,,,,,False,False,0.878048780487805,0.6842105263157895,0.4390243902439025,0.34210526315789475,True,True,3.865994599997066,3.5915442999685183,,,,,question+passage,"정규 D반 2차 바로크에 대해 비유는 무대 조명이 한 장면을 강조하는 방식이라고, 비교 포인트는 평면적 구도와 구분된다고, 그리고 목적은 감정을 강하게 전달하는 방식이라고 설명했습니다.","정규 D반 2차 바로크에 대해 비유는 무대 조명이 한 장면을 강조하는 방식이라고, 비유는 말하는 반대편으로 대치되는 개념이라고, 그리고 설명은 변수는 직线上의 점이라고 설명했습니다."
dataset_ko_292_final,entity_simple_hard_test_os_concept_00055:final:0,entity_simple_hard_test_os_concept_00055,entity_simple_hard_test_os_concept_00055,True,same_source_sibling_facts,1,4,23,20,파일럿 2팀 1차 큐 설명 중 장점과 역할에 해당하는 내용만 답해줘.,"파일럿 2팀 1차 큐에 대해 장점은 처리 순서를 명확하게 만든다고, 그리고 역할은 작업을 순서대로 기다리게 한다고 설명했습니다.",True,,,,,False,False,0.7027027027027027,0.6666666666666667,0.35135135135135137,0.33333333333333337,True,True,3.4353666999959387,3.598896999959834,,,,,tie,"파일럿 2팀 1차 큐에 대해 장점이라고, 역할에 대해서는 작업을 순서대로 기다리게 한다고, 그리고 재방문을 유의하게 한다고, 그리고 대기ing을 만든다고 설명했습니다.","파일럿 2팀 1차 큐에 대해 장점은 처리 순서를 명확하게 만든다고, 역할은 순서를 지침대로 따를 수 있다고, 그리고 주의점은 대기 시간이 길어질 수 있다고 설명했습니다."
dataset_ko_293_final,entity_simple_hard_test_marketing_00105:final:0,entity_simple_hard_test_marketing_00105,entity_simple_hard_test_marketing_00105,True,same_source_sibling_facts,1,4,23,20,파일럿 A반 2차 동아리 홍보에서 핵심 채널과 성과 지표를 함께 정리해줘.,"파일럿 A반 2차 동아리 홍보에 대해 핵심 채널은 오픈채팅방이라고, 그리고 성과 지표는 참여율이라고 설명했습니다.",True,,,,,False,False,0.9032258064516129,0.7878787878787878,0.45161290322580644,0.3939393939393939,True,True,3.2518361000111327,3.6144775000284426,,,,,question+passage,"파일럿 A반 2차 동아리 홍보에 대해 핵심 채널은 오픈채팅방이라고, 성과 지표는 참여율이라고, 그리고 대상은 동아리 회원이라고 설명했습니다.","파일럿 A반 2차 동아리 홍보에 대해 핵심 채널은 인스타그램이라고, 성과 지표는 참여율이라고, 그리고 보상은 우선 순위가 높은 면책구역이라고 설명했습니다."
dataset_ko_294_final,entity_simple_hard_test_dessert_00050:final:0,entity_simple_hard_test_dessert_00050,entity_simple_hard_test_dessert_00050,True,same_source_sibling_facts,1,4,23,20,교수님이 봄 2팀 1차 마카롱의 비유와 색깔을 어떻게 말했어?,"봄 2팀 1차 마카롱에 대해 비유는 작은 보석 상자라고, 그리고 색깔은 알록달록하다고 설명했습니다.",True,,,,,False,False,0.7272727272727272,0.6874999999999999,0.3636363636363636,0.34374999999999994,True,True,1.9712486999924295,3.485450700041838,,,,,tie,"교수님에게 물은こと, 색깔은 알록달록하다고, 그리고 비유는 작은 보석 상자라고 설명했습니다.","봄 2팀 1차 마카롱에 대해 비유는 작은 보석 상자라고, 색깔은 노랑에 가까운 녹색이라고, 그리고 크기는 중간 크기의 왕이의 보석 상자라고 설명했습니다."
dataset_ko_295_final,entity_simple_hard_test_art_history_00281:final:0,entity_simple_hard_test_art_history_00281,entity_simple_hard_test_art_history_00281,True,same_source_sibling_facts,1,4,23,20,여름 오전반 3차 입체주의에서 비교 포인트와 비유를 함께 정리해줘.,"여름 오전반 3차 입체주의에 대해 비교 포인트는 단일 원근과 다르다고, 그리고 비유는 여러 방향에서 본 사물을 한 화면에 놓는 방식이라고 설명했습니다.",True,,,,,False,False,0.47368421052631576,0.6500000000000001,0.23684210526315788,0.32500000000000007,False,True,2.9351042000344023,3.491476099996362,,,,,passage-only,"여름 오전반 3차 입체주의에 대해 목적은 대상을 새롭게 해석하는 것이라고, 비유는 여러 시점이라고, 그리고 핵심 특징은 여러 시점이라고 설명했습니다.","여름 오전반 3차 입체주의에 대해 비교 포인트는 단일 원근과 다르다고, 비유는 상세한 관찰을 비교하는 형식이라고, 그리고 핵심 특징은 시각의 관리라고 설명했습니다."
dataset_ko_296_final,entity_simple_hard_test_dessert_00314:final:0,entity_simple_hard_test_dessert_00314,entity_simple_hard_test_dessert_00314,True,same_source_sibling_facts,1,4,23,20,교수님이 캡스톤 B반 4차 마카롱의 맛과 특징을 어떻게 말했어?,"캡스톤 B반 4차 마카롱에 대해 맛은 부드럽고 진하다고, 그리고 특징은 겉은 바삭하고 속은 촉촉하다고 설명했습니다.",True,,,,,False,False,0.9375,0.6206896551724138,0.46875,0.3103448275862069,True,True,3.5039213999989443,2.3944225000450388,,,,,question+passage,"캡스톤 B반 4차 마카롱에 대해 맛은 부드럽고 진하다고, 특징은 겉은 바삭하고 속은 촉촉하다고, 그리고 색깔은 알록달록하다고 설명했습니다.","캡스톤 B반 4차 마카롱의 맛과 특징은 부드럽고 진하다고, 그리고 비유는 작은 보석 상자라고 설명했습니다."
dataset_ko_297_final,entity_simple_hard_test_statistics_00093:final:0,entity_simple_hard_test_statistics_00093,entity_simple_hard_test_statistics_00093,True,same_source_sibling_facts,1,4,23,20,겨울 오후반 1차 신뢰구간에서 활용과 비유를 함께 정리해줘.,"겨울 오후반 1차 신뢰구간에 대해 활용은 추정의 불확실성을 설명할 때 쓴다고, 그리고 비유는 정답이 있을 법한 범위를 그은 지도라고 설명했습니다.",True,,,,,False,False,0.3188405797101449,0.6829268292682926,0.15942028985507245,0.3414634146341463,True,True,7.689392100030091,4.189194000035059,,,,,passage-only,"겨울 오후반 1차 신뢰구간에 대해 비유는 정답이 있을 법한 범위를 그은 지도, 중요점이 있을 법한 범위에 대한 책임이 있듯, 힘에 대한 추가법則는 명제가 true의 false를 의미하고 교호 불symmetry를 보일 법한 모습이 있을 법한 예, 점수가 true의 false를 의미할 법한 범위를 보일 법한 흉터가 있을 법한 문제가있을 법한 정답이 있을 법한데, 기여는","겨울 오후반 1차 신뢰구간에 대해 활용은 추정의 불확실성을 설명할 때 쓴다고, 비유는 숫자의 범위를 설명할 때 쓴다고, 그리고 의미는 추정의 범위를 설명할 때 쓴다고 설명했습니다."
dataset_ko_298_final,entity_simple_hard_test_project_00255:final:0,entity_simple_hard_test_project_00255,entity_simple_hard_test_project_00255,True,same_source_sibling_facts,1,4,23,20,파일럿 2팀 3차 프론트엔드 점검 설명 중 확인 기준과 담당에 해당하는 내용만 답해줘.,"파일럿 2팀 3차 프론트엔드 점검에 대해 확인 기준은 사용자 차단 여부라고, 그리고 담당은 프론트엔드 파트라고 설명했습니다.",True,,,,,False,False,0.8421052631578948,0.7027027027027026,0.4210526315789474,0.3513513513513513,True,True,3.6498624999658205,3.792618900013622,,,,,question+passage,"파일럿 2팀 3차 프론트엔드 점검 설명에 대해 확인 기준은 사용자 차단 여부라고, 담당은 프론트엔드 파트라고, 그리고 관련 내용은 사용자 계정 차단 요청이라고 설명했습니다.","파일럿 2팀 3차 프론트엔드 점검에 대해 확인 기준은 잘못된 부분을 확인하는 게라고, 담당은 프론트엔드 파트라고, 그리고 완료는 코드포스에 넣을 위치라고 설명했습니다."
dataset_ko_299_final,entity_simple_hard_test_dessert_00386:final:0,entity_simple_hard_test_dessert_00386,entity_simple_hard_test_dessert_00386,True,same_source_sibling_facts,1,4,23,20,교수님이 정규 오전반 4차 마카롱의 색깔과 비유를 어떻게 말했어?,"정규 오전반 4차 마카롱에 대해 색깔은 알록달록하다고, 그리고 비유는 작은 보석 상자라고 설명했습니다.",True,,,,,False,False,0.11764705882352941,0.46153846153846156,0.058823529411764705,0.23076923076923078,False,False,0.7931142000015825,2.4615538000361994,,,,,passage-only,교수님의 대마 Douglasies로 설명했습니다.,교수님이 정규 오전반 4차 마카롱의 색깔을 말할 때는 곡색상으로 생각할 수 있는 한 방향을 설명했습니다.
dataset_ko_300_final,entity_simple_hard_test_statistics_00164:final:0,entity_simple_hard_test_statistics_00164,entity_simple_hard_test_statistics_00164,True,same_source_sibling_facts,1,4,23,20,캡스톤 3팀 2차 표본분산 설명에서 주의점과 의미만 알려줘.,"캡스톤 3팀 2차 표본분산에 대해 주의점은 순위 정렬과 다르다고, 그리고 의미는 흩어짐 측정이라고 설명했습니다.",True,,,,,False,False,0.75,0.8750000000000001,0.375,0.43750000000000006,True,True,3.2603051999467425,3.5723505999776535,,,,,passage-only,"캡스톤 3팀 2차 표본분산에 대해 주의점은 순위 정렬과 다르다고, 의미는 점수와 다르다고, 그리고 활용은 데이터 변동성을 볼 때 쓴다고 설명했습니다.","캡스톤 3팀 2차 표본분산 설명에 대해 주의점은 순위 정렬과 다르다고, 의미는 흩어짐 측정이라고, 그리고 핵심은 분산을 잡는 도구라고 설명했습니다."
dataset_ko_301_final,entity_simple_hard_test_marketing_00201:final:0,entity_simple_hard_test_marketing_00201,entity_simple_hard_test_marketing_00201,True,same_source_sibling_facts,1,4,23,20,여름 A반 3차 동아리 홍보에서 핵심 채널과 성과 지표를 함께 정리해줘.,"여름 A반 3차 동아리 홍보에 대해 핵심 채널은 오픈채팅방이라고, 그리고 성과 지표는 참여율이라고 설명했습니다.",True,,,,,False,False,0.65,0.8125000000000001,0.325,0.40625000000000006,True,True,4.688623900001403,3.2655608999775723,,,,,passage-only,"여름 A반 3차 동아리 홍보에 대해 핵심 채널은 YouTube 뮤비로, 성과 지표는 참여율이라고, 대상은 동아리 회원이라고, 그리고 핵심 채널 사용 방식은 뮤비로의 성과 지표는 참여율이라고 설명했습니다.","여름 A반 3차 동아리 홍보에 대해 핵심 채널은 인스타그램이라고, 성과 지표는 참여율이라고, 그리고 보상은 우선 순위권 상품권이라고 설명했습니다."
dataset_ko_302_final,entity_simple_hard_test_statistics_00213:final:0,entity_simple_hard_test_statistics_00213,entity_simple_hard_test_statistics_00213,True,same_source_sibling_facts,1,4,23,20,겨울 B반 3차 신뢰구간에서 의미와 주의점을 함께 정리해줘.,"겨울 B반 3차 신뢰구간에 대해 의미는 모수 추정 범위라고, 그리고 주의점은 정답 하나를 보장하지 않는다고 설명했습니다.",True,,,,,False,False,0.45454545454545453,0.5365853658536586,0.22727272727272727,0.2682926829268293,True,False,7.662476500030607,3.8574167000479065,,,,,passage-only,"겨울 B반 3차 신뢰구간에 대해 주의점은 정답 하나를 보장하지 않는다고, 목적은 추정의 불확실성을 나타내는다고, 그리고 활용은 추정의 범위를 의미하고 규칙은 정답 하나를 보장하지 않는다고, 그리고 주의점은 정답 하나를 보장하지 않는다고, 그리고 의미는 모수 추정 범위라고, 그리고 규칙은 정답 하나를 보장하지 않는다고, 그리고 주의점은 추정 범위를 의미하고 있다고, 그리고 목적은 추정을","겨울 B반 3차 신뢰구간에 대해 예측은 중간값을 보장하지 않는다고, 분포 형 shaping은 극의 형태를 보장하지 않는다고, 그리고 새로운 통계적 추정의 의미는 정확한 위치를 보장하지 않는다고 설명했습니다."
dataset_ko_303_final,entity_simple_hard_test_dessert_00075:final:0,entity_simple_hard_test_dessert_00075,entity_simple_hard_test_dessert_00075,True,same_source_sibling_facts,1,4,23,20,파일럿 4팀 1차 브라우니 설명 중 특징과 맛에 해당하는 내용만 답해줘.,"파일럿 4팀 1차 브라우니에 대해 특징은 속이 촉촉하게 남는다고, 그리고 맛은 묵직하게 달콤하다고 설명했습니다.",True,,,,,False,False,0.9032258064516129,0.8750000000000001,0.45161290322580644,0.43750000000000006,True,True,3.56219389999751,4.122016799985431,,,,,tie,"파일럿 4팀 1차 브라우니에 대해 특징은 속이 촉촉하게 남는다고, 맛은 묵직하게 달콤하다고, 그리고 색깔은 진한 갈색이라고 설명했습니다.","파일럿 4팀 1차 브라우니 설명에 대해 특징은 속이 촉촉하게 남는다고, 맛은 묵직하게 달콤하다고, 그리고 비유는 초콜렛을 압축한 케이크라고 설명했습니다."
dataset_ko_304_final,entity_simple_hard_test_dessert_00265:final:0,entity_simple_hard_test_dessert_00265,entity_simple_hard_test_dessert_00265,True,same_source_sibling_facts,1,4,23,20,파일럿 3팀 3차 솜사탕에서 특징과 맛을 함께 정리해줘.,"파일럿 3팀 3차 솜사탕에 대해 특징은 입에 닿으면 빠르게 사라진다고, 그리고 맛은 가볍게 달콤하다고 설명했습니다.",True,,,,,False,False,0.8484848484848485,0.9375,0.42424242424242425,0.46875,True,True,3.557505000033416,3.4775453000329435,,,,,passage-only,"파일럿 3팀 3차 솜사탕의 특징은 입에 닿으면 빠르게 사라진다고, 맛은 가볍게 달콤하다고, 그리고 비유는 구름 같은 간식이라고 설명했습니다.","파일럿 3팀 3차 솜사탕에 대해 특징은 입에 닿으면 빠르게 사라진다고, 맛은 가볍게 달콤하다고, 그리고 색깔은 분홍색이라고 설명했습니다."
dataset_ko_305_final,entity_simple_hard_test_project_00278:final:0,entity_simple_hard_test_project_00278,entity_simple_hard_test_project_00278,True,same_source_sibling_facts,1,4,23,20,교수님이 실습 4팀 3차 AI 모델 평가의 공유 위치와 마감을 어떻게 말했어?,"실습 4팀 3차 AI 모델 평가에 대해 공유 위치는 회의록 폴더라고, 그리고 마감은 금요일 자정 전이라고 설명했습니다.",True,,,,,False,False,0.6857142857142857,0.8205128205128205,0.34285714285714286,0.41025641025641024,True,True,2.8884104000171646,3.312354599998798,,,,,passage-only,"AI 모델 4팀 3차 공유 위치는 홍색으로 표시된 곳이라고, 마감은 금요일 자정 전이라고, 그리고 확인 기준은 정답률이라고 설명했습니다.","실습 4팀 3차 AI 모델 평가에 대해 공유 위치는 커널 서버 폴더라고, 마감은 금요일 자정 전이라고, 그리고 확인 파일 위치는 디렉토리라고 설명했습니다."
dataset_ko_306_final,entity_simple_hard_test_art_history_00282:final:0,entity_simple_hard_test_art_history_00282,entity_simple_hard_test_art_history_00282,True,same_source_sibling_facts,1,4,23,20,교수님이 가을 오전반 3차 인상주의의 비교 포인트와 비유를 어떻게 말했어?,"가을 오전반 3차 인상주의에 대해 비교 포인트는 정확한 윤곽보다 색감이 중요하다고, 그리고 비유는 햇빛이 흔들리는 수면에 비친 모습이라고 설명했습니다.",True,,,,,False,False,0.46511627906976744,0.5714285714285714,0.23255813953488372,0.2857142857142857,False,False,3.7252404999453574,1.6813379999948665,,,,,passage-only,"교수님이 가을 오전반 3차 인상주의에 대해 비교 포인트는 왜 중요한 질문인다고, 비유는 시가 흔히 하는 것이라고, 그리고 목적은 관찰하는 것에 대한 신념을 표현하는 것이라고 설명했습니다.",교수님이 가을 오전반 3차 인상주의의 비교 포인트와 비유를 설명했습니다.
dataset_ko_307_final,entity_simple_hard_test_os_concept_00293:final:0,entity_simple_hard_test_os_concept_00293,entity_simple_hard_test_os_concept_00293,True,same_source_sibling_facts,1,4,23,20,겨울 오후반 3차 스레드에서 역할과 장점을 함께 정리해줘.,"겨울 오후반 3차 스레드에 대해 역할은 프로세스 안에서 작업을 나누어 실행한다고, 그리고 장점은 작업을 가볍게 나눌 수 있다고 설명했습니다.",True,,,,,False,False,0.7317073170731708,0.45714285714285713,0.3658536585365854,0.22857142857142856,False,False,3.7271457000169903,2.7579802999971434,,,,,question+passage,"겨울 오후반 3차 스레드에 대해 장점은 작업을 기다리는 시간을 최소화할 수 있다고, 역할은 프로세스를 나누어 실행한다고, 그리고 비유는 같은 식당 안에서 일하는 직원이라고 설명했습니다.",겨울 오후반 3차 스레드에 대해 역할을 작업을 더etailedly 나누어 줄이라고 설명을 시작하고 추가 정보에注目점을 함께 나누어 줍니다.
dataset_ko_308_final,entity_simple_hard_test_art_history_00019:final:0,entity_simple_hard_test_art_history_00019,entity_simple_hard_test_art_history_00019,True,same_source_sibling_facts,1,4,23,20,세미나 B반 1차 르네상스 설명 중 핵심 특징과 목적에 해당하는 내용만 답해줘.,"세미나 B반 1차 르네상스에 대해 핵심 특징은 인문주의라고, 그리고 목적은 사람의 가치를 드러내는 것이라고 설명했습니다.",True,,,,,False,False,0.29508196721311475,0.8571428571428571,0.14754098360655737,0.42857142857142855,False,True,7.738959699985571,3.5485774999833666,,,,,passage-only,"세미나 B반 1차 르네상스에 대해 핵심 특징과 설명하는 것이라고 생각하고 시작을 하면 다른 이유을 알리는 드문 형식이라고, 그리고 비교의 역할에 대해 설명하는 드물고의 의미가_different한 이유 등이, 평가 기준은 점수의 1줄의 르네상스적 아트를 표기하는 드문 형식이라고, 그리고 핵심 특징이 보여지는 멋이 diferentes한 이유이라고, 마지막ly에 비교의 의미가 어떤 의미에","세미나 B반 1차 르네상스에 대해 핵심 특징은 인문주의라고, 목적은 사람의 가치를 드러내는 것이라고, 그리고 비교 포인트는 인문주의에 close하지 않는다고 설명했습니다."
dataset_ko_309_final,entity_simple_hard_test_project_00253:final:0,entity_simple_hard_test_project_00253,entity_simple_hard_test_project_00253,True,same_source_sibling_facts,1,4,23,20,겨울 2팀 3차 백엔드 배포에서 확인 기준과 담당을 함께 정리해줘.,"겨울 2팀 3차 백엔드 배포에 대해 확인 기준은 오류 발생률이라고, 그리고 담당은 백엔드 팀이라고 설명했습니다.",True,,,,,False,False,0.6046511627906976,0.8125,0.3023255813953488,0.40625,True,True,4.535675999999512,2.775178699987009,,,,,passage-only,"겨울 2팀 3차 백엔드 배포에 대해 확인 기준과 담당을 다음과 같이 설정해줄 수 있다고, 공유 위치는 깃허브 이슈 탭이라고, 담당은 백엔드 팀이라고, 그리고 마감은 수요일 오후 다섯 시라고 설명했습니다.",겨울 2팀 3차 백엔드 배포에 대해 확인 기준은 오류 발생률을 함께 확인하겠다고 설명하고 담당은 백엔드 팀이라고 설명했습니다.
dataset_ko_310_final,entity_simple_hard_test_marketing_00321:final:0,entity_simple_hard_test_marketing_00321,entity_simple_hard_test_marketing_00321,True,same_source_sibling_facts,1,4,23,20,여름 C반 4차 동아리 홍보에서 대상과 보상을 함께 정리해줘.,"여름 C반 4차 동아리 홍보에 대해 대상은 동아리 회원이라고, 그리고 보상은 굿즈 추첨권이라고 설명했습니다.",True,,,,,False,False,0.42622950819672134,0.8666666666666666,0.21311475409836067,0.4333333333333333,True,True,7.604263300017919,2.827526699984446,,,,,passage-only,"여름 C반 4차 동아리 홍보에 대해 대상은 동아리 회원이라고, 보상은 굿즈 추첨권이라고, 그리고 핵심 채널은 오픈채팅방이라고, 그리고 목표는 동아리 회원이라고, 그리고 성과 지표는 참여율이라고, 그리고 아래 5개 점에 대해 대상은 동아리 회원이라고, 그리고 성과 지표는 참여율이라고, 그리고 아래에 달하는 메시지라고, 그리고 홍보가 궁극의 성과 지표라고, 그리고 아래","여름 C반 4차 동아리 홍보에 대해 대상은 동아리 회원이라고, 보상은 굿즈 추첨권이라고, 성과 지표는 참여율이라고 설명했습니다."
dataset_ko_311_final,entity_simple_hard_test_statistics_00166:final:0,entity_simple_hard_test_statistics_00166,entity_simple_hard_test_statistics_00166,True,same_source_sibling_facts,1,4,23,20,교수님이 정규 3팀 2차 상관계수의 주의점과 의미를 어떻게 말했어?,"정규 3팀 2차 상관계수에 대해 주의점은 원인 증명을 뜻하지 않는다고, 그리고 의미는 선형 관계 강도라고 설명했습니다.",True,,,,,False,False,0.6818181818181818,0.4800000000000001,0.3409090909090909,0.24000000000000005,True,False,4.9998703000019304,1.9568493000115268,,,,,question+passage,"교수님이 정규 3팀 2차 상관계수의 주의점이 무엇인지에 대해 말하고 있었습니다. 의미는 선형 관계 강도 측정으로 사용된다고, 차이점은 원인 증명을 뜻하지 않는다고, 그리고 비유는 두 변수 움직임을 비교하는 도구라고 설명했습니다.",교수님이 정규 3팀 2차 상관계수의 주의점과 의미를 설명하시면요. 감사합니다.
dataset_ko_312_final,entity_simple_hard_test_project_00326:final:0,entity_simple_hard_test_project_00326,entity_simple_hard_test_project_00326,True,same_source_sibling_facts,1,4,23,20,교수님이 정규 C반 4차 AI 모델 평가의 마감과 공유 위치를 어떻게 말했어?,"정규 C반 4차 AI 모델 평가에 대해 마감은 금요일 자정 전이라고, 그리고 공유 위치는 회의록 폴더라고 설명했습니다.",True,,,,,False,False,0.7500000000000001,0.7500000000000001,0.37500000000000006,0.37500000000000006,True,True,2.7235718999872915,2.4422744999756105,,,,,tie,"교수님의 카테고리는 AI 모델 평가라고, 공유 위치는 회의록 폴더라고, 그리고 마감은 금요일 자정 전이라고 설명했습니다.","정규 C반 4차 AI 모델 평가에 대해 마감은 24시간 후로, 공유 위치는 회의록 폴더라고 말했습니다."
dataset_ko_313_final,entity_simple_hard_test_art_history_00353:final:0,entity_simple_hard_test_art_history_00353,entity_simple_hard_test_art_history_00353,True,same_source_sibling_facts,1,4,23,20,겨울 2팀 4차 입체주의에서 목적과 핵심 특징을 함께 정리해줘.,"겨울 2팀 4차 입체주의에 대해 목적은 대상을 새롭게 해석하는 것이라고, 그리고 핵심 특징은 여러 시점이라고 설명했습니다.",True,,,,,False,False,0.6666666666666667,0.9142857142857143,0.33333333333333337,0.45714285714285713,True,True,4.269667899992783,3.092531600035727,,,,,passage-only,"겨울 2팀 4차 입체주의에 대해 목적은 각 요소의 의미를 새롭게 해석하는 것이라고, 핵심 특징은 여러 시점에서 본 사물을 한화시키는 것이라고, 그리고 목적은 새로운 방향에서 본 사물을 재해석하는 것이라고 설명했습니다.","겨울 2팀 4차 입체주의에 대해 목적은 대상을 새롭게 해석하는 것이라고, 핵심 특징은 여러 시점이라고, 그리고 핵심 특징은 시점이라고 설명했습니다."
dataset_ko_314_final,entity_simple_hard_test_os_concept_00271:final:0,entity_simple_hard_test_os_concept_00271,entity_simple_hard_test_os_concept_00271,True,same_source_sibling_facts,1,4,23,20,여름 4팀 3차 큐 설명 중 주의점과 비유에 해당하는 내용만 답해줘.,"여름 4팀 3차 큐에 대해 주의점은 대기 시간이 길어질 수 있다고, 그리고 비유는 번호표를 뽑고 기다리는 줄이라고 설명했습니다.",True,,,,,False,False,0.6153846153846153,0.7999999999999999,0.30769230769230765,0.39999999999999997,True,True,3.742656700022053,3.9073560999822803,,,,,passage-only,"여름 4팀 3차 큐에 대해 목적은 작업을 순서대로 기다리게 한다고, 비유는 번호표를 뽑고 기다리는 줄이라고, 그리고 장점은 처리 순서를 명확하게 만든다고 설명했습니다.","여름 4팀 3차 큐에 대해 주의점은 대기 시간이 길어질 수 있다고, 비유는 번호표를 뽑고 기다리는 시간을 생각한다고, 그리고 역할은 작업을 순서대로 기다리게 한다고 설명했습니다."
dataset_ko_315_final,entity_simple_hard_test_statistics_00286:final:0,entity_simple_hard_test_statistics_00286,entity_simple_hard_test_statistics_00286,True,same_source_sibling_facts,1,4,23,20,교수님이 정규 오전반 3차 상관계수의 활용과 비유를 어떻게 말했어?,"정규 오전반 3차 상관계수에 대해 활용은 관계 강도를 빠르게 살필 때 쓴다고, 그리고 비유는 두 변수의 움직임을 비교하는 나침반이라고 설명했습니다.",True,,,,,False,False,0.5405405405405405,0.7000000000000001,0.27027027027027023,0.35000000000000003,False,True,3.5382489999756217,4.134269300033338,,,,,passage-only,"교수님이 정규 오전반 3차 상관계수의 비유로 사용한다고, 의미의 강도를 빠르게 설명시킬 수 있다고, 그리고 활용은 차별화를 빠르게 설명시킬 수 있다고 설명했습니다.","교수님이 정규 오전반 3차 상관계수의 활용과 비유는 데이터의 관계를 설명할 때 쓴다고, 그 의미는 선형 관계의 강도라고, 그리고 비유는 두 변수의 움직임을 비교하는 나침반이라고 설명했습니다."
dataset_ko_316_final,entity_simple_hard_test_dessert_00312:final:0,entity_simple_hard_test_dessert_00312,entity_simple_hard_test_dessert_00312,True,same_source_sibling_facts,1,4,23,20,가을 B반 4차 초콜렛 설명에서 맛과 특징만 알려줘.,"가을 B반 4차 초콜렛에 대해 맛은 달콤하다고, 그리고 특징은 입안에서 천천히 녹는다고 설명했습니다.",True,,,,,False,False,0.7142857142857142,0.9285714285714286,0.3571428571428571,0.4642857142857143,True,True,2.720356100006029,2.999406899965834,,,,,passage-only,"가을 B반 4차 초콜렛 설명에 대해 특징은 달콤하다고, 맛은 달콤하다고, 그리고 비유는 작은 선물 상자라고 설명했습니다.","가을 B반 4차 초콜렛 설명에 대해 맛은 달콤하다고, 특징은 입안에서 천천히 녹는다고, 그리고 색깔은 검정색이라고 설명했습니다."
dataset_ko_317_final,entity_simple_hard_test_dessert_00144:final:0,entity_simple_hard_test_dessert_00144,entity_simple_hard_test_dessert_00144,True,same_source_sibling_facts,1,4,23,20,캡스톤 1팀 2차 초콜렛 설명에서 비유와 색깔만 알려줘.,"캡스톤 1팀 2차 초콜렛에 대해 비유는 작은 선물 상자라고, 그리고 색깔은 검정색이라고 설명했습니다.",True,,,,,False,False,0.8666666666666666,0.7741935483870968,0.4333333333333333,0.3870967741935484,True,True,3.1822877999511547,3.0182474000030197,,,,,question+passage,"캡스톤 1팀 2차 초콜렛 설명에 대해 비유는 작은 선물 상자라고, 색깔은 검정색이라고, 그리고 특징은 입안에서 천천히 녹는다고 설명했습니다.","캡스톤 1팀 2차 초콜렛에 대해 비유는 작은 선물 상자라고, 색깔은 אדום이라고, 그리고 비유의 특징은 작은 선물 상자라고 설명했습니다."
dataset_ko_318_final,entity_simple_hard_test_marketing_00128:final:0,entity_simple_hard_test_marketing_00128,entity_simple_hard_test_marketing_00128,True,same_source_sibling_facts,1,4,23,20,실습 C반 2차 신입생 캠페인 설명에서 대상과 보상만 알려줘.,"실습 C반 2차 신입생 캠페인에 대해 대상은 신입생이라고, 그리고 보상은 커피 쿠폰이라고 설명했습니다.",True,,,,,False,False,0.6857142857142856,0.8571428571428571,0.3428571428571428,0.42857142857142855,True,True,4.91924979997566,3.2419720999896526,,,,,passage-only,"실습 C반 2차 신입생 캠페인과 대상은 인스타그램에 올라간 페이지를 찾는 카테고리가 되고, 보상은 커피 쿠폰이라고, 핵심 채널은 인스타그램이라고, 그리고 대상은 신입생이라고 설명했습니다.","실습 C반 2차 신입생 캠페인 설명에서 대상은 신입생이라고, 보상은 커피 쿠폰이라고, 그리고 성과 지표는 전환율이라고 설명했습니다."
dataset_ko_319_final,entity_simple_hard_test_project_00135:final:0,entity_simple_hard_test_project_00135,entity_simple_hard_test_project_00135,True,same_source_sibling_facts,1,4,23,20,파일럿 D반 2차 프론트엔드 점검 설명 중 마감과 공유 위치에 해당하는 내용만 답해줘.,"파일럿 D반 2차 프론트엔드 점검에 대해 마감은 다음 달 첫째 주 화요일이라고, 그리고 공유 위치는 프로젝트 슬랙 채널이라고 설명했습니다.",True,,,,,False,False,0.33333333333333337,0.7272727272727272,0.16666666666666669,0.3636363636363636,False,True,7.718774000008125,2.90812650002772,,,,,passage-only,"파일럿 D반 2차 프론트엔드 점검 설명이라고, 그리고 마감과 공유 위치를 설정이라고, 그리고 확인 결과에 대해 설명할 내용이라고, 그리고 파일럿 차단 여부라고, 그리고 참고사항이라고, 그리고 채널은 다음에 연락해 줄 것이라고, 그리고 사용자 개인 차이가 많고, 영향 요소가Broadway 스텝 발표라고, 그리고 다음에 연락할 것이라고, 그리고 설명의 책임은 프론트엔드 점검이라고, 그리고 어떤 상황에 대해 대처할 수","파일럿 D반 2차 프론트엔드 점검에 대해 마감은 다음 달 첫째 주 화요일에, 공유 위치는 파일럿 확장 공간이라고 설명했습니다."
dataset_ko_320_final,entity_simple_hard_test_art_history_00091:final:0,entity_simple_hard_test_art_history_00091,entity_simple_hard_test_art_history_00091,True,same_source_sibling_facts,1,4,23,20,여름 오후반 1차 르네상스 설명 중 비교 포인트와 비유에 해당하는 내용만 답해줘.,"여름 오후반 1차 르네상스에 대해 비교 포인트는 절대왕정 중심 설명과 다르다고, 그리고 비유는 사람을 화면 중앙에 다시 세우는 방식이라고 설명했습니다.",True,,,,,False,False,0.4230769230769231,0.9268292682926829,0.21153846153846154,0.46341463414634143,False,True,6.342797500023153,3.9813430999638513,,,,,passage-only,"여름 오후반 1차 르네상스에 대해 비교 포인트는 점보타인을 나타내는 대용량을 나타내는 색을 파랑과 캠핑画像의 시각'상대化'을 나타내는 것이라고, 비유의 목적은 사람을 화면에 대한 인상을 강조하는 것이라고, 그리고 비교의 의미는 추독美의 시각을 드러내는 것이라고 설명했다.","여름 오후반 1차 르네상스에 대해 비교 포인트는 절대왕정 중심 설명과 다르다고, 비유은 사람을 화면 중앙에 다시 세우는 방식이라고, 그리고 핵심 분류은 인문주의라고 설명했습니다."
dataset_ko_321_final,entity_simple_hard_test_art_history_00307:final:0,entity_simple_hard_test_art_history_00307,entity_simple_hard_test_art_history_00307,True,same_source_sibling_facts,1,4,23,20,심화 A반 4차 르네상스 설명 중 핵심 특징과 목적에 해당하는 내용만 답해줘.,"심화 A반 4차 르네상스에 대해 핵심 특징은 인문주의라고, 그리고 목적은 사람의 가치를 드러내는 것이라고 설명했습니다.",True,,,,,False,False,0.45614035087719296,0.8333333333333333,0.22807017543859648,0.41666666666666663,False,True,7.6157596000120975,3.6171642999979667,,,,,passage-only,"심화 A반 4차 르네상스에 대해 핵심 특징은 구독을 보는 창을 화면에 를 긴급한 메세지를 색으로 표기하는 것이라고, 비교적 밑에에 보이는 사진과는 다르다고, 그리고 목적은 사람의 가치를 드러내는 드러남의 색을 말하는 것이라고, 그리고 핵심 특징은 절대화의 르네상스와 다르다고, 그리고 의미는 사람의 가치를 드러내는 드러","심화 A반 4차 르네상스에 대해 핵심 특징은 인문주의라고, 목적은 사람의 가치를 드러내는 것이라고, 그리고 비교 포인트는 인문주의에 close하게 접근하는 것이라고 설명했습니다."
dataset_ko_322_final,entity_simple_hard_test_os_concept_00006:final:0,entity_simple_hard_test_os_concept_00006,entity_simple_hard_test_os_concept_00006,True,same_source_sibling_facts,1,4,23,20,교수님이 정규 A반 1차 캐시의 역할과 장점을 어떻게 말했어?,"정규 A반 1차 캐시에 대해 역할은 자주 쓰는 정보를 가까이 둔다고, 그리고 장점은 반복 접근을 빠르게 만든다고 설명했습니다.",True,,,,,False,False,0.37837837837837834,0.8571428571428571,0.18918918918918917,0.42857142857142855,True,True,3.536501299997326,4.149545099993702,,,,,passage-only,"교수님의 주의점은 자주 쓰는 정보를 가까이 둔다고, 비유는 책상 위에 올려둔 책이라고, 그리고 역할은 자주 쓰는 정보를 가까이 둡니다.","교수님의 정규 A반 1차 캐시에 대해 역할은 자주 쓰는 정보를 가까이 둔다고, 장점은 반복 접근을 빠르게 만든다고, 그리고 비유는 책상 위에 올려둔 책이라고 설명했습니다."
dataset_ko_323_final,entity_simple_hard_test_statistics_00189:final:0,entity_simple_hard_test_statistics_00189,entity_simple_hard_test_statistics_00189,True,same_source_sibling_facts,1,4,23,20,세미나 오전반 2차 신뢰구간에서 활용과 비유를 함께 정리해줘.,"세미나 오전반 2차 신뢰구간에 대해 활용은 추정의 불확실성을 설명할 때 쓴다고, 그리고 비유는 정답이 있을 법한 범위를 그은 지도라고 설명했습니다.",True,,,,,False,False,0.53125,0.9047619047619047,0.265625,0.45238095238095233,True,True,7.5665841000154614,4.003495399956591,,,,,passage-only,"세미나 오전반 2차 신뢰구간에 대해 비유는 정답이 있을 법한 범위를 그은 지도, 간단한 규칙이 있을 법한 비유, 그리고 목적은 추정의 불확실성을 설명할 때 쓴다고, 의미는 모르는 질문을 달아질 법한 범위를 보일 법한 배열의 틀, 그리고 활용은 추정의 불확실성을 설명할 때 쓴다고, 그리고 주의점은 정답이 있을 법한 범위를 말하고 간단","세미나 오전반 2차 신뢰구간에 대해 활용은 추정의 불확실성을 설명할 때 쓴다고, 비유는 정답이 있을 법한 범위를 그은 지도라고, 그리고 의미는 모수 추정의 한 종류라고 설명했습니다."
dataset_ko_324_final,entity_simple_hard_test_art_history_00016:final:0,entity_simple_hard_test_art_history_00016,entity_simple_hard_test_art_history_00016,True,same_source_sibling_facts,1,4,23,20,정규 B반 1차 바로크 설명에서 핵심 특징과 목적만 알려줘.,"정규 B반 1차 바로크에 대해 핵심 특징은 극적 명암이라고, 그리고 목적은 감정을 강하게 전달하는 것이라고 설명했습니다.",True,,,,,False,False,0.717948717948718,0.7894736842105263,0.358974358974359,0.39473684210526316,True,True,3.720775699999649,3.518022399977781,,,,,passage-only,"정규 B반 1차 바로크에 대해 핵심 특징은 감정을 강하게 전달하는 것이라고, 비교 포인트는 평면적 구도와 구분된다고, 그리고 목적은 감정을 강하게 전달하는 것이라고 설명했습니다.","정규 B반 1차 바로크 설명에 대해 핵심 특징은 극적 명암과 구분된다는 것이라고, 목적은 감정을 강하게 전달하는 것이라고, 그리고 비유는 가정적 회의 공간이라고 설명했습니다."
dataset_ko_325_final,entity_simple_hard_test_os_concept_00364:final:0,entity_simple_hard_test_os_concept_00364,entity_simple_hard_test_os_concept_00364,True,same_source_sibling_facts,1,4,23,20,캡스톤 3팀 4차 프로세스 설명에서 주의점과 비유만 알려줘.,"캡스톤 3팀 4차 프로세스에 대해 주의점은 자원을 너무 많이 쓰면 느려질 수 있다고, 그리고 비유는 독립된 식당이라고 설명했습니다.",True,,,,,False,False,0.48148148148148157,0.6666666666666667,0.24074074074074078,0.33333333333333337,False,True,5.752126000006683,4.657868199981749,,,,,passage-only,"캡스톤 3팀 4차 프로세스는 독립된 실행 공간을 너무 많이 쓰면 탄소로 책임을 지날 수 있다고, 역할은 독립된 실행 공간에 대해 책임을 지는 데 도움이 된다고, 그리고 비유는 독립된 실행 공간을 너무 많이 쓰면 시간을 너무 멀리 뒤에 올 수 있다고 설명했습니다.","캡스톤 3팀 4차 프로세스에 대해 주의점은 자원을 너무 많이 쓰면 느려질 수 있다고, 비유는 먹이를 많이 주는 동물에 대해 역할은 독립된 작업을 가진다고, 그리고 비유는 독립된 작업을 가진다고 답변입니다."
dataset_ko_326_final,entity_simple_hard_test_os_concept_00365:final:0,entity_simple_hard_test_os_concept_00365,entity_simple_hard_test_os_concept_00365,True,same_source_sibling_facts,1,4,23,20,파일럿 3팀 4차 스레드에서 주의점과 비유를 함께 정리해줘.,"파일럿 3팀 4차 스레드에 대해 주의점은 공유 자원 관리가 필요하다고, 그리고 비유는 같은 식당 안에서 일하는 직원이라고 설명했습니다.",True,,,,,False,False,0.42857142857142855,0.65,0.21428571428571427,0.325,False,True,3.724300400004722,3.7603130000061356,,,,,passage-only,"파일럿 3팀 4차 스레드에 대해 비유는 여러 작업을 가볍게 나눌 수 있다고, 역할은 프로세스中에서 작업을 나누어 실행한다고, 그리고 비유는 같은 식으로도 실행할 수 있다고 설명했습니다.","파일럿 3팀 4차 스레드에 대해 주의점은 공유 자원 관리가 필요하다고, 비유는 직원들이 조화를 만드는 과정이라고, 그리고 장점은 작업을 가볍게 나눌 수 있다고 설명했습니다."
dataset_ko_327_final,entity_simple_hard_test_dessert_00145:final:0,entity_simple_hard_test_dessert_00145,entity_simple_hard_test_dessert_00145,True,same_source_sibling_facts,1,4,23,20,파일럿 1팀 2차 솜사탕에서 비유와 색깔을 함께 정리해줘.,"파일럿 1팀 2차 솜사탕에 대해 비유는 구름 같은 간식이라고, 그리고 색깔은 분홍색이라고 설명했습니다.",True,,,,,False,False,0.8387096774193548,0.896551724137931,0.4193548387096774,0.4482758620689655,True,True,3.4175223000347614,3.0167632999946363,,,,,passage-only,"파일럿 1팀 2차 솜사탕에 대해 비유는 구름 같은 간식이라고, 색깔은 분홍색이라고, 그리고 특징은 입에 닿으면 빠르게 사라진다고 설명했습니다.","파일럿 1팀 2차 솜사탕에 대해 비유는 구름 같은 간식이라고, 색깔은 분홍색이라고, 그리고 설명은 부분적으로 연속색 그림이라고 설명했습니다."
dataset_ko_328_final,entity_simple_hard_test_statistics_00020:final:0,entity_simple_hard_test_statistics_00020,entity_simple_hard_test_statistics_00020,True,same_source_sibling_facts,1,4,23,20,봄 C반 1차 표본분산 설명에서 의미와 주의점만 알려줘.,"봄 C반 1차 표본분산에 대해 의미는 흩어짐 측정이라고, 그리고 주의점은 순위 정렬과 다르다고 설명했습니다.",True,,,,,False,False,0.5555555555555555,0.8666666666666666,0.27777777777777773,0.4333333333333333,True,True,4.295113200030755,3.4113904999685474,,,,,passage-only,"봄 C반 1차 표본분산에 대해 주의점은 점이 되는 데이터가 되는지 아닌지 보는지라고, 의미는 흩어짐 측정이라고, 그리고 비유는 점이 되는지 아닌지 말하기는 허락하지 않는다고 설명했습니다.","봄 C반 1차 표본분산 설명에 대해 의미는 흩어짐 측정이라고, 주의점은 순위 정렬과 다르다고, 그리고 활용은 데이터의 흩어짐 측정이라고 설명했습니다."
dataset_ko_329_final,entity_simple_hard_test_marketing_00299:final:0,entity_simple_hard_test_marketing_00299,entity_simple_hard_test_marketing_00299,True,same_source_sibling_facts,1,4,23,20,세미나 오후반 3차 멘토링 이벤트 설명 중 핵심 채널과 성과 지표에 해당하는 내용만 답해줘.,"세미나 오후반 3차 멘토링 이벤트에 대해 핵심 채널은 이메일 뉴스레터라고, 그리고 성과 지표는 재방문율이라고 설명했습니다.",True,,,,,False,False,0.8823529411764706,0.8484848484848485,0.4411764705882353,0.42424242424242425,True,True,3.9032958000316285,3.762989600014407,,,,,tie,"세미나 오후반 3차 멘토링 이벤트에 대해 핵심 채널은 이메일 뉴스레터라고, 성과 지표는 재방문율이라고, 그리고 대상은 멘토링 참여 학생이라고 설명했습니다.","세미나 오후반 3차 멘토링 이벤트에 대해 핵심 채널은 이메일 뉴스레터라고, 성과 지표는 참여율이라고, 그리고 보상은 포인트 500점이라고 설명했습니다."
dataset_ko_330_final,entity_simple_hard_test_statistics_00140:final:0,entity_simple_hard_test_statistics_00140,entity_simple_hard_test_statistics_00140,True,same_source_sibling_facts,1,4,23,20,봄 1팀 2차 표본분산 설명에서 비유와 활용만 알려줘.,"봄 1팀 2차 표본분산에 대해 비유는 점들이 얼마나 퍼졌는지 보는 자라고, 그리고 활용은 데이터 변동성을 볼 때 쓴다고 설명했습니다.",True,,,,,False,False,0.888888888888889,0.888888888888889,0.4444444444444445,0.4444444444444445,True,True,3.7366778000141494,3.702927800011821,,,,,tie,"봄 1팀 2차 표본분산 설명에 대해 비유는 점들이 얼마나 퍼졌는지 보는 자라고, 활용은 데이터 변동성을 볼 때 쓴다고, 그리고 주의점은 순위 정렬과 다르다고 설명했습니다.","봄 1팀 2차 표본분산 설명에 대해 비유는 점들이 얼마나 퍼졌는지 보는 자라고, 활용은 데이터 변동성을 볼 때 쓴다고, 그리고 주의점은 순위 정렬과 다르다고 설명했습니다."
dataset_ko_331_final,entity_simple_hard_test_marketing_00248:final:0,entity_simple_hard_test_marketing_00248,entity_simple_hard_test_marketing_00248,True,same_source_sibling_facts,1,4,23,20,실습 1팀 3차 신입생 캠페인 설명에서 성과 지표와 핵심 채널만 알려줘.,"실습 1팀 3차 신입생 캠페인에 대해 성과 지표는 전환율이라고, 그리고 핵심 채널은 인스타그램이라고 설명했습니다.",True,,,,,False,False,0.7878787878787878,0.75,0.3939393939393939,0.375,True,False,3.9464024999761023,2.2388567000161856,,,,,tie,"실습 1팀 3차 신입생 캠페인 설명서에 대해 핵심 채널은 인스타그램을 사용했다고, 성과 지표는 전환율이라고, 그리고 보상은 커피 쿠폰이라고 설명했습니다.",실습 1팀 3차 신입생 캠페인 설명에서 성과 지표와 핵심 채널만 알려집니다.
dataset_ko_332_final,entity_simple_hard_test_project_00398:final:0,entity_simple_hard_test_project_00398,entity_simple_hard_test_project_00398,True,same_source_sibling_facts,1,4,23,20,교수님이 실습 오후반 4차 AI 모델 평가의 담당과 확인 기준을 어떻게 말했어?,"실습 오후반 4차 AI 모델 평가에 대해 담당은 AI 파트라고, 그리고 확인 기준은 정답률이라고 설명했습니다.",True,,,,,False,False,0.625,0.7567567567567568,0.3125,0.3783783783783784,True,True,2.761648999992758,3.2691125000128523,,,,,passage-only,"실습 AI 모델 평가에 대해 담당은 정답률을 조정 기준이라고, 확인 기준은 정답률보다는 시간이라고, 그리고 메일 주소라고 설명했습니다.","실습 오후반 4차 AI 모델 평가에 대해 담당은 AI 파트라고, 확인 기준은 정답률 이상의 범위라고, 그리고 확인 기준은 반품 처리로 분류라고 설명했습니다."
dataset_ko_333_final,entity_simple_hard_test_statistics_00311:final:0,entity_simple_hard_test_statistics_00311,entity_simple_hard_test_statistics_00311,True,same_source_sibling_facts,1,4,23,20,여름 B반 4차 회귀분석 설명 중 의미와 주의점에 해당하는 내용만 답해줘.,"여름 B반 4차 회귀분석에 대해 의미는 관계의 경향 설명이라고, 그리고 주의점은 모든 원인을 증명하지는 않는다고 설명했습니다.",True,,,,,False,False,0.4800000000000001,0.7647058823529411,0.24000000000000005,0.38235294117647056,False,True,1.4986862000077963,3.391369599965401,,,,,passage-only,여름 B반 4차 회귀분석에 대해 설명하는 주의점은 다음을 의미합니다.,"여름 B반 4차 회귀분석 설명 중 의미와 주의점에 대해 결론은 모든 원인을 증명하지는 않는다고,只是加強相信的程度이라고, 그리고 변수의 의미를 향상시킨다고 설명했습니다."
dataset_ko_334_final,entity_simple_hard_test_art_history_00138:final:0,entity_simple_hard_test_art_history_00138,entity_simple_hard_test_art_history_00138,True,same_source_sibling_facts,1,4,23,20,교수님이 실습 D반 2차 인상주의의 비유와 비교 포인트를 어떻게 말했어?,"실습 D반 2차 인상주의에 대해 비유는 햇빛이 흔들리는 수면에 비친 모습이라고, 그리고 비교 포인트는 정확한 윤곽보다 색감이 중요하다고 설명했습니다.",True,,,,,False,False,0.391304347826087,0.7317073170731707,0.1956521739130435,0.36585365853658536,False,True,4.913842600013595,3.969946999975946,,,,,passage-only,"교수님이 실습 D반 2차 인상주의의 비유는 시간이 비oreading 차와 그간의 투명성에 대해 비교한다고, 포인트는 바로 다른 관점의 투명성에 대해 말했다고, 그리고 핵심 특징은 빛이 투명한 중요함이라고 설명했습니다.","공과대학 실습 D반 2차 인상주의에 대해 비유는 햇빛이 흔들리는 수면에 비친 모습이라고, 포인트는 비교 포인트라고, 그리고 핵심 특징은 빛의 순간적인 인상이라고 설명했습니다."
dataset_ko_335_final,entity_simple_hard_test_project_00375:final:0,entity_simple_hard_test_project_00375,entity_simple_hard_test_project_00375,True,same_source_sibling_facts,1,4,23,20,파일럿 4팀 4차 프론트엔드 점검 설명 중 공유 위치와 마감에 해당하는 내용만 답해줘.,"파일럿 4팀 4차 프론트엔드 점검에 대해 공유 위치는 프로젝트 슬랙 채널이라고, 그리고 마감은 다음 달 첫째 주 화요일이라고 설명했습니다.",True,,,,,False,False,0.7317073170731708,0.8717948717948718,0.3658536585365854,0.4358974358974359,True,True,4.018580099975225,4.058512199961115,,,,,passage-only,"파일럿 4팀 4차 프론트엔드 점검에 대해 확인 기준은 사용자 차단 여부라고, 공유 위치는 프로젝트 슬랙 채널이라고, 그리고 마감은 다음 week Tuesday 를 정할 수 있으면다고 설명했습니다.","파일럿 4팀 4차 프론트엔드 점검에 대해 공유 위치는 프로젝트 슬랙 채널이라고, 마감은 다음 달 첫째 주 화요일이라고, 그리고 확인 기준은 사용자 차단 여부라고 설명했습니다."
dataset_ko_336_final,entity_simple_hard_test_os_concept_00100:final:0,entity_simple_hard_test_os_concept_00100,entity_simple_hard_test_os_concept_00100,True,same_source_sibling_facts,1,4,23,20,봄 A반 2차 프로세스 설명에서 역할과 장점만 알려줘.,"봄 A반 2차 프로세스에 대해 역할은 독립된 실행 공간을 가진다고, 그리고 장점은 서로 영향을 줄이는 데 도움이 된다고 설명했습니다.",True,,,,,False,False,0.4489795918367347,0.7727272727272727,0.22448979591836735,0.38636363636363635,True,True,5.335281100007705,4.541590599983465,,,,,passage-only,"봄 A반 2차 프로세스 설명에 대해 장점이 여러 곳을 설명하는 데 도움이 된다는, 비유가 명료한 데에 대해 설명하는 데 도움이 된다는, 그리고 역할은 서로 영향을 줄이는 데 도움이 된다는 등에 대해 설명하는 데 도움이 된다는 내용을 다루는 중입니다.","봄 A반 2차 프로세스에 대해 역할은 독립된 실행 공간을 가진다고, 장점은 서로 영향을 줄이는 데 도움이 된다고, 예시는 독립된 실행 공간을 가진다고, 그리고 조건은 독립된 실행 공간을 가진다고 설명했습니다."
dataset_ko_337_final,entity_simple_hard_test_marketing_00152:final:0,entity_simple_hard_test_marketing_00152,entity_simple_hard_test_marketing_00152,True,same_source_sibling_facts,1,4,23,20,가을 2팀 2차 신입생 캠페인 설명에서 성과 지표와 핵심 채널만 알려줘.,"가을 2팀 2차 신입생 캠페인에 대해 성과 지표는 전환율이라고, 그리고 핵심 채널은 인스타그램이라고 설명했습니다.",True,,,,,False,False,0.6451612903225806,0.9333333333333333,0.3225806451612903,0.4666666666666667,True,True,3.2974133999668993,3.2765951000037603,,,,,passage-only,가을 2팀 2차 신입생 캠페인에 대해 핵심 채널은 인스타그램으로부터의 예상 방문자 수를 설정하고 성과 지표는 전환율을 가지고요.,"가을 2팀 2차 신입생 캠페인에 대해 성과 지표는 전환율이라고, 핵심 채널은 인스타그램이라고, 그리고 대상은 신입생이라고 설명했습니다."
dataset_ko_338_final,entity_simple_hard_test_os_concept_00245:final:0,entity_simple_hard_test_os_concept_00245,entity_simple_hard_test_os_concept_00245,True,same_source_sibling_facts,1,4,23,20,파일럿 1팀 3차 스레드에서 장점과 역할을 함께 정리해줘.,"파일럿 1팀 3차 스레드에 대해 장점은 작업을 가볍게 나눌 수 있다고, 그리고 역할은 프로세스 안에서 작업을 나누어 실행한다고 설명했습니다.",True,,,,,False,False,0.6976744186046512,0.878048780487805,0.3488372093023256,0.4390243902439025,True,True,4.195564800000284,3.8110528999823146,,,,,passage-only,"파일럿 1팀 3차 스레드에 대해 장점은 작업을 가볍게 나눌 수 있다고, 역할은 파일 관리자를 관리하는 뒤에介绍有区别中的파일을 나누어 실행한다고, 그리고 비유는 같은 식당 안에서 일하는 직원이라고.","파일럿 1팀 3차 스레드에 대해 장점은 작업을 가볍게 나눌 수 있다고, 주의점은 공유 자원 관리가 필요하다고, 그리고 역할은 프로세스 안에서 작업을 나누어 실행한다고 설명했습니다."
dataset_ko_339_final,entity_simple_hard_test_os_concept_00343:final:0,entity_simple_hard_test_os_concept_00343,entity_simple_hard_test_os_concept_00343,True,same_source_sibling_facts,1,4,23,20,겨울 1팀 4차 큐 설명 중 장점과 역할에 해당하는 내용만 답해줘.,"겨울 1팀 4차 큐에 대해 장점은 처리 순서를 명확하게 만든다고, 그리고 역할은 작업을 순서대로 기다리게 한다고 설명했습니다.",True,,,,,False,False,0.1904761904761905,0.8717948717948718,0.09523809523809525,0.4358974358974359,False,True,7.692745000007562,3.59355599997798,,,,,passage-only,"겨울 1팀 4차 큐에 대해 장점이라고, 역할이라고, 그리고 대상이라고, 그리고 비유라고, 그리고 정보를 담을 수 있다고, 그리고 번호를 뽑고 기다리는 줄이라고, 그리고 번호를 뽑고 기다리는 대기열이라고, 그리고 답을 뽑고 기다리는 줄이라고, 그리고 정보를 뽑고 기다리는 줄이라고, 그리고 비유적으로 1팀 4차 큐는 번호를 뽑고 기다리는 대기열이라고, 그리고 정보","겨울 1팀 4차 큐에 대해 장점은 처리 순서를 명확하게 만든다고, 역할은 작업을 순서대로 기다리게 한다고, 그리고 주의점은 대기 시간이 길어질 수 있다고 설명했습니다."
dataset_ko_340_final,entity_simple_hard_test_marketing_00202:final:0,entity_simple_hard_test_marketing_00202,entity_simple_hard_test_marketing_00202,True,same_source_sibling_facts,1,4,23,20,교수님이 가을 A반 3차 스터디 모집의 핵심 채널과 성과 지표를 어떻게 말했어?,"가을 A반 3차 스터디 모집에 대해 핵심 채널은 학과 홈페이지라고, 그리고 성과 지표는 완료율이라고 설명했습니다.",True,,,,,False,False,0.6,0.8823529411764706,0.3,0.4411764705882353,True,True,2.9888567000161856,3.336253699962981,,,,,passage-only,"교수님의 스터디에 대해 핵심 채널은 완료율이라고, 대상은 스터디 신청자라고, 그리고 성과 지표는 완료 기간이라고 설명했습니다.","교수님이 가을 A반 3차 스터디 모집에 대해 핵심 채널은 학과 홈페이지라고, 성과 지표는 완료율이라고, 그리고 보상은 우선 신청권이라고 설명했습니다."
dataset_ko_341_final,entity_simple_hard_test_project_00348:final:0,entity_simple_hard_test_project_00348,entity_simple_hard_test_project_00348,True,same_source_sibling_facts,1,4,23,20,실습 1팀 4차 최종 발표 설명에서 확인 기준과 담당만 알려줘.,"실습 1팀 4차 최종 발표에 대해 확인 기준은 근거 제시 여부라고, 그리고 담당은 기획 파트라고 설명했습니다.",True,,,,,False,False,0.7222222222222223,0.5294117647058824,0.36111111111111116,0.2647058823529412,True,False,3.1849968999740668,2.4783904000069015,,,,,question+passage,"실습 1팀 4차 최종 발표 설명에 대해 확인 기준과 담당은 기획 파트라고, 공유 위치는 팀 노션 페이지라고, 그리고 담당은 기획 파트라고 설명했습니다.",실습 1팀 4차 최종 발표 설명에 대해 확인 기준은 확인 여부를 기준으로 분류된 분할 단계의 문서 요청 위치라고 설명했습니다.
dataset_ko_342_final,entity_simple_hard_test_project_00229:final:0,entity_simple_hard_test_project_00229,entity_simple_hard_test_project_00229,True,same_source_sibling_facts,1,4,23,20,세미나 C반 3차 백엔드 배포에서 마감과 공유 위치를 함께 정리해줘.,"세미나 C반 3차 백엔드 배포에 대해 마감은 수요일 오후 다섯 시라고, 그리고 공유 위치는 깃허브 이슈 탭이라고 설명했습니다.",True,,,,,False,False,0.8717948717948718,0.7567567567567567,0.4358974358974359,0.37837837837837834,True,True,3.5595846999785863,3.280511100019794,,,,,question+passage,"세미나 C반 3차 백엔드 배포에 대해 공유 위치는 깃허브 이슈 탭이라고, 마감은 다음 날 오후 다섯 시라고, 그리고 담당은 백엔드 팀이라고 설명했습니다.","세미나 C반 3차 백엔드 배포에 대해 마감은 수요일 오후 다섯 시라고, 공유 위치는 GSheets, 백엔드, 마감은 다섯 일했다고 설명했습니다."
dataset_ko_343_final,entity_simple_hard_test_statistics_00165:final:0,entity_simple_hard_test_statistics_00165,entity_simple_hard_test_statistics_00165,True,same_source_sibling_facts,1,4,23,20,파일럿 3팀 2차 신뢰구간에서 주의점과 의미를 함께 정리해줘.,"파일럿 3팀 2차 신뢰구간에 대해 주의점은 정답 하나를 보장하지 않는다고, 그리고 의미는 모수 추정 범위라고 설명했습니다.",True,,,,,False,False,0.4307692307692308,0.5789473684210527,0.2153846153846154,0.2894736842105263,True,False,7.6843514000065625,3.6800068999873474,,,,,passage-only,"파일럿 3팀 2차 신뢰구간, 그리고 주의점에 대해 will be provided in xxx.xlsx로 정리되어, 목적은 모수 추정을 봄에 사용할 때 쓰일 거라는, 의미는 추정의 불확실성을 나타내는 바, 신경 케어는 정답 하나를 보장하지 않는다고, 언제 사용할 거라는, 의미는 phạm지 제한이 있을 거라고, 그리고 주의점은 정답 하나를 보장하지 않는다고, 언제 사용할 거라고, 목적은 모수 추정을","파일럿 3팀 2차 신뢰구간에 대해 주의점은 정답이 존재하지 않는다는 의미라고, 의미는 추정의 불확실성을 설명하는 의미라고, 그리고 주의점은 정답이 존재하지 않는다는 의미라고 설명했습니다."
dataset_ko_344_final,entity_simple_hard_test_marketing_00104:final:0,entity_simple_hard_test_marketing_00104,entity_simple_hard_test_marketing_00104,True,same_source_sibling_facts,1,4,23,20,캡스톤 A반 2차 신입생 캠페인 설명에서 핵심 채널과 성과 지표만 알려줘.,"캡스톤 A반 2차 신입생 캠페인에 대해 핵심 채널은 인스타그램이라고, 그리고 성과 지표는 전환율이라고 설명했습니다.",True,,,,,False,False,0.8666666666666666,0.9333333333333333,0.4333333333333333,0.4666666666666667,True,True,3.610281399975065,3.348371399973985,,,,,passage-only,"캡스톤 A반 2차 신입생 캠페인의 핵심 채널은 인스타그램이라고, 성과 지표는 전환율이라고, 그리고 보상은 커피 쿠폰이라고 설명했습니다.","캡스톤 A반 2차 신입생 캠페인에 대해 핵심 채널은 인스타그램이라고, 성과 지표는 전환율이라고, 그리고 대상은 신입생이라고 설명했습니다."
dataset_ko_345_final,entity_simple_hard_test_art_history_00377:final:0,entity_simple_hard_test_art_history_00377,entity_simple_hard_test_art_history_00377,True,same_source_sibling_facts,1,4,23,20,심화 4팀 4차 입체주의에서 비교 포인트와 비유를 함께 정리해줘.,"심화 4팀 4차 입체주의에 대해 비교 포인트는 단일 원근과 다르다고, 그리고 비유는 여러 방향에서 본 사물을 한 화면에 놓는 방식이라고 설명했습니다.",True,,,,,False,False,0.6190476190476191,0.6829268292682926,0.30952380952380953,0.3414634146341463,False,False,3.8541952000232413,3.6171507999533787,,,,,passage-only,"심화 4팀 4차 입체주의에 대해 목적은 대상을 새롭게 해석하는 것이라고, 비유는 여러 시점에서 본 사물을 한 화면에 놓는 방식이라고, 그리고 핵심 특징은 여러 시점이라고 설명했습니다.","심화 4팀 4차 입체주의에 대해 비교 포인트는 단일 객체보다 다른 포인트를 놓는다고, 비유는 여러 시점이라고, 그리고 비유는 단일 객체를 놓는 방식이라고 설명했습니다."
dataset_ko_346_final,entity_simple_hard_test_marketing_00057:final:0,entity_simple_hard_test_marketing_00057,entity_simple_hard_test_marketing_00057,True,same_source_sibling_facts,1,4,23,20,심화 2팀 1차 동아리 홍보에서 성과 지표와 핵심 채널을 함께 정리해줘.,"심화 2팀 1차 동아리 홍보에 대해 성과 지표는 참여율이라고, 그리고 핵심 채널은 오픈채팅방이라고 설명했습니다.",True,,,,,False,False,0.9032258064516129,0.75,0.45161290322580644,0.375,True,True,3.2660437000449747,3.277169100008905,,,,,question+passage,"심화 2팀 1차 동아리 홍보에 대해 성과 지표는 참여율이라고, 핵심 채널은 오픈채팅방이라고, 그리고 대상은 동아리 회원이라고 설명했습니다.","심화 2팀 1차 동아리 홍보에 대해 성과 지표는 참여율이라고, 핵심 채널은 메인 페이지라고, 실패율 채널은 주간 순위권이라고 설명했습니다."
dataset_ko_347_final,entity_simple_hard_test_dessert_00195:final:0,entity_simple_hard_test_dessert_00195,entity_simple_hard_test_dessert_00195,True,same_source_sibling_facts,1,4,23,20,파일럿 오후반 2차 브라우니 설명 중 색깔과 비유에 해당하는 내용만 답해줘.,"파일럿 오후반 2차 브라우니에 대해 색깔은 진한 갈색이라고, 그리고 비유는 초콜렛을 압축한 케이크라고 설명했습니다.",True,,,,,False,False,0.8750000000000001,0.9032258064516129,0.43750000000000006,0.45161290322580644,True,True,3.927497700031381,3.7648739999858662,,,,,tie,"파일럿 오후반 2차 브라우니에 대해 색깔은 진한 갈색이라고, 비유는 초콜렛을 압축한 케이크라고, 그리고 특징은 속이 촉촉하게 남는다고 설명했습니다.","파일럿 오후반 2차 브라우니에 대해 색깔은 진한 갈색이라고, 비유는 초콜렛을 압축한 케이크라고, 그리고 맛은 묵직하게 달콤하다고 설명했습니다."
dataset_ko_348_final,entity_simple_hard_test_os_concept_00174:final:0,entity_simple_hard_test_os_concept_00174,entity_simple_hard_test_os_concept_00174,True,same_source_sibling_facts,1,4,23,20,교수님이 캡스톤 4팀 2차 캐시의 주의점과 비유를 어떻게 말했어?,"캡스톤 4팀 2차 캐시에 대해 주의점은 오래된 정보가 남을 수 있다고, 그리고 비유는 책상 위에 올려둔 책이라고 설명했습니다.",True,,,,,False,False,0.5238095238095238,0.6382978723404256,0.2619047619047619,0.3191489361702128,False,True,4.55182930000592,5.685812599956989,,,,,passage-only,"교수님이 캡스톤 4팀 2차 캐시의 주의점에 대해 비유는 반복 접근을 놓고 생각한다고, 역할은 자주 쓰는 정보를 가까이 둔다고, 그리고 비유는 장소가 낮은 위치에 있다고 설명했습니다.","교수님이 캡스톤 4팀 2차 캐시에 대해 역할이 데이터를 빠르게 로ード할 수 있는 메모리에 대해 비유가 길어졌고, 주의점이 데이터가 오래 남을 수 있다고, 추천은 집어인 곳이短에 있다고, 그리고 비유는 책상 위에 올려둔 책이라고 설명했습니다."
dataset_ko_349_final,entity_simple_hard_test_statistics_00238:final:0,entity_simple_hard_test_statistics_00238,entity_simple_hard_test_statistics_00238,True,same_source_sibling_facts,1,4,23,20,교수님이 실습 D반 3차 상관계수의 비유와 활용을 어떻게 말했어?,"실습 D반 3차 상관계수에 대해 비유는 두 변수의 움직임을 비교하는 나침반이라고, 그리고 활용은 관계 강도를 빠르게 살필 때 쓴다고 설명했습니다.",True,,,,,False,False,0.5652173913043479,0.5,0.28260869565217395,0.25,True,False,4.873739500006195,2.381416700023692,,,,,question+passage,"교수님이 실습 D반 3차 비유로 사용한 카이제곱 변수 말고 설명하고, 활용은 관계 강도를 빠르게 살필 때 쓴다고, 의미는 선형 관계 강도라고, 그리고 활용은 관계 강도를 빠르게 살필 때 쓴다고 설명했습니다.","교수님의 실습 D반 3차 상관계수의 비유와 활용에 대해 변의 개념과 유용성, 그리고 비유적 설명으로 해석됩니다."
dataset_ko_350_final,entity_simple_hard_test_dessert_00266:final:0,entity_simple_hard_test_dessert_00266,entity_simple_hard_test_dessert_00266,True,same_source_sibling_facts,1,4,23,20,교수님이 정규 3팀 3차 마카롱의 특징과 맛을 어떻게 말했어?,"정규 3팀 3차 마카롱에 대해 특징은 겉은 바삭하고 속은 촉촉하다고, 그리고 맛은 부드럽고 진하다고 설명했습니다.",True,,,,,False,False,0.6666666666666666,0.5806451612903225,0.3333333333333333,0.29032258064516125,True,True,3.003247100044973,3.1406909999786876,,,,,question+passage,"교수님은 정규 3팀 3차 마카롱의 특징을 모두 설명했다고, 맛은 부드럽고 진하다고, 그리고 색깔은 알록달록하다고 설명했습니다.","교수님이 정규 3팀 3차 마카롱의 특징과 맛에 대해 특징 단어색이란 뜻을 강조하고, 맛이 부드럽고 진하다고 설명했습니다."
dataset_ko_351_final,entity_simple_hard_test_project_00013:final:0,entity_simple_hard_test_project_00013,entity_simple_hard_test_project_00013,True,same_source_sibling_facts,1,4,23,20,겨울 B반 1차 백엔드 배포에서 담당과 확인 기준을 함께 정리해줘.,"겨울 B반 1차 백엔드 배포에 대해 담당은 백엔드 팀이라고, 그리고 확인 기준은 오류 발생률이라고 설명했습니다.",True,,,,,False,False,0.5116279069767441,0.9655172413793104,0.25581395348837205,0.4827586206896552,False,True,4.339159400027711,2.405921199999284,,,,,passage-only,"겨울 B반 1차 백엔드 배포에 대해 확인 기준을 다음 몇 줄으로 정리할 수 있다고, 공유 위치는 깃허브 이슈 탭이라고, 담당 답변 기간은 수요일 오후 다섯 시라고, 그리고 확인 이유를 삭제라고 설명했습니다.","겨울 B반 1차 백엔드 배포에 대해 담당은 백엔드 팀이라고, 확인 기준은 오류 발생률이라고 설명했습니다."
dataset_ko_352_final,entity_simple_hard_test_os_concept_00388:final:0,entity_simple_hard_test_os_concept_00388,entity_simple_hard_test_os_concept_00388,True,same_source_sibling_facts,1,4,23,20,실습 오전반 4차 프로세스 설명에서 역할과 장점만 알려줘.,"실습 오전반 4차 프로세스에 대해 역할은 독립된 실행 공간을 가진다고, 그리고 장점은 서로 영향을 줄이는 데 도움이 된다고 설명했습니다.",True,,,,,False,False,0.6666666666666666,0.7234042553191489,0.3333333333333333,0.36170212765957444,True,True,3.799423000018578,4.755757100007031,,,,,passage-only,"실습 오전반 4차 프로세스 설명에 대해 장점이면 독립된 실행 공간을 가진다고, 권한이 너무 많이 쓰는 데 도움이 된다고, 그리고 비유는 독립된 식당이라고 설명했습니다.","실습 오전반 4차 프로세스에 대해 역할은 독립된 실행 공간을 가진다고, 장점은 서로 영향을 줄이는 데 도움이 된다고, 예시는 서로 독립된 실행 공간을 가진다고, 예시는 서로 독립된 실행 공간을 가진다고 설명했습니다."
dataset_ko_353_final,entity_simple_hard_test_os_concept_00148:final:0,entity_simple_hard_test_os_concept_00148,entity_simple_hard_test_os_concept_00148,True,same_source_sibling_facts,1,4,23,20,실습 1팀 2차 프로세스 설명에서 장점과 역할만 알려줘.,"실습 1팀 2차 프로세스에 대해 장점은 서로 영향을 줄이는 데 도움이 된다고, 그리고 역할은 독립된 실행 공간을 가진다고 설명했습니다.",True,,,,,False,False,0.9,0.619047619047619,0.45,0.3095238095238095,True,True,3.8212463000090793,3.785848299972713,,,,,question+passage,"실습 1팀 2차 프로세스 설명에 대해 장점은 서로 영향을 줄이는 데 도움이 된다고, 역할은 서로 독립된 실행 공간을 가진다고, 그리고 비유는 독립된 식당이라고 설명했습니다.","실습 1팀 2차 프로세스에 대해 장점은 독립된 실행 공간을 가진다고, 역할은 독립된 실행 공간을 가진다고, 그리고 문제는 자원을 너무 많이 쓰면 느려질 수 있다고 설명했습니다."
dataset_ko_354_final,entity_simple_hard_test_marketing_00346:final:0,entity_simple_hard_test_marketing_00346,entity_simple_hard_test_marketing_00346,True,same_source_sibling_facts,1,4,23,20,교수님이 정규 1팀 4차 스터디 모집의 성과 지표와 핵심 채널을 어떻게 말했어?,"정규 1팀 4차 스터디 모집에 대해 성과 지표는 완료율이라고, 그리고 핵심 채널은 학과 홈페이지라고 설명했습니다.",True,,,,,False,False,0.9090909090909091,0.8484848484848485,0.45454545454545453,0.42424242424242425,True,True,3.3063035999657586,3.3390860999934375,,,,,question+passage,"정규 1팀 4차 스터디 모집에 대해 성과 지표는 완료율이라고, 핵심 채널은 학과 홈페이지라고, 그리고 대상은 스터디 신청자라고 설명했습니다.","교수님이 정규 1팀 4차 스터디 모집의 성과 지표는 완료율이라고, 핵심 채널은 학과 홈페이지라고, 그리고 보상은 우선 신청권이라고 설명했습니다."
dataset_ko_355_final,entity_simple_hard_test_statistics_00188:final:0,entity_simple_hard_test_statistics_00188,entity_simple_hard_test_statistics_00188,True,same_source_sibling_facts,1,4,23,20,실습 오전반 2차 표본분산 설명에서 활용과 비유만 알려줘.,"실습 오전반 2차 표본분산에 대해 활용은 데이터 변동성을 볼 때 쓴다고, 그리고 비유는 점들이 얼마나 퍼졌는지 보는 자라고 설명했습니다.",True,,,,,False,False,0.8333333333333333,0.75,0.41666666666666663,0.375,True,True,3.7277910000411794,4.249240499979351,,,,,question+passage,"실습 오전반 2차 표본분산 설명의 비유는 점들이 얼마나 퍼졌는지 보는 자라고, 사용은 데이터 변동성을 볼 때 쓴다고, 그리고 의미는 퍼짐 측정이라고 설명했습니다.","실습 오전반 2차 표본분산 설명에 대해 활용은 데이터의 흩어짐을 나타내는지 알려주는 데 사용된다고, 비유는 점들이 얼마나 퍼졌는지 보는 자라고, 그리고 주의점은 순위 정렬과 다르다고 설명했습니다."
dataset_ko_356_final,entity_simple_hard_test_dessert_00171:final:0,entity_simple_hard_test_dessert_00171,entity_simple_hard_test_dessert_00171,True,same_source_sibling_facts,1,4,23,20,여름 4팀 2차 브라우니 설명 중 특징과 맛에 해당하는 내용만 답해줘.,"여름 4팀 2차 브라우니에 대해 특징은 속이 촉촉하게 남는다고, 그리고 맛은 묵직하게 달콤하다고 설명했습니다.",True,,,,,False,False,0.9032258064516129,0.8750000000000001,0.45161290322580644,0.43750000000000006,True,True,3.5221181999659166,3.9392804999952205,,,,,tie,"여름 4팀 2차 브라우니에 대해 특징은 속이 촉촉하게 남는다고, 맛은 묵직하게 달콤하다고, 그리고 색깔은 진한 갈색이라고 설명했습니다.","여름 4팀 2차 브라우니에 대해 특징은 속이 촉촉하게 남는다고, 맛은 묵직하게 달콤하다고, 그리고 비유는 초콜렛을 압축한 케이크라고 설명했습니다."
dataset_ko_357_final,entity_simple_hard_test_statistics_00261:final:0,entity_simple_hard_test_statistics_00261,entity_simple_hard_test_statistics_00261,True,same_source_sibling_facts,1,4,23,20,여름 3팀 3차 신뢰구간에서 주의점과 의미를 함께 정리해줘.,"여름 3팀 3차 신뢰구간에 대해 주의점은 정답 하나를 보장하지 않는다고, 그리고 의미는 모수 추정 범위라고 설명했습니다.",True,,,,,False,False,0.44444444444444436,0.6486486486486486,0.22222222222222218,0.3243243243243243,True,False,7.6812245000037365,3.8478284999728203,,,,,passage-only,"여름 3팀 3차 신뢰구간에 대해 주의점은 정답 하나를 보장하지 않는다고, 의미는 모수 추정을 보완하는 역할을 한다고, 그리고 활용은 추정의 범위를 기준으로 색출한다라고, 그리고 비유는 정답이 하나 아니고 여러 개 있다고, 그리고 조건은 정답 하나를 보장하지 않는다고, 그리고 의미는 불확실성을 뜻하는东西有别와 모수 불확실성이, 비유는 정답 하나를 보장하지 않는다고, 그리고","여름 3팀 3차 신뢰구간에 대해 주의점은 정답이 있을 법한 범위라고, 의미는 추정의 불확실성을 설명할 때 쓴다고, 그리고 차별화한 부분은 정답의 범위라고 설명했습니다."
dataset_ko_358_final,entity_simple_hard_test_os_concept_00028:final:0,entity_simple_hard_test_os_concept_00028,entity_simple_hard_test_os_concept_00028,True,same_source_sibling_facts,1,4,23,20,실습 C반 1차 프로세스 설명에서 비유와 주의점만 알려줘.,"실습 C반 1차 프로세스에 대해 비유는 독립된 식당이라고, 그리고 주의점은 자원을 너무 많이 쓰면 느려질 수 있다고 설명했습니다.",True,,,,,False,False,0.9189189189189189,0.8421052631578947,0.45945945945945943,0.42105263157894735,True,True,3.650289899960626,3.8499621999799274,,,,,question+passage,"실습 C반 1차 프로세스 설명에 대해 비유는 독립된 식당이라고, 주의점은 자원을 너무 많이 쓰면 느려질 수 있다고, 그리고 역할은 독립된 식당이라고 설명했습니다.","실습 C반 1차 프로세스에 대해 비유는 독립된 식당이라고, 주의점은 자원을 너무 많이 쓰면 오염이 심해질 수 있다고, 그리고 성격은 독립된 식당이라고 설명했습니다."
dataset_ko_359_final,entity_simple_hard_test_dessert_00048:final:0,entity_simple_hard_test_dessert_00048,entity_simple_hard_test_dessert_00048,True,same_source_sibling_facts,1,4,23,20,실습 1팀 1차 초콜렛 설명에서 비유와 색깔만 알려줘.,"실습 1팀 1차 초콜렛에 대해 비유는 작은 선물 상자라고, 그리고 색깔은 검정색이라고 설명했습니다.",True,,,,,False,False,0.8666666666666666,0.7741935483870968,0.4333333333333333,0.3870967741935484,True,True,3.116688999987673,3.2449224999872968,,,,,question+passage,"실습 1팀 1차 초콜렛 설명에 대해 비유는 작은 선물 상자라고, 색깔은 검정색이라고, 그리고 특징은 입안에서 천천히 녹는다고 설명했습니다.","실습 1팀 1차 초콜렛에 대해 비유는 작은 선물 상자라고, 색깔은 אדום이라고, 그리고 비유의 특징은 입안에서 천천히 녹는다고 설명했습니다."
dataset_ko_360_final,entity_simple_hard_test_marketing_00371:final:0,entity_simple_hard_test_marketing_00371,entity_simple_hard_test_marketing_00371,True,same_source_sibling_facts,1,4,23,20,여름 4팀 4차 멘토링 이벤트 설명 중 보상과 대상에 해당하는 내용만 답해줘.,"여름 4팀 4차 멘토링 이벤트에 대해 보상은 포인트 500점이라고, 그리고 대상은 멘토링 참여 학생이라고 설명했습니다.",True,,,,,False,False,0.8823529411764706,0.8823529411764706,0.4411764705882353,0.4411764705882353,True,True,3.986829800007399,3.952834299998358,,,,,tie,"여름 4팀 4차 멘토링 이벤트에 대해 대상은 멘토링 참여 학생이라고, 보상은 포인트 500점이라고, 그리고 핵심 채널은 이메일 뉴스레터라고 설명했습니다.","여름 4팀 4차 멘토링 이벤트에 대해 보상은 포인트 500점이라고, 대상은 멘토링 참여 학생이라고, 그리고 핵심 채널은 이메일 뉴스레터라고 설명했습니다."
dataset_ko_361_final,entity_simple_hard_test_art_history_00306:final:0,entity_simple_hard_test_art_history_00306,entity_simple_hard_test_art_history_00306,True,same_source_sibling_facts,1,4,23,20,교수님이 정규 A반 4차 인상주의의 핵심 특징과 목적을 어떻게 말했어?,"정규 A반 4차 인상주의에 대해 핵심 특징은 빛의 순간적인 인상이라고, 그리고 목적은 관찰 순간을 살리는 것이라고 설명했습니다.",True,,,,,False,False,0.39999999999999997,0.4666666666666667,0.19999999999999998,0.23333333333333334,False,False,4.862047899980098,2.4847343000001274,,,,,passage-only,"교수님의 주요 특징은 인상주의에 대해 핵심 특징을 설명하는 것과 비교될 때 빛이 날 정도로 명확한 색이 있을 것이라고, 핵심 특징은 이해점을 강하게 밝히는 것이라고, 그리고 목적은 관찰을 강하게 향상시킨다고 설명했습니다.",교수님이 정규 A반 4차 인상주의의 핵심 특징을 정의하고 비교 포인트가 빛나는 곳이라고 설명했습니다.
dataset_ko_362_final,entity_simple_hard_test_os_concept_00222:final:0,entity_simple_hard_test_os_concept_00222,entity_simple_hard_test_os_concept_00222,True,same_source_sibling_facts,1,4,23,20,교수님이 가을 C반 3차 캐시의 비유와 주의점을 어떻게 말했어?,"가을 C반 3차 캐시에 대해 비유는 책상 위에 올려둔 책이라고, 그리고 주의점은 오래된 정보가 남을 수 있다고 설명했습니다.",True,,,,,False,False,0.6,0.6315789473684211,0.3,0.31578947368421056,True,True,3.7689440000103787,3.6175749999820255,,,,,tie,"교수님은 가을 C반 3차 캐시에 대해 비유는 자주 쓰는 말이라고, 주의점은 오래된 정보가 남을 수 있다고, 그리고 역할은 자주 쓰는 말을 강조하는 것을 말했다.","교수님의 C반 3차 캐시에 대해 비유는 책상 위에 올려둔 책이라고, 주의점은 오래된 수행이 수정하지 않된다고, 그리고 목적은 자주 쓰는 책으로 했습니다."
dataset_ko_363_final,entity_simple_hard_test_dessert_00216:final:0,entity_simple_hard_test_dessert_00216,entity_simple_hard_test_dessert_00216,True,same_source_sibling_facts,1,4,23,20,정규 B반 3차 초콜렛 설명에서 맛과 특징만 알려줘.,"정규 B반 3차 초콜렛에 대해 맛은 달콤하다고, 그리고 특징은 입안에서 천천히 녹는다고 설명했습니다.",True,,,,,False,False,0.888888888888889,0.6428571428571429,0.4444444444444445,0.32142857142857145,True,True,2.9723227999638766,2.689418099995237,,,,,question+passage,"정규 B반 3차 초콜렛 설명에 대해 맛은 달콤하다고, 특징은 입안에서 천천히 녹는다고, 그리고보 ground(소스)라고 설명했습니다.","정규 B반 3차 초콜렛 설명에 대해 색깔은 검정색이라고, 맛은 달콤하다고, 그리고 비유는 작은 선물 상자라고 설명했습니다."
dataset_ko_364_final,entity_simple_hard_test_statistics_00069:final:0,entity_simple_hard_test_statistics_00069,entity_simple_hard_test_statistics_00069,True,same_source_sibling_facts,1,4,23,20,세미나 3팀 1차 신뢰구간에서 주의점과 의미를 함께 정리해줘.,"세미나 3팀 1차 신뢰구간에 대해 주의점은 정답 하나를 보장하지 않는다고, 그리고 의미는 모수 추정 범위라고 설명했습니다.",True,,,,,False,False,0.4516129032258065,0.5263157894736842,0.22580645161290325,0.2631578947368421,True,False,7.6645361999981105,3.835136000008788,,,,,passage-only,"세미나 3팀 1차 신뢰구간에 대해 주의점은 정답 하나를 보장하지 않는다고, 의미는 모수 추정을 보완할 때 쓴다고, 그리고 활용은 추정의 오른 왼손이 정답이 있다고, 그리고 모수 추정을 보완할 때 쓴다고, 그리고 정답 하나를 보장하지 않는다고, 그리고 활용은 추정을 보완할 때 쓴다고, 그리고 의미는 모수 추정을 보완할 때 쓴다고, 그리고 주의점은 정답이","세미나 3팀 1차 신뢰구간에 대해 주의점은 잘못된 절정을 제압하는 역할이라고, 의미는 확실하지 않은 값의 범위라고, 그리고 주의점은 잘못된 절정을 제압하는 역할이라고 설명했습니다."
dataset_ko_365_final,entity_simple_hard_test_os_concept_00244:final:0,entity_simple_hard_test_os_concept_00244,entity_simple_hard_test_os_concept_00244,True,same_source_sibling_facts,1,4,23,20,캡스톤 1팀 3차 프로세스 설명에서 장점과 역할만 알려줘.,"캡스톤 1팀 3차 프로세스에 대해 장점은 서로 영향을 줄이는 데 도움이 된다고, 그리고 역할은 독립된 실행 공간을 가진다고 설명했습니다.",True,,,,,False,False,0.65,0.6486486486486486,0.325,0.3243243243243243,True,True,3.6721279999474064,3.296212899964303,,,,,tie,"캡스톤 1팀 3차 프로세스는 독립된 실행 공간을 가진다고, 정보를 너무 많이 쓰면 처리하는 데 도움이 된다고, 그리고 역할은 독립된 실행 공간을 가진다고 설명했습니다.","캡스톤 1팀 3차 프로세스에 대해 장점은 독립된 실행 공간을 가진다고, 비유는 독립된 식당이라고, 그리고 장점은 독립된 실행 공간이라고 설명했습니다."
dataset_ko_366_final,entity_simple_hard_test_project_00303:final:0,entity_simple_hard_test_project_00303,entity_simple_hard_test_project_00303,True,same_source_sibling_facts,1,4,23,20,겨울 A반 4차 프론트엔드 점검 설명 중 담당과 확인 기준에 해당하는 내용만 답해줘.,"겨울 A반 4차 프론트엔드 점검에 대해 담당은 프론트엔드 파트라고, 그리고 확인 기준은 사용자 차단 여부라고 설명했습니다.",True,,,,,False,False,0.6842105263157896,0.888888888888889,0.3421052631578948,0.4444444444444445,True,True,3.715448100003414,3.6160875000059605,,,,,passage-only,"겨울 A반 4차 프론트엔드 점검 설명이라는 부분의 책임은 프론트엔드 담당이라고, 확인 기준은 사용자 차단 여부라고, 그리고 달라진 내용은 사용자 권한의 차이라고 설명했습니다.","겨울 A반 4차 프론트엔드 점검에 대해 담당은 프론트엔드 파트라고, 마감은 다음 달 첫째 주 화요일이라고, 그리고 확인 기준은 사용자 차단 여부라고 설명했습니다."
dataset_ko_367_final,entity_simple_hard_test_project_00109:final:0,entity_simple_hard_test_project_00109,entity_simple_hard_test_project_00109,True,same_source_sibling_facts,1,4,23,20,세미나 A반 2차 백엔드 배포에서 담당과 확인 기준을 함께 정리해줘.,"세미나 A반 2차 백엔드 배포에 대해 담당은 백엔드 팀이라고, 그리고 확인 기준은 오류 발생률이라고 설명했습니다.",True,,,,,False,False,0.4545454545454545,0.7567567567567568,0.22727272727272724,0.3783783783783784,False,True,4.673674499965273,3.4142883000313304,,,,,passage-only,"세미나 A반 2차 백엔드 배포에 대해 확인 기준을 다음 세 개 중 하나를 선택하라고, 공유 위치를 설명하고, 변경할 수 있는 위치를 표시하라고, 그리고 확인 메일을 사용하는지 설명하는 데 대해 생각을 공유하는지 여부를 지정하라고 설명했습니다.","세미나 A반 2차 백엔드 배포에 대해 담당은 백엔드 팀이라고, 마감은 수요일 오후 다섯 시라고, 그리고 확인 기준은 오류 종류에 따라 있다고 설명했습니다."
dataset_ko_368_final,entity_simple_hard_test_project_00182:final:0,entity_simple_hard_test_project_00182,entity_simple_hard_test_project_00182,True,same_source_sibling_facts,1,4,23,20,교수님이 가을 오전반 2차 AI 모델 평가의 공유 위치와 마감을 어떻게 말했어?,"가을 오전반 2차 AI 모델 평가에 대해 공유 위치는 회의록 폴더라고, 그리고 마감은 금요일 자정 전이라고 설명했습니다.",True,,,,,False,False,0.6976744186046512,0.6341463414634146,0.3488372093023256,0.3170731707317073,True,True,4.141690099961124,3.3457408000249416,,,,,question+passage,"가을 오전반 2차 AI 모델 평가에 대해 공유 위치는 클래스 내부 폴더로 설정하면 올바르게 정의된다고, 변경 권한은 AI 프로젝트 폴더로, 그리고 마감은 금요일 자정 전이라고 설명했습니다.","가을 오분반 AI 모델 평가에 대해 공유 위치는 shared-preferences 폴더 내에 있다고, 마감은 금요일 자정 전이라고, 그리고 확인 파일은 JSON 응답 형식으로 저장한다고 설명했습니다."
dataset_ko_369_final,entity_simple_hard_test_art_history_00331:final:0,entity_simple_hard_test_art_history_00331,entity_simple_hard_test_art_history_00331,True,same_source_sibling_facts,1,4,23,20,여름 D반 4차 르네상스 설명 중 비유와 비교 포인트에 해당하는 내용만 답해줘.,"여름 D반 4차 르네상스에 대해 비유는 사람을 화면 중앙에 다시 세우는 방식이라고, 그리고 비교 포인트는 절대왕정 중심 설명과 다르다고 설명했습니다.",True,,,,,False,False,0.4067796610169491,0.6666666666666666,0.20338983050847456,0.3333333333333333,False,True,7.695935100025963,4.736619500035886,,,,,passage-only,"여름 D반 4차 르네상스에 대해 비교 포인트는 절대적 완벽화에 창의적 개방감을 드러내는지 생각하고, 주인공은 화면을 노출시키는 방식이라고, 그리고 다른 특징은 사람의 여부를 묘사하는 것이라고, 그리고 비유는 르네상스를 드러내는 것이라고, 그리고 점은 화면을 한자에 비유하는 것이라고, 그리고 언제나 화면을 노출시킬 수 있다고","여름 D반 4차 르네상스에 대해 비유는 사람을 화면 중앙에 다시 세우는 방식이라고, 설명은 절대값을 중요하게 하지만 그 사람의 모습을 중앙에 다시 세우는 방식이라고, 그리고 비교 포인트는 인간의 가치에 close한 방식이라고 설명했습니다."
dataset_ko_370_final,entity_simple_hard_test_project_00351:final:0,entity_simple_hard_test_project_00351,entity_simple_hard_test_project_00351,True,same_source_sibling_facts,1,4,23,20,여름 2팀 4차 프론트엔드 점검 설명 중 확인 기준과 담당에 해당하는 내용만 답해줘.,"여름 2팀 4차 프론트엔드 점검에 대해 확인 기준은 사용자 차단 여부라고, 그리고 담당은 프론트엔드 파트라고 설명했습니다.",True,,,,,False,False,0.8,0.3728813559322034,0.4,0.1864406779661017,True,False,4.513402300013695,7.677141699998174,,,,,question+passage,"여름 2팀 4차 프론트엔드 점검 설명에 대해 확인 기준은 사용자 차단 여부라고, 담당은 프론트엔드 파트라고, 그리고 대요일 전 멀리고 다음 주 화요일에 전화 연결을 요청하는 데 있으면다고 설명했습니다.",여름 2팀 4차 프론트엔드 점검에 대해 확인 기준은 잘못된 부분을 확인하는 데 사용된 권한은 admin team 뒤의 권한은 사용자 권한은 일반 유저 범위는 프로젝트 기준은 실패 수는 100% 이하 유저 범위는 프로젝트 프로세스는 개발 작업流程은 분기 블록은 음수 추가는 포트폴리오 프로젝트에 담당은 프론트엔드 팀은
dataset_ko_371_final,entity_simple_hard_test_statistics_00167:final:0,entity_simple_hard_test_statistics_00167,entity_simple_hard_test_statistics_00167,True,same_source_sibling_facts,1,4,23,20,심화 3팀 2차 회귀분석 설명 중 주의점과 의미에 해당하는 내용만 답해줘.,"심화 3팀 2차 회귀분석에 대해 주의점은 모든 원인을 증명하지는 않는다고, 그리고 의미는 관계의 경향 설명이라고 설명했습니다.",True,,,,,False,False,0.2903225806451613,0.5294117647058824,0.14516129032258066,0.2647058823529412,False,False,7.692232700006571,3.7486443999805488,,,,,passage-only,"심화 3팀 2차 회귀분석에 대해 주의점은 관찰 수가 데이터 분포를 보는 경향을 말하고, 의미는 데이터가 관화된 의미를 말하고, 그리고 변별력은 데이터가 이유를 설명할 때 쓴다고, 마지막에 비유는 흩어진 점을 보는 쪽이라고, 그리고 회귀분석에 대해 장점은 예측 경향을 말하고, 비유는 흩어진 점의 의미라고, 그리고 주의점은 관찰의 의미와区别은 데이터","심화 3팀 2차 회귀분석 설명에 대해 활용은 예측 경향을 설명할 때 쓴다고, 주의점은 귀재의 절대 금액을 의미하지 않는다고, 예则是裏の解誘 경향이라고 설명했습니다."
dataset_ko_372_final,entity_simple_hard_test_statistics_00382:final:0,entity_simple_hard_test_statistics_00382,entity_simple_hard_test_statistics_00382,True,same_source_sibling_facts,1,4,23,20,교수님이 가을 오전반 4차 상관계수의 활용과 비유를 어떻게 말했어?,"가을 오전반 4차 상관계수에 대해 활용은 관계 강도를 빠르게 살필 때 쓴다고, 그리고 비유는 두 변수의 움직임을 비교하는 나침반이라고 설명했습니다.",True,,,,,False,False,0.4545454545454546,0.4848484848484848,0.2272727272727273,0.2424242424242424,False,False,4.347594999999274,2.8378882000106387,,,,,tie,"교수님이 가을 오전반 4차 상관계수의 비유로 설명한 것에 대해 역할은 두 개를 강조했다고, 의미는 강약 정도를 빠르게 조절하는 것이라고, 그리고 목적은 표현 강도를 빠르게 조정하는 것이라고 설명했습니다.",교수님이 가을 오전반 4차 상관계수의 활용과 비유를 설명할 때는 비교상품의 맛을 빠르게 전달하는 맛이라고 설명했습니다.
dataset_ko_373_final,entity_simple_hard_test_art_history_00259:final:0,entity_simple_hard_test_art_history_00259,entity_simple_hard_test_art_history_00259,True,same_source_sibling_facts,1,4,23,20,세미나 2팀 3차 르네상스 설명 중 목적과 핵심 특징에 해당하는 내용만 답해줘.,"세미나 2팀 3차 르네상스에 대해 목적은 사람의 가치를 드러내는 것이라고, 그리고 핵심 특징은 인문주의라고 설명했습니다.",True,,,,,False,False,0.4888888888888889,0.8571428571428571,0.24444444444444444,0.42857142857142855,False,True,5.468391999951564,3.7208698999602348,,,,,passage-only,"세미나 2팀 3차 르네상스에 대해 핵심 특징을 나타내는 말을 꾸밀 때 사용하는 의미는 사람을 화면을 가CRET다고, 효과는 명백한 독립성을 나타내는 것이라고, 그리고 비교 포인트는 점검하는 듯한 멋진美의 하나를 나타내는 것이라고 설명했습니다.","세미나 2팀 3차 르네상스에 대해 목적은 사람의 가치를 드러내는 것이라고, 핵심 특징은 인문주의라고, 그리고 비교 포인트는 절대왕정 중심 설명과 다르다고 설명했습니다."
dataset_ko_374_final,entity_simple_hard_test_statistics_00383:final:0,entity_simple_hard_test_statistics_00383,entity_simple_hard_test_statistics_00383,True,same_source_sibling_facts,1,4,23,20,겨울 오전반 4차 회귀분석 설명 중 활용과 비유에 해당하는 내용만 답해줘.,"겨울 오전반 4차 회귀분석에 대해 활용은 예측 경향을 설명할 때 쓴다고, 그리고 비유는 흩어진 점 사이에 길을 그어 보는 일이라고 설명했습니다.",True,,,,,False,False,0.5909090909090909,0.717948717948718,0.29545454545454547,0.358974358974359,True,True,4.23370270000305,3.3315284000127576,,,,,passage-only,"겨울 오전반 4차 회귀분석에 대해 비유는 변화와 관점 변화의 길은 many-to-one 관계가 될 수 있다고, 주의점은 모든 원인을 증명하지는 않는다고, 그리고 활용은 예측 경향을 설명할 때 쓴다고 설명했습니다.","겨울 오전반 4차 회귀분석 설명에 대해 활용은 예측 경향을 설명할 때 쓴다고, 비유는 곡선을 그어 설명한다고, 그리고 개념은 관계의 경향 설명이라고 설명했습니다."
dataset_ko_375_final,entity_simple_hard_test_marketing_00225:final:0,entity_simple_hard_test_marketing_00225,entity_simple_hard_test_marketing_00225,True,same_source_sibling_facts,1,4,23,20,파일럿 C반 3차 동아리 홍보에서 대상과 보상을 함께 정리해줘.,"파일럿 C반 3차 동아리 홍보에 대해 대상은 동아리 회원이라고, 그리고 보상은 굿즈 추첨권이라고 설명했습니다.",True,,,,,False,False,0.44067796610169485,0.8666666666666666,0.22033898305084743,0.4333333333333333,True,True,7.669593599974178,2.9836099999956787,,,,,passage-only,"파일럿 C반 3차 동아리 홍보에 대해 대상은 동아리 회원이라고, 보상은 굿즈 추첨권이라고, 그리고 핵심 채널은 오픈채팅방이라고, 그리고 목표는 동아리 회원이라고, 그리고 성과 지표는 참여율이라고, 그리고 아래 5개 점에 대해 대상은 동아리 회원이라고, 그리고 보상은 굿즈 추첨권이라고, 그리고 핵심 채널은 동아리 페이지라고, 그리고 목표는 동아리 회원가입률","파일럿 C반 3차 동아리 홍보에 대해 대상은 동아리 회원이라고, 보상은 굿즈 추첨권이라고, 성과 지표는 완료율이라고 설명했습니다."
dataset_ko_376_final,entity_simple_hard_test_marketing_00177:final:0,entity_simple_hard_test_marketing_00177,entity_simple_hard_test_marketing_00177,True,same_source_sibling_facts,1,4,23,20,심화 4팀 2차 동아리 홍보에서 보상과 대상을 함께 정리해줘.,"심화 4팀 2차 동아리 홍보에 대해 보상은 굿즈 추첨권이라고, 그리고 대상은 동아리 회원이라고 설명했습니다.",True,,,,,False,False,0.4827586206896552,0.7999999999999999,0.2413793103448276,0.39999999999999997,True,True,7.490617699979339,3.2796537000103854,,,,,passage-only,"심화 4팀 2차 동아리 홍보에 대해 대상은 동아리 회원이라고, 보상은 굿즈 추첨권이라고, 그리고 핵심 채널은 오픈채팅방이라고, 그리고 성과 지표는 참여율이라고, 그리고 위에에 대해 해결하는 내용이라고, 그리고 핵심 채널은 오픈채팅방이라고, 그리고 성과 지표는 참여율이라고, 그리고 위에에 대해 대상은 동아리 회원이라고, 그리고 보상은 굿즈 추첨권이라고 설명했습니다.","심화 4팀 2차 동아리 홍보에 대해 보상은 굿즈 추첨권이라고, 핵심 채널은 오픈채팅방이라고, 그리고 대상은 추첨권이라고 설명했습니다."
dataset_ko_377_final,entity_simple_hard_test_statistics_00022:final:0,entity_simple_hard_test_statistics_00022,entity_simple_hard_test_statistics_00022,True,same_source_sibling_facts,1,4,23,20,교수님이 가을 C반 1차 상관계수의 의미와 주의점을 어떻게 말했어?,"가을 C반 1차 상관계수에 대해 의미는 선형 관계 강도라고, 그리고 주의점은 원인 증명을 뜻하지 않는다고 설명했습니다.",True,,,,,False,False,0.52,0.5161290322580646,0.26,0.2580645161290323,True,False,5.94950859999517,2.466528599965386,,,,,tie,"교수님이 가을 C반 1차 상관계수의 의미에 대해 말한 내용에는 3개의 점을 강조했다. 첫 번째로 주의점은 원인 증명을 뜻하지 않는다고, 의미는 강조점이 적은 점( significance level)을 뜻하지 않는다고, 그리고 의미는 반복 실패( repetition failure)를 뜻하지 않는다고 설명했습니다.",가을 C반 1차 상관계수의 의미에 대해 단언하지는 않지만 주의점을 데이터 관계 강도에 대한 측량으로 �解讀합니다.
dataset_ko_378_final,entity_simple_hard_test_marketing_00130:final:0,entity_simple_hard_test_marketing_00130,entity_simple_hard_test_marketing_00130,True,same_source_sibling_facts,1,4,23,20,교수님이 봄 D반 2차 스터디 모집의 대상과 보상을 어떻게 말했어?,"봄 D반 2차 스터디 모집에 대해 대상은 스터디 신청자라고, 그리고 보상은 우선 신청권이라고 설명했습니다.",True,,,,,False,False,0.896551724137931,0.8387096774193548,0.4482758620689655,0.4193548387096774,True,True,2.891004100034479,3.414914199966006,,,,,question+passage,"봄 D반 2차 스터디 모집에 대해 대상은 스터디 신청자라고, 성과 지표는 완료율이라고, 그리고 보상은 우선 신청권이라고 설명했습니다.","교수님이 봄 D반 2차 스터디 모집에 대해 대상은 스터디 신청자라고, 보상은 우선 신청권이라고, 그리고 핵심 채널은 학과 홈페이지라고 설명했습니다."
dataset_ko_379_final,entity_simple_hard_test_os_concept_00052:final:0,entity_simple_hard_test_os_concept_00052,entity_simple_hard_test_os_concept_00052,True,same_source_sibling_facts,1,4,23,20,가을 2팀 1차 프로세스 설명에서 장점과 역할만 알려줘.,"가을 2팀 1차 프로세스에 대해 장점은 서로 영향을 줄이는 데 도움이 된다고, 그리고 역할은 독립된 실행 공간을 가진다고 설명했습니다.",True,,,,,False,False,0.8181818181818181,0.8372093023255813,0.40909090909090906,0.41860465116279066,True,True,4.291954699961934,4.162336500012316,,,,,tie,"가을 2팀 1차 프로세스 설명에 대해 장점은 서로 영향을 줄이는 데 도움이 된다고, 권장사항은 자원을 너무 많이 쓰면 사람을 의미로 대别라고, 그리고 역할은 독립된 실행 공간을 가진다고 설명했습니다.","가을 2팀 1차 프로세스에 대해 장점은 서로 영향을 줄이는 데 도움이 된다고, 주의점은 자원을 너무 많이 쓰면 느려질 수 있다고, 그리고 역할은 독립된 실행 공간을 가진다고 설명했습니다."
dataset_ko_380_final,entity_simple_hard_test_marketing_00344:final:0,entity_simple_hard_test_marketing_00344,entity_simple_hard_test_marketing_00344,True,same_source_sibling_facts,1,4,23,20,캡스톤 1팀 4차 신입생 캠페인 설명에서 성과 지표와 핵심 채널만 알려줘.,"캡스톤 1팀 4차 신입생 캠페인에 대해 성과 지표는 전환율이라고, 그리고 핵심 채널은 인스타그램이라고 설명했습니다.",True,,,,,False,False,0.6666666666666666,0.9333333333333333,0.3333333333333333,0.4666666666666667,True,True,4.9604238999891095,3.342067199992016,,,,,passage-only,"캡스톤 1팀 4차 신입생 캠페인에 대해 성과 지표와 핵심 채널을 알려하는 의미는 조회 수가 될 수 있는 그래프를Containner가 되는채널이라고, 성과 지표는 전환율이라고, 그리고 보상은 커피 쿠폰이라고 설명했습니다.","캡스톤 1팀 4차 신입생 캠페인에 대해 성과 지표는 전환율이라고, 핵심 채널은 인스타그램이라고, 그리고 대상은 신입생이라고 설명했습니다."
dataset_ko_381_final,entity_simple_hard_test_statistics_00190:final:0,entity_simple_hard_test_statistics_00190,entity_simple_hard_test_statistics_00190,True,same_source_sibling_facts,1,4,23,20,교수님이 봄 오후반 2차 상관계수의 활용과 비유를 어떻게 말했어?,"봄 오후반 2차 상관계수에 대해 활용은 관계 강도를 빠르게 살필 때 쓴다고, 그리고 비유는 두 변수의 움직임을 비교하는 나침반이라고 설명했습니다.",True,,,,,False,False,0.29166666666666663,0.25,0.14583333333333331,0.125,False,False,5.518662400019821,2.628609300008975,,,,,tie,"교수님이 설명한 의미는 한 문제에서 관찰 변수의 변화량이 X 성질의 강도를 높이는潜力입니다. 비유는 두 변수의 움직임을 비교하는 도구라고, 관찰 변수의 의미는 원인 강도 강도를 높이는 힘이라고, 그리고 비유는 관찰 변수의 강도를 빠르게 조절합니다.","올림프의 활용을 설명할 때 사용하는 개념이라고, 상관계수의 활용과 비유는 무엇보다도 말하는 뜻이 닷컴의 개념이 아니라고 설명했습니다."
dataset_ko_382_final,entity_simple_hard_test_marketing_00273:final:0,entity_simple_hard_test_marketing_00273,entity_simple_hard_test_marketing_00273,True,same_source_sibling_facts,1,4,23,20,겨울 4팀 3차 동아리 홍보에서 보상과 대상을 함께 정리해줘.,"겨울 4팀 3차 동아리 홍보에 대해 보상은 굿즈 추첨권이라고, 그리고 대상은 동아리 회원이라고 설명했습니다.",True,,,,,False,False,0.8484848484848484,0.7999999999999999,0.4242424242424242,0.39999999999999997,True,True,3.857212000002619,3.2536256999592297,,,,,tie,"겨울 4팀 3차 동아리 홍보에 대해 대상은 참여장수로, 보상은 굿즈 추첨권이라고, 핵심 채널은 오픈채팅방이라고, 그리고 대상은 동아리 회원이라고 설명했습니다.","겨울 4팀 3차 동아리 홍보에 대해 보상은 굿즈 추첨권이라고, 핵심 채널은 오픈채팅방이라고, 그리고 대상은 추첨권이라고 설명했습니다."
dataset_ko_383_final,entity_simple_hard_test_project_00181:final:0,entity_simple_hard_test_project_00181,entity_simple_hard_test_project_00181,True,same_source_sibling_facts,1,4,23,20,여름 오전반 2차 백엔드 배포에서 공유 위치와 마감을 함께 정리해줘.,"여름 오전반 2차 백엔드 배포에 대해 공유 위치는 깃허브 이슈 탭이라고, 그리고 마감은 수요일 오후 다섯 시라고 설명했습니다.",True,,,,,False,False,0.85,0.9714285714285714,0.425,0.4857142857142857,True,True,3.5070561000029556,2.7591858999803662,,,,,passage-only,"여름 오전반 2차 백엔드 배포에 대해 공유 위치는 깃허브 이슈 탭이라고, 마감은 다음 주일 오후 다섯 시라고, 그리고 담당은 백엔드 팀이라고 설명했습니다.","여름 오전반 2차 백엔드 배포에 대해 공유 위치는 깃허브 이슈 탭이라고, 마감은 수요일 오후 다섯 시라고 설명했습니다."
dataset_ko_384_final,entity_simple_hard_test_dessert_00242:final:0,entity_simple_hard_test_dessert_00242,entity_simple_hard_test_dessert_00242,True,same_source_sibling_facts,1,4,23,20,교수님이 가을 1팀 3차 마카롱의 비유와 색깔을 어떻게 말했어?,"가을 1팀 3차 마카롱에 대해 비유는 작은 보석 상자라고, 그리고 색깔은 알록달록하다고 설명했습니다.",True,,,,,False,False,0.5333333333333333,0.21052631578947367,0.26666666666666666,0.10526315789473684,True,False,3.2209647999843583,1.309376200020779,,,,,question+passage,"교수님과 마카롱의 특징은 겉은 바삭하고 속은 촉촉하다고, 그리고 색깔은 알록달록하다고, 그리고 마지막에 의미는 작은 보석 상자라고 설명했습니다.",학년상 차분한 색깔로 오보에가 나타나는을 설명했습니다.
dataset_ko_385_final,entity_simple_hard_test_os_concept_00340:final:0,entity_simple_hard_test_os_concept_00340,entity_simple_hard_test_os_concept_00340,True,same_source_sibling_facts,1,4,23,20,봄 1팀 4차 프로세스 설명에서 장점과 역할만 알려줘.,"봄 1팀 4차 프로세스에 대해 장점은 서로 영향을 줄이는 데 도움이 된다고, 그리고 역할은 독립된 실행 공간을 가진다고 설명했습니다.",True,,,,,False,False,0.3870967741935483,0.8292682926829268,0.19354838709677416,0.4146341463414634,True,True,7.652953699987847,4.086990100040566,,,,,passage-only,"봄 1팀 4차 프로세스라고, 책임은 독립된 실행 공간을 너무 많이 쓰면 탄력성이太高다고, 그리고 비유는 독립된 실행 공간은 식당이라고, 그리고 주의점은 서로 영향을 줄이는 데 도움이 된다고, 그리고 역할은 독립된 실행 공간을 너무 많이 쓰면 접근이 간결해질 수 있다고, 그리고 봄 1팀 4차 프로세스라고, 그리고 역할은 서로 영향을 줄이는 데 도","봄 1팀 4차 프로세스에 대해 장점은 서로 영향을 줄이는 데 도움이 된다고, 주의점은 자원을 너무 많이 쓰면 느려질 수 있다고, 그리고 역할은 독립된 실행 공간을 가진다고 설명했습니다."
dataset_ko_386_final,entity_simple_hard_test_dessert_00099:final:0,entity_simple_hard_test_dessert_00099,entity_simple_hard_test_dessert_00099,True,same_source_sibling_facts,1,4,23,20,세미나 오후반 1차 브라우니 설명 중 색깔과 비유에 해당하는 내용만 답해줘.,"세미나 오후반 1차 브라우니에 대해 색깔은 진한 갈색이라고, 그리고 비유는 초콜렛을 압축한 케이크라고 설명했습니다.",True,,,,,False,False,0.8750000000000001,0.9032258064516129,0.43750000000000006,0.45161290322580644,True,True,3.92040270002326,3.6578221999807283,,,,,tie,"세미나 오후반 1차 브라우니에 대해 특징은 속이 촉촉하게 남는다고, 비유는 초콜렛을 압축한 케이크라고, 그리고 색깔은 진한 갈색이라고 설명했습니다.","세미나 오후반 1차 브라우니에 대해 색깔은 진한 갈색이라고, 비유는 초콜렛을 압축한 케이크라고, 그리고 맛은 묵직하게 달콤하다고 설명했습니다."
dataset_ko_387_final,entity_simple_hard_test_marketing_00203:final:0,entity_simple_hard_test_marketing_00203,entity_simple_hard_test_marketing_00203,True,same_source_sibling_facts,1,4,23,20,겨울 A반 3차 멘토링 이벤트 설명 중 핵심 채널과 성과 지표에 해당하는 내용만 답해줘.,"겨울 A반 3차 멘토링 이벤트에 대해 핵심 채널은 이메일 뉴스레터라고, 그리고 성과 지표는 재방문율이라고 설명했습니다.",True,,,,,False,False,0.6315789473684211,0.8235294117647058,0.31578947368421056,0.4117647058823529,True,True,4.698856399976648,4.040836700005457,,,,,passage-only,"겨울 A반 3차 멘토링 이벤트 설명에 대해 핵심 채널은 멘토링 참여자와 뉴스레터가 될 수 있다고, 성과 지표는 재방문율을 측정 가능하다고, 그리고 대상은 멘토링 참여 학생이라고 설명했습니다.","겨울 A반 3차 멘토링 이벤트에 대해 핵심 채널은 이메일 뉴스레터라고, 성과 지표는 참여율이라고, 그리고 핵심 채널은 이메일 뉴스레터라고 설명했습니다."
dataset_ko_388_final,entity_simple_hard_test_marketing_00395:final:0,entity_simple_hard_test_marketing_00395,entity_simple_hard_test_marketing_00395,True,same_source_sibling_facts,1,4,23,20,파일럿 오후반 4차 멘토링 이벤트 설명 중 핵심 채널과 성과 지표에 해당하는 내용만 답해줘.,"파일럿 오후반 4차 멘토링 이벤트에 대해 핵심 채널은 이메일 뉴스레터라고, 그리고 성과 지표는 재방문율이라고 설명했습니다.",True,,,,,False,False,0.8823529411764706,0.8235294117647058,0.4411764705882353,0.4117647058823529,True,True,3.9151488000061363,4.1458024000166915,,,,,question+passage,"파일럿 오후반 4차 멘토링 이벤트에 대해 핵심 채널은 이메일 뉴스레터라고, 성과 지표는 재방문율이라고, 그리고 대상은 멘토링 참여 학생이라고 설명했습니다.","파일럿 오후반 4차 멘토링 이벤트에 대해 핵심 채널은 이메일 뉴스레터라고, 성과 지표는 참여율이라고, 그리고 핵심 채널은 이메일 뉴스레터라고 설명했습니다."
dataset_ko_389_final,entity_simple_hard_test_marketing_00155:final:0,entity_simple_hard_test_marketing_00155,entity_simple_hard_test_marketing_00155,True,same_source_sibling_facts,1,4,23,20,파일럿 2팀 2차 멘토링 이벤트 설명 중 성과 지표와 핵심 채널에 해당하는 내용만 답해줘.,"파일럿 2팀 2차 멘토링 이벤트에 대해 성과 지표는 재방문율이라고, 그리고 핵심 채널은 이메일 뉴스레터라고 설명했습니다.",True,,,,,False,False,0.9090909090909091,0.8333333333333333,0.45454545454545453,0.41666666666666663,True,True,3.810095300024841,4.3406603000476025,,,,,question+passage,"파일럿 2팀 2차 멘토링 이벤트에 대해 핵심 채널은 이메일 뉴스레터라고, 성과 지표는 재방문율이라고, 그리고 보상은 포인트 500점이라고 설명했습니다.","파일럿 2팀 2차 멘토링 이벤트에 대해 성과 지표는 재방문율이라고, 핵심 채널은 이메일 뉴스레터라고, 그리고 핵심 채널의 연결요소는 리소스에 대한 설명이라고 설명했습니다."
dataset_ko_390_final,entity_simple_hard_test_project_00231:final:0,entity_simple_hard_test_project_00231,entity_simple_hard_test_project_00231,True,same_source_sibling_facts,1,4,23,20,여름 D반 3차 프론트엔드 점검 설명 중 마감과 공유 위치에 해당하는 내용만 답해줘.,"여름 D반 3차 프론트엔드 점검에 대해 마감은 다음 달 첫째 주 화요일이라고, 그리고 공유 위치는 프로젝트 슬랙 채널이라고 설명했습니다.",True,,,,,False,False,0.5172413793103449,0.8717948717948718,0.25862068965517243,0.4358974358974359,True,True,7.701079499965999,3.977512300014496,,,,,passage-only,"여름 D반 3차 프론트엔드 점검 설명이라고, 그리고 마감은 다음 달 첫째 주 화요일이라고, 그리고 공유 위치는 프로젝트 슬랙 채널이라고, 그리고 설명의 역할은 프로젝트 내에서의 주요 차이점을 설명하는 데 있다고, 그리고 사용방법은 프로젝트 슬랙 채널에 달기라고, 그리고 언제 알려진지는 다음 블로그 포스트라고, 그리고 만약 누군데라고, 그리고 설명의 영향은 프","여름 D반 3차 프론트엔드 점검에 대해 마감은 다음 달 첫째 주 화요일이라고, 공유 위치는 프로젝트 슬랙 채널이라고, 그리고 확인 기준은 사용자 차단 여부라고 설명했습니다."
dataset_ko_391_final,entity_simple_hard_test_marketing_00010:final:0,entity_simple_hard_test_marketing_00010,entity_simple_hard_test_marketing_00010,True,same_source_sibling_facts,1,4,23,20,교수님이 봄 B반 1차 스터디 모집의 핵심 채널과 성과 지표를 어떻게 말했어?,"봄 B반 1차 스터디 모집에 대해 핵심 채널은 학과 홈페이지라고, 그리고 성과 지표는 완료율이라고 설명했습니다.",True,,,,,False,False,0.9032258064516129,0.9032258064516129,0.45161290322580644,0.45161290322580644,True,True,3.1887662999797612,3.05978359997971,,,,,tie,"봄 B반 1차 스터디 모집에 대해 핵심 채널은 학과 홈페이지라고, 대상은 스터디 신청자라고, 그리고 성과 지표는 완료율이라고 설명했습니다.","봄 B반 1차 스터디 모집에 대해 핵심 채널은 학과 홈페이지라고, 성과 지표는 완료율이라고, 그리고 보상은 우선 신청권이라고 설명했습니다."
dataset_ko_392_final,entity_simple_hard_test_os_concept_00077:final:0,entity_simple_hard_test_os_concept_00077,entity_simple_hard_test_os_concept_00077,True,same_source_sibling_facts,1,4,23,20,심화 4팀 1차 스레드에서 주의점과 비유를 함께 정리해줘.,"심화 4팀 1차 스레드에 대해 주의점은 공유 자원 관리가 필요하다고, 그리고 비유는 같은 식당 안에서 일하는 직원이라고 설명했습니다.",True,,,,,False,False,0.7000000000000001,0.6046511627906976,0.35000000000000003,0.3023255813953488,True,True,3.451451000000816,4.383214100031182,,,,,question+passage,"심화 4팀 1차 스레드에 대해 주의점은 작업을 나누어 실행한다고, 비유는 같은 식당 안에서 일하는 직원이라고, 그리고 장점은 작업을 가볍게 나눌 수 있다고 설명했습니다.","심화 4팀 1차 스레드에 대해 주의점은 공유 자원 관리가 필요하다고, 비유는 빠르게 움직이는 기계의 유형 중 하나라고, 그리고 역할은 캐시와 같이 기능은 작업을 나누어 실행한다고 설명했습니다."
dataset_ko_393_final,entity_simple_hard_test_os_concept_00247:final:0,entity_simple_hard_test_os_concept_00247,entity_simple_hard_test_os_concept_00247,True,same_source_sibling_facts,1,4,23,20,심화 1팀 3차 큐 설명 중 장점과 역할에 해당하는 내용만 답해줘.,"심화 1팀 3차 큐에 대해 장점은 처리 순서를 명확하게 만든다고, 그리고 역할은 작업을 순서대로 기다리게 한다고 설명했습니다.",True,,,,,False,False,0.21875,0.8717948717948718,0.109375,0.4358974358974359,False,True,7.527736200019717,3.57812310004374,,,,,passage-only,"심화 1팀 3차 큐에 대해 장점이라고, 역할이라고, 그리고 대상이라고 설명할 수 있다고, 그리고 핵심 정보를 빠짐없이 포함한다고, 그리고 많은 사람을 대상으로 정보를 제공하는 등 역할이라고, 그리고 장점이라고, 그리고 정보를 빠짐없이 포함하는 등 역할을 두고强调하는 순서라고, 그리고 심각한 정보를 전환하는 등 역할을 두고区分하는 줄리아를 등세한다고, 그리고 심각한 정보를 전환하는 등 주의","심화 1팀 3차 큐에 대해 장점은 처리 순서를 명확하게 만든다고, 주의점은 대기 시간이 길어질 수 있다고, 그리고 역할은 작업을 순서대로 기다리게 한다고 설명했습니다."
dataset_ko_394_final,entity_simple_hard_test_art_history_00232:final:0,entity_simple_hard_test_art_history_00232,entity_simple_hard_test_art_history_00232,True,same_source_sibling_facts,1,4,23,20,가을 D반 3차 바로크 설명에서 비유와 비교 포인트만 알려줘.,"가을 D반 3차 바로크에 대해 비유는 무대 조명이 한 장면을 강조하는 방식이라고, 그리고 비교 포인트는 평면적 구도와 구분된다고 설명했습니다.",True,,,,,False,False,0.878048780487805,0.5454545454545455,0.4390243902439025,0.27272727272727276,True,True,3.8491219999850728,3.8937098999740556,,,,,question+passage,"가을 D반 3차 바로크에 대해 비유는 무대 조명이 한 장면을 강조하는 방식이라고, 비교 포인트는 평면적 구도와 구분된다고, 그리고 목적은 감정을 강하게 전달하는 방식이라고 설명했습니다.","가을 D반 3차 바로크에 대해 비유는 무대 조명이 한 장면을 강조하는 방식이라고, 비유는 종류가 참 명암으로Differentiate between these types and promise to return soon.이라고, 마지막에 강조하는 방식이라고 설명했습니다."
dataset_ko_395_final,entity_simple_hard_test_dessert_00219:final:0,entity_simple_hard_test_dessert_00219,entity_simple_hard_test_dessert_00219,True,same_source_sibling_facts,1,4,23,20,세미나 B반 3차 브라우니 설명 중 맛과 특징에 해당하는 내용만 답해줘.,"세미나 B반 3차 브라우니에 대해 맛은 묵직하게 달콤하다고, 그리고 특징은 속이 촉촉하게 남는다고 설명했습니다.",True,,,,,False,False,0.8750000000000001,0.9032258064516129,0.43750000000000006,0.45161290322580644,True,True,3.9158661999972537,3.5210181000293233,,,,,tie,"세미나 B반 3차 브라우니에 대해 특징은 속이 촉촉하게 남는다고, 맛은 묵직하게 달콤하다고, 그리고 브라우니는 대게 회의를 압도한다고 설명했습니다.","세미나 B반 3차 브라우니에 대해 색깔은 진한 갈색이라고, 맛은 묵직하게 달콤하다고, 그리고 특징은 속이 촉촉하게 남는다고 설명했습니다."
dataset_ko_396_final,entity_simple_hard_test_statistics_00191:final:0,entity_simple_hard_test_statistics_00191,entity_simple_hard_test_statistics_00191,True,same_source_sibling_facts,1,4,23,20,여름 오후반 2차 회귀분석 설명 중 활용과 비유에 해당하는 내용만 답해줘.,"여름 오후반 2차 회귀분석에 대해 활용은 예측 경향을 설명할 때 쓴다고, 그리고 비유는 흩어진 점 사이에 길을 그어 보는 일이라고 설명했습니다.",True,,,,,False,False,0.5217391304347826,0.6666666666666667,0.2608695652173913,0.33333333333333337,True,True,4.791957699984778,3.737850299978163,,,,,passage-only,"여름 오후반 2차 회귀분석에 대해 비유는 색과 햇빛 설명점에 대해 주의점은 모든 원인을 증명하지는 않는다고, 활용은 예측 경향을 설명할 때 쓴다고, 그리고 제약은 관찰과差异가 짐이轻은 것에 대해 설명했다.","여름 오후반 2차 회귀분석 설명에 대해 활용은 예측 경향을 설명할 때 쓴다고, 비유는 곡선이면 땅값이 높다고, 그리고 의미는 관계의 경향 설명이라고 설명했습니다."
dataset_ko_397_final,entity_simple_hard_test_project_00159:final:0,entity_simple_hard_test_project_00159,entity_simple_hard_test_project_00159,True,same_source_sibling_facts,1,4,23,20,세미나 2팀 2차 프론트엔드 점검 설명 중 확인 기준과 담당에 해당하는 내용만 답해줘.,"세미나 2팀 2차 프론트엔드 점검에 대해 확인 기준은 사용자 차단 여부라고, 그리고 담당은 프론트엔드 파트라고 설명했습니다.",True,,,,,False,False,0.888888888888889,0.6857142857142857,0.4444444444444445,0.34285714285714286,True,True,3.867851600050926,3.605107399984263,,,,,question+passage,"세미나 2팀 2차 프론트엔드 점검 설명에 대해 확인 기준은 사용자 차단 여부라고, 담당은 프론트엔드 파트라고, 그리고 메모는 프로젝트 슬랙 채널이라고 설명했습니다.","세미나 2팀 2차 프론트엔드 점검 확인 기준은 실패인 경우, 공유 위치는 프로젝트 슬랙 채널이라고, 그리고 담당은 프론트엔드 파트라고 설명했습니다."
dataset_ko_398_final,entity_simple_hard_test_marketing_00368:final:0,entity_simple_hard_test_marketing_00368,entity_simple_hard_test_marketing_00368,True,same_source_sibling_facts,1,4,23,20,실습 3팀 4차 신입생 캠페인 설명에서 보상과 대상만 알려줘.,"실습 3팀 4차 신입생 캠페인에 대해 보상은 커피 쿠폰이라고, 그리고 대상은 신입생이라고 설명했습니다.",True,,,,,False,False,0.5714285714285715,0.6666666666666667,0.28571428571428575,0.33333333333333337,True,True,5.765847899951041,1.7956031000358053,,,,,passage-only,"실습 3팀 4차 신입생 캠페인 설명에 대해 대상은 인스타그램에 올린 채널을 잡고 보상은 커피 쿠폰이라고, 핵심 채널 인스타그램에 대해 들어가는 비율을 보상이라고, 그리고 채널 인스타그램에 대해 지원을 받는 비용이라고 설명했습니다.",실습 3팀 4차 신입생 캠페인 설명에서 보상과 대상만 알려줍니다.
dataset_ko_399_final,entity_simple_hard_test_project_00204:final:0,entity_simple_hard_test_project_00204,entity_simple_hard_test_project_00204,True,same_source_sibling_facts,1,4,23,20,캡스톤 A반 3차 최종 발표 설명에서 담당과 확인 기준만 알려줘.,"캡스톤 A반 3차 최종 발표에 대해 담당은 기획 파트라고, 그리고 확인 기준은 근거 제시 여부라고 설명했습니다.",True,,,,,False,False,0.888888888888889,0.888888888888889,0.4444444444444445,0.4444444444444445,True,True,3.134323000034783,3.2490153000107966,,,,,tie,"캡스톤 A반 3차 최종 발표 설명에 대해 확인 기준은 근거 제시 여부라고, 공유 위치는 팀 노션 페이지라고, 그리고 담당은 기획 파트라고 설명했습니다.","캡스톤 A반 3차 최종 발표 설명에 대해 담당은 기획 파트라고, 확인 기준은 근거 제시 여부라고, 그리고 마감은 다음 주 월요일 밤이라고 설명했습니다."
