case,source_id,root_source_id,merge_group_source_id,same_source_merge,merge_policy,merge_group_qas,merged_passage_count,qp_layer,ponly_layer,question,expected,recall_at_k,direct_normalized_em,no_memory_normalized_em,direct_answer_token_f1,no_memory_answer_token_f1,qp_normalized_em,ponly_normalized_em,qp_answer_token_f1,ponly_answer_token_f1,qp_qa_score,ponly_qa_score,qp_mergeprag_hit,ponly_mergeprag_hit,qp_inference_time_s,ponly_inference_time_s,qp_loss,ponly_loss,qp_phrase_loss,ponly_phrase_loss,pairwise_winner,qp_answer,ponly_answer
dataset_ko_0_final,entity_simple_hard_test_dessert_00339:final:0,entity_simple_hard_test_dessert_00339,entity_simple_hard_test_dessert_00339,True,same_source_sibling_facts,1,4,23,20,세미나 D반 4차 브라우니 설명 중 비유와 색깔에 해당하는 내용만 답해줘.,"세미나 D반 4차 브라우니에 대해 비유는 초콜렛을 압축한 케이크라고, 그리고 색깔은 진한 갈색이라고 설명했습니다.",True,,,,,False,False,0.8750000000000001,0.9032258064516129,0.43750000000000006,0.45161290322580644,True,True,4.257257400022354,3.7312438000226393,,,,,tie,"세미나 D반 4차 브라우니에 대해 색깔은 진한 갈색이라고, 비유는 초콜렛을 압축한 케이크라고, 그리고 특징은 속이 촉촉하게 남는다고 설명했습니다.","세미나 D반 4차 브라우니에 대해 비유는 초콜렛을 압축한 케이크라고, 색깔은 진한 갈색이라고, 그리고 맛은 묵직하게 달콤하다고 설명했습니다."
dataset_ko_1_final,entity_simple_hard_test_marketing_00370:final:0,entity_simple_hard_test_marketing_00370,entity_simple_hard_test_marketing_00370,True,same_source_sibling_facts,1,4,23,20,교수님이 봄 4팀 4차 스터디 모집의 보상과 대상을 어떻게 말했어?,"봄 4팀 4차 스터디 모집에 대해 보상은 우선 신청권이라고, 그리고 대상은 스터디 신청자라고 설명했습니다.",True,,,,,False,False,0.8387096774193548,0.7586206896551724,0.4193548387096774,0.3793103448275862,True,True,3.4773851999780163,2.8817260999931023,,,,,question+passage,"교수님이 봄 4팀 4차 스터디 모집에 대해 보상은 우선 신청권이라고, 핵심 채널은 학과 홈페이지라고, 그리고 대상은 스터디 신청자라고 설명했습니다.","봄 4팀 4차 스터디 모집에 대해 보상은 우선 신청권이라고, 대상은 추천권이라고, 그리고 조건은 대상이 프로모션 코드라고 설명했습니다."
dataset_ko_2_final,entity_simple_hard_test_statistics_00141:final:0,entity_simple_hard_test_statistics_00141,entity_simple_hard_test_statistics_00141,True,same_source_sibling_facts,1,4,23,20,여름 1팀 2차 신뢰구간에서 비유와 활용을 함께 정리해줘.,"여름 1팀 2차 신뢰구간에 대해 비유는 정답이 있을 법한 범위를 그은 지도라고, 그리고 활용은 추정의 불확실성을 설명할 때 쓴다고 설명했습니다.",True,,,,,False,False,0.8837209302325582,0.8837209302325582,0.4418604651162791,0.4418604651162791,True,True,4.081554299977142,4.073977900028694,,,,,tie,"여름 1팀 2차 신뢰구간에 대해 비유는 정답이 있을 법한 범위를 그은 지도라고, 주의점은 정답 하나를 보장하지 않는다고, 그리고 활용은 추정의 불확실성을 설명할 때 쓴다고 설명했습니다.","여름 1팀 2차 신뢰구간에 대해 비유는 정답이 있을 법한 범위를 그은 지도라고, 활용은 추정의 불확실성을 설명할 때 쓴다고, 그리고 주의점은 정답 하나를 보장하지 않는다고 설명했습니다."
dataset_ko_3_final,entity_simple_hard_test_dessert_00049:final:0,entity_simple_hard_test_dessert_00049,entity_simple_hard_test_dessert_00049,True,same_source_sibling_facts,1,4,23,20,세미나 1팀 1차 솜사탕에서 비유와 색깔을 함께 정리해줘.,"세미나 1팀 1차 솜사탕에 대해 비유는 구름 같은 간식이라고, 그리고 색깔은 분홍색이라고 설명했습니다.",True,,,,,False,False,0.896551724137931,0.6896551724137931,0.4482758620689655,0.3448275862068966,True,True,3.073039199982304,3.1011766000301577,,,,,question+passage,"세미나 1팀 1차 솜사탕에 대해 색깔은 분홍색이라고, 비유는 구름 같은 간식이라고, 그리고 맛은 가볍게 달콤하다고 설명했습니다.","세미나 1팀 1차 솜사탕에 대해 비유는 멋진 색연필이라고, 특징은 입에 닿으면告告이라고, 그리고 색깔은 분홍색이라고 설명했습니다."
dataset_ko_4_final,entity_simple_hard_test_project_00205:final:0,entity_simple_hard_test_project_00205,entity_simple_hard_test_project_00205,True,same_source_sibling_facts,1,4,23,20,파일럿 A반 3차 백엔드 배포에서 담당과 확인 기준을 함께 정리해줘.,"파일럿 A반 3차 백엔드 배포에 대해 담당은 백엔드 팀이라고, 그리고 확인 기준은 오류 발생률이라고 설명했습니다.",True,,,,,False,False,0.8571428571428571,0.8571428571428571,0.42857142857142855,0.42857142857142855,True,True,3.4121917000156827,3.287577799987048,,,,,tie,"파일럿 A반 3차 백엔드 배포에 대해 확인 기준은 오류 발생률이라고, 공유 위치는 깃허브 이슈 탭이라고, 그리고 담당은 백엔드 팀이라고 설명했습니다.","파일럿 A반 3차 백엔드 배포에 대해 담당은 백엔드 팀이라고, 마감은 수요일 오후 다섯 시라고, 그리고 확인 기준은 오류 발생률이라고 설명했습니다."
dataset_ko_5_final,entity_simple_hard_test_art_history_00187:final:0,entity_simple_hard_test_art_history_00187,entity_simple_hard_test_art_history_00187,True,same_source_sibling_facts,1,4,23,20,심화 오전반 2차 르네상스 설명 중 비교 포인트와 비유에 해당하는 내용만 답해줘.,"심화 오전반 2차 르네상스에 대해 비교 포인트는 절대왕정 중심 설명과 다르다고, 그리고 비유는 사람을 화면 중앙에 다시 세우는 방식이라고 설명했습니다.",True,,,,,False,False,0.9268292682926829,0.6666666666666666,0.46341463414634143,0.3333333333333333,True,False,3.9384685000404716,3.816064800019376,,,,,question+passage,"심화 오전반 2차 르네상스에 대해 비교 포인트는 절대왕정 중심 설명과 다르다고, 핵심 특징은 인문주의라고, 그리고 비유는 사람을 화면 중앙에 다시 세우는 방식이라고 설명했습니다.","심화 오전반 2차 르네상스에 대해 비교 포인트는 강사의 관점이라고, 비유는 사람을 특구로 다시 불고 싶다고, 그리고 중점적으로 보여줄 부분은 절대왕정 중심 설명이라고 설명했습니다."
dataset_ko_6_final,entity_simple_hard_test_os_concept_00054:final:0,entity_simple_hard_test_os_concept_00054,entity_simple_hard_test_os_concept_00054,True,same_source_sibling_facts,1,4,23,20,교수님이 캡스톤 2팀 1차 캐시의 장점과 역할을 어떻게 말했어?,"캡스톤 2팀 1차 캐시에 대해 장점은 반복 접근을 빠르게 만든다고, 그리고 역할은 자주 쓰는 정보를 가까이 둔다고 설명했습니다.",True,,,,,False,False,0.8571428571428571,0.8571428571428571,0.42857142857142855,0.42857142857142855,True,True,4.4442220000200905,4.417001399968285,,,,,tie,"교수님이 캡스톤 2팀 1차 캐시에 대해 장점은 반복 접근을 빠르게 만든다고, 역할은 자주 쓰는 정보를 가까이 둔다고, 그리고 비유는 책상 위에 올려둔 책이라고 설명했습니다.","교수님의 캡스톤 2팀 1차 캐시에 대해 장점은 반복 접근을 빠르게 만든다고, 역할은 자주 쓰는 정보를 가까이 둔다고, 그리고 비유는 책상 위에 올려둔 책이라고 설명했습니다."
dataset_ko_7_final,entity_simple_hard_test_dessert_00098:final:0,entity_simple_hard_test_dessert_00098,entity_simple_hard_test_dessert_00098,True,same_source_sibling_facts,1,4,23,20,교수님이 실습 오후반 1차 마카롱의 색깔과 비유를 어떻게 말했어?,"실습 오후반 1차 마카롱에 대해 색깔은 알록달록하다고, 그리고 비유는 작은 보석 상자라고 설명했습니다.",True,,,,,False,False,0.30769230769230776,0.5714285714285715,0.15384615384615388,0.28571428571428575,False,False,2.8973783000255935,2.46079360001022,,,,,passage-only,교수님이 실습 오후반 1차 마카롱에 대해 색깔은 contrast of the same color are obvious 1st hole is empty 1st hole is a cup and symbols are bright colors.,"실습 오후반 1차 마카롱의 색깔에 대해 색깔의 상의 의미, 주의점, 그리고 실제 속성 설명했다고 설명했습니다."
dataset_ko_8_final,entity_simple_hard_test_dessert_00169:final:0,entity_simple_hard_test_dessert_00169,entity_simple_hard_test_dessert_00169,True,same_source_sibling_facts,1,4,23,20,세미나 3팀 2차 솜사탕에서 특징과 맛을 함께 정리해줘.,"세미나 3팀 2차 솜사탕에 대해 특징은 입에 닿으면 빠르게 사라진다고, 그리고 맛은 가볍게 달콤하다고 설명했습니다.",True,,,,,False,False,0.8823529411764706,0.9375,0.4411764705882353,0.46875,True,True,3.608961999998428,3.5042347999988124,,,,,passage-only,"세미나 3팀 2차 솜사탕에 대해 특징은 입에 닿으면 빠르게 사라진다고, 맛은 가볍게 달콤하다고, 그리고 비유는 구름 같은 간식이라고 설명했습니다.","세미나 3팀 2차 솜사탕에 대해 특징은 입에 닿으면 빠르게 사라진다고, 맛은 가볍게 달콤하다고, 그리고 색깔은 분홍색이라고 설명했습니다."
dataset_ko_9_final,entity_simple_hard_test_dessert_00387:final:0,entity_simple_hard_test_dessert_00387,entity_simple_hard_test_dessert_00387,True,same_source_sibling_facts,1,4,23,20,심화 오전반 4차 브라우니 설명 중 색깔과 비유에 해당하는 내용만 답해줘.,"심화 오전반 4차 브라우니에 대해 색깔은 진한 갈색이라고, 그리고 비유는 초콜렛을 압축한 케이크라고 설명했습니다.",True,,,,,False,False,0.8750000000000001,0.9032258064516129,0.43750000000000006,0.45161290322580644,True,True,3.8694111999939196,3.804132299963385,,,,,tie,"심화 오전반 4차 브라우니에 대해 색깔은 진한 갈색이라고, 비유는 초콜렛을 압축한 케이크라고, 그리고 특징은 속이 촉촉하게 남는다고 설명했습니다.","심화 오전반 4차 브라우니에 대해 색깔은 진한 갈색이라고, 비유는 초콜렛을 압축한 케이크라고, 그리고 맛은 묵직하게 달콤하다고 설명했습니다."
dataset_ko_10_final,entity_simple_hard_test_art_history_00379:final:0,entity_simple_hard_test_art_history_00379,entity_simple_hard_test_art_history_00379,True,same_source_sibling_facts,1,4,23,20,세미나 4팀 4차 르네상스 설명 중 비교 포인트와 비유에 해당하는 내용만 답해줘.,"세미나 4팀 4차 르네상스에 대해 비교 포인트는 절대왕정 중심 설명과 다르다고, 그리고 비유는 사람을 화면 중앙에 다시 세우는 방식이라고 설명했습니다.",True,,,,,False,False,0.9268292682926829,0.8837209302325582,0.46341463414634143,0.4418604651162791,True,True,4.055343699990772,4.202639100025408,,,,,tie,"세미나 4팀 4차 르네상스에 대해 비교 포인트는 절대왕정 중심 설명과 다르다고, 핵심 특징은 인문주의라고, 그리고 비유는 사람을 화면 중앙에 다시 세우는 방식이라고 설명했습니다.","세미나 4팀 4차 르네상스에 대해 비교 포인트는 절대왕정 중심 설명과 다르다고, 비유는 사람을 화면 중앙에 다시 세우는 방식이라고, 그리고 비교 포인트는 절대왕정 중심 설명이라고 설명했습니다."
dataset_ko_11_final,entity_simple_hard_test_os_concept_00101:final:0,entity_simple_hard_test_os_concept_00101,entity_simple_hard_test_os_concept_00101,True,same_source_sibling_facts,1,4,23,20,여름 A반 2차 스레드에서 역할과 장점을 함께 정리해줘.,"여름 A반 2차 스레드에 대해 역할은 프로세스 안에서 작업을 나누어 실행한다고, 그리고 장점은 작업을 가볍게 나눌 수 있다고 설명했습니다.",True,,,,,False,False,0.878048780487805,0.8571428571428571,0.4390243902439025,0.42857142857142855,True,True,3.630597100011073,3.678390400018543,,,,,tie,"여름 A반 2차 스레드에 대해 장점은 작업을 가볍게 나눌 수 있다고, 주의점은 공유 자원 관리가 필요하다고, 그리고 역할은 프로세스 안에서 작업을 나누어 실행한다고 설명했습니다.","여름 A반 2차 스레드에 대해 역할은 프로세스 안에서 작업을 나누어 실행한다고, 비유는 같은 식당 안에서 일하는 직원이라고, 그리고 장점은 작업을 가볍게 나눌 수 있다고 설명했습니다."
dataset_ko_12_final,entity_simple_hard_test_art_history_00184:final:0,entity_simple_hard_test_art_history_00184,entity_simple_hard_test_art_history_00184,True,same_source_sibling_facts,1,4,23,20,캡스톤 오전반 2차 바로크 설명에서 비교 포인트와 비유만 알려줘.,"캡스톤 오전반 2차 바로크에 대해 비교 포인트는 평면적 구도와 구분된다고, 그리고 비유는 무대 조명이 한 장면을 강조하는 방식이라고 설명했습니다.",True,,,,,False,False,0.878048780487805,0.878048780487805,0.4390243902439025,0.4390243902439025,True,True,3.937268000037875,4.196381599991582,,,,,tie,"캡스톤 오전반 2차 바로크에 대해 비유는 무대 조명이 한 장면을 강조하는 방식이라고, 목적은 감정을 강하게 전달하는 것이라고, 그리고 비교 포인트는 평면적 구도와 구분된다고 설명했습니다.","캡스톤 오전반 2차 바로크에 대해 비교 포인트는 평면적 구도와 구분된다고, 비유는 무대 조명이 한 장면을 강조하는 방식이라고, 그리고 핵심 특징은 극적 명암과 구분된다고 설명했습니다."
dataset_ko_13_final,entity_simple_hard_test_dessert_00051:final:0,entity_simple_hard_test_dessert_00051,entity_simple_hard_test_dessert_00051,True,same_source_sibling_facts,1,4,23,20,여름 2팀 1차 브라우니 설명 중 비유와 색깔에 해당하는 내용만 답해줘.,"여름 2팀 1차 브라우니에 대해 비유는 초콜렛을 압축한 케이크라고, 그리고 색깔은 진한 갈색이라고 설명했습니다.",True,,,,,False,False,0.8750000000000001,0.9032258064516129,0.43750000000000006,0.45161290322580644,True,True,3.8351223000208847,3.686595200037118,,,,,tie,"여름 2팀 1차 브라우니에 대해 색깔은 진한 갈색이라고, 비유는 초콜렛을 압축한 케이크라고, 그리고 특징은 속이 촉촉하게 남는다고 설명했습니다.","여름 2팀 1차 브라우니에 대해 비유는 초콜렛을 압축한 케이크라고, 색깔은 진한 갈색이라고, 그리고 맛은 묵직하게 달콤하다고 설명했습니다."
dataset_ko_14_final,entity_simple_hard_test_statistics_00357:final:0,entity_simple_hard_test_statistics_00357,entity_simple_hard_test_statistics_00357,True,same_source_sibling_facts,1,4,23,20,심화 2팀 4차 신뢰구간에서 주의점과 의미를 함께 정리해줘.,"심화 2팀 4차 신뢰구간에 대해 주의점은 정답 하나를 보장하지 않는다고, 그리고 의미는 모수 추정 범위라고 설명했습니다.",True,,,,,False,False,0.8648648648648648,0.5555555555555556,0.4324324324324324,0.2777777777777778,True,False,3.534599000005983,3.359693399979733,,,,,question+passage,"심화 2팀 4차 신뢰구간에 대해 주의점은 정답 하나를 보장하지 않는다고, 의미는 모수 추정 범위라고, 그리고 비유는 정답이 1개를 보장하지 않는다고 설명했습니다.","심화 2팀 4차 신뢰구간에 대해 주의점은 오차의 크기라고, 의미는 데이터의 추정을 설명한다고, 그리고 주의점은 단정하지 않는 값을 추가할 때 쓴다고 설명했습니다."
dataset_ko_15_final,entity_simple_hard_test_marketing_00322:final:0,entity_simple_hard_test_marketing_00322,entity_simple_hard_test_marketing_00322,True,same_source_sibling_facts,1,4,23,20,교수님이 가을 C반 4차 스터디 모집의 대상과 보상을 어떻게 말했어?,"가을 C반 4차 스터디 모집에 대해 대상은 스터디 신청자라고, 그리고 보상은 우선 신청권이라고 설명했습니다.",True,,,,,False,False,0.8484848484848484,0.8125000000000001,0.4242424242424242,0.40625000000000006,True,True,3.3545833000098355,3.2949451999738812,,,,,tie,"교수님이 가을 C반 4차 스터디 모집에 대해 대상은 스터디 신청자라고, 보상은 우선 신청권이라고, 그리고 핵심 채널은 학과 홈페이지라고 설명했습니다.","교수님이 가을 C반 4차 스터디 모집의 대상은 스터디 신청자라고, 보상은 우선 신청권이라고, 그리고 핵심 채널은 학과 홈페이지라고 설명했습니다."
dataset_ko_16_final,entity_simple_hard_test_os_concept_00389:final:0,entity_simple_hard_test_os_concept_00389,entity_simple_hard_test_os_concept_00389,True,same_source_sibling_facts,1,4,23,20,세미나 오전반 4차 스레드에서 역할과 장점을 함께 정리해줘.,"세미나 오전반 4차 스레드에 대해 역할은 프로세스 안에서 작업을 나누어 실행한다고, 그리고 장점은 작업을 가볍게 나눌 수 있다고 설명했습니다.",True,,,,,False,False,0.878048780487805,0.85,0.4390243902439025,0.425,True,True,3.719511099974625,3.570673399954103,,,,,tie,"세미나 오전반 4차 스레드에 대해 장점은 작업을 가볍게 나눌 수 있다고, 주의점은 공유 자원 관리가 필요하다고, 그리고 역할은 프로세스 안에서 작업을 나누어 실행한다고 설명했습니다.","세미나 오전반 4차 스레드에 대해 역할은 프로세스를 나누어 실행한다고, 비유는 같은 식당 안에서 일하는 직원이라고, 그리고 장점은 작업을 가볍게 나눌 수 있다고 설명했습니다."
dataset_ko_17_final,entity_simple_hard_test_marketing_00056:final:0,entity_simple_hard_test_marketing_00056,entity_simple_hard_test_marketing_00056,True,same_source_sibling_facts,1,4,23,20,정규 2팀 1차 신입생 캠페인 설명에서 성과 지표와 핵심 채널만 알려줘.,"정규 2팀 1차 신입생 캠페인에 대해 성과 지표는 전환율이라고, 그리고 핵심 채널은 인스타그램이라고 설명했습니다.",True,,,,,False,False,0.8571428571428571,0.75,0.42857142857142855,0.375,True,False,3.0619157000328414,2.228026199969463,,,,,question+passage,"정규 2팀 1차 신입생 캠페인 설명에 대해 핵심 채널은 인스타그램과 웹사이트라고, 성과 지표는 전환율이라고 설명했습니다.",정규 2팀 1차 신입생 캠페인 설명에서 성과 지표와 핵심 채널만 알려줍니다.
dataset_ko_18_final,entity_simple_hard_test_project_00133:final:0,entity_simple_hard_test_project_00133,entity_simple_hard_test_project_00133,True,same_source_sibling_facts,1,4,23,20,겨울 D반 2차 백엔드 배포에서 마감과 공유 위치를 함께 정리해줘.,"겨울 D반 2차 백엔드 배포에 대해 마감은 수요일 오후 다섯 시라고, 그리고 공유 위치는 깃허브 이슈 탭이라고 설명했습니다.",True,,,,,False,False,0.923076923076923,0.7999999999999999,0.4615384615384615,0.39999999999999997,True,True,3.4671289999969304,2.446296100039035,,,,,question+passage,"겨울 D반 2차 백엔드 배포에 대해 공유 위치는 깃허브 이슈 탭이라고, 담당은 백엔드 팀이라고, 그리고 마감은 수요일 오후 다섯 시라고 설명했습니다.","겨울 D반 2차 백엔드 배포에 대해 마감은 수요일 오후 다섯 시라고, 공유 위치는 GitHub issue board라고 설명했습니다."
dataset_ko_19_final,entity_simple_hard_test_project_00110:final:0,entity_simple_hard_test_project_00110,entity_simple_hard_test_project_00110,True,same_source_sibling_facts,1,4,23,20,교수님이 봄 B반 2차 AI 모델 평가의 담당과 확인 기준을 어떻게 말했어?,"봄 B반 2차 AI 모델 평가에 대해 담당은 AI 파트라고, 그리고 확인 기준은 정답률이라고 설명했습니다.",True,,,,,False,False,0.6285714285714286,0.7878787878787878,0.3142857142857143,0.3939393939393939,True,True,3.249106200004462,2.983214100007899,,,,,passage-only,"봄 B반 2차 AI 모델 평가의 담당과 확인 기준을 포함하는 부분은 분류가 있다고, 마감은 금요일 자정 전이라고, 그리고 확인 기준은 정답률이라고 설명했습니다.","봄 B반 2차 AI 모델 평가에 대해 담당은 AI 파트라고, 확인 기준은 정답률을 설명했다고, 그리고 시간은 금요일 자정 전이라고 설명했습니다."
dataset_ko_20_final,entity_simple_hard_test_statistics_00285:final:0,entity_simple_hard_test_statistics_00285,entity_simple_hard_test_statistics_00285,True,same_source_sibling_facts,1,4,23,20,파일럿 오전반 3차 신뢰구간에서 활용과 비유를 함께 정리해줘.,"파일럿 오전반 3차 신뢰구간에 대해 활용은 추정의 불확실성을 설명할 때 쓴다고, 그리고 비유는 정답이 있을 법한 범위를 그은 지도라고 설명했습니다.",True,,,,,False,False,0.8837209302325582,0.6341463414634148,0.4418604651162791,0.3170731707317074,True,True,4.127716500021052,4.084441200015135,,,,,question+passage,"파일럿 오전반 3차 신뢰구간에 대해 비유는 정답이 있을 법한 범위를 그은 지도라고, 주의점은 정답 하나를 보장하지 않는다고, 그리고 활용은 추정의 불확실성을 설명할 때 쓴다고 설명했습니다.","파일럿 오전반 3차 신뢰구간에 대해 활용은 추정의 불확실성을 설명할 때 쓴다고, 비유는 숫자가 변하는 범위라고, 그리고 의미는 모수 추정의 불확실성을 설명할 때 쓴다고 설명했습니다."
dataset_ko_21_final,entity_simple_hard_test_marketing_00178:final:0,entity_simple_hard_test_marketing_00178,entity_simple_hard_test_marketing_00178,True,same_source_sibling_facts,1,4,23,20,교수님이 실습 4팀 2차 스터디 모집의 보상과 대상을 어떻게 말했어?,"실습 4팀 2차 스터디 모집에 대해 보상은 우선 신청권이라고, 그리고 대상은 스터디 신청자라고 설명했습니다.",True,,,,,False,False,0.8125000000000001,0.6857142857142857,0.40625000000000006,0.34285714285714286,True,True,3.363026399980299,4.07149959995877,,,,,question+passage,"교수님이 실습 4팀 2차 스터디 모집의 보상은 우선 신청권이라고, 핵심 채널은 학과 홈페이지라고, 그리고 대상은 스터디 신청자라고 설명했습니다.","교수님 실습 4팀 2차 스터디 모집에 대해 보상은 우선 신청권이라고, 대상은 핵심 채널이 브로커라고, 그리고 핵심 채널이 채비가 있는 거터널이라고 설명했습니다."
dataset_ko_22_final,entity_simple_hard_test_statistics_00071:final:0,entity_simple_hard_test_statistics_00071,entity_simple_hard_test_statistics_00071,True,same_source_sibling_facts,1,4,23,20,여름 4팀 1차 회귀분석 설명 중 주의점과 의미에 해당하는 내용만 답해줘.,"여름 4팀 1차 회귀분석에 대해 주의점은 모든 원인을 증명하지는 않는다고, 그리고 의미는 관계의 경향 설명이라고 설명했습니다.",True,,,,,False,False,0.6,0.6111111111111112,0.3,0.3055555555555556,True,False,3.8991450000321493,3.578281599970069,,,,,tie,"여름 4팀 1차 회귀분석 설명에 대해 주의점은 다음과 같이 의미는 관계의 경향 설명이라고, 비유는 흩어진 점 사이에 길을 그어 보는 일이라고, 그리고 활용은 예측 경향이라고 설명했습니다.","여름 4팀 1차 회귀분석 설명 중 주의점과 의미에 대해 summarizes 구현 방식과은 회귀분석의 의미라고, 주의점은 편향이라고, 그리고 의미는 관계의 변화를 설명이라고 설명했습니다."
dataset_ko_23_final,entity_simple_hard_test_project_00374:final:0,entity_simple_hard_test_project_00374,entity_simple_hard_test_project_00374,True,same_source_sibling_facts,1,4,23,20,교수님이 캡스톤 4팀 4차 AI 모델 평가의 공유 위치와 마감을 어떻게 말했어?,"캡스톤 4팀 4차 AI 모델 평가에 대해 공유 위치는 회의록 폴더라고, 그리고 마감은 금요일 자정 전이라고 설명했습니다.",True,,,,,False,False,0.8648648648648648,0.8108108108108107,0.4324324324324324,0.4054054054054054,True,True,3.4508525999845006,3.3079810999915935,,,,,question+passage,"교수님 캡스톤 4팀 4차 AI 모델 평가의 공유 위치는 회의록 폴더라고, 마감은 금요일 자정 전이라고, 그리고 확인 기준은 정답률이라고 설명했습니다.","캡스톤 4팀 4차 AI 모델 평가에 대해 공유 위치는 커널 사이트라고, 마감은 금요일 자정 전이라고, 그리고는 참고자료 링크에 포함한다고 설명했습니다."
dataset_ko_24_final,entity_simple_hard_test_os_concept_00199:final:0,entity_simple_hard_test_os_concept_00199,entity_simple_hard_test_os_concept_00199,True,same_source_sibling_facts,1,4,23,20,세미나 오후반 2차 큐 설명 중 역할과 장점에 해당하는 내용만 답해줘.,"세미나 오후반 2차 큐에 대해 역할은 작업을 순서대로 기다리게 한다고, 그리고 장점은 처리 순서를 명확하게 만든다고 설명했습니다.",True,,,,,False,False,0.8717948717948718,0.8717948717948718,0.4358974358974359,0.4358974358974359,True,True,3.650900000007823,3.7440902999951504,,,,,tie,"세미나 오후반 2차 큐에 대해 장점은 처리 순서를 명확하게 만든다고, 역할은 작업을 순서대로 기다리게 한다고, 그리고 주의점은 대기 시간이 길어질 수 있다고 설명했습니다.","세미나 오후반 2차 큐에 대해 역할은 작업을 순서대로 기다리게 한다고, 장점은 처리 순서를 명확하게 만든다고, 그리고 예는 번호표를 뽑고 기다리는 줄이라고 설명했습니다."
dataset_ko_25_final,entity_simple_hard_test_art_history_00018:final:0,entity_simple_hard_test_art_history_00018,entity_simple_hard_test_art_history_00018,True,same_source_sibling_facts,1,4,23,20,교수님이 실습 B반 1차 인상주의의 핵심 특징과 목적을 어떻게 말했어?,"실습 B반 1차 인상주의에 대해 핵심 특징은 빛의 순간적인 인상이라고, 그리고 목적은 관찰 순간을 살리는 것이라고 설명했습니다.",True,,,,,False,False,0.5714285714285713,0.5714285714285714,0.28571428571428564,0.2857142857142857,True,False,4.519189599959645,1.9716802000184543,,,,,tie,"교수님이 실습 B반 1차 인상주의에 대해 핵심 특징은 색감이明显한_difference와 그 이유가 무엇이라고, 비교 포인트는 정확한 윤곽보다 색감이 중요하다고, 그리고 핵심 특징은 빛의 순간적인 인상이라고 설명했습니다.",교수님이 실습 B반 1차 인상주의의 핵심 특징을 관찰과 인상과 목적이라고 설명했습니다.
dataset_ko_26_final,entity_simple_hard_test_art_history_00185:final:0,entity_simple_hard_test_art_history_00185,entity_simple_hard_test_art_history_00185,True,same_source_sibling_facts,1,4,23,20,파일럿 오전반 2차 입체주의에서 비교 포인트와 비유를 함께 정리해줘.,"파일럿 오전반 2차 입체주의에 대해 비교 포인트는 단일 원근과 다르다고, 그리고 비유는 여러 방향에서 본 사물을 한 화면에 놓는 방식이라고 설명했습니다.",True,,,,,False,False,0.761904761904762,0.6829268292682926,0.380952380952381,0.3414634146341463,True,True,3.8443829999887384,3.9852310999995098,,,,,question+passage,"파일럿 오전반 2차 입체주의에 대해 비유는 여러 방향에서 본 사물을 한 화면에 놓는 방식이라고, 목적은 대상을 새롭게 해석하는 것이라고, 그리고 비교 포인트는 여러 시점이라고 설명했습니다.","파일럿 오전반 2차 입체주의에 대해 비교 포인트는 단일 원근과 다르다고, 핵심 특징은 여러 시점이라고, 그리고 비유는 여러 시점으로 보는 사물을 나타내는 데类似于 파일럿前向描绘的单个点。"
dataset_ko_27_final,entity_simple_hard_test_marketing_00080:final:0,entity_simple_hard_test_marketing_00080,entity_simple_hard_test_marketing_00080,True,same_source_sibling_facts,1,4,23,20,봄 오전반 1차 신입생 캠페인 설명에서 보상과 대상만 알려줘.,"봄 오전반 1차 신입생 캠페인에 대해 보상은 커피 쿠폰이라고, 그리고 대상은 신입생이라고 설명했습니다.",True,,,,,False,False,0.888888888888889,0.5454545454545454,0.4444444444444445,0.2727272727272727,True,True,3.4722328999778256,2.336617099994328,,,,,question+passage,"봄 오전반 1차 신입생 캠페인 설명에 대해 대상은 신입생이라고, 보상은 커피 쿠폰이라고, 그리고 핵심 채널은 인스타그램이라고 설명했습니다.","봄 오전반 1차 신입생 캠페인 설명에서 보상이 there에 있던데, 대상이 명시 안되던데요."
dataset_ko_28_final,entity_simple_hard_test_art_history_00162:final:0,entity_simple_hard_test_art_history_00162,entity_simple_hard_test_art_history_00162,True,same_source_sibling_facts,1,4,23,20,교수님이 가을 3팀 2차 인상주의의 목적과 핵심 특징을 어떻게 말했어?,"가을 3팀 2차 인상주의에 대해 목적은 관찰 순간을 살리는 것이라고, 그리고 핵심 특징은 빛의 순간적인 인상이라고 설명했습니다.",True,,,,,False,False,0.8292682926829268,0.5185185185185185,0.4146341463414634,0.25925925925925924,True,False,4.0951897999621,1.795281500031706,,,,,question+passage,"교수님이 가을 3팀 2차 인상주의에 대해 핵심 특징은 빛의 순간적인 인상이라고, 비유는 햇빛이 흔들리는 수면에 비친 모습이라고, 그리고 목적은 관찰 순간을 살리는 것이라고 설명했습니다.",교수님이 가을 3팀 2차 인상주의의 목적과 핵심 특징을 어떻게 말했어?
dataset_ko_29_final,entity_simple_hard_test_statistics_00143:final:0,entity_simple_hard_test_statistics_00143,entity_simple_hard_test_statistics_00143,True,same_source_sibling_facts,1,4,23,20,겨울 1팀 2차 회귀분석 설명 중 비유와 활용에 해당하는 내용만 답해줘.,"겨울 1팀 2차 회귀분석에 대해 비유는 흩어진 점 사이에 길을 그어 보는 일이라고, 그리고 활용은 예측 경향을 설명할 때 쓴다고 설명했습니다.",True,,,,,False,False,0.972972972972973,0.5416666666666666,0.4864864864864865,0.2708333333333333,True,True,3.246418899972923,5.056335299974307,,,,,question+passage,"겨울 1팀 2차 회귀분석에 대해 비유는 흩어진 점 사이에 길을 그어 보는 일이라고, 활용은 예측 경향을 설명할 때 쓴다고 설명했습니다.","겨울 1팀 2차 회귀분석 설명 중 비유와 활용에 해당하는 내용만은 점이 좌표에 있던 곳을 여러 번 방문하는 것을 나타나나라고, 활용은 예측 경향을 설명할 때 쓴다고, 그리고 비유는 과실이 막혀 있던 길을 나타나나라고 설명했습니다."
dataset_ko_30_final,entity_simple_hard_test_project_00372:final:0,entity_simple_hard_test_project_00372,entity_simple_hard_test_project_00372,True,same_source_sibling_facts,1,4,23,20,가을 4팀 4차 최종 발표 설명에서 공유 위치와 마감만 알려줘.,"가을 4팀 4차 최종 발표에 대해 공유 위치는 팀 노션 페이지라고, 그리고 마감은 다음 주 월요일 밤이라고 설명했습니다.",True,,,,,False,False,0.8648648648648648,0.9375,0.4324324324324324,0.46875,True,True,3.285457600024529,2.5089482999756,,,,,passage-only,"가을 4팀 4차 최종 발표 설명에 대해 공유 위치는 팀 노션 페이지라고, 마감은 다음 주 월요일 밤이라고, 그리고 확인 기준은 근거 제시 여부라고 설명했습니다.","가을 4팀 4차 최종 발표 설명에 대해 공유 위치는 링크 노션 페이지라고, 마감은 다음 주 월요일 밤이라고 설명했습니다."
dataset_ko_31_final,entity_simple_hard_test_os_concept_00269:final:0,entity_simple_hard_test_os_concept_00269,entity_simple_hard_test_os_concept_00269,True,same_source_sibling_facts,1,4,23,20,세미나 3팀 3차 스레드에서 주의점과 비유를 함께 정리해줘.,"세미나 3팀 3차 스레드에 대해 주의점은 공유 자원 관리가 필요하다고, 그리고 비유는 같은 식당 안에서 일하는 직원이라고 설명했습니다.",True,,,,,False,False,0.878048780487805,0.5714285714285715,0.4390243902439025,0.28571428571428575,True,False,3.6248287000344135,3.699205900018569,,,,,question+passage,"세미나 3팀 3차 스레드에 대해 비유는 같은 식당 안에서 일하는 직원이라고, 장점은 작업을 가볍게 나눌 수 있다고, 그리고 주의점은 공유 자원 관리가 필요하다고 설명했습니다.","세미나 3팀 3차 스레드에 대해 주의점은 공유 자원 관리와 관련이 있다고, 비유는 공유 시스템에서 생각한다고, 그리고 목적은 프로세스를 나누지 않는 작업과 함께 생각한다고 설명했습니다."
dataset_ko_32_final,entity_simple_hard_test_marketing_00347:final:0,entity_simple_hard_test_marketing_00347,entity_simple_hard_test_marketing_00347,True,same_source_sibling_facts,1,4,23,20,심화 1팀 4차 멘토링 이벤트 설명 중 성과 지표와 핵심 채널에 해당하는 내용만 답해줘.,"심화 1팀 4차 멘토링 이벤트에 대해 성과 지표는 재방문율이라고, 그리고 핵심 채널은 이메일 뉴스레터라고 설명했습니다.",True,,,,,False,False,0.9655172413793104,0.8333333333333333,0.4827586206896552,0.41666666666666663,True,True,3.069617700006347,4.437331799999811,,,,,question+passage,"심화 1팀 4차 멘토링 이벤트 설명에 대해 핵심 채널은 이메일 뉴스레터라고, 성과 지표는 재방문율이라고 설명했습니다.","심화 1팀 4차 멘토링 이벤트에 대해 성과 지표는 재방문율이라고, 핵심 채널은 이메일 뉴스레터라고, 그리고 핵심 채널의 연결고리는 강조 채널 메diator라고 설명했습니다."
dataset_ko_33_final,entity_simple_hard_test_dessert_00336:final:0,entity_simple_hard_test_dessert_00336,entity_simple_hard_test_dessert_00336,True,same_source_sibling_facts,1,4,23,20,정규 D반 4차 초콜렛 설명에서 비유와 색깔만 알려줘.,"정규 D반 4차 초콜렛에 대해 비유는 작은 선물 상자라고, 그리고 색깔은 검정색이라고 설명했습니다.",True,,,,,False,False,0.6666666666666667,0.8571428571428571,0.33333333333333337,0.42857142857142855,True,True,3.2456732999999076,2.701207800011616,,,,,passage-only,"정규 D반 4차 초콜렛 설명에 대해 비유는 두 사람의 마음을위치하고 있다고, 색깔은 검정색이라고, 그리고 특징은 입안에서 천천히 녹는다고 설명했습니다.","정규 D반 4차 초콜렛에 대해 비유는 작은 선물 상자라고, 색깔은 다채로운이라고, 그리고 맛은 달콤하다고 설명했습니다."
dataset_ko_34_final,entity_simple_hard_test_os_concept_00319:final:0,entity_simple_hard_test_os_concept_00319,entity_simple_hard_test_os_concept_00319,True,same_source_sibling_facts,1,4,23,20,세미나 B반 4차 큐 설명 중 비유와 주의점에 해당하는 내용만 답해줘.,"세미나 B반 4차 큐에 대해 비유는 번호표를 뽑고 기다리는 줄이라고, 그리고 주의점은 대기 시간이 길어질 수 있다고 설명했습니다.",True,,,,,False,False,0.9696969696969697,0.8717948717948718,0.48484848484848486,0.4358974358974359,True,True,2.8762865000171587,3.84604610002134,,,,,question+passage,"세미나 B반 4차 큐에 대해 비유는 번호표를 뽑고 기다리는 줄이라고, 주의점은 대기 시간이 길어질 수 있다고 설명했습니다.","세미나 B반 4차 큐에 대해 비유는 번호표를 뽑고 기다리는 줄이라고, 주의점은 대기 시간이 길어질 수 있다고, 그리고 역할은 작업을 순서대로 기다리게 한다고 설명했습니다."
dataset_ko_35_final,entity_simple_hard_test_art_history_00234:final:0,entity_simple_hard_test_art_history_00234,entity_simple_hard_test_art_history_00234,True,same_source_sibling_facts,1,4,23,20,교수님이 캡스톤 D반 3차 인상주의의 비유와 비교 포인트를 어떻게 말했어?,"캡스톤 D반 3차 인상주의에 대해 비유는 햇빛이 흔들리는 수면에 비친 모습이라고, 그리고 비교 포인트는 정확한 윤곽보다 색감이 중요하다고 설명했습니다.",True,,,,,False,False,0.8636363636363636,0.13333333333333333,0.4318181818181818,0.06666666666666667,True,False,4.5150042999885045,1.9343100000405684,,,,,question+passage,"교수님이 캡스톤 D반 3차 인상주의에 대해 비유는 햇빛이 흔들리는 수면에 비친 모습이라고, 목적은 관찰 순간을 살리는 것이라고, 그리고 비교 포인트는 정확한 윤곽보다 색감이 중요하다고 설명했습니다.","가을캠 매회 가장 좋은 관찰을 비유하고, 인상주의는 동영상과 비유를 중요하게 생각합니다."
dataset_ko_36_final,entity_simple_hard_test_art_history_00186:final:0,entity_simple_hard_test_art_history_00186,entity_simple_hard_test_art_history_00186,True,same_source_sibling_facts,1,4,23,20,교수님이 정규 오전반 2차 인상주의의 비교 포인트와 비유를 어떻게 말했어?,"정규 오전반 2차 인상주의에 대해 비교 포인트는 정확한 윤곽보다 색감이 중요하다고, 그리고 비유는 햇빛이 흔들리는 수면에 비친 모습이라고 설명했습니다.",True,,,,,False,False,0.8636363636363636,0.5517241379310345,0.4318181818181818,0.27586206896551724,True,False,4.374968299991451,1.889357200008817,,,,,question+passage,"교수님이 정규 오전반 2차 인상주의에 대해 비유는 햇빛이 흔들리는 수면에 비친 모습이라고, 목적은 관찰 순간을 살리는 것이라고, 그리고 비교 포인트는 정확한 윤곽보다 색감이 중요하다고 설명했습니다.",교수님이 정규 오전반 2차 인상주의의 비교 포인트와 비유를 말씀하시겠다고 설명했습니다.
dataset_ko_37_final,entity_simple_hard_test_project_00063:final:0,entity_simple_hard_test_project_00063,entity_simple_hard_test_project_00063,True,same_source_sibling_facts,1,4,23,20,겨울 3팀 1차 프론트엔드 점검 설명 중 확인 기준과 담당에 해당하는 내용만 답해줘.,"겨울 3팀 1차 프론트엔드 점검에 대해 확인 기준은 사용자 차단 여부라고, 그리고 담당은 프론트엔드 파트라고 설명했습니다.",True,,,,,False,False,0.8648648648648648,0.5925925925925926,0.4324324324324324,0.2962962962962963,True,False,3.883500299998559,1.9267611000104807,,,,,question+passage,"겨울 3팀 1차 프론트엔드 점검 설명에 대해 확인 기준은 사용자 차단 여부라고, 담당은 프론트엔드 파트라고, 그리고 공유 위치는 프로젝트 슬랙 채널이라고 설명했습니다.",겨울 3팀 1차 프론트엔드 점검 확인 기준과 담당은 frontend 파트로 설정합니다.
dataset_ko_38_final,entity_simple_hard_test_marketing_00034:final:0,entity_simple_hard_test_marketing_00034,entity_simple_hard_test_marketing_00034,True,same_source_sibling_facts,1,4,23,20,교수님이 캡스톤 D반 1차 스터디 모집의 대상과 보상을 어떻게 말했어?,"캡스톤 D반 1차 스터디 모집에 대해 대상은 스터디 신청자라고, 그리고 보상은 우선 신청권이라고 설명했습니다.",True,,,,,False,False,0.8484848484848484,0.8484848484848484,0.4242424242424242,0.4242424242424242,True,True,3.5558394999825396,3.5407499000430107,,,,,tie,"교수님이 캡스톤 D반 1차 스터디 모집에 대해 대상은 스터디 신청자라고, 보상은 우선 신청권이라고, 그리고 핵심 채널은 학과 홈페이지라고 설명했습니다.","교수님이 캡스톤 D반 1차 스터디 모집에 대해 대상은 스터디 신청자라고, 보상은 우선 신청권이라고, 그리고 핵심 채널은 학과 홈페이지라고 설명했습니다."
dataset_ko_39_final,entity_simple_hard_test_os_concept_00318:final:0,entity_simple_hard_test_os_concept_00318,entity_simple_hard_test_os_concept_00318,True,same_source_sibling_facts,1,4,23,20,교수님이 실습 B반 4차 캐시의 비유와 주의점을 어떻게 말했어?,"실습 B반 4차 캐시에 대해 비유는 책상 위에 올려둔 책이라고, 그리고 주의점은 오래된 정보가 남을 수 있다고 설명했습니다.",True,,,,,False,False,0.7999999999999999,0.3255813953488372,0.39999999999999997,0.1627906976744186,True,True,4.0285155000165105,4.859823700040579,,,,,question+passage,"교수님이 실습 B반 4차 캐시의 비유는 책상 위에 올려둔 책이라고, 주의점은 오래된 정보가 남을 수 있다고, 그리고 역할은 자주 쓰는 정보를 가까이 둔다고 설명했습니다.","학부모님의 방을 가정하고, 문을 열 때의 비유는 책상 위에 올려둔 책이 가장 빠르게 올라감이라고, 주의점은 기억이 빠르게 되는说法는 시간이 가장 빠르게 가는 곳이라고, 그리고 질문은 반복되는 질문이라고 설명했습니다."
dataset_ko_40_final,entity_simple_hard_test_art_history_00280:final:0,entity_simple_hard_test_art_history_00280,entity_simple_hard_test_art_history_00280,True,same_source_sibling_facts,1,4,23,20,봄 오전반 3차 바로크 설명에서 비교 포인트와 비유만 알려줘.,"봄 오전반 3차 바로크에 대해 비교 포인트는 평면적 구도와 구분된다고, 그리고 비유는 무대 조명이 한 장면을 강조하는 방식이라고 설명했습니다.",True,,,,,False,False,0.8717948717948718,0.9696969696969697,0.4358974358974359,0.48484848484848486,True,True,3.8745043000089936,3.020433600002434,,,,,passage-only,"봄 오전반 3차 바로크에 대해 비유는 무대 조명이 한 장면을 강조하는 방식이라고, 목적은 감정을 강하게 전달하는 것이라고, 그리고 비교 포인트는 평면적 구도와 구분된다고 설명했습니다.","봄 오전반 3차 바로크에 대해 비교 포인트는 평면적 구도와 구분된다고, 비유는 무대 조명이 한 장면을 강조하는 방식이라고 설명했습니다."
dataset_ko_41_final,entity_simple_hard_test_marketing_00250:final:0,entity_simple_hard_test_marketing_00250,entity_simple_hard_test_marketing_00250,True,same_source_sibling_facts,1,4,23,20,교수님이 봄 2팀 3차 스터디 모집의 성과 지표와 핵심 채널을 어떻게 말했어?,"봄 2팀 3차 스터디 모집에 대해 성과 지표는 완료율이라고, 그리고 핵심 채널은 학과 홈페이지라고 설명했습니다.",True,,,,,False,False,0.7272727272727273,0.4444444444444444,0.36363636363636365,0.2222222222222222,True,True,3.426020700018853,4.5170426000258885,,,,,question+passage,"봄 2팀 3차 스터디 모집의 성과 지표를 중요 채널은 학과 홈페이지라고, 보상은 우선 신청권이라고, 그리고 핵심 채널은 학과 홈페이지라고 설명했습니다.","교수님의 봉사cycle이 3차 스터디라고, 성과 지표는 합계 점수 percent로 전달합니다. 핵심 채널은 학과 홈페이지라고, 서명은 핵심 채널에서 먼저 전달된 핵심 메시지라고 설명했습니다."
dataset_ko_42_final,entity_simple_hard_test_project_00036:final:0,entity_simple_hard_test_project_00036,entity_simple_hard_test_project_00036,True,same_source_sibling_facts,1,4,23,20,정규 D반 1차 최종 발표 설명에서 마감과 공유 위치만 알려줘.,"정규 D반 1차 최종 발표에 대해 마감은 다음 주 월요일 밤이라고, 그리고 공유 위치는 팀 노션 페이지라고 설명했습니다.",True,,,,,False,False,0.8648648648648648,0.6666666666666667,0.4324324324324324,0.33333333333333337,True,False,3.1988388000172563,2.632813400006853,,,,,question+passage,"정규 D반 1차 최종 발표에 대해 공유 위치는 팀 노션 페이지라고, 마감은 다음 주 월요일 밤이라고, 그리고 확인 기준은 근거 제시 여부라고 설명했습니다.","정규 D반 1차 최종 발표 설명에 대해 마감은 다음 반으로 이동하는 기준이라고, 공유 위치는 친구와 공유하는 장소라고 설명했습니다."
dataset_ko_43_final,entity_simple_hard_test_project_00157:final:0,entity_simple_hard_test_project_00157,entity_simple_hard_test_project_00157,True,same_source_sibling_facts,1,4,23,20,심화 2팀 2차 백엔드 배포에서 확인 기준과 담당을 함께 정리해줘.,"심화 2팀 2차 백엔드 배포에 대해 확인 기준은 오류 발생률이라고, 그리고 담당은 백엔드 팀이라고 설명했습니다.",True,,,,,False,False,0.9655172413793104,0.5714285714285714,0.4827586206896552,0.2857142857142857,True,True,2.4475216999999247,4.191739000030793,,,,,question+passage,"심화 2팀 2차 백엔드 배포에 대해 확인 기준은 오류 발생률이라고, 담당은 백엔드 팀이라고 설명했습니다.","심화 2팀 2차 백엔드 배포에 대해 확인 기준은 오류 발생률을 함께 보고하는 단계라고, 처리 대상은 오류 발생률을 확인하는 사람이라고, 그리고 담당은 데이터 베이스 승인 부결 이력서라고 설명했습니다."
dataset_ko_44_final,entity_simple_hard_test_os_concept_00317:final:0,entity_simple_hard_test_os_concept_00317,entity_simple_hard_test_os_concept_00317,True,same_source_sibling_facts,1,4,23,20,심화 B반 4차 스레드에서 비유와 주의점을 함께 정리해줘.,"심화 B반 4차 스레드에 대해 비유는 같은 식당 안에서 일하는 직원이라고, 그리고 주의점은 공유 자원 관리가 필요하다고 설명했습니다.",True,,,,,False,False,0.8571428571428571,0.3888888888888889,0.42857142857142855,0.19444444444444445,True,False,3.6620899999979883,2.863617900002282,,,,,question+passage,"심화 B반 4차 스레드에 대해 비유는 같은 식당 안에서 일하는 직원이라고, 주의점은 공유 자원 관리가 필요하다고, 그리고 비유는 같은 식당 안에서 일하는 직원이라고 설명했습니다.","심화 B반 4차 스레드에 대해 비유는 동영상을 나누기 어려운 단위와 같은 역할을 가진 개념이라고, 차분함을 줌과 함께 추가했다."
dataset_ko_45_final,entity_simple_hard_test_statistics_00119:final:0,entity_simple_hard_test_statistics_00119,entity_simple_hard_test_statistics_00119,True,same_source_sibling_facts,1,4,23,20,세미나 B반 2차 회귀분석 설명 중 의미와 주의점에 해당하는 내용만 답해줘.,"세미나 B반 2차 회귀분석에 대해 의미는 관계의 경향 설명이라고, 그리고 주의점은 모든 원인을 증명하지는 않는다고 설명했습니다.",True,,,,,False,False,0.8648648648648648,0.888888888888889,0.4324324324324324,0.4444444444444445,True,True,3.5683024000027217,3.357016999972984,,,,,tie,"세미나 B반 2차 회귀분석에 대해 주의점은 모든 원인을 증명하지는 않는다고, 활용은 예측 경향을 설명할 때 쓴다고, 그리고 의미는 관계의 경향 설명이라고 설명했습니다.","세미나 B반 2차 회귀분석 설명에 대해 의미는 관계의 경향 설명이라고, 주의점은 모든 원인을 증명하지는 않는다고, 그리고 샘플 관계를 설명하는 것이라고 설명했습니다."
dataset_ko_46_final,entity_simple_hard_test_art_history_00139:final:0,entity_simple_hard_test_art_history_00139,entity_simple_hard_test_art_history_00139,True,same_source_sibling_facts,1,4,23,20,세미나 D반 2차 르네상스 설명 중 비유와 비교 포인트에 해당하는 내용만 답해줘.,"세미나 D반 2차 르네상스에 대해 비유는 사람을 화면 중앙에 다시 세우는 방식이라고, 그리고 비교 포인트는 절대왕정 중심 설명과 다르다고 설명했습니다.",True,,,,,False,False,0.5853658536585366,0.8636363636363636,0.2926829268292683,0.4318181818181818,True,True,4.189055900031235,4.368782899982762,,,,,passage-only,"세미나 D반 2차 르네상스 설명을 위해 비유는 절대왕정 중심 설명과 다르다고, 비교 포인트는 절대왕정의 핵심 특징을 설명하는 것과 다르다고, 그리고 핵심 특징은 인문주의라고 설명했습니다.","세미나 D반 2차 르네상스에 대해 비유는 사람을 화면 중앙에 다시 세우는 방식이라고, 비유의 특징은 사람의 가치를 드러내는 것이라고, 그리고 비교 포인트는 절대왕정 중심 설명과 다르다고 설명했습니다."
dataset_ko_47_final,entity_simple_hard_test_project_00277:final:0,entity_simple_hard_test_project_00277,entity_simple_hard_test_project_00277,True,same_source_sibling_facts,1,4,23,20,심화 4팀 3차 백엔드 배포에서 공유 위치와 마감을 함께 정리해줘.,"심화 4팀 3차 백엔드 배포에 대해 공유 위치는 깃허브 이슈 탭이라고, 그리고 마감은 수요일 오후 다섯 시라고 설명했습니다.",True,,,,,False,False,0.9714285714285714,0.9714285714285714,0.4857142857142857,0.4857142857142857,True,True,2.7555792000493966,2.7714459000271745,,,,,tie,"심화 4팀 3차 백엔드 배포에 대해 공유 위치는 깃허브 이슈 탭이라고, 마감은 수요일 오후 다섯 시라고 설명했습니다.","심화 4팀 3차 백엔드 배포에 대해 공유 위치는 깃허브 이슈 탭이라고, 마감은 수요일 오후 다섯 시라고 설명했습니다."
dataset_ko_48_final,entity_simple_hard_test_project_00252:final:0,entity_simple_hard_test_project_00252,entity_simple_hard_test_project_00252,True,same_source_sibling_facts,1,4,23,20,가을 2팀 3차 최종 발표 설명에서 확인 기준과 담당만 알려줘.,"가을 2팀 3차 최종 발표에 대해 확인 기준은 근거 제시 여부라고, 그리고 담당은 기획 파트라고 설명했습니다.",True,,,,,False,False,0.888888888888889,0.5945945945945946,0.4444444444444445,0.2972972972972973,True,False,3.102390900021419,3.163278200023342,,,,,question+passage,"가을 2팀 3차 최종 발표 설명에 대해 확인 기준은 근거 제시 여부라고, 담당은 기획 파트라고, 그리고 확인 기준은 귀책 분석이라고 설명했습니다.","가을 2팀 3차 최종 발표 설명에 대해 확인 기준은 확인 부분으로 정해진 곳이라고, 담당은 다른 파트와 summary라고, 그리고 설명은 주의할 부분으로 생각한다고 설명했습니다."
dataset_ko_49_final,entity_simple_hard_test_project_00350:final:0,entity_simple_hard_test_project_00350,entity_simple_hard_test_project_00350,True,same_source_sibling_facts,1,4,23,20,교수님이 봄 2팀 4차 AI 모델 평가의 확인 기준과 담당을 어떻게 말했어?,"봄 2팀 4차 AI 모델 평가에 대해 확인 기준은 정답률이라고, 그리고 담당은 AI 파트라고 설명했습니다.",True,,,,,False,False,0.8387096774193549,0.8484848484848484,0.41935483870967744,0.4242424242424242,True,True,2.8729038999881595,3.019725199963432,,,,,tie,"봄 2팀 4차 AI 모델 평가의 확인 기준은 정답률이라고, 담당은 AI 파트라고, 그리고 마감은 금요일 자정 전이라고 설명했습니다.","봄 2팀 4차 AI 모델 평가 확인 기준에 대해 확인 기준은 정답률이라고, 담당은 AI 파트라고, 그리고 전달 방식은 회의록으로 설명했습니다."
dataset_ko_50_final,entity_simple_hard_test_os_concept_00078:final:0,entity_simple_hard_test_os_concept_00078,entity_simple_hard_test_os_concept_00078,True,same_source_sibling_facts,1,4,23,20,교수님이 실습 4팀 1차 캐시의 주의점과 비유를 어떻게 말했어?,"실습 4팀 1차 캐시에 대해 주의점은 오래된 정보가 남을 수 있다고, 그리고 비유는 책상 위에 올려둔 책이라고 설명했습니다.",True,,,,,False,False,0.6829268292682927,0.7272727272727272,0.34146341463414637,0.3636363636363636,True,True,4.360859900014475,4.7912863999954425,,,,,tie,"교수님이 실습 4팀 1차 캐시의 주의점에 대해 비유는 책상 위에 올려둔 책이라고, 장점은 반복 접근을 빠르게 만든다고, 그리고 주의점은 정보가 멀리서 올려둔 책이라고 설명했습니다.","교수님이 실습 4팀 1차 캐시를非常高속한 컴퓨터의 련결 리스트라고, 주의점은 오래된 정보가 남을 수 있다고, 비유는 책상 위에 올려둔 책이라고, 그리고 역할은 자주 쓰는 책을 가까이 둔다고 설명했습니다."
dataset_ko_51_final,entity_simple_hard_test_project_00397:final:0,entity_simple_hard_test_project_00397,entity_simple_hard_test_project_00397,True,same_source_sibling_facts,1,4,23,20,심화 오후반 4차 백엔드 배포에서 담당과 확인 기준을 함께 정리해줘.,"심화 오후반 4차 백엔드 배포에 대해 담당은 백엔드 팀이라고, 그리고 확인 기준은 오류 발생률이라고 설명했습니다.",True,,,,,False,False,0.8571428571428571,0.5882352941176471,0.42857142857142855,0.29411764705882354,True,False,3.363628399965819,3.0916011999943294,,,,,question+passage,"심화 오후반 4차 백엔드 배포에 대해 확인 기준은 오류 발생률이라고, 공유 위치는 깃허브 이슈 탭이라고, 그리고 담당은 백엔드 팀이라고 설명했습니다.","심화 오후반 4차 백엔드 배포에 대해 담당과 확인 기준으로는 오류 종류로 간주하고, 작업 시간으로는 수요일 오후 다섯 시로 설명했습니다."
dataset_ko_52_final,entity_simple_hard_test_dessert_00241:final:0,entity_simple_hard_test_dessert_00241,entity_simple_hard_test_dessert_00241,True,same_source_sibling_facts,1,4,23,20,여름 1팀 3차 솜사탕에서 비유와 색깔을 함께 정리해줘.,"여름 1팀 3차 솜사탕에 대해 비유는 구름 같은 간식이라고, 그리고 색깔은 분홍색이라고 설명했습니다.",True,,,,,False,False,0.896551724137931,0.5625,0.4482758620689655,0.28125,True,False,3.0000981999910437,3.4217181999702007,,,,,question+passage,"여름 1팀 3차 솜사탕에 대해 색깔은 분홍색이라고, 비유는 구름 같은 간식이라고, 그리고 맛은 가볍게 달콤하다고 설명했습니다.","여름 1팀 3차 솜사탕에 대해 비유는 겹칠 빛이라고, 색깔은 부분적으로 겹치지 않는다고, 그리고 비유의 특징은 부분적으로 겹치지 않는다고 설명했습니다."
dataset_ko_53_final,entity_simple_hard_test_project_00300:final:0,entity_simple_hard_test_project_00300,entity_simple_hard_test_project_00300,True,same_source_sibling_facts,1,4,23,20,봄 A반 4차 최종 발표 설명에서 담당과 확인 기준만 알려줘.,"봄 A반 4차 최종 발표에 대해 담당은 기획 파트라고, 그리고 확인 기준은 근거 제시 여부라고 설명했습니다.",True,,,,,False,False,0.8823529411764706,0.3636363636363636,0.4411764705882353,0.1818181818181818,True,False,2.9834787000436336,2.8102041000383906,,,,,question+passage,"봄 A반 4차 최종 발표 설명에 대해 확인 기준은 근거 제시 여부라고, 공유 위치는 팀 노션 페이지라고, 그리고 담당은 기획 파트라고 설명했습니다.","봄 A반 4차 최종 발표 설명만 넣을 곳만 찾는다고 말할 것이라고, 그리고 사실 다른 누리집에 붙일만한 이유라고 말할 것이라고 설명했습니다."
dataset_ko_54_final,entity_simple_hard_test_project_00111:final:0,entity_simple_hard_test_project_00111,entity_simple_hard_test_project_00111,True,same_source_sibling_facts,1,4,23,20,여름 B반 2차 프론트엔드 점검 설명 중 담당과 확인 기준에 해당하는 내용만 답해줘.,"여름 B반 2차 프론트엔드 점검에 대해 담당은 프론트엔드 파트라고, 그리고 확인 기준은 사용자 차단 여부라고 설명했습니다.",True,,,,,False,False,0.8648648648648648,0.888888888888889,0.4324324324324324,0.4444444444444445,True,True,3.846384599979501,3.6952543000224978,,,,,tie,"여름 B반 2차 프론트엔드 점검 설명에 대해 확인 기준은 사용자 차단 여부라고, 공유 위치는 프로젝트 슬랙 채널이라고, 그리고 담당은 프론트엔드 파트라고 설명했습니다.","여름 B반 2차 프론트엔드 점검에 대해 담당은 프론트엔드 파트라고, 마감은 다음 달 첫째 주 화요일이라고, 그리고 확인 기준은 사용자 차단 여부라고 설명했습니다."
dataset_ko_55_final,entity_simple_hard_test_statistics_00046:final:0,entity_simple_hard_test_statistics_00046,entity_simple_hard_test_statistics_00046,True,same_source_sibling_facts,1,4,23,20,교수님이 정규 1팀 1차 상관계수의 비유와 활용을 어떻게 말했어?,"정규 1팀 1차 상관계수에 대해 비유는 두 변수의 움직임을 비교하는 나침반이라고, 그리고 활용은 관계 강도를 빠르게 살필 때 쓴다고 설명했습니다.",True,,,,,False,False,0.8571428571428571,0.4864864864864865,0.42857142857142855,0.24324324324324326,True,False,4.617712000035681,3.5885868999757804,,,,,question+passage,"교수님이 정규 1팀 1차 상관계수에 대해 비유는 두 변수의 움직임을 비교하는 나침반이라고, 주의점은 원인 증명을 뜻하지 않는다고, 그리고 활용은 관계 강도를 빠르게 살필 때 쓴다고 설명했습니다.","교수님이 정규 1팀 1차 상관계수의 활용을 조사해 드리는 방법이라고, 비유는 뒤 cogging이라고, 그리고 활용은 데이터의 성질을 빠르게 보여주는 도구라고 설명했습니다."
dataset_ko_56_final,entity_simple_hard_test_art_history_00040:final:0,entity_simple_hard_test_art_history_00040,entity_simple_hard_test_art_history_00040,True,same_source_sibling_facts,1,4,23,20,봄 1팀 1차 바로크 설명에서 비유와 비교 포인트만 알려줘.,"봄 1팀 1차 바로크에 대해 비유는 무대 조명이 한 장면을 강조하는 방식이라고, 그리고 비교 포인트는 평면적 구도와 구분된다고 설명했습니다.",True,,,,,False,False,0.8717948717948718,0.7368421052631577,0.4358974358974359,0.36842105263157887,True,True,3.8237656999845058,3.6123256999999285,,,,,question+passage,"봄 1팀 1차 바로크에 대해 비유는 무대 조명이 한 장면을 강조하는 방식이라고, 목적은 감정을 강하게 전달하는 것이라고, 그리고 비교 포인트는 평면적 구도와 구분된다고 설명했습니다.","봄 1팀 1차 바로크에 대해 비유는 무대 조명이 한 장면을 강조하는 방식이라고, 비유atype은 생각을 강하게 전달하는 것이라고, 그리고 비교 포인트는 차분한 대比라고 설명했습니다."
dataset_ko_57_final,entity_simple_hard_test_statistics_00023:final:0,entity_simple_hard_test_statistics_00023,entity_simple_hard_test_statistics_00023,True,same_source_sibling_facts,1,4,23,20,겨울 C반 1차 회귀분석 설명 중 의미와 주의점에 해당하는 내용만 답해줘.,"겨울 C반 1차 회귀분석에 대해 의미는 관계의 경향 설명이라고, 그리고 주의점은 모든 원인을 증명하지는 않는다고 설명했습니다.",True,,,,,False,False,0.4615384615384615,0.9142857142857143,0.23076923076923075,0.45714285714285713,False,True,1.6226576000335626,3.338733599986881,,,,,passage-only,겨울 C반 1차 회귀분석에 대해 설명은 아래 주의점과 방법에 대해 말했습니다.,"겨울 C반 1차 회귀분석 설명에 대해 의미는 관계의 경향 설명이라고, 주의점은 모든 원인을 증명하지는 않는다고, 그리고 샘플의 영역을 나타내는다고 설명했습니다."
dataset_ko_58_final,entity_simple_hard_test_statistics_00335:final:0,entity_simple_hard_test_statistics_00335,entity_simple_hard_test_statistics_00335,True,same_source_sibling_facts,1,4,23,20,파일럿 D반 4차 회귀분석 설명 중 비유와 활용에 해당하는 내용만 답해줘.,"파일럿 D반 4차 회귀분석에 대해 비유는 흩어진 점 사이에 길을 그어 보는 일이라고, 그리고 활용은 예측 경향을 설명할 때 쓴다고 설명했습니다.",True,,,,,False,False,0.972972972972973,0.7142857142857143,0.4864864864864865,0.35714285714285715,True,True,3.2436076999874786,4.022347699967213,,,,,question+passage,"파일럿 D반 4차 회귀분석에 대해 비유는 흩어진 점 사이에 길을 그어 보는 일이라고, 활용은 예측 경향을 설명할 때 쓴다고 설명했습니다.","파일럿 D반 4차 회귀분석 설명에 대해 비유는 흩어진 점 사이에 길을 그어 보는 일이라고, 설명은 점과 수학자 중에서 visiting한 점이라고, 그리고 활용은 순서를 준하는 것이라고 설명했습니다."
dataset_ko_59_final,entity_simple_hard_test_os_concept_00198:final:0,entity_simple_hard_test_os_concept_00198,entity_simple_hard_test_os_concept_00198,True,same_source_sibling_facts,1,4,23,20,교수님이 실습 오후반 2차 캐시의 역할과 장점을 어떻게 말했어?,"실습 오후반 2차 캐시에 대해 역할은 자주 쓰는 정보를 가까이 둔다고, 그리고 장점은 반복 접근을 빠르게 만든다고 설명했습니다.",True,,,,,False,False,0.8292682926829269,0.8571428571428571,0.41463414634146345,0.42857142857142855,True,True,4.187253099982627,4.223500499967486,,,,,tie,"교수님이 실습 오후반 2차 캐시의 역할은 자주 쓰는 정보를 가까이 둔다고, 장점은 반복 접근을 빠르게 만든다고, 그리고 비유는 책상 위에 올려둔 책이라고 설명했습니다.","교수님이 실습 오후반 2차 캐시에 대해 역할은 자주 쓰는 정보를 가까이 둔다고, 장점은 반복 접근을 빠르게 만든다고, 그리고 비유는 책상 위에 올려둔 책이라고 설명했습니다."
dataset_ko_60_final,entity_simple_hard_test_dessert_00192:final:0,entity_simple_hard_test_dessert_00192,entity_simple_hard_test_dessert_00192,True,same_source_sibling_facts,1,4,23,20,가을 오후반 2차 초콜렛 설명에서 색깔과 비유만 알려줘.,"가을 오후반 2차 초콜렛에 대해 색깔은 검정색이라고, 그리고 비유는 작은 선물 상자라고 설명했습니다.",True,,,,,False,False,0.8666666666666666,0.9285714285714286,0.4333333333333333,0.4642857142857143,True,True,3.101664499961771,2.6958819999708794,,,,,passage-only,"가을 오후반 2차 초콜렛 설명에 대해 색깔은 검정색이라고, 비유는 작은 선물 상자라고, 그리고 특징은 입안에서 천천히 녹는다고 설명했습니다.","가을 오후반 2차 초콜렛에 대해 색깔은 검정색이라고, 비유는 작은 선물 상자라고, 그리고 맛은 달콤하다고 설명했습니다."
dataset_ko_61_final,entity_simple_hard_test_dessert_00074:final:0,entity_simple_hard_test_dessert_00074,entity_simple_hard_test_dessert_00074,True,same_source_sibling_facts,1,4,23,20,교수님이 캡스톤 4팀 1차 마카롱의 특징과 맛을 어떻게 말했어?,"캡스톤 4팀 1차 마카롱에 대해 특징은 겉은 바삭하고 속은 촉촉하다고, 그리고 맛은 부드럽고 진하다고 설명했습니다.",True,,,,,False,False,0.9090909090909091,0.9375,0.45454545454545453,0.46875,True,True,3.9250576000194997,3.5413349000154994,,,,,tie,"교수님이 캡스톤 4팀 1차 마카롱에 대해 특징은 겉은 바삭하고 속은 촉촉하다고, 맛은 부드럽고 진하다고, 그리고 색깔은 알록달록하다고 설명했습니다.","캡스톤 4팀 1차 마카롱에 대해 특징은 겉은 바삭하고 속은 촉촉하다고, 맛은 부드럽고 진하다고, 그리고 색깔은 알록달록하다고 설명했습니다."
dataset_ko_62_final,entity_simple_hard_test_project_00061:final:0,entity_simple_hard_test_project_00061,entity_simple_hard_test_project_00061,True,same_source_sibling_facts,1,4,23,20,여름 3팀 1차 백엔드 배포에서 확인 기준과 담당을 함께 정리해줘.,"여름 3팀 1차 백엔드 배포에 대해 확인 기준은 오류 발생률이라고, 그리고 담당은 백엔드 팀이라고 설명했습니다.",True,,,,,False,False,0.9655172413793104,0.5294117647058824,0.4827586206896552,0.2647058823529412,True,True,2.4625981000135653,3.200927200028673,,,,,question+passage,"여름 3팀 1차 백엔드 배포에 대해 확인 기준은 오류 발생률이라고, 담당은 백엔드 팀이라고 설명했습니다.","여름 3팀 1차 백엔드 배포에서 확인 기준은 4h 내로, 협의 box blur 정도는 10배로, 그리고 오류 발생률은 20%로 설정했다."
dataset_ko_63_final,entity_simple_hard_test_statistics_00092:final:0,entity_simple_hard_test_statistics_00092,entity_simple_hard_test_statistics_00092,True,same_source_sibling_facts,1,4,23,20,가을 오후반 1차 표본분산 설명에서 활용과 비유만 알려줘.,"가을 오후반 1차 표본분산에 대해 활용은 데이터 변동성을 볼 때 쓴다고, 그리고 비유는 점들이 얼마나 퍼졌는지 보는 자라고 설명했습니다.",True,,,,,False,False,0.5405405405405405,0.7894736842105262,0.27027027027027023,0.3947368421052631,True,True,3.894850700045936,3.9144195000408217,,,,,passage-only,가을 오후반 1차 표본분산에 대해 비유는 점들이 얼마나 퍼졌는지 보는 자를 흩어진ness를 보는 자의 시야를 끝으로 동작은 이너스 흩어짐 제시합니다.,"가을 오후반 1차 표본분산 설명에 대해 활용은 데이터의 흩어짐을 보는 방법이라고, 비유는 점들이 얼마나 퍼졌는지 보는 자라고, 그리고 의미는 흩어짐을 보여준다고 설명했습니다."
dataset_ko_64_final,entity_simple_hard_test_marketing_00272:final:0,entity_simple_hard_test_marketing_00272,entity_simple_hard_test_marketing_00272,True,same_source_sibling_facts,1,4,23,20,가을 4팀 3차 신입생 캠페인 설명에서 보상과 대상만 알려줘.,"가을 4팀 3차 신입생 캠페인에 대해 보상은 커피 쿠폰이라고, 그리고 대상은 신입생이라고 설명했습니다.",True,,,,,False,False,0.896551724137931,0.896551724137931,0.4482758620689655,0.4482758620689655,True,True,3.6273461999953724,3.2954683999996632,,,,,tie,"가을 4팀 3차 신입생 캠페인 설명에 대해 대상은 신입생이라고, 보상은 커피 쿠폰이라고, 그리고 핵심 채널은 인스타그램이라고 설명했습니다.","가을 4팀 3차 신입생 캠페인에 대해 보상은 커피 쿠폰이라고, 대상은 신입생이라고, 그리고 성과 지표는 전환율이라고 설명했습니다."
dataset_ko_65_final,entity_simple_hard_test_art_history_00256:final:0,entity_simple_hard_test_art_history_00256,entity_simple_hard_test_art_history_00256,True,same_source_sibling_facts,1,4,23,20,정규 2팀 3차 바로크 설명에서 목적과 핵심 특징만 알려줘.,"정규 2팀 3차 바로크에 대해 목적은 감정을 강하게 전달하는 것이라고, 그리고 핵심 특징은 극적 명암이라고 설명했습니다.",True,,,,,False,False,0.8421052631578948,0.5853658536585366,0.4210526315789474,0.2926829268292683,True,False,3.663281499990262,4.0094135999679565,,,,,question+passage,"정규 2팀 3차 바로크에 대해 핵심 특징은 극적 명암이라고, 비유는 무대 조명이 한 장면을 강조하는 방식이라고, 그리고 목적은 감정을 강하게 전달하는 것이라고 설명했습니다.","정규 2팀 3차 바로크에 대해 목적은 기본 성향을 강조하는 것처럼 생각할 수 있는 곳이라고, 핵심 특징은 극적 환경이라고, 그리고 핵심 특징의 구도는 최후를 강조하는 것이라고 설명했습니다."
dataset_ko_66_final,entity_simple_hard_test_dessert_00170:final:0,entity_simple_hard_test_dessert_00170,entity_simple_hard_test_dessert_00170,True,same_source_sibling_facts,1,4,23,20,교수님이 봄 4팀 2차 마카롱의 특징과 맛을 어떻게 말했어?,"봄 4팀 2차 마카롱에 대해 특징은 겉은 바삭하고 속은 촉촉하다고, 그리고 맛은 부드럽고 진하다고 설명했습니다.",True,,,,,False,False,0.7142857142857143,0.9333333333333333,0.35714285714285715,0.4666666666666667,True,True,3.1735797000001185,3.4542299000313506,,,,,passage-only,"교수님에게의 물음, 특징은 겉은 바삭하고 속은 촉촉하다고, 색깔은 알록달록하다고, 그리고 맛은 부드럽고 진하다고 설명했습니다.","봄 4팀 2차 마카롱에 대해 특징은 겉은 바삭하고 속은 촉촉하다고, 맛은 부드럽고 진하다고, 그리고 색깔은 알록달록하다고 설명했습니다."
dataset_ko_67_final,entity_simple_hard_test_project_00230:final:0,entity_simple_hard_test_project_00230,entity_simple_hard_test_project_00230,True,same_source_sibling_facts,1,4,23,20,교수님이 봄 D반 3차 AI 모델 평가의 마감과 공유 위치를 어떻게 말했어?,"봄 D반 3차 AI 모델 평가에 대해 마감은 금요일 자정 전이라고, 그리고 공유 위치는 회의록 폴더라고 설명했습니다.",True,,,,,False,False,0.8823529411764706,0.6875,0.4411764705882353,0.34375,True,True,2.9224258000031114,2.5263827000162564,,,,,question+passage,"봄 D반 3차 AI 모델 평가의 마감은 금요일 자정 전이라고, 공유 위치는 회의록 폴더라고, 그리고 담당은 AI 파트라고 설명했습니다.","봄 D반 3차 AI 모델 평가에 대해 마감은 24시간 후로 설정되어 있고, 공유 위치는 회의록 폴더라고 말했습니다."
dataset_ko_68_final,entity_simple_hard_test_marketing_00320:final:0,entity_simple_hard_test_marketing_00320,entity_simple_hard_test_marketing_00320,True,same_source_sibling_facts,1,4,23,20,봄 C반 4차 신입생 캠페인 설명에서 대상과 보상만 알려줘.,"봄 C반 4차 신입생 캠페인에 대해 대상은 신입생이라고, 그리고 보상은 커피 쿠폰이라고 설명했습니다.",True,,,,,False,False,0.888888888888889,0.888888888888889,0.4444444444444445,0.4444444444444445,True,True,3.443489099969156,3.1891568999853916,,,,,tie,"봄 C반 4차 신입생 캠페인에 대해 대상은 신입생이라고, 보상은 커피 쿠폰이라고, 그리고 핵심 채널은 인스타그램이라고 설명했습니다.","봄 C반 4차 신입생 캠페인에 대해 대상은 신입생이라고, 보상은 커피 쿠폰이라고, 그리고 성과 지표는 전환율이라고 설명했습니다."
dataset_ko_69_final,entity_simple_hard_test_os_concept_00007:final:0,entity_simple_hard_test_os_concept_00007,entity_simple_hard_test_os_concept_00007,True,same_source_sibling_facts,1,4,23,20,심화 A반 1차 큐 설명 중 역할과 장점에 해당하는 내용만 답해줘.,"심화 A반 1차 큐에 대해 역할은 작업을 순서대로 기다리게 한다고, 그리고 장점은 처리 순서를 명확하게 만든다고 설명했습니다.",True,,,,,False,False,0.8717948717948718,0.8717948717948718,0.4358974358974359,0.4358974358974359,True,True,3.5410586000070907,3.5364341999520548,,,,,tie,"심화 A반 1차 큐에 대해 장점은 처리 순서를 명확하게 만든다고, 역할은 작업을 순서대로 기다리게 한다고, 그리고 주의점은 대기 시간이 길어질 수 있다고 설명했습니다.","심화 A반 1차 큐에 대해 역할은 작업을 순서대로 기다리게 한다고, 장점은 처리 순서를 명확하게 만든다고, 그리고 예는 해킹을 방지하는 데 사용될 수 있다고 설명했습니다."
dataset_ko_70_final,entity_simple_hard_test_project_00037:final:0,entity_simple_hard_test_project_00037,entity_simple_hard_test_project_00037,True,same_source_sibling_facts,1,4,23,20,심화 D반 1차 백엔드 배포에서 마감과 공유 위치를 함께 정리해줘.,"심화 D반 1차 백엔드 배포에 대해 마감은 수요일 오후 다섯 시라고, 그리고 공유 위치는 깃허브 이슈 탭이라고 설명했습니다.",True,,,,,False,False,0.923076923076923,0.7999999999999999,0.4615384615384615,0.39999999999999997,True,True,3.495539200026542,2.5922760000103153,,,,,question+passage,"심화 D반 1차 백엔드 배포에 대해 공유 위치는 깃허브 이슈 탭이라고, 담당은 백엔드 팀이라고, 그리고 마감은 수요일 오후 다섯 시라고 설명했습니다.","심화 D반 1차 백엔드 배포에 대해 마감은 수요일 오후 다섯 시라고, 공유 위치는 GitHub 输入 issue 请求仓库路径이라고 설명했습니다."
dataset_ko_71_final,entity_simple_hard_test_statistics_00334:final:0,entity_simple_hard_test_statistics_00334,entity_simple_hard_test_statistics_00334,True,same_source_sibling_facts,1,4,23,20,교수님이 캡스톤 D반 4차 상관계수의 비유와 활용을 어떻게 말했어?,"캡스톤 D반 4차 상관계수에 대해 비유는 두 변수의 움직임을 비교하는 나침반이라고, 그리고 활용은 관계 강도를 빠르게 살필 때 쓴다고 설명했습니다.",True,,,,,False,False,0.85,0.42857142857142855,0.425,0.21428571428571427,True,False,4.26091999997152,2.057853400008753,,,,,question+passage,"교수님이 캡스톤 D반 4차 상관계수의 의미는 선형 관계 강도라고, 비유는 두 변수의 움직임을 비교하는 나침반이라고, 그리고 활용은 관계 강도를 빠르게 살필 때 쓴다고 설명했습니다.",교수님이 캡스톤 D반 4차 상관계수의 활용을 효율적으로 강조하는 메소드라고 설명했습니다.
dataset_ko_72_final,entity_simple_hard_test_statistics_00239:final:0,entity_simple_hard_test_statistics_00239,entity_simple_hard_test_statistics_00239,True,same_source_sibling_facts,1,4,23,20,세미나 D반 3차 회귀분석 설명 중 비유와 활용에 해당하는 내용만 답해줘.,"세미나 D반 3차 회귀분석에 대해 비유는 흩어진 점 사이에 길을 그어 보는 일이라고, 그리고 활용은 예측 경향을 설명할 때 쓴다고 설명했습니다.",True,,,,,False,False,0.972972972972973,0.47058823529411764,0.4864864864864865,0.23529411764705882,True,True,3.242851899995003,5.659379400021862,,,,,question+passage,"세미나 D반 3차 회귀분석에 대해 비유는 흩어진 점 사이에 길을 그어 보는 일이라고, 활용은 예측 경향을 설명할 때 쓴다고 설명했습니다.","세미나 D반 3차 회귀분석 설명 중 비유와 활용에 해당하는 내용만 설명하라면 데이터 분석의 방향과 결과에 영향을 줄 수 있는 요인을 나타내는 방법 중 하나라고, 비유를 탐색적 분석의 밸런스를 설명할 때 쓴다고, 그리고 활용은 예측 경향을 설명할 때 쓴다고 설명했습니다."
dataset_ko_73_final,entity_simple_hard_test_marketing_00008:final:0,entity_simple_hard_test_marketing_00008,entity_simple_hard_test_marketing_00008,True,same_source_sibling_facts,1,4,23,20,실습 A반 1차 신입생 캠페인 설명에서 핵심 채널과 성과 지표만 알려줘.,"실습 A반 1차 신입생 캠페인에 대해 핵심 채널은 인스타그램이라고, 그리고 성과 지표는 전환율이라고 설명했습니다.",True,,,,,False,False,0.6363636363636364,0.896551724137931,0.3181818181818182,0.4482758620689655,False,True,1.5678040999919176,3.221461500041187,,,,,passage-only,실습 A반 1차 신입생 캠페인 성과 지표만 알려준다.,"실습 A반 1차 신입생 캠페인 설명에서 핵심 채널은 인스타그램이라고, 성과 지표는 전환율이라고, 그리고 대상은 신입생이라고 설명했습니다."
dataset_ko_74_final,entity_simple_hard_test_os_concept_00127:final:0,entity_simple_hard_test_os_concept_00127,entity_simple_hard_test_os_concept_00127,True,same_source_sibling_facts,1,4,23,20,심화 C반 2차 큐 설명 중 비유와 주의점에 해당하는 내용만 답해줘.,"심화 C반 2차 큐에 대해 비유는 번호표를 뽑고 기다리는 줄이라고, 그리고 주의점은 대기 시간이 길어질 수 있다고 설명했습니다.",True,,,,,False,False,0.8717948717948718,0.5909090909090909,0.4358974358974359,0.29545454545454547,True,True,3.7290908999857493,4.633064099994954,,,,,question+passage,"심화 C반 2차 큐에 대해 비유는 번호표를 뽑고 기다리는 줄이라고, 주의점은 대기 시간이 길어질 수 있다고, 그리고 특징은 처리 순서를 명확하게 만든다고 설명했습니다.","심화 C반 2차 큐에 대해 비유는 선열에 대답을 주었다比喻地說은 직접 대답보다 수호와 차분하게 달라지는 방식이라고, 장점은 처리 순서를 명확하게 만든다고, 그리고 주의점은 대기 시간이 길어질 수 있다고 설명했습니다."
dataset_ko_75_final,entity_simple_hard_test_project_00302:final:0,entity_simple_hard_test_project_00302,entity_simple_hard_test_project_00302,True,same_source_sibling_facts,1,4,23,20,교수님이 가을 A반 4차 AI 모델 평가의 담당과 확인 기준을 어떻게 말했어?,"가을 A반 4차 AI 모델 평가에 대해 담당은 AI 파트라고, 그리고 확인 기준은 정답률이라고 설명했습니다.",True,,,,,False,False,0.8823529411764706,0.7586206896551724,0.4411764705882353,0.3793103448275862,True,True,2.9284706999897026,2.172089400002733,,,,,question+passage,"가을 A반 4차 AI 모델 평가에 대해 확인 기준은 정답률이라고, 공유 위치는 회의록 폴더라고, 그리고 담당은 AI 파트라고 설명했습니다.","학년 A반 4차 AI 모델 평가에 대해 담당은 AI 파트라고, 확인 기준은 정답률을 설명했다."
dataset_ko_76_final,entity_simple_hard_test_os_concept_00030:final:0,entity_simple_hard_test_os_concept_00030,entity_simple_hard_test_os_concept_00030,True,same_source_sibling_facts,1,4,23,20,교수님이 봄 D반 1차 캐시의 비유와 주의점을 어떻게 말했어?,"봄 D반 1차 캐시에 대해 비유는 책상 위에 올려둔 책이라고, 그리고 주의점은 오래된 정보가 남을 수 있다고 설명했습니다.",True,,,,,False,False,0.8421052631578948,0.6666666666666665,0.4210526315789474,0.33333333333333326,True,True,3.7962506000185385,3.311378800019156,,,,,question+passage,"봄 D반 1차 캐시에 대해 비유는 책상 위에 올려둔 책이라고, 주의점은 오래된 정보가 남을 수 있다고, 그리고 역할은 자주 쓰는 정보를 가까이 둔다고 설명했습니다.","봄 D반 1차 캐시에 대해 비유는 책상 위에 올려둔 책이 있다고, 주의점은 시간이长短가 있는다고, 그리고 결과는 성적에 영향을 주지 않는다고 설명했습니다."
dataset_ko_77_final,entity_simple_hard_test_marketing_00393:final:0,entity_simple_hard_test_marketing_00393,entity_simple_hard_test_marketing_00393,True,same_source_sibling_facts,1,4,23,20,겨울 오후반 4차 동아리 홍보에서 핵심 채널과 성과 지표를 함께 정리해줘.,"겨울 오후반 4차 동아리 홍보에 대해 핵심 채널은 오픈채팅방이라고, 그리고 성과 지표는 참여율이라고 설명했습니다.",True,,,,,False,False,0.962962962962963,0.742857142857143,0.4814814814814815,0.3714285714285715,True,True,2.6544822999858297,3.5914650000049733,,,,,question+passage,"겨울 오후반 4차 동아리 홍보에 대해 핵심 채널은 오픈채팅방이라고, 성과 지표는 참여율이라고 설명했습니다.","겨울 오후반 4차 동아리 홍보에 대해 핵심 채널은 사회 게시판과 이메일 리스트판이라고, 성과 지표는 참여율이라고, 그리고 보상은 추첨 당첨 상품이라고 설명했습니다."
dataset_ko_78_final,entity_simple_hard_test_art_history_00233:final:0,entity_simple_hard_test_art_history_00233,entity_simple_hard_test_art_history_00233,True,same_source_sibling_facts,1,4,23,20,겨울 D반 3차 입체주의에서 비유와 비교 포인트를 함께 정리해줘.,"겨울 D반 3차 입체주의에 대해 비유는 여러 방향에서 본 사물을 한 화면에 놓는 방식이라고, 그리고 비교 포인트는 단일 원근과 다르다고 설명했습니다.",True,,,,,False,False,0.9047619047619047,0.7142857142857143,0.45238095238095233,0.35714285714285715,True,False,3.765084099955857,3.5398111999966204,,,,,question+passage,"겨울 D반 3차 입체주의에 대해 비유는 여러 방향에서 본 사물을 한 화면에 놓는 방식이라고, 비교 포인트는 단일 원근과 다르다고, 그리고 핵심 특징은 여러 시점이라고 설명했습니다.","겨울 D반 3차 입체주의에 대해 비유는 단일 경로로 현재 방향을 확대하는 방식이라고, 비유의 특징은 여러 시점이라고, 그리고 비교 포인트는 단일 경로와 다르다고 설명했습니다."
dataset_ko_79_final,entity_simple_hard_test_os_concept_00076:final:0,entity_simple_hard_test_os_concept_00076,entity_simple_hard_test_os_concept_00076,True,same_source_sibling_facts,1,4,23,20,정규 4팀 1차 프로세스 설명에서 주의점과 비유만 알려줘.,"정규 4팀 1차 프로세스에 대해 주의점은 자원을 너무 많이 쓰면 느려질 수 있다고, 그리고 비유는 독립된 식당이라고 설명했습니다.",True,,,,,False,False,0.7804878048780487,0.65,0.39024390243902435,0.325,True,True,3.944631299993489,4.1888672999921255,,,,,question+passage,"정규 4팀 1차 프로세스 설명에 대해 비유는 독립된 실행 공간을 가진다고, 주의점은 자원을 너무 많이 쓰면 느려질 수 있다고, 그리고 역할은 독립된 실행 공간을 가진다고 설명했습니다.","정규 4팀 1차 프로세스에 대해 주의점은 자원을 너무 많이 쓰면 느려질 수 있다고, 비유는 혼자서 집을 관리할 수가 없어서는 과다한 자원을 사용하다가orry는 손상을 냈다."
dataset_ko_80_final,entity_simple_hard_test_art_history_00328:final:0,entity_simple_hard_test_art_history_00328,entity_simple_hard_test_art_history_00328,True,same_source_sibling_facts,1,4,23,20,실습 C반 4차 바로크 설명에서 비유와 비교 포인트만 알려줘.,"실습 C반 4차 바로크에 대해 비유는 무대 조명이 한 장면을 강조하는 방식이라고, 그리고 비교 포인트는 평면적 구도와 구분된다고 설명했습니다.",True,,,,,False,False,0.65,0.7804878048780488,0.325,0.3902439024390244,True,True,3.617110399994999,3.830814699991606,,,,,passage-only,"실습 C반 4차 바로크에 대해 비유는 평면적 구도와 구분된다고, 목적은 감정을 강하게 전달하는 것이라고, 그리고 비교 포인트는 평면적 구도과 비교되는 것이라고 설명했습니다.","실습 C반 4차 바로크에 대해 비유는 무대 조명이 한 장면을 강조하는 방식이라고, 비유적인 의미는 공간을 조명하는 방식이라고, 그리고 비교 포인트는 차분한 반응과 구분된다고 설명했습니다."
dataset_ko_81_final,entity_simple_hard_test_statistics_00309:final:0,entity_simple_hard_test_statistics_00309,entity_simple_hard_test_statistics_00309,True,same_source_sibling_facts,1,4,23,20,세미나 A반 4차 신뢰구간에서 의미와 주의점을 함께 정리해줘.,"세미나 A반 4차 신뢰구간에 대해 의미는 모수 추정 범위라고, 그리고 주의점은 정답 하나를 보장하지 않는다고 설명했습니다.",True,,,,,False,False,0.8205128205128205,0.8648648648648648,0.41025641025641024,0.4324324324324324,True,True,3.710356600000523,3.6108446000143886,,,,,tie,"세미나 A반 4차 신뢰구간에 대해 주의점은 정답 하나를 보장하지 않는다고, 의미는 모수 추정 범위라고, 그리고 비유는 정답이 있을 법한 범위를 그은 지도라고 설명했습니다.","세미나 A반 4차 신뢰구간에 대해 의미는 모수 추정 범위라고, 주의점은 정답 하나를 보장하지 않는다고, 그리고 활용은 추정 범위를 확대할 때 쓴다고 설명했습니다."
dataset_ko_82_final,entity_simple_hard_test_marketing_00179:final:0,entity_simple_hard_test_marketing_00179,entity_simple_hard_test_marketing_00179,True,same_source_sibling_facts,1,4,23,20,세미나 4팀 2차 멘토링 이벤트 설명 중 보상과 대상에 해당하는 내용만 답해줘.,"세미나 4팀 2차 멘토링 이벤트에 대해 보상은 포인트 500점이라고, 그리고 대상은 멘토링 참여 학생이라고 설명했습니다.",True,,,,,False,False,0.9090909090909091,0.8823529411764706,0.45454545454545453,0.4411764705882353,True,True,3.4604018999962136,4.01271410001209,,,,,tie,"세미나 4팀 2차 멘토링 이벤트에 대해 보상은 포인트 500점이라고, 대상은 멘토링 참여 학생이라고, 그리고 성과 지표는 재방문율이라고 설명했습니다.","세미나 4팀 2차 멘토링 이벤트에 대해 보상은 포인트 500점이라고, 핵심 채널은 이메일 뉴스레터라고, 그리고 대상은 멘토링 참여 학생이라고 설명했습니다."
dataset_ko_83_final,entity_simple_hard_test_statistics_00068:final:0,entity_simple_hard_test_statistics_00068,entity_simple_hard_test_statistics_00068,True,same_source_sibling_facts,1,4,23,20,실습 3팀 1차 표본분산 설명에서 주의점과 의미만 알려줘.,"실습 3팀 1차 표본분산에 대해 주의점은 순위 정렬과 다르다고, 그리고 의미는 흩어짐 측정이라고 설명했습니다.",True,,,,,False,False,0.8235294117647058,0.358974358974359,0.4117647058823529,0.1794871794871795,True,False,3.676091799978167,5.089100400044117,,,,,question+passage,"실습 3팀 1차 표본분산에 대해 주의점은 순위 정렬과 다르다고, 의미는 흩어짐 측정이라고, 그리고 비유는 점들이 얼마나 퍼졌는지 보는 자라고 설명했습니다.","실습 3팀 1차 표본분산 설명만 알려면, 절대 불합리성을 설명하지 못하나, 비유가 이해의 상자로 비유될 수 있나, 그리고 주의점이 분산의 성질 파악을 위한 도구로만_seen理解為理解為理解을 설명하나라고 분별해보기 어렵다고 설명했습니다."
dataset_ko_84_final,entity_simple_hard_test_project_00279:final:0,entity_simple_hard_test_project_00279,entity_simple_hard_test_project_00279,True,same_source_sibling_facts,1,4,23,20,세미나 4팀 3차 프론트엔드 점검 설명 중 공유 위치와 마감에 해당하는 내용만 답해줘.,"세미나 4팀 3차 프론트엔드 점검에 대해 공유 위치는 프로젝트 슬랙 채널이라고, 그리고 마감은 다음 달 첫째 주 화요일이라고 설명했습니다.",True,,,,,False,False,0.9696969696969697,0.8108108108108107,0.48484848484848486,0.4054054054054054,True,True,3.3578248000121675,4.3054881999851204,,,,,question+passage,"세미나 4팀 3차 프론트엔드 점검 설명에 대해 공유 위치는 프로젝트 슬랙 채널이라고, 마감은 다음 달 첫째 주 화요일이라고 설명했습니다.","세미나 4팀 3차 프론트엔드 점검에 대해 공유하는 곳과는 프로젝트 슬랙 채널이라고, 담당은 프론트엔드 파트라고, 그리고 마감은 다음 달 첫째 주 화요일이라고 설명했습니다."
dataset_ko_85_final,entity_simple_hard_test_dessert_00243:final:0,entity_simple_hard_test_dessert_00243,entity_simple_hard_test_dessert_00243,True,same_source_sibling_facts,1,4,23,20,겨울 1팀 3차 브라우니 설명 중 비유와 색깔에 해당하는 내용만 답해줘.,"겨울 1팀 3차 브라우니에 대해 비유는 초콜렛을 압축한 케이크라고, 그리고 색깔은 진한 갈색이라고 설명했습니다.",True,,,,,False,False,0.8750000000000001,0.9032258064516129,0.43750000000000006,0.45161290322580644,True,True,3.8405891999718733,3.7181752999895252,,,,,tie,"겨울 1팀 3차 브라우니에 대해 색깔은 진한 갈색이라고, 비유는 초콜렛을 압축한 케이크라고, 그리고 특징은 속이 촉촉하게 남는다고 설명했습니다.","겨울 1팀 3차 브라우니에 대해 비유는 초콜렛을 압축한 케이크라고, 색깔은 진한 갈색이라고, 그리고 맛은 묵직하게 달콤하다고 설명했습니다."
dataset_ko_86_final,entity_simple_hard_test_os_concept_00126:final:0,entity_simple_hard_test_os_concept_00126,entity_simple_hard_test_os_concept_00126,True,same_source_sibling_facts,1,4,23,20,교수님이 정규 C반 2차 캐시의 비유와 주의점을 어떻게 말했어?,"정규 C반 2차 캐시에 대해 비유는 책상 위에 올려둔 책이라고, 그리고 주의점은 오래된 정보가 남을 수 있다고 설명했습니다.",True,,,,,False,False,0.7999999999999999,0.36842105263157887,0.39999999999999997,0.18421052631578944,True,False,3.9455545999808237,3.20774139999412,,,,,question+passage,"professor가 정규 C반 2차 캐시의 비유는 책상 위에 올려둔 책이라고, 주의점은 오래된 정보가 남을 수 있다고, 그리고 역할은 자주 쓰는 정보를 가까이 둔다고 설명했습니다.","Professor Lee의 C반 2차 캐시는 빠른 결과를 제공하지만 과거의 수행 결과가 남을 수 있다고, 그리고 명확한 정의가 시간이 오래 걸릴 수 있다고 설명했습니다."
dataset_ko_87_final,entity_simple_hard_test_dessert_00122:final:0,entity_simple_hard_test_dessert_00122,entity_simple_hard_test_dessert_00122,True,same_source_sibling_facts,1,4,23,20,교수님이 가을 C반 2차 마카롱의 맛과 특징을 어떻게 말했어?,"가을 C반 2차 마카롱에 대해 맛은 부드럽고 진하다고, 그리고 특징은 겉은 바삭하고 속은 촉촉하다고 설명했습니다.",True,,,,,False,False,0.5,0.56,0.25,0.28,True,True,3.0665689000161365,1.9218133999966085,,,,,passage-only,"교수님은 마카롱에 대해 색깔은 알록달록하다고, 맛은 부드럽고 진하다고, 그리고 퍼블릭데일iness는 특별한 특징이라고 설명했습니다.",교수님이 가을 C반 2차 마카롱의 맛과 특징으로 부드럽고 진하다고 말했습니다.
dataset_ko_88_final,entity_simple_hard_test_marketing_00011:final:0,entity_simple_hard_test_marketing_00011,entity_simple_hard_test_marketing_00011,True,same_source_sibling_facts,1,4,23,20,여름 B반 1차 멘토링 이벤트 설명 중 핵심 채널과 성과 지표에 해당하는 내용만 답해줘.,"여름 B반 1차 멘토링 이벤트에 대해 핵심 채널은 이메일 뉴스레터라고, 그리고 성과 지표는 재방문율이라고 설명했습니다.",True,,,,,False,False,0.9655172413793104,0.8235294117647058,0.4827586206896552,0.4117647058823529,True,True,3.0084680000436492,3.791072299994994,,,,,question+passage,"여름 B반 1차 멘토링 이벤트 설명에 대해 핵심 채널은 이메일 뉴스레터라고, 성과 지표는 재방문율이라고 설명했습니다.","여름 B반 1차 멘토링 이벤트에 대해 핵심 채널은 이메일 뉴스레터라고, 성과 지표는 참여율이라고, 그리고 확산 채널은 인스타그램 메시지라고 설명했습니다."
dataset_ko_89_final,entity_simple_hard_test_project_00228:final:0,entity_simple_hard_test_project_00228,entity_simple_hard_test_project_00228,True,same_source_sibling_facts,1,4,23,20,실습 C반 3차 최종 발표 설명에서 마감과 공유 위치만 알려줘.,"실습 C반 3차 최종 발표에 대해 마감은 다음 주 월요일 밤이라고, 그리고 공유 위치는 팀 노션 페이지라고 설명했습니다.",True,,,,,False,False,0.7894736842105263,0.7586206896551724,0.39473684210526316,0.3793103448275862,True,True,3.351211200002581,2.056093899998814,,,,,tie,"실습 C반 3차 최종 발표에 대해 공유 위치는 팀 노션 페이지라고, 마감은 다음 주 월요일 밤 9 시간이라고, 그리고 확인 기준은 근거 제시 여부라고 설명했습니다.",실습 C반 3차 최종 발표 설명에서 마감과 공유 위치만 알려줄 곳은 팀 노션 페이지라고 설명했습니다.
dataset_ko_90_final,entity_simple_hard_test_dessert_00120:final:0,entity_simple_hard_test_dessert_00120,entity_simple_hard_test_dessert_00120,True,same_source_sibling_facts,1,4,23,20,봄 C반 2차 초콜렛 설명에서 맛과 특징만 알려줘.,"봄 C반 2차 초콜렛에 대해 맛은 달콤하다고, 그리고 특징은 입안에서 천천히 녹는다고 설명했습니다.",True,,,,,False,False,0.923076923076923,0.7199999999999999,0.4615384615384615,0.35999999999999993,True,True,2.9635968999937177,2.6963191000395454,,,,,question+passage,"봄 C반 2차 초콜렛 설명에 대해 맛은 달콤하다고, 특징은 입안에서 천천히 녹는다고, 그리고 색깔은 검정색이라고 설명했습니다.","봄 C반 2차 초콜렛 설명에 대해 맛은 달콤하다고, 특징은 분말로만 도달한다고, 그리고 색깔은 검정색이라고 설명했습니다."
dataset_ko_91_final,entity_simple_hard_test_marketing_00131:final:0,entity_simple_hard_test_marketing_00131,entity_simple_hard_test_marketing_00131,True,same_source_sibling_facts,1,4,23,20,여름 D반 2차 멘토링 이벤트 설명 중 대상과 보상에 해당하는 내용만 답해줘.,"여름 D반 2차 멘토링 이벤트에 대해 대상은 멘토링 참여 학생이라고, 그리고 보상은 포인트 500점이라고 설명했습니다.",True,,,,,False,False,0.8823529411764706,0.9090909090909091,0.4411764705882353,0.45454545454545453,True,True,3.886245500005316,3.457221600052435,,,,,tie,"여름 D반 2차 멘토링 이벤트에 대해 대상은 멘토링 참여 학생이라고, 보상은 포인트 500점이라고, 그리고 핵심 채널은 이메일 뉴스레터라고 설명했습니다.","여름 D반 2차 멘토링 이벤트에 대해 대상은 멘토링 참여 학생이라고, 보상은 포인트 500점이라고, 그리고 성과 지표는 재방문율이라고 설명했습니다."
dataset_ko_92_final,entity_simple_hard_test_art_history_00067:final:0,entity_simple_hard_test_art_history_00067,entity_simple_hard_test_art_history_00067,True,same_source_sibling_facts,1,4,23,20,심화 3팀 1차 르네상스 설명 중 목적과 핵심 특징에 해당하는 내용만 답해줘.,"심화 3팀 1차 르네상스에 대해 목적은 사람의 가치를 드러내는 것이라고, 그리고 핵심 특징은 인문주의라고 설명했습니다.",True,,,,,False,False,0.8108108108108109,0.7894736842105263,0.40540540540540543,0.39473684210526316,True,True,3.825709299999289,4.07679989997996,,,,,tie,"심화 3팀 1차 르네상스에 대해 핵심 특징은 인문주의라고, 비유는 사람을 화면 중앙에 다시 세우는 방식이라고, 그리고 목적은 사람의 가치를 드러내는 것이라고 설명했습니다.","심화 3팀 1차 르네상스에 대해 목적은 사람의 가치를 드러내는 것이라고, 핵심 특징은 인문주의라고, 그리고 핵심 합의는 사람의 가치는 중요하지만 전체적으로 올바른 것이라고 설명했습니다."
dataset_ko_93_final,entity_simple_hard_test_project_00207:final:0,entity_simple_hard_test_project_00207,entity_simple_hard_test_project_00207,True,same_source_sibling_facts,1,4,23,20,심화 A반 3차 프론트엔드 점검 설명 중 담당과 확인 기준에 해당하는 내용만 답해줘.,"심화 A반 3차 프론트엔드 점검에 대해 담당은 프론트엔드 파트라고, 그리고 확인 기준은 사용자 차단 여부라고 설명했습니다.",True,,,,,False,False,0.8648648648648648,0.888888888888889,0.4324324324324324,0.4444444444444445,True,True,3.86019330000272,3.7167452999856323,,,,,tie,"심화 A반 3차 프론트엔드 점검 설명에 대해 확인 기준은 사용자 차단 여부라고, 공유 위치는 프로젝트 슬랙 채널이라고, 그리고 담당은 프론트엔드 파트라고 설명했습니다.","심화 A반 3차 프론트엔드 점검에 대해 담당은 프론트엔드 파트라고, 마감은 다음 달 첫째 주 화요일이라고, 그리고 확인 기준은 사용자 차단 여부라고 설명했습니다."
dataset_ko_94_final,entity_simple_hard_test_statistics_00260:final:0,entity_simple_hard_test_statistics_00260,entity_simple_hard_test_statistics_00260,True,same_source_sibling_facts,1,4,23,20,봄 3팀 3차 표본분산 설명에서 주의점과 의미만 알려줘.,"봄 3팀 3차 표본분산에 대해 주의점은 순위 정렬과 다르다고, 그리고 의미는 흩어짐 측정이라고 설명했습니다.",True,,,,,False,False,0.8125000000000001,0.8666666666666666,0.40625000000000006,0.4333333333333333,True,True,3.610520699992776,3.3451053999597207,,,,,passage-only,"봄 3팀 3차 표본분산에 대해 주의점은 순위 정렬과 다르다고, 의미는 흩어짐 측정이라고, 그리고 비유는 점들이 얼마나 퍼졌는지 보는 자라고 설명했습니다.","봄 3팀 3차 표본분산 설명에 대해 주의점은 순위 정렬과 다르다고, 의미는 흩어짐 측정이라고, 그리고 활용은 데이터 변동성을 볼 때 쓴다고 설명했습니다."
dataset_ko_95_final,entity_simple_hard_test_project_00301:final:0,entity_simple_hard_test_project_00301,entity_simple_hard_test_project_00301,True,same_source_sibling_facts,1,4,23,20,여름 A반 4차 백엔드 배포에서 담당과 확인 기준을 함께 정리해줘.,"여름 A반 4차 백엔드 배포에 대해 담당은 백엔드 팀이라고, 그리고 확인 기준은 오류 발생률이라고 설명했습니다.",True,,,,,False,False,0.8571428571428571,0.8,0.42857142857142855,0.4,True,True,3.292637700040359,3.2487196000292897,,,,,question+passage,"여름 A반 4차 백엔드 배포에 대해 확인 기준은 오류 발생률이라고, 공유 위치는 깃허브 이슈 탭이라고, 그리고 담당은 백엔드 팀이라고 설명했습니다.","여름 A반 4차 백엔드 배포에 대해 담당은 백엔드 팀이라고, 마감은 수요일 오후 다섯 시라고, 그리고 확인 기준은 오류 종류라고 설명했습니다."
dataset_ko_96_final,entity_simple_hard_test_dessert_00000:final:0,entity_simple_hard_test_dessert_00000,entity_simple_hard_test_dessert_00000,True,same_source_sibling_facts,1,4,23,20,봄 A반 1차 초콜렛 설명에서 색깔과 비유만 알려줘.,"봄 A반 1차 초콜렛에 대해 색깔은 검정색이라고, 그리고 비유는 작은 선물 상자라고 설명했습니다.",True,,,,,False,False,0.8571428571428571,0.923076923076923,0.42857142857142855,0.4615384615384615,True,True,2.999321900017094,2.642442399985157,,,,,passage-only,"봄 A반 1차 초콜렛 설명에 대해 색깔은 검정색이라고, 비유는 작은 선물 상자라고, 그리고 특징은 입안에서 천천히 녹는다고 설명했습니다.","봄 A반 1차 초콜렛 설명에 대해 색깔은 검정색이라고, 비유는 작은 선물 상자라고, 그리고 맛은 달콤하다고 설명했습니다."
dataset_ko_97_final,entity_simple_hard_test_dessert_00291:final:0,entity_simple_hard_test_dessert_00291,entity_simple_hard_test_dessert_00291,True,same_source_sibling_facts,1,4,23,20,여름 오후반 3차 브라우니 설명 중 색깔과 비유에 해당하는 내용만 답해줘.,"여름 오후반 3차 브라우니에 대해 색깔은 진한 갈색이라고, 그리고 비유는 초콜렛을 압축한 케이크라고 설명했습니다.",True,,,,,False,False,0.8750000000000001,0.9032258064516129,0.43750000000000006,0.45161290322580644,True,True,3.842361399962101,3.723159899993334,,,,,tie,"여름 오후반 3차 브라우니에 대해 색깔은 진한 갈색이라고, 비유는 초콜렛을 압축한 케이크라고, 그리고 특징은 속이 촉촉하게 남는다고 설명했습니다.","여름 오후반 3차 브라우니에 대해 색깔은 진한 갈색이라고, 비유는 초콜렛을 압축한 케이크라고, 그리고 맛은 묵직하게 달콤하다고 설명했습니다."
dataset_ko_98_final,entity_simple_hard_test_dessert_00121:final:0,entity_simple_hard_test_dessert_00121,entity_simple_hard_test_dessert_00121,True,same_source_sibling_facts,1,4,23,20,여름 C반 2차 솜사탕에서 맛과 특징을 함께 정리해줘.,"여름 C반 2차 솜사탕에 대해 맛은 가볍게 달콤하다고, 그리고 특징은 입에 닿으면 빠르게 사라진다고 설명했습니다.",True,,,,,False,False,0.9375,0.9375,0.46875,0.46875,True,True,3.301887399982661,3.382384500000626,,,,,tie,"여름 C반 2차 솜사탕에 대해 맛은 가볍게 달콤하다고, 특징은 입에 닿으면 빠르게 사라진다고, 그리고 색깔은 분홍색이라고 설명했습니다.","여름 C반 2차 솜사탕에 대해 맛은 가볍게 달콤하다고, 특징은 입에 닿으면 빠르게 사라진다고, 그리고 색깔은 분홍색이라고 설명했습니다."
dataset_ko_99_final,entity_simple_hard_test_os_concept_00175:final:0,entity_simple_hard_test_os_concept_00175,entity_simple_hard_test_os_concept_00175,True,same_source_sibling_facts,1,4,23,20,파일럿 4팀 2차 큐 설명 중 주의점과 비유에 해당하는 내용만 답해줘.,"파일럿 4팀 2차 큐에 대해 주의점은 대기 시간이 길어질 수 있다고, 그리고 비유는 번호표를 뽑고 기다리는 줄이라고 설명했습니다.",True,,,,,False,False,0.8717948717948718,0.7999999999999999,0.4358974358974359,0.39999999999999997,True,True,3.8378718000021763,3.9526002000202425,,,,,question+passage,"파일럿 4팀 2차 큐에 대해 비유는 번호표를 뽑고 기다리는 줄이라고, 장점은 처리 순서를 명확하게 만든다고, 그리고 주의점은 대기 시간이 길어질 수 있다고 설명했습니다.","파일럿 4팀 2차 큐에 대해 주의점은 대기 시간이 길어질 수 있다고, 비유는 번호표를 뽑고 기다리는 시간을 생각한다고, 그리고 역할은 작업을 순서대로 기다리게 한다고 설명했습니다."
dataset_ko_100_final,entity_simple_hard_test_statistics_00356:final:0,entity_simple_hard_test_statistics_00356,entity_simple_hard_test_statistics_00356,True,same_source_sibling_facts,1,4,23,20,정규 2팀 4차 표본분산 설명에서 주의점과 의미만 알려줘.,"정규 2팀 4차 표본분산에 대해 주의점은 순위 정렬과 다르다고, 그리고 의미는 흩어짐 측정이라고 설명했습니다.",True,,,,,False,False,0.8235294117647058,0.8750000000000001,0.4117647058823529,0.43750000000000006,True,True,3.6952658999944106,3.4097838000161573,,,,,passage-only,"정규 2팀 4차 표본분산에 대해 주의점은 순위 정렬과 다르다고, 의미는 흩어짐 측정이라고, 그리고 비유는 점들이 얼마나 퍼졌는지 보는 자라고 설명했습니다.","정규 2팀 4차 표본분산에 대해 주의점은 순위 정렬과 다르다고, 의미는 흩어짐 측정이라고, 그리고 활용은 데이터 변동성을 볼 때 쓴다고 설명했습니다."
dataset_ko_101_final,entity_simple_hard_test_statistics_00332:final:0,entity_simple_hard_test_statistics_00332,entity_simple_hard_test_statistics_00332,True,same_source_sibling_facts,1,4,23,20,가을 D반 4차 표본분산 설명에서 비유와 활용만 알려줘.,"가을 D반 4차 표본분산에 대해 비유는 점들이 얼마나 퍼졌는지 보는 자라고, 그리고 활용은 데이터 변동성을 볼 때 쓴다고 설명했습니다.",True,,,,,False,False,0.8947368421052632,0.8947368421052632,0.4473684210526316,0.4473684210526316,True,True,3.6582569999736734,3.7316130999824964,,,,,tie,"가을 D반 4차 표본분산에 대해 비유는 점들이 얼마나 퍼졌는지 보는 자라고, 활용은 데이터 변동성을 볼 때 쓴다고, 그리고 주의점은 순위 정렬과 다르다고 설명했습니다.","가을 D반 4차 표본분산 설명에 대해 비유는 점들이 얼마나 퍼졌는지 보는 자라고, 활용은 데이터 변동성을 볼 때 쓴다고, 그리고 주의점은 순위 정렬과 다르다고 설명했습니다."
dataset_ko_102_final,entity_simple_hard_test_marketing_00200:final:0,entity_simple_hard_test_marketing_00200,entity_simple_hard_test_marketing_00200,True,same_source_sibling_facts,1,4,23,20,봄 A반 3차 신입생 캠페인 설명에서 핵심 채널과 성과 지표만 알려줘.,"봄 A반 3차 신입생 캠페인에 대해 핵심 채널은 인스타그램이라고, 그리고 성과 지표는 전환율이라고 설명했습니다.",True,,,,,False,False,0.9600000000000001,0.888888888888889,0.48000000000000004,0.4444444444444445,True,True,2.6507719999644905,3.1712530000368133,,,,,question+passage,"봄 A반 3차 신입생 캠페인에 대해 핵심 채널은 인스타그램이라고, 성과 지표는 전환율이라고 설명했습니다.","봄 A반 3차 신입생 캠페인 설명에서 핵심 채널은 인스타그램이라고, 성과 지표는 전환율이라고, 그리고 대상은 신입생이라고 설명했습니다."
dataset_ko_103_final,entity_simple_hard_test_os_concept_00004:final:0,entity_simple_hard_test_os_concept_00004,entity_simple_hard_test_os_concept_00004,True,same_source_sibling_facts,1,4,23,20,캡스톤 A반 1차 프로세스 설명에서 역할과 장점만 알려줘.,"캡스톤 A반 1차 프로세스에 대해 역할은 독립된 실행 공간을 가진다고, 그리고 장점은 서로 영향을 줄이는 데 도움이 된다고 설명했습니다.",True,,,,,False,False,0.923076923076923,0.8372093023255813,0.4615384615384615,0.41860465116279066,True,True,3.7854029999580234,4.183725300012156,,,,,question+passage,"캡스톤 A반 1차 프로세스 설명에 대해 장점은 서로 영향을 줄이는 데 도움이 된다고, 역할은 독립된 실행 공간을 가진다고, 그리고 비유는 독립된 식당이라고 설명했습니다.","캡스톤 A반 1차 프로세스에 대해 역할은 독립된 실행 공간을 가진다고, 장점은 서로 영향을 줄이는 데 도움이 된다고, 그리고 예를 들� 때는 식당에만 독립된 실행 공간이 있다고 설명했습니다."
dataset_ko_104_final,entity_simple_hard_test_os_concept_00079:final:0,entity_simple_hard_test_os_concept_00079,entity_simple_hard_test_os_concept_00079,True,same_source_sibling_facts,1,4,23,20,세미나 4팀 1차 큐 설명 중 주의점과 비유에 해당하는 내용만 답해줘.,"세미나 4팀 1차 큐에 대해 주의점은 대기 시간이 길어질 수 있다고, 그리고 비유는 번호표를 뽑고 기다리는 줄이라고 설명했습니다.",True,,,,,False,False,0.8717948717948718,0.8717948717948718,0.4358974358974359,0.4358974358974359,True,True,3.8567051999852993,3.851301099988632,,,,,tie,"세미나 4팀 1차 큐에 대해 비유는 번호표를 뽑고 기다리는 줄이라고, 장점은 처리 순서를 명확하게 만든다고, 그리고 주의점은 대기 시간이 길어질 수 있다고 설명했습니다.","세미나 4팀 1차 큐에 대해 주의점은 대기 시간이 길어질 수 있다고, 비유는 번호표를 뽑고 기다리는 줄이라고, 그리고 역할은 작업을 순서대로 기다리게 한다고 설명했습니다."
dataset_ko_105_final,entity_simple_hard_test_os_concept_00292:final:0,entity_simple_hard_test_os_concept_00292,entity_simple_hard_test_os_concept_00292,True,same_source_sibling_facts,1,4,23,20,가을 오후반 3차 프로세스 설명에서 역할과 장점만 알려줘.,"가을 오후반 3차 프로세스에 대해 역할은 독립된 실행 공간을 가진다고, 그리고 장점은 서로 영향을 줄이는 데 도움이 된다고 설명했습니다.",True,,,,,False,False,0.923076923076923,0.923076923076923,0.4615384615384615,0.4615384615384615,True,True,3.787610700004734,3.738344600016717,,,,,tie,"가을 오후반 3차 프로세스 설명에 대해 장점은 서로 영향을 줄이는 데 도움이 된다고, 역할은 독립된 실행 공간을 가진다고, 그리고 비유는 독립된 식당이라고 설명했습니다.","가을 오후반 3차 프로세스에 대해 역할은 독립된 실행 공간을 가진다고, 비유는 독립된 식당이라고, 그리고 장점은 서로 영향을 줄이는 데 도움이 된다고 설명했습니다."
dataset_ko_106_final,entity_simple_hard_test_dessert_00002:final:0,entity_simple_hard_test_dessert_00002,entity_simple_hard_test_dessert_00002,True,same_source_sibling_facts,1,4,23,20,교수님이 가을 A반 1차 마카롱의 색깔과 비유를 어떻게 말했어?,"가을 A반 1차 마카롱에 대해 색깔은 알록달록하다고, 그리고 비유는 작은 보석 상자라고 설명했습니다.",True,,,,,False,False,0.3703703703703704,0.2857142857142857,0.1851851851851852,0.14285714285714285,True,False,3.2472600999753922,1.626849799999036,,,,,question+passage,"교수님의 마카롱의 색깔은 겉은 바삭하고 속은 촉촉하다고, 색깔은 알록달록하다고, 그리고 맛은 부드럽고 진하다고 설명했습니다.",교수님이 마카롱을 설명하며 빨간 줄과 구의 색깔을 설명했습니다.
dataset_ko_107_final,entity_simple_hard_test_dessert_00217:final:0,entity_simple_hard_test_dessert_00217,entity_simple_hard_test_dessert_00217,True,same_source_sibling_facts,1,4,23,20,심화 B반 3차 솜사탕에서 맛과 특징을 함께 정리해줘.,"심화 B반 3차 솜사탕에 대해 맛은 가볍게 달콤하다고, 그리고 특징은 입에 닿으면 빠르게 사라진다고 설명했습니다.",True,,,,,False,False,0.9375,0.9375,0.46875,0.46875,True,True,3.3661034999531694,3.3779339999891818,,,,,tie,"심화 B반 3차 솜사탕에 대해 맛은 가볍게 달콤하다고, 특징은 입에 닿으면 빠르게 사라진다고, 그리고 색깔은 분홍색이라고 설명했습니다.","심화 B반 3차 솜사탕에 대해 맛은 가볍게 달콤하다고, 특징은 입에 닿으면 빠르게 사라진다고, 그리고 색깔은 분홍색이라고 설명했습니다."
dataset_ko_108_final,entity_simple_hard_test_marketing_00227:final:0,entity_simple_hard_test_marketing_00227,entity_simple_hard_test_marketing_00227,True,same_source_sibling_facts,1,4,23,20,심화 C반 3차 멘토링 이벤트 설명 중 대상과 보상에 해당하는 내용만 답해줘.,"심화 C반 3차 멘토링 이벤트에 대해 대상은 멘토링 참여 학생이라고, 그리고 보상은 포인트 500점이라고 설명했습니다.",True,,,,,False,False,0.8823529411764706,0.9090909090909091,0.4411764705882353,0.45454545454545453,True,True,3.8893532999791205,3.444942199974321,,,,,tie,"심화 C반 3차 멘토링 이벤트에 대해 대상은 멘토링 참여 학생이라고, 보상은 포인트 500점이라고, 그리고 핵심 채널은 이메일 뉴스레터라고 설명했습니다.","심화 C반 3차 멘토링 이벤트에 대해 대상은 멘토링 참여 학생이라고, 보상은 포인트 500점이라고, 그리고 성과 지표는 재방문율이라고 설명했습니다."
dataset_ko_109_final,entity_simple_hard_test_os_concept_00342:final:0,entity_simple_hard_test_os_concept_00342,entity_simple_hard_test_os_concept_00342,True,same_source_sibling_facts,1,4,23,20,교수님이 가을 1팀 4차 캐시의 장점과 역할을 어떻게 말했어?,"가을 1팀 4차 캐시에 대해 장점은 반복 접근을 빠르게 만든다고, 그리고 역할은 자주 쓰는 정보를 가까이 둔다고 설명했습니다.",True,,,,,False,False,0.8571428571428571,0.7777777777777778,0.42857142857142855,0.3888888888888889,True,True,4.184663100051694,3.57639239996206,,,,,question+passage,"교수님이 가을 1팀 4차 캐시에 대해 장점은 반복 접근을 빠르게 만든다고, 역할은 자주 쓰는 정보를 가까이 둔다고, 그리고 비유는 책상 위에 올려둔 책이라고 설명했습니다.","교수님의 캐시는 성능을 빠르게 만든다고, 장점은 반복 접근을 빠르게 만든다고, 그리고 역할은 자주 쓰는 정보를 가까이 둔다고 설명했습니다."
dataset_ko_110_final,entity_simple_hard_test_dessert_00385:final:0,entity_simple_hard_test_dessert_00385,entity_simple_hard_test_dessert_00385,True,same_source_sibling_facts,1,4,23,20,파일럿 오전반 4차 솜사탕에서 색깔과 비유를 함께 정리해줘.,"파일럿 오전반 4차 솜사탕에 대해 색깔은 분홍색이라고, 그리고 비유는 구름 같은 간식이라고 설명했습니다.",True,,,,,False,False,0.896551724137931,0.4666666666666667,0.4482758620689655,0.23333333333333334,True,False,3.096114900021348,3.3558278999989852,,,,,question+passage,"파일럿 오전반 4차 솜사탕에 대해 색깔은 분홍색이라고, 비유는 구름 같은 간식이라고, 그리고 맛은 가볍게 달콤하다고 설명했습니다.","파일럿 오전반 4차 솜사탕에 대해 색깔로 분류하면 분명한 색깔로 나타난다., 비유로는 부분적인 즐거운 변화이다.에 대해 확실하다고 설명했습니다."
dataset_ko_111_final,entity_simple_hard_test_dessert_00289:final:0,entity_simple_hard_test_dessert_00289,entity_simple_hard_test_dessert_00289,True,same_source_sibling_facts,1,4,23,20,세미나 오전반 3차 솜사탕에서 색깔과 비유를 함께 정리해줘.,"세미나 오전반 3차 솜사탕에 대해 색깔은 분홍색이라고, 그리고 비유는 구름 같은 간식이라고 설명했습니다.",True,,,,,False,False,0.9600000000000001,0.6666666666666667,0.48000000000000004,0.33333333333333337,True,True,2.295878199976869,3.3832868000026792,,,,,question+passage,"세미나 오전반 3차 솜사탕에 대해 색깔은 분홍색이라고, 비유는 구름 같은 간식이라고 설명했습니다.","세미나 오전반 3차 솜사탕에 대해 색깔로 분류하면 분홍색이라고, 비유로 비슷한 음식이라고, 그리고 특징으로 솜사탕처럼 속이有 있다고 설명했습니다."
dataset_ko_112_final,entity_simple_hard_test_statistics_00142:final:0,entity_simple_hard_test_statistics_00142,entity_simple_hard_test_statistics_00142,True,same_source_sibling_facts,1,4,23,20,교수님이 가을 1팀 2차 상관계수의 비유와 활용을 어떻게 말했어?,"가을 1팀 2차 상관계수에 대해 비유는 두 변수의 움직임을 비교하는 나침반이라고, 그리고 활용은 관계 강도를 빠르게 살필 때 쓴다고 설명했습니다.",True,,,,,False,False,0.8292682926829269,0.13333333333333333,0.41463414634146345,0.06666666666666667,True,False,4.54311059997417,2.0990878000156954,,,,,question+passage,"교수님이 가을 1팀 2차 상관계수의 비유는 두 변수의 움직임을 비교하는 나침반이라고, 주의점은 원인 증명을 뜻하지 않는다고, 그리고 활용은 관계 강도를 빠르게 살필 때 쓴다고 설명했습니다.",professor kim의 1차 수업作风과 다르다는 비유와 유형을 분류하는 기준과 차별점 설명에 활용한다고 설명했습니다.
dataset_ko_113_final,entity_simple_hard_test_dessert_00096:final:0,entity_simple_hard_test_dessert_00096,entity_simple_hard_test_dessert_00096,True,same_source_sibling_facts,1,4,23,20,정규 오후반 1차 초콜렛 설명에서 색깔과 비유만 알려줘.,"정규 오후반 1차 초콜렛에 대해 색깔은 검정색이라고, 그리고 비유는 작은 선물 상자라고 설명했습니다.",True,,,,,False,False,0.8666666666666666,0.9285714285714286,0.4333333333333333,0.4642857142857143,True,True,3.1296593000297435,2.668611300003249,,,,,passage-only,"정규 오후반 1차 초콜렛 설명에 대해 색깔은 검정색이라고, 비유는 작은 선물 상자라고, 그리고 특징은 입안에서 천천히 녹는다고 설명했습니다.","정규 오후반 1차 초콜렛에 대해 색깔은 검정색이라고, 비유는 작은 선물 상자라고, 그리고 맛은 달콤하다고 설명했습니다."
dataset_ko_114_final,entity_simple_hard_test_art_history_00305:final:0,entity_simple_hard_test_art_history_00305,entity_simple_hard_test_art_history_00305,True,same_source_sibling_facts,1,4,23,20,파일럿 A반 4차 입체주의에서 핵심 특징과 목적을 함께 정리해줘.,"파일럿 A반 4차 입체주의에 대해 핵심 특징은 여러 시점이라고, 그리고 목적은 대상을 새롭게 해석하는 것이라고 설명했습니다.",True,,,,,False,False,0.8205128205128205,0.742857142857143,0.41025641025641024,0.3714285714285715,True,True,3.832535099994857,3.0669142000260763,,,,,question+passage,"파일럿 A반 4차 입체주의에 대해 핵심 특징은 여러 시점이라고, 비유는 여러 방향에서 본 사물을 한 화면에 놓는 방식이라고, 그리고 목적은 대상을 새롭게 해석하는 것이라고 설명했습니다.","파일럿 A반 4차 입체주의에 대해 핵심 특징은 여러 시점이라고, 목적은 이해를 도와드리는 것이라고, 그리고 비유는 여러 면에서 본 방식이라고 설명했습니다."
dataset_ko_115_final,entity_simple_hard_test_os_concept_00197:final:0,entity_simple_hard_test_os_concept_00197,entity_simple_hard_test_os_concept_00197,True,same_source_sibling_facts,1,4,23,20,심화 오후반 2차 스레드에서 역할과 장점을 함께 정리해줘.,"심화 오후반 2차 스레드에 대해 역할은 프로세스 안에서 작업을 나누어 실행한다고, 그리고 장점은 작업을 가볍게 나눌 수 있다고 설명했습니다.",True,,,,,False,False,0.878048780487805,0.8571428571428571,0.4390243902439025,0.42857142857142855,True,True,3.7451316000078805,3.7162621000315994,,,,,tie,"심화 오후반 2차 스레드에 대해 장점은 작업을 가볍게 나눌 수 있다고, 주의점은 공유 자원 관리가 필요하다고, 그리고 역할은 프로세스 안에서 작업을 나누어 실행한다고 설명했습니다.","심화 오후반 2차 스레드에 대해 역할은 프로세스 안에서 작업을 나누어 실행한다고, 비유는 같은 식당 안에서 일하는 직원이라고, 그리고 장점은 작업을 가볍게 나눌 수 있다고 설명했습니다."
dataset_ko_116_final,entity_simple_hard_test_marketing_00392:final:0,entity_simple_hard_test_marketing_00392,entity_simple_hard_test_marketing_00392,True,same_source_sibling_facts,1,4,23,20,가을 오후반 4차 신입생 캠페인 설명에서 핵심 채널과 성과 지표만 알려줘.,"가을 오후반 4차 신입생 캠페인에 대해 핵심 채널은 인스타그램이라고, 그리고 성과 지표는 전환율이라고 설명했습니다.",True,,,,,False,False,0.8148148148148148,0.896551724137931,0.4074074074074074,0.4482758620689655,True,True,2.8258148999884725,3.269542099966202,,,,,passage-only,"가을 오후반 4차 신입생 캠페인의 핵심 채널은 인스타그램에 있다고, 성과 지표는 전환율이라고 설명했습니다.","가을 오후반 4차 신입생 캠페인 설명에서 핵심 채널은 인스타그램이라고, 성과 지표는 전환율이라고, 그리고 대상은 신입생이라고 설명했습니다."
dataset_ko_117_final,entity_simple_hard_test_statistics_00263:final:0,entity_simple_hard_test_statistics_00263,entity_simple_hard_test_statistics_00263,True,same_source_sibling_facts,1,4,23,20,겨울 3팀 3차 회귀분석 설명 중 주의점과 의미에 해당하는 내용만 답해줘.,"겨울 3팀 3차 회귀분석에 대해 주의점은 모든 원인을 증명하지는 않는다고, 그리고 의미는 관계의 경향 설명이라고 설명했습니다.",True,,,,,False,False,0.7272727272727273,0.5853658536585366,0.36363636363636365,0.2926829268292683,True,True,4.754681100021116,4.333503799978644,,,,,question+passage,"겨울 3팀 3차 회귀분석에 대해 주의점은 다음과 같이 설명합니다: 회귀분석의 의미는 관계의 경향 설명이라고, 비유는 흩어진 점 사이에 길을 그어 보는 일이라고, 그리고 주의점은 모든 원인을 증명하지는 않는다고 설명했습니다.","겨울 3팀 3차 회귀분석 설명 중 주의점과 의미에 대해 summarizes 구현은 원인추정에 거는 믿음이라고, 비유는 흩어진 점 사이에 길을 그어 보는 것이라고, 그리고 의미는 관계의 경향 설명이라고 설명했습니다."
dataset_ko_118_final,entity_simple_hard_test_dessert_00073:final:0,entity_simple_hard_test_dessert_00073,entity_simple_hard_test_dessert_00073,True,same_source_sibling_facts,1,4,23,20,겨울 4팀 1차 솜사탕에서 특징과 맛을 함께 정리해줘.,"겨울 4팀 1차 솜사탕에 대해 특징은 입에 닿으면 빠르게 사라진다고, 그리고 맛은 가볍게 달콤하다고 설명했습니다.",True,,,,,False,False,0.8823529411764706,0.9375,0.4411764705882353,0.46875,True,True,3.5194735000259243,3.404417400015518,,,,,passage-only,"겨울 4팀 1차 솜사탕에 대해 특징은 입에 닿으면 빠르게 사라진다고, 맛은 가볍게 달콤하다고, 그리고 비유는 구름 같은 간식이라고 설명했습니다.","겨울 4팀 1차 솜사탕에 대해 특징은 입에 닿으면 빠르게 사라진다고, 맛은 가볍게 달콤하다고, 그리고 색깔은 분홍색이라고 설명했습니다."
dataset_ko_119_final,entity_simple_hard_test_os_concept_00005:final:0,entity_simple_hard_test_os_concept_00005,entity_simple_hard_test_os_concept_00005,True,same_source_sibling_facts,1,4,23,20,파일럿 A반 1차 스레드에서 역할과 장점을 함께 정리해줘.,"파일럿 A반 1차 스레드에 대해 역할은 프로세스 안에서 작업을 나누어 실행한다고, 그리고 장점은 작업을 가볍게 나눌 수 있다고 설명했습니다.",True,,,,,False,False,0.878048780487805,0.8571428571428571,0.4390243902439025,0.42857142857142855,True,True,3.707930100033991,3.701556399988476,,,,,tie,"파일럿 A반 1차 스레드에 대해 장점은 작업을 가볍게 나눌 수 있다고, 주의점은 공유 자원 관리가 필요하다고, 그리고 역할은 프로세스 안에서 작업을 나누어 실행한다고 설명했습니다.","파일럿 A반 1차 스레드에 대해 역할은 프로세스 안에서 작업을 나누어 실행한다고, 비유는 같은 식당 안에서 일하는 직원이라고, 그리고 장점은 작업을 가볍게 나눌 수 있다고 설명했습니다."
dataset_ko_120_final,entity_simple_hard_test_dessert_00361:final:0,entity_simple_hard_test_dessert_00361,entity_simple_hard_test_dessert_00361,True,same_source_sibling_facts,1,4,23,20,여름 3팀 4차 솜사탕에서 특징과 맛을 함께 정리해줘.,"여름 3팀 4차 솜사탕에 대해 특징은 입에 닿으면 빠르게 사라진다고, 그리고 맛은 가볍게 달콤하다고 설명했습니다.",True,,,,,False,False,0.8823529411764706,0.9375,0.4411764705882353,0.46875,True,True,3.512721899955068,3.331103799981065,,,,,passage-only,"여름 3팀 4차 솜사탕에 대해 특징은 입에 닿으면 빠르게 사라진다고, 맛은 가볍게 달콤하다고, 그리고 비유는 구름 같은 간식이라고 설명했습니다.","여름 3팀 4차 솜사탕에 대해 특징은 입에 닿으면 빠르게 사라진다고, 맛은 가볍게 달콤하다고, 그리고 색깔은 분홍색이라고 설명했습니다."
dataset_ko_121_final,entity_simple_hard_test_os_concept_00029:final:0,entity_simple_hard_test_os_concept_00029,entity_simple_hard_test_os_concept_00029,True,same_source_sibling_facts,1,4,23,20,세미나 C반 1차 스레드에서 비유와 주의점을 함께 정리해줘.,"세미나 C반 1차 스레드에 대해 비유는 같은 식당 안에서 일하는 직원이라고, 그리고 주의점은 공유 자원 관리가 필요하다고 설명했습니다.",True,,,,,False,False,0.8571428571428571,0.4864864864864865,0.42857142857142855,0.24324324324324326,True,False,3.7013646000414155,3.309881899971515,,,,,question+passage,"세미나 C반 1차 스레드에 대해 비유는 같은 식당 안에서 일하는 직원이라고, 주의점은 공유 자원 관리가 필요하다고, 그리고 비유는 같은 식당 안에서 일하는 직원이라고 설명했습니다.","세미나 C반 1차 스레드에 대해 비유는 동영상을 나누어 실행하는 관점이라고, 주의점은 중지에 상당한다고, 그리고 역할은 프로세스에 대 equivalent이 있다고 설명했습니다."
dataset_ko_122_final,entity_simple_hard_test_art_history_00042:final:0,entity_simple_hard_test_art_history_00042,entity_simple_hard_test_art_history_00042,True,same_source_sibling_facts,1,4,23,20,교수님이 가을 1팀 1차 인상주의의 비유와 비교 포인트를 어떻게 말했어?,"가을 1팀 1차 인상주의에 대해 비유는 햇빛이 흔들리는 수면에 비친 모습이라고, 그리고 비교 포인트는 정확한 윤곽보다 색감이 중요하다고 설명했습니다.",True,,,,,False,False,0.8636363636363636,0.5454545454545454,0.4318181818181818,0.2727272727272727,True,False,4.36275420000311,4.785367399977986,,,,,question+passage,"교수님이 가을 1팀 1차 인상주의에 대해 비유는 햇빛이 흔들리는 수면에 비친 모습이라고, 목적은 관찰 순간을 살리는 것이라고, 그리고 비교 포인트는 정확한 윤곽보다 색감이 중요하다고 설명했습니다.","가을 1팀 1차 인상주의에 대해 비유는 눈이 빛을 띄는 부분을 상징한다고, 비유의 포인트는 사용하는 키워드가 '인상주의'라고, 그리고 비교 포인트는 주의할 부분이 정확한 윤곽보다 색감이라고 설명했습니다."
dataset_ko_123_final,entity_simple_hard_test_statistics_00262:final:0,entity_simple_hard_test_statistics_00262,entity_simple_hard_test_statistics_00262,True,same_source_sibling_facts,1,4,23,20,교수님이 가을 3팀 3차 상관계수의 주의점과 의미를 어떻게 말했어?,"가을 3팀 3차 상관계수에 대해 주의점은 원인 증명을 뜻하지 않는다고, 그리고 의미는 선형 관계 강도라고 설명했습니다.",True,,,,,False,False,0.8108108108108109,0.4324324324324324,0.40540540540540543,0.2162162162162162,True,True,3.932144199963659,3.291683199990075,,,,,question+passage,"교수님이 가을 3팀 3차 상관계수의 주의점은 원인 증명을 뜻하지 않는다고, 의미는 선형 관계 강도라고, 그리고 비유는 두 변수의 움직임을 비교하는 나침반이라고 설명했습니다.","교수님이 가을 3팀 3차 상관계수의 주의점과 의미를 설명하시면 다음과 같습니다. 주의점은 통계치라는 의미를 가지고, 의미는 선형 관계 강도라는 의미를 가지고 합니다."
dataset_ko_124_final,entity_simple_hard_test_statistics_00116:final:0,entity_simple_hard_test_statistics_00116,entity_simple_hard_test_statistics_00116,True,same_source_sibling_facts,1,4,23,20,정규 B반 2차 표본분산 설명에서 의미와 주의점만 알려줘.,"정규 B반 2차 표본분산에 대해 의미는 흩어짐 측정이라고, 그리고 주의점은 순위 정렬과 다르다고 설명했습니다.",True,,,,,False,False,0.8750000000000001,0.8750000000000001,0.43750000000000006,0.43750000000000006,True,True,3.3685330000007525,3.4532083999947645,,,,,tie,"정규 B반 2차 표본분산에 대해 주의점은 순위 정렬과 다르다고, 활용은 데이터 변동성을 볼 때 쓴다고, 그리고 의미는 흩어짐 측정이라고 설명했습니다.","정규 B반 2차 표본분산 설명에 대해 의미는 흩어짐 측정이라고, 주의점은 순위 정렬과 다르다고, 그리고 활용은 데이터의 흩어짐 측정이라고 설명했습니다."
dataset_ko_125_final,entity_simple_hard_test_marketing_00323:final:0,entity_simple_hard_test_marketing_00323,entity_simple_hard_test_marketing_00323,True,same_source_sibling_facts,1,4,23,20,겨울 C반 4차 멘토링 이벤트 설명 중 대상과 보상에 해당하는 내용만 답해줘.,"겨울 C반 4차 멘토링 이벤트에 대해 대상은 멘토링 참여 학생이라고, 그리고 보상은 포인트 500점이라고 설명했습니다.",True,,,,,False,False,0.8823529411764706,0.9090909090909091,0.4411764705882353,0.45454545454545453,True,True,3.8603581999777816,3.4143842000048608,,,,,tie,"겨울 C반 4차 멘토링 이벤트에 대해 대상은 멘토링 참여 학생이라고, 보상은 포인트 500점이라고, 그리고 핵심 채널은 이메일 뉴스레터라고 설명했습니다.","겨울 C반 4차 멘토링 이벤트에 대해 대상은 멘토링 참여 학생이라고, 보상은 포인트 500점이라고, 그리고 성과 지표는 재방문율이라고 설명했습니다."
dataset_ko_126_final,entity_simple_hard_test_art_history_00258:final:0,entity_simple_hard_test_art_history_00258,entity_simple_hard_test_art_history_00258,True,same_source_sibling_facts,1,4,23,20,교수님이 실습 2팀 3차 인상주의의 목적과 핵심 특징을 어떻게 말했어?,"실습 2팀 3차 인상주의에 대해 목적은 관찰 순간을 살리는 것이라고, 그리고 핵심 특징은 빛의 순간적인 인상이라고 설명했습니다.",True,,,,,False,False,0.6363636363636364,0.5185185185185185,0.3181818181818182,0.25925925925925924,True,False,4.987779699964449,1.8141995000187308,,,,,question+passage,"교수님이 실습 2팀 3차 인상주의에 대해 핵심 특징은 rápido 맨顿에 대입하면 햇빛이 흔들리는 수면에 비유된다고, 목적은 관찰 순간을 살리는 것이라고, 그리고 비교 포인트는 정확한 윤곽보다 색감이 중요하다고 설명했습니다.",교수님이 실습 2팀 3차 인상주의의 목적과 핵심 특징을 어떻게 말했어?
dataset_ko_127_final,entity_simple_hard_test_os_concept_00031:final:0,entity_simple_hard_test_os_concept_00031,entity_simple_hard_test_os_concept_00031,True,same_source_sibling_facts,1,4,23,20,여름 D반 1차 큐 설명 중 비유와 주의점에 해당하는 내용만 답해줘.,"여름 D반 1차 큐에 대해 비유는 번호표를 뽑고 기다리는 줄이라고, 그리고 주의점은 대기 시간이 길어질 수 있다고 설명했습니다.",True,,,,,False,False,0.9696969696969697,0.7222222222222222,0.48484848484848486,0.3611111111111111,True,True,2.7377402000129223,3.1628960999660194,,,,,question+passage,"여름 D반 1차 큐에 대해 비유는 번호표를 뽑고 기다리는 줄이라고, 주의점은 대기 시간이 길어질 수 있다고 설명했습니다.","여름 D반 1차 큐에 대해 비유는 대기열이라고, 주의점은 대기 시간이 길어질 수 있다고, 그리고 역할은 작업을 순서대로 기다리게 한다고 설명했습니다."
dataset_ko_128_final,entity_simple_hard_test_project_00015:final:0,entity_simple_hard_test_project_00015,entity_simple_hard_test_project_00015,True,same_source_sibling_facts,1,4,23,20,파일럿 B반 1차 프론트엔드 점검 설명 중 담당과 확인 기준에 해당하는 내용만 답해줘.,"파일럿 B반 1차 프론트엔드 점검에 대해 담당은 프론트엔드 파트라고, 그리고 확인 기준은 사용자 차단 여부라고 설명했습니다.",True,,,,,False,False,0.8648648648648648,0.888888888888889,0.4324324324324324,0.4444444444444445,True,True,3.8813760000048205,3.787627700017765,,,,,tie,"파일럿 B반 1차 프론트엔드 점검 설명에 대해 확인 기준은 사용자 차단 여부라고, 공유 위치는 프로젝트 슬랙 채널이라고, 그리고 담당은 프론트엔드 파트라고 설명했습니다.","파일럿 B반 1차 프론트엔드 점검에 대해 담당은 프론트엔드 파트라고, 마감은 다음 달 첫째 주 화요일이라고, 그리고 확인 기준은 사용자 차단 여부라고 설명했습니다."
dataset_ko_129_final,entity_simple_hard_test_dessert_00147:final:0,entity_simple_hard_test_dessert_00147,entity_simple_hard_test_dessert_00147,True,same_source_sibling_facts,1,4,23,20,심화 1팀 2차 브라우니 설명 중 비유와 색깔에 해당하는 내용만 답해줘.,"심화 1팀 2차 브라우니에 대해 비유는 초콜렛을 압축한 케이크라고, 그리고 색깔은 진한 갈색이라고 설명했습니다.",True,,,,,False,False,0.8750000000000001,0.9032258064516129,0.43750000000000006,0.45161290322580644,True,True,3.7836190000525676,3.675638600019738,,,,,tie,"심화 1팀 2차 브라우니에 대해 비유는 초콜렛을 압축한 케이크라고, 색깔은 진한 갈색이라고, 그리고 특징은 속이 촉촉하게 남는다고 설명했습니다.","심화 1팀 2차 브라우니에 대해 비유는 초콜렛을 압축한 케이크라고, 색깔은 진한 갈색이라고, 그리고 맛은 묵직하게 달콤하다고 설명했습니다."
dataset_ko_130_final,entity_simple_hard_test_os_concept_00367:final:0,entity_simple_hard_test_os_concept_00367,entity_simple_hard_test_os_concept_00367,True,same_source_sibling_facts,1,4,23,20,심화 3팀 4차 큐 설명 중 주의점과 비유에 해당하는 내용만 답해줘.,"심화 3팀 4차 큐에 대해 주의점은 대기 시간이 길어질 수 있다고, 그리고 비유는 번호표를 뽑고 기다리는 줄이라고 설명했습니다.",True,,,,,False,False,0.8717948717948718,0.8717948717948718,0.4358974358974359,0.4358974358974359,True,True,3.7268868000246584,3.812256500008516,,,,,tie,"심화 3팀 4차 큐에 대해 비유는 번호표를 뽑고 기다리는 줄이라고, 장점은 처리 순서를 명확하게 만든다고, 그리고 주의점은 대기 시간이 길어질 수 있다고 설명했습니다.","심화 3팀 4차 큐에 대해 주의점은 대기 시간이 길어질 수 있다고, 비유는 번호표를 뽑고 기다리는 줄이라고, 그리고 역할은 작업을 순서대로 기다리게 한다고 설명했습니다."
dataset_ko_131_final,entity_simple_hard_test_dessert_00003:final:0,entity_simple_hard_test_dessert_00003,entity_simple_hard_test_dessert_00003,True,same_source_sibling_facts,1,4,23,20,겨울 A반 1차 브라우니 설명 중 색깔과 비유에 해당하는 내용만 답해줘.,"겨울 A반 1차 브라우니에 대해 색깔은 진한 갈색이라고, 그리고 비유는 초콜렛을 압축한 케이크라고 설명했습니다.",True,,,,,False,False,0.8750000000000001,0.9032258064516129,0.43750000000000006,0.45161290322580644,True,True,3.7534993999870494,3.669149900029879,,,,,tie,"겨울 A반 1차 브라우니에 대해 색깔은 진한 갈색이라고, 비유는 초콜렛을 압축한 케이크라고, 그리고 특징은 속이 촉촉하게 남는다고 설명했습니다.","겨울 A반 1차 브라우니에 대해 색깔은 진한 갈색이라고, 비유는 초콜렛을 압축한 케이크라고, 그리고 맛은 묵직하게 달콤하다고 설명했습니다."
dataset_ko_132_final,entity_simple_hard_test_os_concept_00102:final:0,entity_simple_hard_test_os_concept_00102,entity_simple_hard_test_os_concept_00102,True,same_source_sibling_facts,1,4,23,20,교수님이 가을 A반 2차 캐시의 역할과 장점을 어떻게 말했어?,"가을 A반 2차 캐시에 대해 역할은 자주 쓰는 정보를 가까이 둔다고, 그리고 장점은 반복 접근을 빠르게 만든다고 설명했습니다.",True,,,,,False,False,0.761904761904762,0.8571428571428571,0.380952380952381,0.42857142857142855,True,True,4.236745800008066,4.23017009999603,,,,,passage-only,"교수님이 가을 A반 2차 캐시에 대해 주의점은 중복 접근을 빠르게 만든다고, 역할은 자주 쓰는 정보를 가까이 둔다고, 그리고 비유는 책상 위에 올려둔 책이라고 설명했습니다.","교수님이 가을 A반 2차 캐시에 대해 역할은 자주 쓰는 정보를 가까이 둔다고, 장점은 반복 접근을 빠르게 만든다고, 그리고 비유는 책상 위에 올려둔 책이라고 설명했습니다."
dataset_ko_133_final,entity_simple_hard_test_project_00349:final:0,entity_simple_hard_test_project_00349,entity_simple_hard_test_project_00349,True,same_source_sibling_facts,1,4,23,20,세미나 1팀 4차 백엔드 배포에서 확인 기준과 담당을 함께 정리해줘.,"세미나 1팀 4차 백엔드 배포에 대해 확인 기준은 오류 발생률이라고, 그리고 담당은 백엔드 팀이라고 설명했습니다.",True,,,,,False,False,0.9655172413793104,0.611111111111111,0.4827586206896552,0.3055555555555555,True,True,2.525248799996916,3.223433900042437,,,,,question+passage,"세미나 1팀 4차 백엔드 배포에 대해 확인 기준은 오류 발생률이라고, 담당은 백엔드 팀이라고 설명했습니다.","세미나 1팀 4차 백엔드 배포에 대해 확인 기준은 오류 발생률을 함께 보고 받는다고, 담당은 GitHub issue board에 문제를 보고하는 구간이라고 설명했습니다."
dataset_ko_134_final,entity_simple_hard_test_dessert_00384:final:0,entity_simple_hard_test_dessert_00384,entity_simple_hard_test_dessert_00384,True,same_source_sibling_facts,1,4,23,20,캡스톤 오전반 4차 초콜렛 설명에서 색깔과 비유만 알려줘.,"캡스톤 오전반 4차 초콜렛에 대해 색깔은 검정색이라고, 그리고 비유는 작은 선물 상자라고 설명했습니다.",True,,,,,False,False,0.8666666666666666,0.8666666666666666,0.4333333333333333,0.4333333333333333,True,True,3.1444028000114486,3.1037589999614283,,,,,tie,"캡스톤 오전반 4차 초콜렛에 대해 색깔은 검정색이라고, 비유는 작은 선물 상자라고, 그리고 특징은 입안에서 천천히 녹는다고 설명했습니다.","캡스톤 오전반 4차 초콜렛에 대해 색깔은 검정색이라고, 비유는 작은 선물 상자라고, 그리고 특징은 입안에서 천천히 녹는다고 설명했습니다."
dataset_ko_135_final,entity_simple_hard_test_project_00062:final:0,entity_simple_hard_test_project_00062,entity_simple_hard_test_project_00062,True,same_source_sibling_facts,1,4,23,20,교수님이 가을 3팀 1차 AI 모델 평가의 확인 기준과 담당을 어떻게 말했어?,"가을 3팀 1차 AI 모델 평가에 대해 확인 기준은 정답률이라고, 그리고 담당은 AI 파트라고 설명했습니다.",True,,,,,False,False,0.8484848484848485,0.6153846153846154,0.42424242424242425,0.3076923076923077,True,True,2.930867200018838,3.8292694999836385,,,,,question+passage,"가을 3팀 1차 AI 모델 평가의 확인 기준은 정답률이라고, 담당은 AI 파트라고, 그리고 마감은 금요일 자정 전이라고 설명했습니다.","가을 3팀 1차 AI 모델 평가의 확인 기준은 재고 위치를 확인하는 기준과 담당은 개발 그룹이라고, 확인 기준은 정답률이라고, 그리고 담당은 영역 구분 폴더라고 설명했습니다."
dataset_ko_136_final,entity_simple_hard_test_project_00254:final:0,entity_simple_hard_test_project_00254,entity_simple_hard_test_project_00254,True,same_source_sibling_facts,1,4,23,20,교수님이 캡스톤 2팀 3차 AI 모델 평가의 확인 기준과 담당을 어떻게 말했어?,"캡스톤 2팀 3차 AI 모델 평가에 대해 확인 기준은 정답률이라고, 그리고 담당은 AI 파트라고 설명했습니다.",True,,,,,False,False,0.8484848484848485,0.606060606060606,0.42424242424242425,0.303030303030303,True,False,3.1169296000152826,3.1937335999682546,,,,,question+passage,"교수님과 캡스톤 2팀 3차 AI 모델 평가의 관련性은 AI 파트라고, 담당은 AI 파트라고, 그리고 확인 기준은 정답률이라고 설명했습니다.",캡스톤 2팀 3차 AI 모델 평가 확인 기준은 반론이 큰 만점입니다. 담당은 학년과 분반을 번换한 확인 리스트 번호 범위를 설명했습니다.
dataset_ko_137_final,entity_simple_hard_test_os_concept_00149:final:0,entity_simple_hard_test_os_concept_00149,entity_simple_hard_test_os_concept_00149,True,same_source_sibling_facts,1,4,23,20,세미나 1팀 2차 스레드에서 장점과 역할을 함께 정리해줘.,"세미나 1팀 2차 스레드에 대해 장점은 작업을 가볍게 나눌 수 있다고, 그리고 역할은 프로세스 안에서 작업을 나누어 실행한다고 설명했습니다.",True,,,,,False,False,0.7777777777777778,0.5,0.3888888888888889,0.25,True,False,3.0960498999920674,3.201844799972605,,,,,question+passage,"세미나 1팀 2차 스레드에 대해 장점은 작업을 가볍게 나눌 수 있다고, 역할은 프로세스 중에 사용하다고, 그리고 보안이 필요하다고 설명했습니다.",세미나 1팀 2차 스레드에 대해 장점으로说是增进理解被强调，并且可以分为“整体”和“部分”两类被讨论，以及“经验”被当作是与外国交流时需要考虑的因素被提及。
dataset_ko_138_final,entity_simple_hard_test_art_history_00329:final:0,entity_simple_hard_test_art_history_00329,entity_simple_hard_test_art_history_00329,True,same_source_sibling_facts,1,4,23,20,세미나 C반 4차 입체주의에서 비유와 비교 포인트를 함께 정리해줘.,"세미나 C반 4차 입체주의에 대해 비유는 여러 방향에서 본 사물을 한 화면에 놓는 방식이라고, 그리고 비교 포인트는 단일 원근과 다르다고 설명했습니다.",True,,,,,False,False,0.8837209302325582,0.7142857142857143,0.4418604651162791,0.35714285714285715,True,True,3.9585321999620646,4.022372100036591,,,,,question+passage,"세미나 C반 4차 입체주의에 대해 비유는 여러 방향에서 본 사물을 한 화면에 놓는 방식이라고, 목적은 대상을 새롭게 해석하는 것이라고, 그리고 비교 포인트는 단일 원근과 다르다고 설명했습니다.","세미나 C반 4차 입체주의에 대해 비유는 여러 방향에서 본 사물을 한 화면에 놓는 방식이라고, 포인트는 생각을 easily回返可以라고, 그리고 비유는 다른 방향에서 본 사물의 그림이라고 설명했습니다."
dataset_ko_139_final,entity_simple_hard_test_art_history_00354:final:0,entity_simple_hard_test_art_history_00354,entity_simple_hard_test_art_history_00354,True,same_source_sibling_facts,1,4,23,20,교수님이 캡스톤 2팀 4차 인상주의의 목적과 핵심 특징을 어떻게 말했어?,"캡스톤 2팀 4차 인상주의에 대해 목적은 관찰 순간을 살리는 것이라고, 그리고 핵심 특징은 빛의 순간적인 인상이라고 설명했습니다.",True,,,,,False,False,0.7428571428571428,0.34146341463414637,0.3714285714285714,0.17073170731707318,True,False,3.3708217999665067,4.61751120002009,,,,,question+passage,"교수님이 캡스톤 2팀 4차 인상주의에 대해 핵심 특징은 빛이 흔들리는 수면에 비유하고, 목적은 관찰 순간을 살리는 것이라고 설명했습니다.","교수님의 캡스톤 2팀 4차 인상주의의 목적과 핵심 특징을 설명할 때는 비교 포인트로는 정확한 윤곽보다 색감이 중요하다고, 핵심 특징은 사용자의 인상주의적인 상상력을 생각보다 어려워 보인다."
dataset_ko_140_final,entity_simple_hard_test_statistics_00094:final:0,entity_simple_hard_test_statistics_00094,entity_simple_hard_test_statistics_00094,True,same_source_sibling_facts,1,4,23,20,교수님이 캡스톤 오후반 1차 상관계수의 활용과 비유를 어떻게 말했어?,"캡스톤 오후반 1차 상관계수에 대해 활용은 관계 강도를 빠르게 살필 때 쓴다고, 그리고 비유는 두 변수의 움직임을 비교하는 나침반이라고 설명했습니다.",True,,,,,False,False,0.6153846153846153,0.5,0.30769230769230765,0.25,True,False,4.011762699985411,3.9619619000004604,,,,,question+passage,"교수님이 캡스톤 오후반 1차 상관계수의 의미는 선형 관계 강도라고, 비유는 두 변수의 움직임을 비교하는 나침반이라고, 그리고 주의점은 원인 증명을 뜻하지 않는다고 설명했습니다.",교수님이 캡스톤 오후반 1차 상관계수의 활용과 비유는 두 변수의 관계를 강도와 관련성으로 설명하는 방법 중 하나라고 설명하고 특징을 강조하여 학생의 생각을 간접적으로 지원한다고 설명했습니다.
dataset_ko_141_final,entity_simple_hard_test_os_concept_00220:final:0,entity_simple_hard_test_os_concept_00220,entity_simple_hard_test_os_concept_00220,True,same_source_sibling_facts,1,4,23,20,봄 C반 3차 프로세스 설명에서 비유와 주의점만 알려줘.,"봄 C반 3차 프로세스에 대해 비유는 독립된 식당이라고, 그리고 주의점은 자원을 너무 많이 쓰면 느려질 수 있다고 설명했습니다.",True,,,,,False,False,0.9142857142857143,0.5555555555555556,0.45714285714285713,0.2777777777777778,True,True,3.6241746000014246,3.3026490000193007,,,,,question+passage,"봄 C반 3차 프로세스 설명에 대해 비유는 독립된 식당이라고, 주의점은 자원을 너무 많이 쓰면 느려질 수 있다고, 그리고 역할은 독립된 식당이라고 설명했습니다.","봄 C반 3차 프로세스에 대해 비유는 독립된 식당을 생각, 주의점은 추가 비용이 있을 수 있다고, 그리고 역할은 독립된 실행 공간을 가진다고 설명했습니다."
dataset_ko_142_final,entity_simple_hard_test_art_history_00330:final:0,entity_simple_hard_test_art_history_00330,entity_simple_hard_test_art_history_00330,True,same_source_sibling_facts,1,4,23,20,교수님이 봄 D반 4차 인상주의의 비유와 비교 포인트를 어떻게 말했어?,"봄 D반 4차 인상주의에 대해 비유는 햇빛이 흔들리는 수면에 비친 모습이라고, 그리고 비교 포인트는 정확한 윤곽보다 색감이 중요하다고 설명했습니다.",True,,,,,False,False,0.8571428571428571,0.43243243243243246,0.42857142857142855,0.21621621621621623,True,False,4.402044200047385,3.551778299966827,,,,,question+passage,"교수님이 봄 D반 4차 인상주의에 대해 비유는 햇빛이 흔들리는 수면에 비친 모습이라고, 목적은 관찰 순간을 살리는 것이라고, 그리고 비교 포인트는 정확한 윤곽보다 색감이 중요하다고 설명했습니다.","봄 D반 4차 인상주의에 대해 비유는 눈이 빛을 띄는 포인트를 말하는 것이라고, 차이점은 인상주의의 일부라고, 그리고 비유는 관찰의 한 부분이라고 설명했습니다."
dataset_ko_143_final,entity_simple_hard_test_art_history_00090:final:0,entity_simple_hard_test_art_history_00090,entity_simple_hard_test_art_history_00090,True,same_source_sibling_facts,1,4,23,20,교수님이 봄 오후반 1차 인상주의의 비교 포인트와 비유를 어떻게 말했어?,"봄 오후반 1차 인상주의에 대해 비교 포인트는 정확한 윤곽보다 색감이 중요하다고, 그리고 비유는 햇빛이 흔들리는 수면에 비친 모습이라고 설명했습니다.",True,,,,,False,False,0.8571428571428571,0.46153846153846156,0.42857142857142855,0.23076923076923078,True,False,4.753967700002249,1.5826891000033356,,,,,question+passage,"교수님이 봄 오후반 1차 인상주의에 대해 비교 포인트는 정확한 윤곽보다 색감이 중요하다고, 비유는 햇빛이 흔들리는 수면에 비친 모습이라고, 그리고 핵심 특징은 빛의 순간적인 인상이라고 설명했습니다.",봄 오후반 1차 인상주의의 비교 포인트와 비유를 설명하라고 질문했습니다.
dataset_ko_144_final,entity_simple_hard_test_marketing_00035:final:0,entity_simple_hard_test_marketing_00035,entity_simple_hard_test_marketing_00035,True,same_source_sibling_facts,1,4,23,20,파일럿 D반 1차 멘토링 이벤트 설명 중 대상과 보상에 해당하는 내용만 답해줘.,"파일럿 D반 1차 멘토링 이벤트에 대해 대상은 멘토링 참여 학생이라고, 그리고 보상은 포인트 500점이라고 설명했습니다.",True,,,,,False,False,0.8823529411764706,0.9090909090909091,0.4411764705882353,0.45454545454545453,True,True,3.9676538000348955,3.4702044000150636,,,,,tie,"파일럿 D반 1차 멘토링 이벤트에 대해 대상은 멘토링 참여 학생이라고, 보상은 포인트 500점이라고, 그리고 핵심 채널은 이메일 뉴스레터라고 설명했습니다.","파일럿 D반 1차 멘토링 이벤트에 대해 대상은 멘토링 참여 학생이라고, 보상은 포인트 500점이라고, 그리고 성과 지표는 재방문율이라고 설명했습니다."
dataset_ko_145_final,entity_simple_hard_test_os_concept_00150:final:0,entity_simple_hard_test_os_concept_00150,entity_simple_hard_test_os_concept_00150,True,same_source_sibling_facts,1,4,23,20,교수님이 봄 2팀 2차 캐시의 장점과 역할을 어떻게 말했어?,"봄 2팀 2차 캐시에 대해 장점은 반복 접근을 빠르게 만든다고, 그리고 역할은 자주 쓰는 정보를 가까이 둔다고 설명했습니다.",True,,,,,False,False,0.5945945945945946,0.85,0.2972972972972973,0.425,True,True,3.3767465999699198,4.305343899992295,,,,,passage-only,"professors가 부탁하고 있는 정보의 접근을 빠르게 만든다고, 역할은 자주 쓰는 정보를 가까이 둔다고, 그리고 비유는 책상 위에 올려둔 책이라고 설명했습니다.","교수님이 봄 2팀 2차 캐시에 대해 장점은 반복 접근을 빠르게 만든다고, 역할은 자주 쓰는 정보를 가까이 둔다고, 그리고 비유는 책상 위에 올려둔 책이라고 설명했습니다."
dataset_ko_146_final,entity_simple_hard_test_os_concept_00151:final:0,entity_simple_hard_test_os_concept_00151,entity_simple_hard_test_os_concept_00151,True,same_source_sibling_facts,1,4,23,20,여름 2팀 2차 큐 설명 중 장점과 역할에 해당하는 내용만 답해줘.,"여름 2팀 2차 큐에 대해 장점은 처리 순서를 명확하게 만든다고, 그리고 역할은 작업을 순서대로 기다리게 한다고 설명했습니다.",True,,,,,False,False,0.9696969696969697,0.8717948717948718,0.48484848484848486,0.4358974358974359,True,True,2.6262980999890715,3.60115429997677,,,,,question+passage,"여름 2팀 2차 큐에 대해 장점은 처리 순서를 명확하게 만든다고, 역할은 작업을 순서대로 기다리게 한다고 설명했습니다.","여름 2팀 2차 큐에 대해 장점은 처리 순서를 명확하게 만든다고, 역할은 작업을 순서대로 기다리게 한다고, 그리고 주의점은 대기 시간이 길어질 수 있다고 설명했습니다."
dataset_ko_147_final,entity_simple_hard_test_project_00060:final:0,entity_simple_hard_test_project_00060,entity_simple_hard_test_project_00060,True,same_source_sibling_facts,1,4,23,20,봄 3팀 1차 최종 발표 설명에서 확인 기준과 담당만 알려줘.,"봄 3팀 1차 최종 발표에 대해 확인 기준은 근거 제시 여부라고, 그리고 담당은 기획 파트라고 설명했습니다.",True,,,,,False,False,0.8571428571428571,0.7058823529411765,0.42857142857142855,0.35294117647058826,True,True,3.251958000008017,2.9345245999866165,,,,,question+passage,"봄 3팀 1차 최종 발표 설명에 대해 확인 기준은 근거 제시 여부라고, 담당은 기획 파트라고, 그리고 확인 기간은 다음 주 월요일 밤이라고 설명했습니다.","봄 3팀 1차 최종 발표 설명에 대해 확인 기준은 확인 위치는 맵 게시板이라고, 내용은 변경된 원서라고, 그리고 담당은 기획 파트라고 설명했습니다."
dataset_ko_148_final,entity_simple_hard_test_statistics_00117:final:0,entity_simple_hard_test_statistics_00117,entity_simple_hard_test_statistics_00117,True,same_source_sibling_facts,1,4,23,20,심화 B반 2차 신뢰구간에서 의미와 주의점을 함께 정리해줘.,"심화 B반 2차 신뢰구간에 대해 의미는 모수 추정 범위라고, 그리고 주의점은 정답 하나를 보장하지 않는다고 설명했습니다.",True,,,,,False,False,0.8205128205128205,0.6842105263157896,0.41025641025641024,0.3421052631578948,True,True,3.6792061000014655,3.707622400019318,,,,,question+passage,"심화 B반 2차 신뢰구간에 대해 주의점은 정답 하나를 보장하지 않는다고, 의미는 모수 추정 범위라고, 그리고 비유는 정답이 있을 법한 범위를 그은 지도라고 설명했습니다.","심화 B반 2차 신뢰구간에 대해 의미는 모수 추정 범위라고, 주의점은 정답이 있을 뿐 다른 의미가 없다고, 그리고 핵심区别은 정답이 없을 빠진 구간이라고 설명했습니다."
dataset_ko_149_final,entity_simple_hard_test_dessert_00360:final:0,entity_simple_hard_test_dessert_00360,entity_simple_hard_test_dessert_00360,True,same_source_sibling_facts,1,4,23,20,봄 3팀 4차 초콜렛 설명에서 특징과 맛만 알려줘.,"봄 3팀 4차 초콜렛에 대해 특징은 입안에서 천천히 녹는다고, 그리고 맛은 달콤하다고 설명했습니다.",True,,,,,False,False,0.923076923076923,0.923076923076923,0.4615384615384615,0.4615384615384615,True,True,2.991131199989468,2.941967900027521,,,,,tie,"봄 3팀 4차 초콜렛 설명에 대해 특징은 입안에서 천천히 녹는다고, 색깔은 검정색이라고, 그리고 맛은 달콤하다고 설명했습니다.","봄 3팀 4차 초콜렛에 대해 특징은 입안에서 천천히 녹는다고, 맛은 달콤하다고, 그리고 색깔은 검정색이라고 설명했습니다."
dataset_ko_150_final,entity_simple_hard_test_os_concept_00391:final:0,entity_simple_hard_test_os_concept_00391,entity_simple_hard_test_os_concept_00391,True,same_source_sibling_facts,1,4,23,20,여름 오후반 4차 큐 설명 중 역할과 장점에 해당하는 내용만 답해줘.,"여름 오후반 4차 큐에 대해 역할은 작업을 순서대로 기다리게 한다고, 그리고 장점은 처리 순서를 명확하게 만든다고 설명했습니다.",True,,,,,False,False,0.8717948717948718,0.8717948717948718,0.4358974358974359,0.4358974358974359,True,True,3.6235741000273265,3.728980000014417,,,,,tie,"여름 오후반 4차 큐에 대해 장점은 처리 순서를 명확하게 만든다고, 역할은 작업을 순서대로 기다리게 한다고, 그리고 주의점은 대기 시간이 길어질 수 있다고 설명했습니다.","여름 오후반 4차 큐에 대해 역할은 작업을 순서대로 기다리게 한다고, 장점은 처리 순서를 명확하게 만든다고, 그리고 비유는 번호표를 뽑고 기다리는 줄이라고 설명했습니다."
dataset_ko_151_final,entity_simple_hard_test_art_history_00160:final:0,entity_simple_hard_test_art_history_00160,entity_simple_hard_test_art_history_00160,True,same_source_sibling_facts,1,4,23,20,봄 3팀 2차 바로크 설명에서 목적과 핵심 특징만 알려줘.,"봄 3팀 2차 바로크에 대해 목적은 감정을 강하게 전달하는 것이라고, 그리고 핵심 특징은 극적 명암이라고 설명했습니다.",True,,,,,False,False,0.8333333333333333,0.5714285714285715,0.41666666666666663,0.28571428571428575,True,True,3.5964526000316255,3.5256133999791928,,,,,question+passage,"봄 3팀 2차 바로크에 대해 핵심 특징은 극적 명암이라고, 비유는 무대 조명이 한 장면을 강조하는 방식이라고, 그리고 목적은 감정을 강하게 전달하는 것이라고 설명했습니다.","봄 3팀 2차 바로크에 대해 목적은 기본 개념이 한 그림과 구분된다고, 핵심 특징은 극적 명암과 구분된다고, 그리고 핵심 특징은 그래픽적 특징이라고 설명했습니다."
dataset_ko_152_final,entity_simple_hard_test_statistics_00044:final:0,entity_simple_hard_test_statistics_00044,entity_simple_hard_test_statistics_00044,True,same_source_sibling_facts,1,4,23,20,캡스톤 1팀 1차 표본분산 설명에서 비유와 활용만 알려줘.,"캡스톤 1팀 1차 표본분산에 대해 비유는 점들이 얼마나 퍼졌는지 보는 자라고, 그리고 활용은 데이터 변동성을 볼 때 쓴다고 설명했습니다.",True,,,,,False,False,0.6938775510204082,0.8108108108108107,0.3469387755102041,0.4054054054054054,True,True,5.145411800011061,3.6593266000272706,,,,,passage-only,"캡스톤 1팀 1차 표본분산에 대해 비유는 점들이 얼마나 퍼졌는지 보는 자를鼓舞하며 활용은 데이터 변동성을 볼 때 쓴다고, 비유는 데이터 변동성을 보는 자와 의미는 데이터 변동성을 설명하는 자라고, 그리고 주의점은 순위 정렬과 다르다고 설명했습니다.","캡스톤 1팀 1차 표본분산 설명에 대해 비유는 점들이 얼마나 퍼졌는지 보는 자라고, 활용은 데이터를 재 정렬이 가능하다라고, 그리고 문제는 정규화가 불가능하다라고 설명했습니다."
dataset_ko_153_final,entity_simple_hard_test_statistics_00045:final:0,entity_simple_hard_test_statistics_00045,entity_simple_hard_test_statistics_00045,True,same_source_sibling_facts,1,4,23,20,파일럿 1팀 1차 신뢰구간에서 비유와 활용을 함께 정리해줘.,"파일럿 1팀 1차 신뢰구간에 대해 비유는 정답이 있을 법한 범위를 그은 지도라고, 그리고 활용은 추정의 불확실성을 설명할 때 쓴다고 설명했습니다.",True,,,,,False,False,0.8837209302325582,0.7906976744186046,0.4418604651162791,0.3953488372093023,True,True,4.089692999958061,4.264067100011744,,,,,question+passage,"파일럿 1팀 1차 신뢰구간에 대해 비유는 정답이 있을 법한 범위를 그은 지도라고, 주의점은 정답 하나를 보장하지 않는다고, 그리고 활용은 추정의 불확실성을 설명할 때 쓴다고 설명했습니다.","파일럿 1팀 1차 신뢰구간에 대해 비유는 일반 수준을 벗어난 범위를 그은 지도라고, 활용은 추정의 불확실성을 설명할 때 쓴다고, 그리고 주의점은 정답 하나를 보장하지 않는다고 설명했습니다."
dataset_ko_154_final,entity_simple_hard_test_dessert_00240:final:0,entity_simple_hard_test_dessert_00240,entity_simple_hard_test_dessert_00240,True,same_source_sibling_facts,1,4,23,20,봄 1팀 3차 초콜렛 설명에서 비유와 색깔만 알려줘.,"봄 1팀 3차 초콜렛에 대해 비유는 작은 선물 상자라고, 그리고 색깔은 검정색이라고 설명했습니다.",True,,,,,False,False,0.7272727272727272,0.888888888888889,0.3636363636363636,0.4444444444444445,True,True,2.1651310000452213,2.6363243999658152,,,,,passage-only,"봄 1팀 3차 초콜렛 설명에 대해 비유는 차별금지원과 다르다고, 색깔은 검정색이라고 설명했습니다.","봄 1팀 3차 초콜렛에 대해 비유는 작은 선물 상자라고, 색깔은 검정색이라고, 그리고 색감은 ח旦으로 표현한다고 설명했습니다."
dataset_ko_155_final,entity_simple_hard_test_statistics_00070:final:0,entity_simple_hard_test_statistics_00070,entity_simple_hard_test_statistics_00070,True,same_source_sibling_facts,1,4,23,20,교수님이 봄 4팀 1차 상관계수의 주의점과 의미를 어떻게 말했어?,"봄 4팀 1차 상관계수에 대해 주의점은 원인 증명을 뜻하지 않는다고, 그리고 의미는 선형 관계 강도라고 설명했습니다.",True,,,,,False,False,0.8,0.5555555555555556,0.4,0.2777777777777778,True,True,3.9537607999518514,3.8684768000384793,,,,,question+passage,"교수님이 봄 4팀 1차 상관계수의 주의점은 원인 증명을 뜻하지 않는다고, 의미는 선형 관계 강도라고, 그리고 비유는 두 변수의 움직임을 비교하는 나침반이라고 설명했습니다.","봄 4팀 1차 상관계수의 주의점과 의미에 대해 주의점은 변량의 방향을 나타내는 것이고, 의미는 선형 관계 강도라고, 비유는 두 변수의 움직임을 설명하는 막대로 설명했습니다."
dataset_ko_156_final,entity_simple_hard_test_statistics_00287:final:0,entity_simple_hard_test_statistics_00287,entity_simple_hard_test_statistics_00287,True,same_source_sibling_facts,1,4,23,20,심화 오전반 3차 회귀분석 설명 중 활용과 비유에 해당하는 내용만 답해줘.,"심화 오전반 3차 회귀분석에 대해 활용은 예측 경향을 설명할 때 쓴다고, 그리고 비유는 흩어진 점 사이에 길을 그어 보는 일이라고 설명했습니다.",True,,,,,False,False,0.8837209302325582,0.19354838709677416,0.4418604651162791,0.09677419354838708,True,False,4.304056699969806,7.660732600023039,,,,,question+passage,"심화 오전반 3차 회귀분석 설명에 대해 비유는 흩어진 점 사이에 길을 그어 보는 일이라고, 주의점은 모든 원인을 증명하지는 않는다고, 그리고 활용은 예측 경향을 설명할 때 쓴다고 설명했습니다.","심화 오전반 3차 회귀분석 설명 중 활용과 비유에 해당하는 내용만 설명하라면 무엇에 사용하는지, 비유를 설명하는 방식을 생각하라고 설명하고 심각성을 설명하라고 설명하고 심지어 코를 그려는 그래프라고 설명하고 변환을 설명하라고 설명하고 비유를 설명하라고 설명하고 이해가 어려운 예시라고 설명하라고 설명하라고 설명하라고 설명하라고 설명하라고 설명하라고 설명하라고 설명하라고 설명하라고 설명하라고 설명하라고 설명"
dataset_ko_157_final,entity_simple_hard_test_statistics_00359:final:0,entity_simple_hard_test_statistics_00359,entity_simple_hard_test_statistics_00359,True,same_source_sibling_facts,1,4,23,20,세미나 2팀 4차 회귀분석 설명 중 주의점과 의미에 해당하는 내용만 답해줘.,"세미나 2팀 4차 회귀분석에 대해 주의점은 모든 원인을 증명하지는 않는다고, 그리고 의미는 관계의 경향 설명이라고 설명했습니다.",True,,,,,False,False,0.7272727272727273,0.6153846153846153,0.36363636363636365,0.30769230769230765,True,True,4.929403199988883,3.9312701000017114,,,,,question+passage,"세미나 2팀 4차 회귀분석 설명에 대해 주의점은 다음과 같이 설명했습니다: 회귀분석의 의미는 관계의 경향 설명이라고, 비유는 흩어진 점 사이에 길을 그어 보는 일이라고, 그리고 주의점은 모든 원인을 증명하지는 않는다고 설명했습니다.","세미나 2팀 4차 회귀분석에 대해 주의점은 단일 경향을 설명할 때 사용한다고, 의미는 관계의 경향 설명이라고, 그리고 비유는 흩어진 점 사이에 길을 그어 보는 일이라고 설명했습니다."
dataset_ko_158_final,entity_simple_hard_test_marketing_00058:final:0,entity_simple_hard_test_marketing_00058,entity_simple_hard_test_marketing_00058,True,same_source_sibling_facts,1,4,23,20,교수님이 실습 2팀 1차 스터디 모집의 성과 지표와 핵심 채널을 어떻게 말했어?,"실습 2팀 1차 스터디 모집에 대해 성과 지표는 완료율이라고, 그리고 핵심 채널은 학과 홈페이지라고 설명했습니다.",True,,,,,False,False,0.6666666666666666,0.7567567567567568,0.3333333333333333,0.3783783783783784,False,True,3.408253599947784,3.71336799999699,,,,,passage-only,"실습 2팀 1차 스터디 모집의 성과 지표를 중요 핵심 채널이라고, 핵심 채널은 신청자라고, 그리고 대상은 스터디 신청자라고 설명했습니다.","교수님 실습 2팀 1차 스터디 모집에 대해 성과 지표는 참여율이라고, 핵심 채널은 학과 홈페이지라고, 그리고 핵심 내용은 학습 경로와 성과 지표라고 설명했습니다."
dataset_ko_159_final,entity_simple_hard_test_project_00132:final:0,entity_simple_hard_test_project_00132,entity_simple_hard_test_project_00132,True,same_source_sibling_facts,1,4,23,20,가을 D반 2차 최종 발표 설명에서 마감과 공유 위치만 알려줘.,"가을 D반 2차 최종 발표에 대해 마감은 다음 주 월요일 밤이라고, 그리고 공유 위치는 팀 노션 페이지라고 설명했습니다.",True,,,,,False,False,0.967741935483871,0.6470588235294118,0.4838709677419355,0.3235294117647059,True,False,2.3623429000144824,2.5597689999849536,,,,,question+passage,"가을 D반 2차 최종 발표 설명에 대해 공유 위치는 팀 노션 페이지라고, 마감은 다음 주 월요일 밤이라고 설명했습니다.","가을 D반 2차 최종 발표 설명에 대해 마감은 다음 반기 시작 전 확정 기준이라고, 공유 위치는 공유 그림 체인이라고 설명했습니다."
dataset_ko_160_final,entity_simple_hard_test_dessert_00097:final:0,entity_simple_hard_test_dessert_00097,entity_simple_hard_test_dessert_00097,True,same_source_sibling_facts,1,4,23,20,심화 오후반 1차 솜사탕에서 색깔과 비유를 함께 정리해줘.,"심화 오후반 1차 솜사탕에 대해 색깔은 분홍색이라고, 그리고 비유는 구름 같은 간식이라고 설명했습니다.",True,,,,,False,False,0.8387096774193548,0.8125000000000001,0.4193548387096774,0.40625000000000006,True,True,3.360373699979391,3.732099900022149,,,,,tie,"심화 오후반 1차 솜사탕에 대해 색깔은 분홍색이라고, 비유는 구름 같은 간식이라고, 그리고 특징은 입에 닿으면 빠르게 사라진다고 설명했습니다.","심화 오후반 1차 솜사탕에 대해 색깔은 분홍색이라고, 비유은 구름 같은 간식이라고, 그리고 비유의 특징은 맛만 빠르게 색깔이 될 뿐이라고 설명했습니다."
dataset_ko_161_final,entity_simple_hard_test_dessert_00338:final:0,entity_simple_hard_test_dessert_00338,entity_simple_hard_test_dessert_00338,True,same_source_sibling_facts,1,4,23,20,교수님이 실습 D반 4차 마카롱의 비유와 색깔을 어떻게 말했어?,"실습 D반 4차 마카롱에 대해 비유는 작은 보석 상자라고, 그리고 색깔은 알록달록하다고 설명했습니다.",True,,,,,False,False,0.42857142857142855,0.608695652173913,0.21428571428571427,0.3043478260869565,True,False,3.014292799984105,1.925409400020726,,,,,passage-only,"교수님의 비유는 작은 보석 상자라고, 특징은 겉은 바삭하고 속은 촉촉하다고, 그리고 샤독보는 검은색에 비유라고 설명했습니다.","실습 D반 4차 마카롱의 특징과 차별점, 그리고 색깔 설명이 담겼다고 설명했습니다."
dataset_ko_162_final,entity_simple_hard_test_project_00396:final:0,entity_simple_hard_test_project_00396,entity_simple_hard_test_project_00396,True,same_source_sibling_facts,1,4,23,20,정규 오후반 4차 최종 발표 설명에서 담당과 확인 기준만 알려줘.,"정규 오후반 4차 최종 발표에 대해 담당은 기획 파트라고, 그리고 확인 기준은 근거 제시 여부라고 설명했습니다.",True,,,,,False,False,0.888888888888889,0.9333333333333333,0.4444444444444445,0.4666666666666667,True,True,3.0644899999606423,2.268169399991166,,,,,tie,"정규 오후반 4차 최종 발표에 대해 확인 기준은 근거 제시 여부라고, 공유 위치는 팀 노션 페이지라고, 그리고 담당은 기획 파트라고 설명했습니다.","정규 오후반 4차 최종 발표 설명 담당은 기획 파트라고, 확인 기준은 근거 제시 여부라고 설명했습니다."
dataset_ko_163_final,entity_simple_hard_test_marketing_00059:final:0,entity_simple_hard_test_marketing_00059,entity_simple_hard_test_marketing_00059,True,same_source_sibling_facts,1,4,23,20,세미나 2팀 1차 멘토링 이벤트 설명 중 성과 지표와 핵심 채널에 해당하는 내용만 답해줘.,"세미나 2팀 1차 멘토링 이벤트에 대해 성과 지표는 재방문율이라고, 그리고 핵심 채널은 이메일 뉴스레터라고 설명했습니다.",True,,,,,False,False,0.7058823529411765,0.9090909090909091,0.35294117647058826,0.45454545454545453,True,True,4.005494199984241,3.8910839000018314,,,,,passage-only,"세미나 2팀 1차 멘토링 이벤트에 대해 핵심 채널은 이메일 뉴스레터라고, 보상은 포인트 500점이라고, 그리고 대상은 멘토링 참여 학생이라고 설명했습니다.","세미나 2팀 1차 멘토링 이벤트에 대해 성과 지표는 재방문율이라고, 핵심 채널은 이메일 뉴스레터라고, 그리고 핵심 채널의 연결고리라고 설명했습니다."
dataset_ko_164_final,entity_simple_hard_test_art_history_00378:final:0,entity_simple_hard_test_art_history_00378,entity_simple_hard_test_art_history_00378,True,same_source_sibling_facts,1,4,23,20,교수님이 실습 4팀 4차 인상주의의 비교 포인트와 비유를 어떻게 말했어?,"실습 4팀 4차 인상주의에 대해 비교 포인트는 정확한 윤곽보다 색감이 중요하다고, 그리고 비유는 햇빛이 흔들리는 수면에 비친 모습이라고 설명했습니다.",True,,,,,False,False,0.8636363636363636,0.4516129032258065,0.4318181818181818,0.22580645161290325,True,False,4.677276199974585,2.2180022000102326,,,,,question+passage,"교수님이 실습 4팀 4차 인상주의에 대해 비교 포인트는 정확한 윤곽보다 색감이 중요하다고, 비유는 햇빛이 흔들리는 수면에 비친 모습이라고, 그리고 핵심 특징은 빛의 순간적인 인상이라고 설명했습니다.",교수님의 실습 4팀 4차 인상주의의 비교 포인트와 비유를 설명하라고 했을 것이라고 생각했습니다.
dataset_ko_165_final,entity_simple_hard_test_project_00156:final:0,entity_simple_hard_test_project_00156,entity_simple_hard_test_project_00156,True,same_source_sibling_facts,1,4,23,20,정규 2팀 2차 최종 발표 설명에서 확인 기준과 담당만 알려줘.,"정규 2팀 2차 최종 발표에 대해 확인 기준은 근거 제시 여부라고, 그리고 담당은 기획 파트라고 설명했습니다.",True,,,,,False,False,0.8648648648648648,0.6000000000000001,0.4324324324324324,0.30000000000000004,True,False,3.2312702999915928,2.0325332000502385,,,,,question+passage,"정규 2팀 2차 최종 발표에 대해 확인 기준은 근거 제시 여부라고, 담당은 기획 파트라고, 그리고 확인 기간은 다음 주 월요일 밤이라고 설명했습니다.","정규 2팀 2차 최종 발표 설명에 대해 확인 기준은 확인 부분이라고, 담당은 메일을 통해etailed explanation请求"
dataset_ko_166_final,entity_simple_hard_test_statistics_00333:final:0,entity_simple_hard_test_statistics_00333,entity_simple_hard_test_statistics_00333,True,same_source_sibling_facts,1,4,23,20,겨울 D반 4차 신뢰구간에서 비유와 활용을 함께 정리해줘.,"겨울 D반 4차 신뢰구간에 대해 비유는 정답이 있을 법한 범위를 그은 지도라고, 그리고 활용은 추정의 불확실성을 설명할 때 쓴다고 설명했습니다.",True,,,,,False,False,0.8837209302325582,0.8837209302325582,0.4418604651162791,0.4418604651162791,True,True,3.998158600006718,3.974066400027368,,,,,tie,"겨울 D반 4차 신뢰구간에 대해 비유는 정답이 있을 법한 범위를 그은 지도라고, 주의점은 정답 하나를 보장하지 않는다고, 그리고 활용은 추정의 불확실성을 설명할 때 쓴다고 설명했습니다.","겨울 D반 4차 신뢰구간에 대해 비유는 정답이 있을 법한 범위를 그은 지도라고, 활용은 추정의 불확실성을 설명할 때 쓴다고, 그리고 특징은 정답 하나를 보장하지 않는다고 설명했습니다."
dataset_ko_167_final,entity_simple_hard_test_os_concept_00294:final:0,entity_simple_hard_test_os_concept_00294,entity_simple_hard_test_os_concept_00294,True,same_source_sibling_facts,1,4,23,20,교수님이 캡스톤 오후반 3차 캐시의 역할과 장점을 어떻게 말했어?,"캡스톤 오후반 3차 캐시에 대해 역할은 자주 쓰는 정보를 가까이 둔다고, 그리고 장점은 반복 접근을 빠르게 만든다고 설명했습니다.",True,,,,,False,False,0.7142857142857143,0.878048780487805,0.35714285714285715,0.4390243902439025,True,True,4.484835000010207,4.083270400005858,,,,,passage-only,"교수님이 캡스톤 오후반 3차 캐시에 대해 주의점은 중복 정보를 빠르게 만든다고, 역할은 자주 쓰는 정보를 가까이 둔다고, 그리고 비유는 책상 위에 올려둔 책이라고 설명했습니다.","캡스톤 오후반 3차 캐시에 대해 역할은 자주 쓰는 정보를 가까이 둔다고, 장점은 반복 접근을 빠르게 만든다고, 그리고 비유는 책상 위에 올려둔 책이라고 설명했습니다."
dataset_ko_168_final,entity_simple_hard_test_art_history_00257:final:0,entity_simple_hard_test_art_history_00257,entity_simple_hard_test_art_history_00257,True,same_source_sibling_facts,1,4,23,20,심화 2팀 3차 입체주의에서 목적과 핵심 특징을 함께 정리해줘.,"심화 2팀 3차 입체주의에 대해 목적은 대상을 새롭게 해석하는 것이라고, 그리고 핵심 특징은 여러 시점이라고 설명했습니다.",True,,,,,False,False,0.8205128205128205,0.888888888888889,0.41025641025641024,0.4444444444444445,True,True,3.822943100007251,3.09909900004277,,,,,passage-only,"심화 2팀 3차 입체주의에 대해 핵심 특징은 여러 시점이라고, 비유는 여러 방향에서 본 사물을 한 화면에 놓는 방식이라고, 그리고 목적은 대상을 새롭게 해석하는 것이라고 설명했습니다.","심화 2팀 3차 입체주의에 대해 목적은 대상을 새롭게 해석하는 것이라고, 핵심 특징은 여러 시점이라고, 그리고 핵심 차이는 여러 시점이라고 설명했습니다."
dataset_ko_169_final,entity_simple_hard_test_art_history_00137:final:0,entity_simple_hard_test_art_history_00137,entity_simple_hard_test_art_history_00137,True,same_source_sibling_facts,1,4,23,20,심화 D반 2차 입체주의에서 비유와 비교 포인트를 함께 정리해줘.,"심화 D반 2차 입체주의에 대해 비유는 여러 방향에서 본 사물을 한 화면에 놓는 방식이라고, 그리고 비교 포인트는 단일 원근과 다르다고 설명했습니다.",True,,,,,False,False,0.8837209302325582,0.5106382978723404,0.4418604651162791,0.2553191489361702,True,False,3.901484700036235,4.501857399998698,,,,,question+passage,"심화 D반 2차 입체주의에 대해 비유는 여러 방향에서 본 사물을 한 화면에 놓는 방식이라고, 목적은 대상을 새롭게 해석하는 것이라고, 그리고 비교 포인트는 단일 원근과 다르다고 설명했습니다.","심화 D반 2차 입체주의에 대해 비유는 단일 경로로 생각이 단일한 이해를 냇에 비유를 덧붙인다고, 포인트는 여러 면에서 원하는 understandings를 제공한다고, 그리고 비교 포인트는 다른 경로로 생각이 설명된다고 설명했습니다."
dataset_ko_170_final,entity_simple_hard_test_marketing_00275:final:0,entity_simple_hard_test_marketing_00275,entity_simple_hard_test_marketing_00275,True,same_source_sibling_facts,1,4,23,20,파일럿 4팀 3차 멘토링 이벤트 설명 중 보상과 대상에 해당하는 내용만 답해줘.,"파일럿 4팀 3차 멘토링 이벤트에 대해 보상은 포인트 500점이라고, 그리고 대상은 멘토링 참여 학생이라고 설명했습니다.",True,,,,,False,False,0.9090909090909091,0.8823529411764706,0.45454545454545453,0.4411764705882353,True,True,3.5290508000180125,4.021454600035213,,,,,tie,"파일럿 4팀 3차 멘토링 이벤트에 대해 보상은 포인트 500점이라고, 대상은 멘토링 참여 학생이라고, 그리고 성과 지표는 재방문율이라고 설명했습니다.","파일럿 4팀 3차 멘토링 이벤트에 대해 보상은 포인트 500점이라고, 핵심 채널은 이메일 뉴스레터라고, 그리고 대상은 멘토링 참여 학생이라고 설명했습니다."
dataset_ko_171_final,entity_simple_hard_test_os_concept_00316:final:0,entity_simple_hard_test_os_concept_00316,entity_simple_hard_test_os_concept_00316,True,same_source_sibling_facts,1,4,23,20,정규 B반 4차 프로세스 설명에서 비유와 주의점만 알려줘.,"정규 B반 4차 프로세스에 대해 비유는 독립된 식당이라고, 그리고 주의점은 자원을 너무 많이 쓰면 느려질 수 있다고 설명했습니다.",True,,,,,False,False,0.8717948717948718,0.6666666666666667,0.4358974358974359,0.33333333333333337,True,True,3.767881000007037,3.66461320000235,,,,,question+passage,"정규 B반 4차 프로세스 설명에 대해 비유는 독립된 식당이라고, 주의점은 자원을 너무 많이 쓰면 느려질 수 있다고, 그리고 역할은 독립된 실행 공간을 가진다고 설명했습니다.","정규 B반 4차 프로세스에 대해 비유는 독립된 식당이라고, 주의점은 추가 비용이 있을 수 있다고, 그리고 역할은 독립된 커뮤니케이션을 담당한다고 설명했습니다."
dataset_ko_172_final,entity_simple_hard_test_dessert_00313:final:0,entity_simple_hard_test_dessert_00313,entity_simple_hard_test_dessert_00313,True,same_source_sibling_facts,1,4,23,20,겨울 B반 4차 솜사탕에서 맛과 특징을 함께 정리해줘.,"겨울 B반 4차 솜사탕에 대해 맛은 가볍게 달콤하다고, 그리고 특징은 입에 닿으면 빠르게 사라진다고 설명했습니다.",True,,,,,False,False,0.8823529411764706,0.9375,0.4411764705882353,0.46875,True,True,3.483695400005672,3.3440159000456333,,,,,passage-only,"겨울 B반 4차 솜사탕에 대해 맛은 가볍게 달콤하다고, 특징은 입에 닿으면 빠르게 사라진다고, 그리고 비유는 구름 같은 간식이라고 설명했습니다.","겨울 B반 4차 솜사탕에 대해 맛은 가볍게 달콤하다고, 특징은 입에 닿으면 빠르게 사라진다고, 그리고 색깔은 분홍색이라고 설명했습니다."
dataset_ko_173_final,entity_simple_hard_test_project_00014:final:0,entity_simple_hard_test_project_00014,entity_simple_hard_test_project_00014,True,same_source_sibling_facts,1,4,23,20,교수님이 캡스톤 B반 1차 AI 모델 평가의 담당과 확인 기준을 어떻게 말했어?,"캡스톤 B반 1차 AI 모델 평가에 대해 담당은 AI 파트라고, 그리고 확인 기준은 정답률이라고 설명했습니다.",True,,,,,False,False,0.8108108108108109,0.8,0.40540540540540543,0.4,True,True,3.4949780000024475,3.062038099975325,,,,,tie,"캡스톤 B반 1차 AI 모델 평가의 담당과 확인 기준에 대해 확인 기준은 정답률이라고, 공유 위치는 회의록 폴더라고, 그리고 담당은 AI 파트라고 설명했습니다.","캡스톤 B반 1차 AI 모델 평가에 대해 담당은 AI 파트라고, 확인 기준은 정답률을 설명했다고, 그리고 시간은 금요일 자정 전이라고 설명했습니다."
dataset_ko_174_final,entity_simple_hard_test_os_concept_00221:final:0,entity_simple_hard_test_os_concept_00221,entity_simple_hard_test_os_concept_00221,True,same_source_sibling_facts,1,4,23,20,여름 C반 3차 스레드에서 비유와 주의점을 함께 정리해줘.,"여름 C반 3차 스레드에 대해 비유는 같은 식당 안에서 일하는 직원이라고, 그리고 주의점은 공유 자원 관리가 필요하다고 설명했습니다.",True,,,,,False,False,0.8571428571428571,0.40909090909090906,0.42857142857142855,0.20454545454545453,True,False,3.6364982000086457,4.059449099993799,,,,,question+passage,"여름 C반 3차 스레드에 대해 비유는 같은 식당 안에서 일하는 직원이라고, 주의점은 공유 자원 관리가 필요하다고, 그리고 비유는 같은 식당 안에서 일하는 직원이라고 설명했습니다.","여름 C반 3차 스레드에 대해 비유는 연말에可能出现하는 문제와 비유는 생각을 나누기 위한 방법이라고, 주의점은 데이터를 조작에 사용할 수 있다고, 그리고 역할은 프로세스를 돕기 어려운 부분이라고 설명했습니다."
dataset_ko_175_final,entity_simple_hard_test_dessert_00267:final:0,entity_simple_hard_test_dessert_00267,entity_simple_hard_test_dessert_00267,True,same_source_sibling_facts,1,4,23,20,심화 3팀 3차 브라우니 설명 중 특징과 맛에 해당하는 내용만 답해줘.,"심화 3팀 3차 브라우니에 대해 특징은 속이 촉촉하게 남는다고, 그리고 맛은 묵직하게 달콤하다고 설명했습니다.",True,,,,,False,False,0.9032258064516129,0.7741935483870968,0.45161290322580644,0.3870967741935484,True,True,3.3966855999897234,3.523125000006985,,,,,question+passage,"심화 3팀 3차 브라우니에 대해 특징은 속이 촉촉하게 남는다고, 맛은 묵직하게 달콤하다고, 그리고 사진은 진한 갈색이라고 설명했습니다.","심화 3팀 3차 브라우니에 대해 특징은 속이 촉촉하게 남는다고, 맛은 달콤하게 달라진다고, 그리고 색깔은 진한 갈색이라고 설명했습니다."
dataset_ko_176_final,entity_simple_hard_test_art_history_00235:final:0,entity_simple_hard_test_art_history_00235,entity_simple_hard_test_art_history_00235,True,same_source_sibling_facts,1,4,23,20,파일럿 D반 3차 르네상스 설명 중 비유와 비교 포인트에 해당하는 내용만 답해줘.,"파일럿 D반 3차 르네상스에 대해 비유는 사람을 화면 중앙에 다시 세우는 방식이라고, 그리고 비교 포인트는 절대왕정 중심 설명과 다르다고 설명했습니다.",True,,,,,False,False,0.8837209302325582,0.8205128205128205,0.4418604651162791,0.41025641025641024,True,True,4.138570700015407,3.6903091000276618,,,,,question+passage,"파일럿 D반 3차 르네상스에 대해 비유는 사람을 화면 중앙에 다시 세우는 방식이라고, 목적은 사람의 가치를 드러내는 것이라고, 그리고 비교 포인트는 절대왕정 중심 설명과 다르다고 설명했습니다.","파일럿 D반 3차 르네상스에 대해 비유는 사람을 화면 중앙에 다시 세우는 방식이라고, 비교 포인트는 절대값론이라고, 그리고 핵심 특징은 인문주의라고 설명했습니다."
dataset_ko_177_final,entity_simple_hard_test_art_history_00283:final:0,entity_simple_hard_test_art_history_00283,entity_simple_hard_test_art_history_00283,True,same_source_sibling_facts,1,4,23,20,겨울 오전반 3차 르네상스 설명 중 비교 포인트와 비유에 해당하는 내용만 답해줘.,"겨울 오전반 3차 르네상스에 대해 비교 포인트는 절대왕정 중심 설명과 다르다고, 그리고 비유는 사람을 화면 중앙에 다시 세우는 방식이라고 설명했습니다.",True,,,,,False,False,0.8444444444444443,0.9268292682926829,0.42222222222222217,0.46341463414634143,True,True,4.443671299959533,3.900451800029259,,,,,passage-only,"겨울 오전반 3차 르네상스에 대해 비유는 사람을 화면 중앙에 다시 세우는 방식이라고, 주점에 추가한 부분은 사람의 가치를 드러내는 것이라고, 그리고 비교 포인트는 절대왕정 중심 설명과 다르다고 설명했습니다.","겨울 오전반 3차 르네상스에 대해 비교 포인트는 절대왕정 중심 설명과 다르다고, 비유는 사람을 화면 중앙에 다시 세우는 방식이라고, 그리고 핵심 특징은 인문주의라고 설명했습니다."
dataset_ko_178_final,entity_simple_hard_test_art_history_00041:final:0,entity_simple_hard_test_art_history_00041,entity_simple_hard_test_art_history_00041,True,same_source_sibling_facts,1,4,23,20,여름 1팀 1차 입체주의에서 비유와 비교 포인트를 함께 정리해줘.,"여름 1팀 1차 입체주의에 대해 비유는 여러 방향에서 본 사물을 한 화면에 놓는 방식이라고, 그리고 비교 포인트는 단일 원근과 다르다고 설명했습니다.",True,,,,,False,False,0.8837209302325582,0.6486486486486486,0.4418604651162791,0.3243243243243243,True,False,3.942024099989794,3.0181626999983564,,,,,question+passage,"여름 1팀 1차 입체주의에 대해 비유는 여러 방향에서 본 사물을 한 화면에 놓는 방식이라고, 목적은 대상을 새롭게 해석하는 것이라고, 그리고 비교 포인트는 단일 원근과 다르다고 설명했습니다.","여름 1팀 1차 입체주의에 대해 비유는 단일 면에서 본 원형이라고, 비유의 특징은 여러 시점이라고, 그리고 비교 포인트는과 다르다고 설명했습니다."
dataset_ko_179_final,entity_simple_hard_test_dessert_00001:final:0,entity_simple_hard_test_dessert_00001,entity_simple_hard_test_dessert_00001,True,same_source_sibling_facts,1,4,23,20,여름 A반 1차 솜사탕에서 색깔과 비유를 함께 정리해줘.,"여름 A반 1차 솜사탕에 대해 색깔은 분홍색이라고, 그리고 비유는 구름 같은 간식이라고 설명했습니다.",True,,,,,False,False,0.896551724137931,0.47058823529411764,0.4482758620689655,0.23529411764705882,True,False,2.9167451999965124,4.193037099961657,,,,,question+passage,"여름 A반 1차 솜사탕에 대해 색깔은 분홍색이라고, 비유는 구름 같은 간식이라고, 그리고 맛은 가볍게 달콤하다고 설명했습니다.","여름 A반 1차 솜사탕에 대해 색깔로 분류하면 분단원료로 간다고, 비유로 겨자처럼 분단원료로 간다고, 그리고 비유의 특징으로 혼돈에 새로운 요소로 간다고 설명했다."
dataset_ko_180_final,entity_simple_hard_test_marketing_00369:final:0,entity_simple_hard_test_marketing_00369,entity_simple_hard_test_marketing_00369,True,same_source_sibling_facts,1,4,23,20,세미나 3팀 4차 동아리 홍보에서 보상과 대상을 함께 정리해줘.,"세미나 3팀 4차 동아리 홍보에 대해 보상은 굿즈 추첨권이라고, 그리고 대상은 동아리 회원이라고 설명했습니다.",True,,,,,False,False,0.8461538461538461,0.7999999999999999,0.4230769230769231,0.39999999999999997,True,True,2.2848978000110947,3.34758870000951,,,,,tie,"세미나 3팀 4차 동아리 홍보에 대해 대상은 참여율이라고, 보상은 굿즈 추첨권이라고 설명했습니다.","세미나 3팀 4차 동아리 홍보에 대해 보상은 굿즈 추첨권이라고, 핵심 채널은 오픈채팅방이라고, 그리고 대상은 추첨권이라고 설명했습니다."
dataset_ko_181_final,entity_simple_hard_test_project_00134:final:0,entity_simple_hard_test_project_00134,entity_simple_hard_test_project_00134,True,same_source_sibling_facts,1,4,23,20,교수님이 캡스톤 D반 2차 AI 모델 평가의 마감과 공유 위치를 어떻게 말했어?,"캡스톤 D반 2차 AI 모델 평가에 대해 마감은 금요일 자정 전이라고, 그리고 공유 위치는 회의록 폴더라고 설명했습니다.",True,,,,,False,False,0.8421052631578947,0.6666666666666667,0.42105263157894735,0.33333333333333337,True,False,3.4525911000091583,3.3453812999650836,,,,,question+passage,"교수님의 카스톤 D반 2차 AI 모델 평가에 대해 공유 위치는 회의록 폴더라고, 담당은 AI 파트라고, 그리고 마감은 금요일 자정 전이라고 설명했습니다.","캡스톤 D반 2차 AI 모델 평가에 대해 마감은 11월 18일 23시 전이라고, 공유 위치는 커리어 패스 링크를 참고하라고 설명했습니다."
dataset_ko_182_final,entity_simple_hard_test_os_concept_00172:final:0,entity_simple_hard_test_os_concept_00172,entity_simple_hard_test_os_concept_00172,True,same_source_sibling_facts,1,4,23,20,가을 4팀 2차 프로세스 설명에서 주의점과 비유만 알려줘.,"가을 4팀 2차 프로세스에 대해 주의점은 자원을 너무 많이 쓰면 느려질 수 있다고, 그리고 비유는 독립된 식당이라고 설명했습니다.",True,,,,,False,False,0.7804878048780487,0.7619047619047621,0.39024390243902435,0.38095238095238104,True,True,3.9367428999976255,4.171694699965883,,,,,tie,"가을 4팀 2차 프로세스 설명에 대해 비유는 독립된 실행 공간을 가진다고, 주의점은 자원을 너무 많이 쓰면 느려질 수 있다고, 그리고 역할은 독립된 실행 공간을 가진다고 설명했습니다.","가을 4팀 2차 프로세스에 대해 주의점은 자원을 너무 많이 쓰면 느려질 수 있다고, 비유는 혼자서 집을 관리하면 방이 커서라고, 그리고 역할은 독립된 실행 공간을 가진다고 설명했습니다."
dataset_ko_183_final,entity_simple_hard_test_statistics_00047:final:0,entity_simple_hard_test_statistics_00047,entity_simple_hard_test_statistics_00047,True,same_source_sibling_facts,1,4,23,20,심화 1팀 1차 회귀분석 설명 중 비유와 활용에 해당하는 내용만 답해줘.,"심화 1팀 1차 회귀분석에 대해 비유는 흩어진 점 사이에 길을 그어 보는 일이라고, 그리고 활용은 예측 경향을 설명할 때 쓴다고 설명했습니다.",True,,,,,False,False,0.972972972972973,0.5217391304347826,0.4864864864864865,0.2608695652173913,True,True,3.2338941000052728,4.571902700001374,,,,,question+passage,"심화 1팀 1차 회귀분석에 대해 비유는 흩어진 점 사이에 길을 그어 보는 일이라고, 활용은 예측 경향을 설명할 때 쓴다고 설명했습니다.","심화 1팀 1차 회귀분석 설명 중 비유와 활용에 해당하는 내용만 설명하라면 데이터 분석의 방향과 결과에 영향을 줌으로써 설명하는 것이라고, 비유를 추월하는 논리라고, 그리고 활용이 예측 경향을 설명할 때 쓴다고 설명했습니다."
dataset_ko_184_final,entity_simple_hard_test_art_history_00115:final:0,entity_simple_hard_test_art_history_00115,entity_simple_hard_test_art_history_00115,True,same_source_sibling_facts,1,4,23,20,파일럿 B반 2차 르네상스 설명 중 핵심 특징과 목적에 해당하는 내용만 답해줘.,"파일럿 B반 2차 르네상스에 대해 핵심 특징은 인문주의라고, 그리고 목적은 사람의 가치를 드러내는 것이라고 설명했습니다.",True,,,,,False,False,0.8571428571428571,0.611111111111111,0.42857142857142855,0.3055555555555555,True,True,3.6365156000247225,3.8056073000188917,,,,,question+passage,"파일럿 B반 2차 르네상스에 대해 핵심 특징은 인문주의라고, 목적은 사람의 가치를 드러내는 것이라고, 그리고 비교 포인트는 절대왕정 중심 설명과 다르다고 설명했습니다.","파일럿 B반 2차 르네상스에 대해 핵심 특징은 인문주의적인 멋을 강조하는 것이라고, 핵심 특징을 강조하는 것이라고, 그리고 학문의 가치는 인문주의적인 멋이라고 설명했습니다."
dataset_ko_185_final,entity_simple_hard_test_dessert_00264:final:0,entity_simple_hard_test_dessert_00264,entity_simple_hard_test_dessert_00264,True,same_source_sibling_facts,1,4,23,20,캡스톤 3팀 3차 초콜렛 설명에서 특징과 맛만 알려줘.,"캡스톤 3팀 3차 초콜렛에 대해 특징은 입안에서 천천히 녹는다고, 그리고 맛은 달콤하다고 설명했습니다.",True,,,,,False,False,0.9285714285714286,0.9285714285714286,0.4642857142857143,0.4642857142857143,True,True,3.091231099970173,3.0437580999569036,,,,,tie,"캡스톤 3팀 3차 초콜렛 설명에 대해 특징은 입안에서 천천히 녹는다고, 색깔은 검정색이라고, 그리고 맛은 달콤하다고 설명했습니다.","캡스톤 3팀 3차 초콜렛에 대해 특징은 입안에서 천천히 녹는다고, 맛은 달콤하다고, 그리고 색깔은 검정색이라고 설명했습니다."
dataset_ko_186_final,entity_simple_hard_test_statistics_00095:final:0,entity_simple_hard_test_statistics_00095,entity_simple_hard_test_statistics_00095,True,same_source_sibling_facts,1,4,23,20,파일럿 오후반 1차 회귀분석 설명 중 활용과 비유에 해당하는 내용만 답해줘.,"파일럿 오후반 1차 회귀분석에 대해 활용은 예측 경향을 설명할 때 쓴다고, 그리고 비유는 흩어진 점 사이에 길을 그어 보는 일이라고 설명했습니다.",True,,,,,False,False,0.8837209302325582,0.6500000000000001,0.4418604651162791,0.32500000000000007,True,True,4.386736699962057,3.5218652000185102,,,,,question+passage,"파일럿 오후반 1차 회귀분석 설명에 대해 비유는 흩어진 점 사이에 길을 그어 보는 일이라고, 주의점은 모든 원인을 증명하지는 않는다고, 그리고 활용은 예측 경향을 설명할 때 쓴다고 설명했습니다.","파일럿 오후반 1차 회귀분석 설명에 대해 활용은 예측 경향을 설명할 때 쓴다고, 비유는 돌을 날리는 방식을 비유라고, 그리고 중간에 있는 수렴 개념이라고 설명했습니다."
dataset_ko_187_final,entity_simple_hard_test_os_concept_00270:final:0,entity_simple_hard_test_os_concept_00270,entity_simple_hard_test_os_concept_00270,True,same_source_sibling_facts,1,4,23,20,교수님이 봄 4팀 3차 캐시의 주의점과 비유를 어떻게 말했어?,"봄 4팀 3차 캐시에 대해 주의점은 오래된 정보가 남을 수 있다고, 그리고 비유는 책상 위에 올려둔 책이라고 설명했습니다.",True,,,,,False,False,0.5454545454545454,0.7894736842105263,0.2727272727272727,0.39473684210526316,True,True,5.254537400032859,4.474816000030842,,,,,passage-only,"봄 4팀 3차 캐시에 대해 비유는 메모리가 빠르게 사용되는 책상이란다. 주의점은 오래된 정보가 남을 수 있다고, 역할은 자주 쓰는 정보를 가까이 둔다고, 그리고 비유는 특정 �捷일은 서버가 멱등하게 만든다고 설명했습니다.","교수님이 봄 4팀 3차 캐시를 빠르게 만든다고, 주의점은 오래된 정보가 남을 수 있다고, 비유는 책상 위에 올려둔 책이라고, 그리고 그意义는 반복 접근을 빠르게 만든다고 설명했습니다."
dataset_ko_188_final,entity_simple_hard_test_dessert_00072:final:0,entity_simple_hard_test_dessert_00072,entity_simple_hard_test_dessert_00072,True,same_source_sibling_facts,1,4,23,20,가을 4팀 1차 초콜렛 설명에서 특징과 맛만 알려줘.,"가을 4팀 1차 초콜렛에 대해 특징은 입안에서 천천히 녹는다고, 그리고 맛은 달콤하다고 설명했습니다.",True,,,,,False,False,0.9285714285714286,0.9285714285714286,0.4642857142857143,0.4642857142857143,True,True,3.005743000016082,3.0091739000054076,,,,,tie,"가을 4팀 1차 초콜렛 설명에 대해 특징은 입안에서 천천히 녹는다고, 색깔은 검정색이라고, 그리고 맛은 달콤하다고 설명했습니다.","가을 4팀 1차 초콜렛에 대해 특징은 입안에서 천천히 녹는다고, 색깔은 검정색이라고, 그리고 맛은 달콤하다고 설명했습니다."
dataset_ko_189_final,entity_simple_hard_test_statistics_00284:final:0,entity_simple_hard_test_statistics_00284,entity_simple_hard_test_statistics_00284,True,same_source_sibling_facts,1,4,23,20,캡스톤 오전반 3차 표본분산 설명에서 활용과 비유만 알려줘.,"캡스톤 오전반 3차 표본분산에 대해 활용은 데이터 변동성을 볼 때 쓴다고, 그리고 비유는 점들이 얼마나 퍼졌는지 보는 자라고 설명했습니다.",True,,,,,False,False,0.7234042553191489,0.5161290322580646,0.36170212765957444,0.2580645161290323,True,False,5.432141900004353,3.3046622999827377,,,,,question+passage,"캡스톤 오전반 3차 표본분산에 대해 비유는 점들이 얼마나 퍼졌는지 보는 자를 퍼진ness를 설명하는 said, 비유는 점들이 얼마나 흩어졌는지 보는 자라고, 주의점은 순위 정렬과 다르다고, 그리고 활용은 데이터 변동성을 볼 때 쓴다고 설명했습니다.","캡스톤 오전반 3차 표본분산 설명에 대해 활용은 데이터의 흩어짐을 측정时만 중요하고, 비유는石头比喻区别套用给 thinker 왜 중요할까 설명했다."
dataset_ko_190_final,entity_simple_hard_test_project_00158:final:0,entity_simple_hard_test_project_00158,entity_simple_hard_test_project_00158,True,same_source_sibling_facts,1,4,23,20,교수님이 실습 2팀 2차 AI 모델 평가의 확인 기준과 담당을 어떻게 말했어?,"실습 2팀 2차 AI 모델 평가에 대해 확인 기준은 정답률이라고, 그리고 담당은 AI 파트라고 설명했습니다.",True,,,,,False,False,0.8235294117647058,0.8,0.4117647058823529,0.4,True,True,3.163360600010492,2.8646320999832824,,,,,tie,"교수님과 실습 2팀 2차 AI 모델 평가의 확인 기준은 정답률이라고, 담당은 AI 파트라고, 그리고 마감은 금요일 자정 전이라고 설명했습니다.","실습 2팀 2차 AI 모델 평가에 대해 확인 기준은 정답률이라고, 담당은 Machine Learning Team이라고, 그리고 전달 방식은 AI Toolroom이라고 설명했습니다."
dataset_ko_191_final,entity_simple_hard_test_project_00183:final:0,entity_simple_hard_test_project_00183,entity_simple_hard_test_project_00183,True,same_source_sibling_facts,1,4,23,20,겨울 오전반 2차 프론트엔드 점검 설명 중 공유 위치와 마감에 해당하는 내용만 답해줘.,"겨울 오전반 2차 프론트엔드 점검에 대해 공유 위치는 프로젝트 슬랙 채널이라고, 그리고 마감은 다음 달 첫째 주 화요일이라고 설명했습니다.",True,,,,,False,False,0.9696969696969697,0.4390243902439025,0.48484848484848486,0.21951219512195125,True,False,3.293792599986773,3.8183205000241287,,,,,question+passage,"겨울 오전반 2차 프론트엔드 점검 설명에 대해 공유 위치는 프로젝트 슬랙 채널이라고, 마감은 다음 달 첫째 주 화요일이라고 설명했습니다.","겨울 오전반 2차 프론트엔드 점검에 대해 공유 책임이 동부 시간대와 명시적 오류라고, 확인 기준이 성능 분석과 관련된 place holder URL이라고, 그리고 доступ控制와 담당 역할이라고 설명했습니다."
dataset_ko_192_final,entity_simple_hard_test_statistics_00308:final:0,entity_simple_hard_test_statistics_00308,entity_simple_hard_test_statistics_00308,True,same_source_sibling_facts,1,4,23,20,실습 A반 4차 표본분산 설명에서 의미와 주의점만 알려줘.,"실습 A반 4차 표본분산에 대해 의미는 흩어짐 측정이라고, 그리고 주의점은 순위 정렬과 다르다고 설명했습니다.",True,,,,,False,False,0.8750000000000001,0.8750000000000001,0.43750000000000006,0.43750000000000006,True,True,3.3604035999742337,3.4678321000537835,,,,,tie,"실습 A반 4차 표본분산에 대해 주의점은 순위 정렬과 다르다고, 활용은 데이터 변동성을 볼 때 쓴다고, 그리고 의미는 흩어짐 측정이라고 설명했습니다.","실습 A반 4차 표본분산 설명에 대해 의미는 흩어짐 측정이라고, 주의점은 순위 정렬과 다르다고, 그리고 활용은 데이터의 흩어짐 측정이라고 설명했습니다."
dataset_ko_193_final,entity_simple_hard_test_os_concept_00103:final:0,entity_simple_hard_test_os_concept_00103,entity_simple_hard_test_os_concept_00103,True,same_source_sibling_facts,1,4,23,20,겨울 A반 2차 큐 설명 중 역할과 장점에 해당하는 내용만 답해줘.,"겨울 A반 2차 큐에 대해 역할은 작업을 순서대로 기다리게 한다고, 그리고 장점은 처리 순서를 명확하게 만든다고 설명했습니다.",True,,,,,False,False,0.8717948717948718,0.8717948717948718,0.4358974358974359,0.4358974358974359,True,True,3.5272766999551095,3.7258584000519477,,,,,tie,"겨울 A반 2차 큐에 대해 장점은 처리 순서를 명확하게 만든다고, 역할은 작업을 순서대로 기다리게 한다고, 그리고 주의점은 대기 시간이 길어질 수 있다고 설명했습니다.","겨울 A반 2차 큐에 대해 역할은 작업을 순서대로 기다리게 한다고, 장점은 처리 순서를 명확하게 만든다고, 그리고 비유는 번호표를 뽑고 기다리는 줄이라고 설명했습니다."
dataset_ko_194_final,entity_simple_hard_test_marketing_00082:final:0,entity_simple_hard_test_marketing_00082,entity_simple_hard_test_marketing_00082,True,same_source_sibling_facts,1,4,23,20,교수님이 가을 오전반 1차 스터디 모집의 보상과 대상을 어떻게 말했어?,"가을 오전반 1차 스터디 모집에 대해 보상은 우선 신청권이라고, 그리고 대상은 스터디 신청자라고 설명했습니다.",True,,,,,False,False,0.8484848484848484,0.7222222222222223,0.4242424242424242,0.36111111111111116,True,True,3.3929880000068806,3.6586277000023983,,,,,question+passage,"교수님이 가을 오전반 1차 스터디 모집에 대해 보상은 우선 신청권이라고, 핵심 채널은 학과 홈페이지라고, 그리고 대상은 스터디 신청자라고 설명했습니다.","교수님 가을 오전반 1차 스터디 모집에 대해 보상은 우선 신청권이라고, 대상은 성과 지표가 아니라고, 그리고 확인 방법은 핵심 채널이 스터디 게시판이라고 설명했습니다."
dataset_ko_195_final,entity_simple_hard_test_art_history_00376:final:0,entity_simple_hard_test_art_history_00376,entity_simple_hard_test_art_history_00376,True,same_source_sibling_facts,1,4,23,20,정규 4팀 4차 바로크 설명에서 비교 포인트와 비유만 알려줘.,"정규 4팀 4차 바로크에 대해 비교 포인트는 평면적 구도와 구분된다고, 그리고 비유는 무대 조명이 한 장면을 강조하는 방식이라고 설명했습니다.",True,,,,,False,False,0.878048780487805,0.8181818181818181,0.4390243902439025,0.40909090909090906,True,True,3.899653300002683,4.705226499994751,,,,,question+passage,"정규 4팀 4차 바로크에 대해 비교 포인트는 평면적 구도와 구분된다고, 비유는 무대 조명이 한 장면을 강조하는 방식이라고, 그리고 목적은 감정을 강하게 전달하는 것이라고 설명했습니다.","정규 4팀 4차 바로크에 대해 비교 포인트는 평면적 구도와 구분된다고, 비유는 무대 조명이 한 장면을 강조하는 방식이라고, 그리고 핵심 특징은 극적 명암 contrast_in_black_and_white.html 에 비유가 가는 방식이라고 설명했습니다."
dataset_ko_196_final,entity_simple_hard_test_os_concept_00196:final:0,entity_simple_hard_test_os_concept_00196,entity_simple_hard_test_os_concept_00196,True,same_source_sibling_facts,1,4,23,20,정규 오후반 2차 프로세스 설명에서 역할과 장점만 알려줘.,"정규 오후반 2차 프로세스에 대해 역할은 독립된 실행 공간을 가진다고, 그리고 장점은 서로 영향을 줄이는 데 도움이 된다고 설명했습니다.",True,,,,,False,False,0.923076923076923,0.923076923076923,0.4615384615384615,0.4615384615384615,True,True,3.7650222000083886,3.7096762000001036,,,,,tie,"정규 오후반 2차 프로세스 설명에 대해 장점은 서로 영향을 줄이는 데 도움이 된다고, 역할은 독립된 실행 공간을 가진다고, 그리고 비유는 독립된 식당이라고 설명했습니다.","정규 오후반 2차 프로세스에 대해 역할은 독립된 실행 공간을 가진다고, 비유는 독립된 식당이라고, 그리고 장점은 서로 영향을 줄이는 데 도움이 된다고 설명했습니다."
dataset_ko_197_final,entity_simple_hard_test_dessert_00026:final:0,entity_simple_hard_test_dessert_00026,entity_simple_hard_test_dessert_00026,True,same_source_sibling_facts,1,4,23,20,교수님이 정규 C반 1차 마카롱의 맛과 특징을 어떻게 말했어?,"정규 C반 1차 마카롱에 대해 맛은 부드럽고 진하다고, 그리고 특징은 겉은 바삭하고 속은 촉촉하다고 설명했습니다.",True,,,,,False,False,0.5,0.56,0.25,0.28,True,False,3.0459502999437973,2.0353749000350945,,,,,passage-only,"교수님은 마카롱에 대해 색깔은 알록달록하다고, 맛은 부드럽고 진하다고, 그리고 퍼블릭데일iness는 특별한 특징이라고 설명했습니다.",교수님이 정규 C반 1차 마카롱의 맛과 특징을 광택있고 진하다고 설명했습니다.
dataset_ko_198_final,entity_simple_hard_test_art_history_00352:final:0,entity_simple_hard_test_art_history_00352,entity_simple_hard_test_art_history_00352,True,same_source_sibling_facts,1,4,23,20,가을 2팀 4차 바로크 설명에서 목적과 핵심 특징만 알려줘.,"가을 2팀 4차 바로크에 대해 목적은 감정을 강하게 전달하는 것이라고, 그리고 핵심 특징은 극적 명암이라고 설명했습니다.",True,,,,,False,False,0.8421052631578948,0.5116279069767441,0.4210526315789474,0.25581395348837205,True,False,3.6694722999818623,4.225808399962261,,,,,question+passage,"가을 2팀 4차 바로크에 대해 핵심 특징은 극적 명암이라고, 비유는 무대 조명이 한 장면을 강조하는 방식이라고, 그리고 목적은 감정을 강하게 전달하는 것이라고 설명했습니다.","가을 2팀 4차 바로크에 대해 목적은 기본 개념이 한 방을 설명하는 것과 분명하지 않은 것에相近하다는 의미라고, 핵심 특징은 실수하는 방식이라고, 그리고 핵심 차별화 포인트는 극적 환경이라고 설명했습니다."
dataset_ko_199_final,entity_simple_hard_test_dessert_00146:final:0,entity_simple_hard_test_dessert_00146,entity_simple_hard_test_dessert_00146,True,same_source_sibling_facts,1,4,23,20,교수님이 정규 1팀 2차 마카롱의 비유와 색깔을 어떻게 말했어?,"정규 1팀 2차 마카롱에 대해 비유는 작은 보석 상자라고, 그리고 색깔은 알록달록하다고 설명했습니다.",True,,,,,False,False,0.7142857142857142,0.6428571428571429,0.3571428571428571,0.32142857142857145,True,False,2.954144500021357,2.9031404000124894,,,,,question+passage,"교수님이 정규 1팀 2차 마카롱의 비유는 작은 보석 상자라고, 색깔은 겉은 바삭하고 속은 촉촉하다고 설명했습니다.","professor이 정규 1팀 2차 마카롱의 비유에 대해 비유가 단一味 색깔이 영elicent이라고, 그리고 그 맛이 부드럽고 진하다고 설명했습니다."
dataset_ko_200_final,entity_simple_hard_test_art_history_00304:final:0,entity_simple_hard_test_art_history_00304,entity_simple_hard_test_art_history_00304,True,same_source_sibling_facts,1,4,23,20,캡스톤 A반 4차 바로크 설명에서 핵심 특징과 목적만 알려줘.,"캡스톤 A반 4차 바로크에 대해 핵심 특징은 극적 명암이라고, 그리고 목적은 감정을 강하게 전달하는 것이라고 설명했습니다.",True,,,,,False,False,0.8421052631578948,0.3703703703703703,0.4210526315789474,0.18518518518518515,True,False,3.649920600000769,1.9230586999910884,,,,,question+passage,"캡스톤 A반 4차 바로크에 대해 핵심 특징은 극적 명암이라고, 비유는 무대 조명이 한 장면을 강조하는 방식이라고, 그리고 목적은 감정을 강하게 전달하는 것이라고 설명했습니다.",캡스톤 A반 4차 바로크 설명만 해주는 단락은 정체된 이미지를 강조하는 곳이라고 설명했습니다.
dataset_ko_201_final,entity_simple_hard_test_os_concept_00124:final:0,entity_simple_hard_test_os_concept_00124,entity_simple_hard_test_os_concept_00124,True,same_source_sibling_facts,1,4,23,20,캡스톤 C반 2차 프로세스 설명에서 비유와 주의점만 알려줘.,"캡스톤 C반 2차 프로세스에 대해 비유는 독립된 식당이라고, 그리고 주의점은 자원을 너무 많이 쓰면 느려질 수 있다고 설명했습니다.",True,,,,,False,False,0.9189189189189189,0.8947368421052632,0.45945945945945943,0.4473684210526316,True,True,3.65972110000439,3.5961840000236407,,,,,tie,"캡스톤 C반 2차 프로세스 설명에 대해 비유는 독립된 식당이라고, 주의점은 자원을 너무 많이 쓰면 느려질 수 있다고, 그리고 역할은 독립된 식당이라고 설명했습니다.","캡스톤 C반 2차 프로세스에 대해 비유는 독립된 식당이라고, 주의점은 자원을 너무 많이 쓰면 느려질 수 있다고, 그리고 역할은 독립된 JFrame 객체라고 설명했습니다."
dataset_ko_202_final,entity_simple_hard_test_marketing_00297:final:0,entity_simple_hard_test_marketing_00297,entity_simple_hard_test_marketing_00297,True,same_source_sibling_facts,1,4,23,20,심화 오후반 3차 동아리 홍보에서 핵심 채널과 성과 지표를 함께 정리해줘.,"심화 오후반 3차 동아리 홍보에 대해 핵심 채널은 오픈채팅방이라고, 그리고 성과 지표는 참여율이라고 설명했습니다.",True,,,,,False,False,0.962962962962963,0.7096774193548386,0.4814814814814815,0.3548387096774193,True,True,2.642382699996233,3.0186624999623746,,,,,question+passage,"심화 오후반 3차 동아리 홍보에 대해 핵심 채널은 오픈채팅방이라고, 성과 지표는 참여율이라고 설명했습니다.","심화 오후반 3차 동아리 홍보에 대해 핵심 채널은 게시판과 메일 리스트라고, 성과 지표는 참여율과 성과 지표라고 설명했습니다."
dataset_ko_203_final,entity_simple_hard_test_dessert_00363:final:0,entity_simple_hard_test_dessert_00363,entity_simple_hard_test_dessert_00363,True,same_source_sibling_facts,1,4,23,20,겨울 3팀 4차 브라우니 설명 중 특징과 맛에 해당하는 내용만 답해줘.,"겨울 3팀 4차 브라우니에 대해 특징은 속이 촉촉하게 남는다고, 그리고 맛은 묵직하게 달콤하다고 설명했습니다.",True,,,,,False,False,0.9032258064516129,0.962962962962963,0.45161290322580644,0.4814814814814815,True,True,3.4159154999651946,2.8603682999964803,,,,,passage-only,"겨울 3팀 4차 브라우니에 대해 특징은 속이 촉촉하게 남는다고, 맛은 묵직하게 달콤하다고, 그리고 사진은 진한 갈색이라고 설명했습니다.","겨울 3팀 4차 브라우니에 대해 특징은 속이 촉촉하게 남는다고, 맛은 묵직하게 달콤하다고 설명했습니다."
dataset_ko_204_final,entity_simple_hard_test_art_history_00089:final:0,entity_simple_hard_test_art_history_00089,entity_simple_hard_test_art_history_00089,True,same_source_sibling_facts,1,4,23,20,세미나 오전반 1차 입체주의에서 비교 포인트와 비유를 함께 정리해줘.,"세미나 오전반 1차 입체주의에 대해 비교 포인트는 단일 원근과 다르다고, 그리고 비유는 여러 방향에서 본 사물을 한 화면에 놓는 방식이라고 설명했습니다.",True,,,,,False,False,0.8837209302325582,0.7804878048780488,0.4418604651162791,0.3902439024390244,True,True,4.001905600016471,3.3585123000084423,,,,,question+passage,"세미나 오전반 1차 입체주의에 대해 비유는 여러 방향에서 본 사물을 한 화면에 놓는 방식이라고, 목적은 대상을 새롭게 해석하는 것이라고, 그리고 비교 포인트는 단일 원근과 다르다고 설명했습니다.","세미나 오전반 1차 입체주의에 대해 비교 포인트는 단일 원근과 다르다고, 핵심 특징은 여러 시점이라고, 그리고 비유는 여러 방향으로 보는 사물을 의미한다고 설명했습니다."
dataset_ko_205_final,entity_simple_hard_test_art_history_00114:final:0,entity_simple_hard_test_art_history_00114,entity_simple_hard_test_art_history_00114,True,same_source_sibling_facts,1,4,23,20,교수님이 캡스톤 B반 2차 인상주의의 핵심 특징과 목적을 어떻게 말했어?,"캡스톤 B반 2차 인상주의에 대해 핵심 특징은 빛의 순간적인 인상이라고, 그리고 목적은 관찰 순간을 살리는 것이라고 설명했습니다.",True,,,,,False,False,0.9411764705882353,0.37837837837837834,0.47058823529411764,0.18918918918918917,True,False,2.918588800006546,2.7773344999877736,,,,,question+passage,"교수님이 캡스톤 B반 2차 인상주의에 대해 핵심 특징은 빛의 순간적인 인상이라고, 목적은 관찰 순간을 살리는 것이라고 설명했습니다.",교수님이 캡스톤 B반 2차 인상주의의 핵심 특징을 관찰과 부드러운 전가와 describes its emphasis on close and gentle presentation of ideas.
dataset_ko_206_final,entity_simple_hard_test_marketing_00154:final:0,entity_simple_hard_test_marketing_00154,entity_simple_hard_test_marketing_00154,True,same_source_sibling_facts,1,4,23,20,교수님이 캡스톤 2팀 2차 스터디 모집의 성과 지표와 핵심 채널을 어떻게 말했어?,"캡스톤 2팀 2차 스터디 모집에 대해 성과 지표는 완료율이라고, 그리고 핵심 채널은 학과 홈페이지라고 설명했습니다.",True,,,,,False,False,0.7222222222222222,0.7777777777777778,0.3611111111111111,0.3888888888888889,True,True,3.9104335999581963,3.8849964999826625,,,,,passage-only,"교수님이 캡스톤 2팀 2차 스터디 모집의 성과 지표를 중요 채널은 학과 홈페이지라고, 보상은 우선 신청권이라고, 그리고 핵심 채널은 학과 홈페이지라고 설명했습니다.","교수님의 캡스톤 2팀 2차 스터디 모집의 성과 지표에 대해 성과 지표는 재방문율이라고, 핵심 채널은 학과 홈페이지라고, 그리고 보상은 우선 신청권이라고 설명했습니다."
dataset_ko_207_final,entity_simple_hard_test_dessert_00218:final:0,entity_simple_hard_test_dessert_00218,entity_simple_hard_test_dessert_00218,True,same_source_sibling_facts,1,4,23,20,교수님이 실습 B반 3차 마카롱의 맛과 특징을 어떻게 말했어?,"실습 B반 3차 마카롱에 대해 맛은 부드럽고 진하다고, 그리고 특징은 겉은 바삭하고 속은 촉촉하다고 설명했습니다.",True,,,,,False,False,0.9090909090909091,0.8333333333333333,0.45454545454545453,0.41666666666666663,True,True,3.5224686000146903,3.7144275999744423,,,,,question+passage,"교수님이 실습 B반 3차 마카롱에 대해 색깔은 알록달록하다고, 맛은 부드럽고 진하다고, 그리고 특징은 겉은 바삭하고 속은 촉촉하다고 설명했습니다.","실습 B반 3차 마카롱의 맛과 특징에 대해 맛은 부드럽고 진하다고, 비유는 작은 보석 상자라고, 그리고 특징은 겉은 바삭하고 속은 촉촉하다고 설명했습니다."
dataset_ko_208_final,entity_simple_hard_test_os_concept_00053:final:0,entity_simple_hard_test_os_concept_00053,entity_simple_hard_test_os_concept_00053,True,same_source_sibling_facts,1,4,23,20,겨울 2팀 1차 스레드에서 장점과 역할을 함께 정리해줘.,"겨울 2팀 1차 스레드에 대해 장점은 작업을 가볍게 나눌 수 있다고, 그리고 역할은 프로세스 안에서 작업을 나누어 실행한다고 설명했습니다.",True,,,,,False,False,0.717948717948718,0.8205128205128205,0.358974358974359,0.41025641025641024,True,True,3.316321699996479,3.397567300009541,,,,,passage-only,"겨울 2팀 1차 스레드에 대해 장점은 작업을 가볍게 나눌 수 있다고, 역할은 프로세스 중에 사용할 수 있다고, 그리고 보안을 가볍게 나눌 수 있다고 설명했습니다.","겨울 2팀 1차 스레드에 대해 장점은 작업을 가볍게 나눌 수 있다고, 역할은 프로세스를 나누어 실행한다고, 그리고 겂은 저장을 가속화가 되지 않는다고 설명했습니다."
dataset_ko_209_final,entity_simple_hard_test_project_00084:final:0,entity_simple_hard_test_project_00084,entity_simple_hard_test_project_00084,True,same_source_sibling_facts,1,4,23,20,캡스톤 오전반 1차 최종 발표 설명에서 공유 위치와 마감만 알려줘.,"캡스톤 오전반 1차 최종 발표에 대해 공유 위치는 팀 노션 페이지라고, 그리고 마감은 다음 주 월요일 밤이라고 설명했습니다.",True,,,,,False,False,0.967741935483871,0.967741935483871,0.4838709677419355,0.4838709677419355,True,True,2.4613962000003085,2.4033972999895923,,,,,tie,"캡스톤 오전반 1차 최종 발표에 대해 공유 위치는 팀 노션 페이지라고, 마감은 다음 주 월요일 밤이라고 설명했습니다.","캡스톤 오전반 1차 최종 발표 설명에 대해 공유 위치는 노션 페이지라고, 마감은 다음 주 월요일 밤이라고 설명했습니다."
dataset_ko_210_final,entity_simple_hard_test_dessert_00024:final:0,entity_simple_hard_test_dessert_00024,entity_simple_hard_test_dessert_00024,True,same_source_sibling_facts,1,4,23,20,캡스톤 C반 1차 초콜렛 설명에서 맛과 특징만 알려줘.,"캡스톤 C반 1차 초콜렛에 대해 맛은 달콤하다고, 그리고 특징은 입안에서 천천히 녹는다고 설명했습니다.",True,,,,,False,False,0.9285714285714286,0.9285714285714286,0.4642857142857143,0.4642857142857143,True,True,3.07281659997534,3.070595199998934,,,,,tie,"캡스톤 C반 1차 초콜렛 설명에 대해 맛은 달콤하다고, 특징은 입안에서 천천히 녹는다고, 그리고 색깔은 검정색이라고 설명했습니다.","캡스톤 C반 1차 초콜렛 설명에 대해 맛은 달콤하다고, 특징은 입안에서 천천히 녹는다고, 그리고 색깔은 검정색이라고 설명했습니다."
dataset_ko_211_final,entity_simple_hard_test_art_history_00161:final:0,entity_simple_hard_test_art_history_00161,entity_simple_hard_test_art_history_00161,True,same_source_sibling_facts,1,4,23,20,여름 3팀 2차 입체주의에서 목적과 핵심 특징을 함께 정리해줘.,"여름 3팀 2차 입체주의에 대해 목적은 대상을 새롭게 해석하는 것이라고, 그리고 핵심 특징은 여러 시점이라고 설명했습니다.",True,,,,,False,False,0.8205128205128205,0.6666666666666665,0.41025641025641024,0.33333333333333326,True,True,3.8327732000034302,2.933803399966564,,,,,question+passage,"여름 3팀 2차 입체주의에 대해 핵심 특징은 여러 시점이라고, 비유는 여러 방향에서 본 사물을 한 화면에 놓는 방식이라고, 그리고 목적은 대상을 새롭게 해석하는 것이라고 설명했습니다.","여름 3팀 2차 입체주의에 대해 목적은 행동을 수정하는 기본 새 개념이라고, 핵심 특징은 여러 시점이라고, 그리고 구분은 현재 원근과 다르다고 설명했습니다."
dataset_ko_212_final,entity_simple_hard_test_marketing_00033:final:0,entity_simple_hard_test_marketing_00033,entity_simple_hard_test_marketing_00033,True,same_source_sibling_facts,1,4,23,20,겨울 D반 1차 동아리 홍보에서 대상과 보상을 함께 정리해줘.,"겨울 D반 1차 동아리 홍보에 대해 대상은 동아리 회원이라고, 그리고 보상은 굿즈 추첨권이라고 설명했습니다.",True,,,,,False,False,0.962962962962963,0.6666666666666667,0.4814814814814815,0.33333333333333337,True,True,2.268878000031691,3.427232299989555,,,,,question+passage,"겨울 D반 1차 동아리 홍보에 대해 대상은 동아리 회원이라고, 보상은 굿즈 추첨권이라고 설명했습니다.","겨울 D반 1차 동아리 홍보에 대해 대상은 동아리 회원이라고, 보상은 쿨한 카약이라고, 조건은 우선 순위가 높은 학점 보상이라고 설명했습니다."
dataset_ko_213_final,entity_simple_hard_test_art_history_00043:final:0,entity_simple_hard_test_art_history_00043,entity_simple_hard_test_art_history_00043,True,same_source_sibling_facts,1,4,23,20,겨울 1팀 1차 르네상스 설명 중 비유와 비교 포인트에 해당하는 내용만 답해줘.,"겨울 1팀 1차 르네상스에 대해 비유는 사람을 화면 중앙에 다시 세우는 방식이라고, 그리고 비교 포인트는 절대왕정 중심 설명과 다르다고 설명했습니다.",True,,,,,False,False,0.8837209302325582,0.717948717948718,0.4418604651162791,0.358974358974359,True,True,4.1546392000163905,3.759320300014224,,,,,question+passage,"겨울 1팀 1차 르네상스에 대해 비유는 사람을 화면 중앙에 다시 세우는 방식이라고, 목적은 사람의 가치를 드러내는 것이라고, 그리고 비교 포인트는 절대왕정 중심 설명과 다르다고 설명했습니다.","겨울 1팀 1차 르네상스에 대해 비유는 사람을 화면 중앙에 다시 세우는 방식이라고, 비유atype은 인문주의라고, 그리고 설명은 사람의 가치를 드러내는 것이라고 설명했습니다."
dataset_ko_214_final,entity_simple_hard_test_marketing_00394:final:0,entity_simple_hard_test_marketing_00394,entity_simple_hard_test_marketing_00394,True,same_source_sibling_facts,1,4,23,20,교수님이 캡스톤 오후반 4차 스터디 모집의 핵심 채널과 성과 지표를 어떻게 말했어?,"캡스톤 오후반 4차 스터디 모집에 대해 핵심 채널은 학과 홈페이지라고, 그리고 성과 지표는 완료율이라고 설명했습니다.",True,,,,,False,False,0.7096774193548386,0.8823529411764706,0.3548387096774193,0.4411764705882353,True,True,3.3564976999768987,3.6085325999883935,,,,,passage-only,"교수님이 캡스톤 오후반 4차 스터디 모집의 핵심 채널이라고, 성과 지표는 완료율이라고, 그리고 대상은 스터디 신청자라고 설명했습니다.","교수님의 캡스톤 오후반 4차 스터디 모집에 대해 핵심 채널은 학과 홈페이지라고, 성과 지표는 완료율이라고, 그리고 보상은 우선 신청권이라고 설명했습니다."
dataset_ko_215_final,entity_simple_hard_test_statistics_00021:final:0,entity_simple_hard_test_statistics_00021,entity_simple_hard_test_statistics_00021,True,same_source_sibling_facts,1,4,23,20,여름 C반 1차 신뢰구간에서 의미와 주의점을 함께 정리해줘.,"여름 C반 1차 신뢰구간에 대해 의미는 모수 추정 범위라고, 그리고 주의점은 정답 하나를 보장하지 않는다고 설명했습니다.",True,,,,,False,False,0.8205128205128205,0.7692307692307693,0.41025641025641024,0.38461538461538464,True,True,3.6752312000025995,3.893101599998772,,,,,question+passage,"여름 C반 1차 신뢰구간에 대해 주의점은 정답 하나를 보장하지 않는다고, 의미는 모수 추정 범위라고, 그리고 비유는 정답이 있을 법한 범위를 그은 지도라고 설명했습니다.","여름 C반 1차 신뢰구간에 대해 의미는 모수 추정 범위라고, 주의점은 정답이 단 한 개가 아닌 범위라고, 그리고 핵심 목적은 통계적 추정의 정답을 보장하지 않는다고 설명했습니다."
dataset_ko_216_final,entity_simple_hard_test_marketing_00296:final:0,entity_simple_hard_test_marketing_00296,entity_simple_hard_test_marketing_00296,True,same_source_sibling_facts,1,4,23,20,정규 오후반 3차 신입생 캠페인 설명에서 핵심 채널과 성과 지표만 알려줘.,"정규 오후반 3차 신입생 캠페인에 대해 핵심 채널은 인스타그램이라고, 그리고 성과 지표는 전환율이라고 설명했습니다.",True,,,,,False,False,0.7222222222222223,0.896551724137931,0.36111111111111116,0.4482758620689655,True,True,5.167119699995965,3.3060996999847703,,,,,passage-only,"정규 오후반 3차 신입생 캠페인에 대해 핵심 채널은 전환율이라고, 성과 지표는 전환율의 10%가 될 hope는 100개 채널이라고, 그리고 핵심 채널의 컨테이너는 1000개라고 설명했습니다.","정규 오후반 3차 신입생 캠페인 설명에서 핵심 채널은 인스타그램이라고, 성과 지표는 전환율이라고, 그리고 대상은 신입생이라고 설명했습니다."
dataset_ko_217_final,entity_simple_hard_test_marketing_00298:final:0,entity_simple_hard_test_marketing_00298,entity_simple_hard_test_marketing_00298,True,same_source_sibling_facts,1,4,23,20,교수님이 실습 오후반 3차 스터디 모집의 핵심 채널과 성과 지표를 어떻게 말했어?,"실습 오후반 3차 스터디 모집에 대해 핵심 채널은 학과 홈페이지라고, 그리고 성과 지표는 완료율이라고 설명했습니다.",True,,,,,False,False,0.8749999999999999,0.8823529411764706,0.43749999999999994,0.4411764705882353,True,True,3.361661200004164,3.388009599992074,,,,,tie,"교수님이 실습 오후반 3차 스터디 모집의 핵심 채널이라고, 성과 지표는 완료율이라고, 그리고 핵심 채널은 학과 홈페이지라고 설명했습니다.","교수님 실습 오후반 3차 스터디 모집에 대해 핵심 채널은 학과 홈페이지라고, 성과 지표는 완료율이라고, 그리고 보상은 우선 신청권이라고 설명했습니다."
dataset_ko_218_final,entity_simple_hard_test_os_concept_00268:final:0,entity_simple_hard_test_os_concept_00268,entity_simple_hard_test_os_concept_00268,True,same_source_sibling_facts,1,4,23,20,실습 3팀 3차 프로세스 설명에서 주의점과 비유만 알려줘.,"실습 3팀 3차 프로세스에 대해 주의점은 자원을 너무 많이 쓰면 느려질 수 있다고, 그리고 비유는 독립된 식당이라고 설명했습니다.",True,,,,,False,False,0.7804878048780487,0.744186046511628,0.39024390243902435,0.372093023255814,True,True,3.9576656999997795,4.279260499984957,,,,,tie,"실습 3팀 3차 프로세스 설명에 대해 비유는 독립된 실행 공간을 가진다고, 주의점은 자원을 너무 많이 쓰면 느려질 수 있다고, 그리고 역할은 독립된 실행 공간을 가진다고 설명했습니다.","실습 3팀 3차 프로세스에 대해 주의점은 자원을 너무 많이 쓰면 느려질 수 있다고, 비유는 혼자서 집을 관리하면 많이 손상될 수 있다고, 그리고 역할은 독립된 실행 공간을 가진다고 설명했습니다."
dataset_ko_219_final,entity_simple_hard_test_project_00085:final:0,entity_simple_hard_test_project_00085,entity_simple_hard_test_project_00085,True,same_source_sibling_facts,1,4,23,20,파일럿 오전반 1차 백엔드 배포에서 공유 위치와 마감을 함께 정리해줘.,"파일럿 오전반 1차 백엔드 배포에 대해 공유 위치는 깃허브 이슈 탭이라고, 그리고 마감은 수요일 오후 다섯 시라고 설명했습니다.",True,,,,,False,False,0.9714285714285714,0.7317073170731708,0.4857142857142857,0.3658536585365854,True,True,2.826533899991773,3.979572999989614,,,,,question+passage,"파일럿 오전반 1차 백엔드 배포에 대해 공유 위치는 깃허브 이슈 탭이라고, 마감은 수요일 오후 다섯 시라고 설명했습니다.","파일럿 오전반 1차 백엔드 배포에 대해 담당은 백엔드 팀이라고, 마감은 수요일 오후 다섯 시라고, 그리고 공유 위치는 GitHub 输入框 팀원 커맨드 라인 Aliases라고 설명했습니다."
dataset_ko_220_final,entity_simple_hard_test_art_history_00088:final:0,entity_simple_hard_test_art_history_00088,entity_simple_hard_test_art_history_00088,True,same_source_sibling_facts,1,4,23,20,실습 오전반 1차 바로크 설명에서 비교 포인트와 비유만 알려줘.,"실습 오전반 1차 바로크에 대해 비교 포인트는 평면적 구도와 구분된다고, 그리고 비유는 무대 조명이 한 장면을 강조하는 방식이라고 설명했습니다.",True,,,,,False,False,0.6666666666666666,0.878048780487805,0.3333333333333333,0.4390243902439025,True,True,3.672522199980449,4.132887699990533,,,,,passage-only,"실습 오전반 1차 바로크에 대해 비유는 평면적 구도와 구분된다고, 목적은 감정을 강하게 전달하는 것이라고, 그리고 비교 포인트는 평면적 구도과 구분된다고 설명했습니다.","실습 오전반 1차 바로크에 대해 비교 포인트는 평면적 구도와 구분된다고, 비유는 무대 조명이 한 장면을 강조하는 방식이라고, 그리고 핵심 특징은 극적 명암과 구분된다고 설명했습니다."
dataset_ko_221_final,entity_simple_hard_test_art_history_00017:final:0,entity_simple_hard_test_art_history_00017,entity_simple_hard_test_art_history_00017,True,same_source_sibling_facts,1,4,23,20,심화 B반 1차 입체주의에서 핵심 특징과 목적을 함께 정리해줘.,"심화 B반 1차 입체주의에 대해 핵심 특징은 여러 시점이라고, 그리고 목적은 대상을 새롭게 해석하는 것이라고 설명했습니다.",True,,,,,False,False,0.8205128205128205,0.8333333333333334,0.41025641025641024,0.4166666666666667,True,True,3.7672342999721877,2.9373412000131793,,,,,tie,"심화 B반 1차 입체주의에 대해 핵심 특징은 여러 시점이라고, 목적은 대상을 새롭게 해석하는 것이라고, 그리고 비유는 여러 방향에서 본 사물을 한 화면에 놓는 방식이라고 설명했습니다.","심화 B반 1차 입체주의에 대해 핵심 특징은 여러 시점이라고, 목적은 생각을 새롭게 해석하는 것이라고, 그리고 여러 시점이라고 이해하는 것이라고 설명했습니다."
dataset_ko_222_final,entity_simple_hard_test_project_00039:final:0,entity_simple_hard_test_project_00039,entity_simple_hard_test_project_00039,True,same_source_sibling_facts,1,4,23,20,세미나 D반 1차 프론트엔드 점검 설명 중 마감과 공유 위치에 해당하는 내용만 답해줘.,"세미나 D반 1차 프론트엔드 점검에 대해 마감은 다음 달 첫째 주 화요일이라고, 그리고 공유 위치는 프로젝트 슬랙 채널이라고 설명했습니다.",True,,,,,False,False,0.9189189189189189,0.6315789473684211,0.45945945945945943,0.31578947368421056,True,False,4.10754909995012,3.601736000040546,,,,,question+passage,"세미나 D반 1차 프론트엔드 점검 설명에 대해 공유 위치은 프로젝트 슬랙 채널이라고, 담당은 프론트엔드 파트라고, 그리고 마감은 다음 달 첫째 주 화요일이라고 설명했습니다.","세미나 D반 1차 프론트엔드 점검에 대해 마감은 완료된다고, 공유 위치는 협업 보드 프로젝트 링크라고, 그리고 확인 기준은 사용자 차단 여부라고 설명했습니다."
dataset_ko_223_final,entity_simple_hard_test_os_concept_00295:final:0,entity_simple_hard_test_os_concept_00295,entity_simple_hard_test_os_concept_00295,True,same_source_sibling_facts,1,4,23,20,파일럿 오후반 3차 큐 설명 중 역할과 장점에 해당하는 내용만 답해줘.,"파일럿 오후반 3차 큐에 대해 역할은 작업을 순서대로 기다리게 한다고, 그리고 장점은 처리 순서를 명확하게 만든다고 설명했습니다.",True,,,,,False,False,0.8717948717948718,0.8717948717948718,0.4358974358974359,0.4358974358974359,True,True,3.6757423999952152,3.8154415999888442,,,,,tie,"파일럿 오후반 3차 큐에 대해 장점은 처리 순서를 명확하게 만든다고, 역할은 작업을 순서대로 기다리게 한다고, 그리고 주의점은 대기 시간이 길어질 수 있다고 설명했습니다.","파일럿 오후반 3차 큐에 대해 역할은 작업을 순서대로 기다리게 한다고, 장점은 처리 순서를 명확하게 만든다고, 그리고 비유는 번호표를 뽑고 기다리는 줄이라고 설명했습니다."
dataset_ko_224_final,entity_simple_hard_test_os_concept_00223:final:0,entity_simple_hard_test_os_concept_00223,entity_simple_hard_test_os_concept_00223,True,same_source_sibling_facts,1,4,23,20,겨울 C반 3차 큐 설명 중 비유와 주의점에 해당하는 내용만 답해줘.,"겨울 C반 3차 큐에 대해 비유는 번호표를 뽑고 기다리는 줄이라고, 그리고 주의점은 대기 시간이 길어질 수 있다고 설명했습니다.",True,,,,,False,False,0.9696969696969697,0.7222222222222222,0.48484848484848486,0.3611111111111111,True,True,2.857337900029961,3.1693885999848135,,,,,question+passage,"겨울 C반 3차 큐에 대해 비유는 번호표를 뽑고 기다리는 줄이라고, 주의점은 대기 시간이 길어질 수 있다고 설명했습니다.","겨울 C반 3차 큐에 대해 비유는 대기열이라고, 주의점은 대기 시간이 길어질 수 있다고, 그리고 주의점은 대기 시간이 길어질 수 있다고 설명했습니다."
dataset_ko_225_final,entity_simple_hard_test_art_history_00208:final:0,entity_simple_hard_test_art_history_00208,entity_simple_hard_test_art_history_00208,True,same_source_sibling_facts,1,4,23,20,실습 A반 3차 바로크 설명에서 핵심 특징과 목적만 알려줘.,"실습 A반 3차 바로크에 대해 핵심 특징은 극적 명암이라고, 그리고 목적은 감정을 강하게 전달하는 것이라고 설명했습니다.",True,,,,,False,False,0.8421052631578948,0.717948717948718,0.4210526315789474,0.358974358974359,True,True,3.5747093000099994,4.031077699968591,,,,,question+passage,"실습 A반 3차 바로크에 대해 핵심 특징은 극적 명암이라고, 비유는 무대 조명이 한 장면을 강조하는 방식이라고, 그리고 목적은 감정을 강하게 전달하는 것이라고 설명했습니다.","실습 A반 3차 바로크 설명에 대해 핵심 특징은 극적 명암과 구도로 주ployment된다고, 목적은 감정을 극적으로 전달하는 것이라고, 그리고 비교 포인트는 평면적 구도와 구분된다고 설명했습니다."
dataset_ko_226_final,entity_simple_hard_test_marketing_00107:final:0,entity_simple_hard_test_marketing_00107,entity_simple_hard_test_marketing_00107,True,same_source_sibling_facts,1,4,23,20,심화 A반 2차 멘토링 이벤트 설명 중 핵심 채널과 성과 지표에 해당하는 내용만 답해줘.,"심화 A반 2차 멘토링 이벤트에 대해 핵심 채널은 이메일 뉴스레터라고, 그리고 성과 지표는 재방문율이라고 설명했습니다.",True,,,,,False,False,0.9655172413793104,0.8235294117647058,0.4827586206896552,0.4117647058823529,True,True,2.845199700037483,3.701468000013847,,,,,question+passage,"심화 A반 2차 멘토링 이벤트에 대해 핵심 채널은 이메일 뉴스레터라고, 성과 지표는 재방문율이라고 설명했습니다.","심화 A반 2차 멘토링 이벤트에 대해 핵심 채널은 이메일 뉴스레터라고, 성과 지표는 참여율이라고, 그리고 확산 채널은 소셜 미디어라고 설명했습니다."
dataset_ko_227_final,entity_simple_hard_test_marketing_00226:final:0,entity_simple_hard_test_marketing_00226,entity_simple_hard_test_marketing_00226,True,same_source_sibling_facts,1,4,23,20,교수님이 정규 C반 3차 스터디 모집의 대상과 보상을 어떻게 말했어?,"정규 C반 3차 스터디 모집에 대해 대상은 스터디 신청자라고, 그리고 보상은 우선 신청권이라고 설명했습니다.",True,,,,,False,False,0.8484848484848484,0.8,0.4242424242424242,0.4,True,True,3.3706868999870494,3.4655626000021584,,,,,tie,"교수님이 정규 C반 3차 스터디 모집에 대해 대상은 스터디 신청자라고, 보상은 우선 신청권이라고, 그리고 핵심 채널은 학과 홈페이지라고 설명했습니다.","교수님이 정규 C반 3차 스터디 모집에 대해 대상은 스터디 신청자라고, 보상은 우선 신청권이라고, 그리고 선택 구분은 스터디의 다음 과제가 될 것이라고 설명했습니다."
dataset_ko_228_final,entity_simple_hard_test_statistics_00237:final:0,entity_simple_hard_test_statistics_00237,entity_simple_hard_test_statistics_00237,True,same_source_sibling_facts,1,4,23,20,심화 D반 3차 신뢰구간에서 비유와 활용을 함께 정리해줘.,"심화 D반 3차 신뢰구간에 대해 비유는 정답이 있을 법한 범위를 그은 지도라고, 그리고 활용은 추정의 불확실성을 설명할 때 쓴다고 설명했습니다.",True,,,,,False,False,0.9047619047619047,0.8260869565217391,0.45238095238095233,0.41304347826086957,True,True,3.8447712999768555,4.422989699989557,,,,,question+passage,"심화 D반 3차 신뢰구간에 대해 비유는 정답이 있을 법한 범위를 그은 지도라고, 활용은 추정의 불확실성을 설명할 때 쓴다고, 그리고 의미는 모수 추정 범위라고 설명했습니다.","심화 D반 3차 신뢰구간에 대해 비유는 정답이 있을 법한 범위를 그은 지도라고, 활용은 추정의 불확실성을 설명할 때 쓴다고, 그리고 특징은 정답이 없을 때도 그은 선을 놓을 수 있다고 설명했습니다."
dataset_ko_229_final,entity_simple_hard_test_dessert_00123:final:0,entity_simple_hard_test_dessert_00123,entity_simple_hard_test_dessert_00123,True,same_source_sibling_facts,1,4,23,20,겨울 C반 2차 브라우니 설명 중 맛과 특징에 해당하는 내용만 답해줘.,"겨울 C반 2차 브라우니에 대해 맛은 묵직하게 달콤하다고, 그리고 특징은 속이 촉촉하게 남는다고 설명했습니다.",True,,,,,False,False,0.9032258064516129,0.9032258064516129,0.45161290322580644,0.45161290322580644,True,True,3.466091200010851,3.4819504999904893,,,,,tie,"겨울 C반 2차 브라우니에 대해 맛은 묵직하게 달콤하다고, 특징은 속이 촉촉하게 남는다고, 그리고 색깔은 진한 갈색이라고 설명했습니다.","겨울 C반 2차 브라우니에 대해 맛은 묵직하게 달콤하다고, 특징은 속이 촉촉하게 남는다고, 그리고 색깔은 진한 갈색이라고 설명했습니다."
dataset_ko_230_final,entity_simple_hard_test_dessert_00337:final:0,entity_simple_hard_test_dessert_00337,entity_simple_hard_test_dessert_00337,True,same_source_sibling_facts,1,4,23,20,심화 D반 4차 솜사탕에서 비유와 색깔을 함께 정리해줘.,"심화 D반 4차 솜사탕에 대해 비유는 구름 같은 간식이라고, 그리고 색깔은 분홍색이라고 설명했습니다.",True,,,,,False,False,0.896551724137931,0.7096774193548387,0.4482758620689655,0.3548387096774194,True,False,2.9466773999738507,3.228650600009132,,,,,question+passage,"심화 D반 4차 솜사탕에 대해 비유는 구름 같은 간식이라고, 색깔은 분홍색이라고, 그리고 맛은 가볍게 달콤하다고 설명했습니다.","심화 D반 4차 솜사탕에 대해 비유는 아마 구름 같은 이미지라고, 색깔은 분별이 용이할 뿌리금이라고, 그리고 비교가 단 한가지이라고 설명했습니다."
dataset_ko_231_final,entity_simple_hard_test_marketing_00274:final:0,entity_simple_hard_test_marketing_00274,entity_simple_hard_test_marketing_00274,True,same_source_sibling_facts,1,4,23,20,교수님이 캡스톤 4팀 3차 스터디 모집의 보상과 대상을 어떻게 말했어?,"캡스톤 4팀 3차 스터디 모집에 대해 보상은 우선 신청권이라고, 그리고 대상은 스터디 신청자라고 설명했습니다.",True,,,,,False,False,0.8484848484848484,0.75,0.4242424242424242,0.375,True,True,3.5926920999772847,3.0628148000105284,,,,,question+passage,"교수님이 캡스톤 4팀 3차 스터디 모집에 대해 보상은 우선 신청권이라고, 핵심 채널은 학과 홈페이지라고, 그리고 대상은 스터디 신청자라고 설명했습니다.","교수님의 캡스톤 4팀 3차 스터디 모집에 대해 보상은 우선 신청권이라고, 대상은 추천권이라고, 그리고 조건은 새로운 연결渠道이라고 설명했습니다."
dataset_ko_232_final,entity_simple_hard_test_statistics_00212:final:0,entity_simple_hard_test_statistics_00212,entity_simple_hard_test_statistics_00212,True,same_source_sibling_facts,1,4,23,20,가을 B반 3차 표본분산 설명에서 의미와 주의점만 알려줘.,"가을 B반 3차 표본분산에 대해 의미는 흩어짐 측정이라고, 그리고 주의점은 순위 정렬과 다르다고 설명했습니다.",True,,,,,False,False,0.8750000000000001,0.8750000000000001,0.43750000000000006,0.43750000000000006,True,True,3.331497400009539,3.4601504000020213,,,,,tie,"가을 B반 3차 표본분산에 대해 주의점은 순위 정렬과 다르다고, 활용은 데이터 변동성을 볼 때 쓴다고, 그리고 의미는 흩어짐 측정이라고 설명했습니다.","가을 B반 3차 표본분산 설명에 대해 의미는 흩어짐 측정이라고, 주의점은 순위 정렬과 다르다고, 그리고 활용은 데이터의 흩어짐 측정이라고 설명했습니다."
dataset_ko_233_final,entity_simple_hard_test_project_00038:final:0,entity_simple_hard_test_project_00038,entity_simple_hard_test_project_00038,True,same_source_sibling_facts,1,4,23,20,교수님이 실습 D반 1차 AI 모델 평가의 마감과 공유 위치를 어떻게 말했어?,"실습 D반 1차 AI 모델 평가에 대해 마감은 금요일 자정 전이라고, 그리고 공유 위치는 회의록 폴더라고 설명했습니다.",True,,,,,False,False,0.7096774193548386,0.5714285714285715,0.3548387096774193,0.28571428571428575,True,True,2.4676104999962263,2.9140201000263914,,,,,question+passage,"교수님의 공유 위치는 회의록 폴더라고, 담당은 AI 파트라고, 그리고 마감은 금요일 자정 전이라고 설명했습니다.","학년별 실습 평가 기준은 해설이 주로 그래프가 될 것이라고, 마감은 금요일 자정 전이라고, 그리고 공유 위치는 커널 페이지라고 설명했습니다."
dataset_ko_234_final,entity_simple_hard_test_project_00086:final:0,entity_simple_hard_test_project_00086,entity_simple_hard_test_project_00086,True,same_source_sibling_facts,1,4,23,20,교수님이 정규 오전반 1차 AI 모델 평가의 공유 위치와 마감을 어떻게 말했어?,"정규 오전반 1차 AI 모델 평가에 대해 공유 위치는 회의록 폴더라고, 그리고 마감은 금요일 자정 전이라고 설명했습니다.",True,,,,,False,False,0.8947368421052632,0.0,0.4473684210526316,0.0,True,False,3.41205159999663,2.0509779999847524,,,,,question+passage,"교수님의 정규 오전반 1차 AI 모델 평가에 대해 공유 위치은 회의록 폴더라고, 마감은 금요일 자정 전이라고, 그리고 확인 기준은 정답률이라고 설명했습니다.","주간_TA_정리_폴더를 참고하고, 주간_TA_정리_폴더 재방문 경로를 보냅니다었습니다."
dataset_ko_235_final,entity_simple_hard_test_marketing_00009:final:0,entity_simple_hard_test_marketing_00009,entity_simple_hard_test_marketing_00009,True,same_source_sibling_facts,1,4,23,20,세미나 A반 1차 동아리 홍보에서 핵심 채널과 성과 지표를 함께 정리해줘.,"세미나 A반 1차 동아리 홍보에 대해 핵심 채널은 오픈채팅방이라고, 그리고 성과 지표는 참여율이라고 설명했습니다.",True,,,,,False,False,0.962962962962963,0.8387096774193549,0.4814814814814815,0.41935483870967744,True,True,2.624467400019057,3.0883724999730475,,,,,question+passage,"세미나 A반 1차 동아리 홍보에 대해 핵심 채널은 오픈채팅방이라고, 성과 지표는 참여율이라고 설명했습니다.","세미나 A반 1차 동아리 홍보에 대해 핵심 채널은 인스타그램이라고, 성과 지표는 참여율이라고, 그리고 보상은 우선 신청권이라고 설명했습니다."
dataset_ko_236_final,entity_simple_hard_test_project_00180:final:0,entity_simple_hard_test_project_00180,entity_simple_hard_test_project_00180,True,same_source_sibling_facts,1,4,23,20,봄 오전반 2차 최종 발표 설명에서 공유 위치와 마감만 알려줘.,"봄 오전반 2차 최종 발표에 대해 공유 위치는 팀 노션 페이지라고, 그리고 마감은 다음 주 월요일 밤이라고 설명했습니다.",True,,,,,False,False,0.8571428571428571,0.9655172413793104,0.42857142857142855,0.4827586206896552,True,True,3.167434000002686,2.4021048999857157,,,,,passage-only,"봄 오전반 2차 최종 발표에 대해 공유 위치은 팀 노션 페이지라고, 마감은 다음 주 월요일 밤이라고, 그리고 확인 기준은 근거 제시 여부라고 설명했습니다.","봄 오전반 2차 최종 발표 설명에 대해 공유 위치는 팀 노션 페이지라고, 마감은 다음 주 월요일 밤이라고 설명했습니다."
dataset_ko_237_final,entity_simple_hard_test_marketing_00251:final:0,entity_simple_hard_test_marketing_00251,entity_simple_hard_test_marketing_00251,True,same_source_sibling_facts,1,4,23,20,여름 2팀 3차 멘토링 이벤트 설명 중 성과 지표와 핵심 채널에 해당하는 내용만 답해줘.,"여름 2팀 3차 멘토링 이벤트에 대해 성과 지표는 재방문율이라고, 그리고 핵심 채널은 이메일 뉴스레터라고 설명했습니다.",True,,,,,False,False,0.9090909090909091,0.8571428571428571,0.45454545454545453,0.42857142857142855,True,True,3.8193776000407524,4.121009499998763,,,,,question+passage,"여름 2팀 3차 멘토링 이벤트에 대해 핵심 채널은 이메일 뉴스레터라고, 보상은 포인트 500점이라고, 그리고 성과 지표는 재방문율이라고 설명했습니다.","여름 2팀 3차 멘토링 이벤트에 대해 성과 지표는 재방문율이라고, 핵심 채널은 이메일 뉴스레터라고, 그리고 핵심 채널 링크의 이메일 주소라고 설명했습니다."
dataset_ko_238_final,entity_simple_hard_test_project_00325:final:0,entity_simple_hard_test_project_00325,entity_simple_hard_test_project_00325,True,same_source_sibling_facts,1,4,23,20,파일럿 C반 4차 백엔드 배포에서 마감과 공유 위치를 함께 정리해줘.,"파일럿 C반 4차 백엔드 배포에 대해 마감은 수요일 오후 다섯 시라고, 그리고 공유 위치는 깃허브 이슈 탭이라고 설명했습니다.",True,,,,,False,False,0.923076923076923,0.7999999999999999,0.4615384615384615,0.39999999999999997,True,True,3.538919199956581,2.8853668000083417,,,,,question+passage,"파일럿 C반 4차 백엔드 배포에 대해 공유 위치는 깃허브 이슈 탭이라고, 담당은 백엔드 팀이라고, 그리고 마감은 수요일 오후 다섯 시라고 설명했습니다.","파일럿 C반 4차 백엔드 배포에 대해 마감은 수요일 오후 다섯 시라고, 공유 위치는 GitHub 個人 노트book 영역이라고 설명했습니다."
dataset_ko_239_final,entity_simple_hard_test_os_concept_00173:final:0,entity_simple_hard_test_os_concept_00173,entity_simple_hard_test_os_concept_00173,True,same_source_sibling_facts,1,4,23,20,겨울 4팀 2차 스레드에서 주의점과 비유를 함께 정리해줘.,"겨울 4팀 2차 스레드에 대해 주의점은 공유 자원 관리가 필요하다고, 그리고 비유는 같은 식당 안에서 일하는 직원이라고 설명했습니다.",True,,,,,False,False,0.7999999999999999,0.6829268292682927,0.39999999999999997,0.34146341463414637,True,True,3.4940737999859266,4.019317800004501,,,,,question+passage,"겨울 4팀 2차 스레드에 대해 비유는 같은 회사에서 일하는 직원이라고, 장점은 작업을 가볍게 나눌 수 있다고, 그리고 주의점은 공유 자원 관리가 필요하다고 설명했습니다.","겨울 4팀 2차 스레드에 대해 주의점은 공유 자원 관리가 필요하다고, 비유는 동快는 공유 자원을 관리해야 한다고, 그리고 목적은 스레드 안에서 조화를 둘러싼 개념이라고 설명했습니다."
dataset_ko_240_final,entity_simple_hard_test_marketing_00176:final:0,entity_simple_hard_test_marketing_00176,entity_simple_hard_test_marketing_00176,True,same_source_sibling_facts,1,4,23,20,정규 4팀 2차 신입생 캠페인 설명에서 보상과 대상만 알려줘.,"정규 4팀 2차 신입생 캠페인에 대해 보상은 커피 쿠폰이라고, 그리고 대상은 신입생이라고 설명했습니다.",True,,,,,False,False,0.896551724137931,0.7096774193548387,0.4482758620689655,0.3548387096774194,True,True,3.2971233000280336,3.7879316000035033,,,,,question+passage,"정규 4팀 2차 신입생 캠페인에 대해 보상은 커피 쿠폰이라고, 대상은 신입생이라고, 그리고 성과 지표는 전환율이라고 설명했습니다.","정규 4팀 2차 신입생 캠페인에 대해 보상은 e-wallet 쿠폰이라고, 대상은 카드 등장 학생이라고, 그리고 투표 확실성은 0.5라고 설명했습니다."
dataset_ko_241_final,entity_simple_hard_test_statistics_00381:final:0,entity_simple_hard_test_statistics_00381,entity_simple_hard_test_statistics_00381,True,same_source_sibling_facts,1,4,23,20,여름 오전반 4차 신뢰구간에서 활용과 비유를 함께 정리해줘.,"여름 오전반 4차 신뢰구간에 대해 활용은 추정의 불확실성을 설명할 때 쓴다고, 그리고 비유는 정답이 있을 법한 범위를 그은 지도라고 설명했습니다.",True,,,,,False,False,0.8837209302325582,0.6341463414634148,0.4418604651162791,0.3170731707317074,True,True,4.07808579999255,4.15511280001374,,,,,question+passage,"여름 오전반 4차 신뢰구간에 대해 비유는 정답이 있을 법한 범위를 그은 지도라고, 주의점은 정답 하나를 보장하지 않는다고, 그리고 활용은 추정의 불확실성을 설명할 때 쓴다고 설명했습니다.","여름 오전반 4차 신뢰구간에 대해 활용은 추정의 불확실성을 설명할 때 쓴다고, 비유는 숫자가 빠진 도화지라고, 그리고 활용은 모수 추정의 불확실성을 설명할 때 쓴다고 설명했습니다."
dataset_ko_242_final,entity_simple_hard_test_dessert_00027:final:0,entity_simple_hard_test_dessert_00027,entity_simple_hard_test_dessert_00027,True,same_source_sibling_facts,1,4,23,20,심화 C반 1차 브라우니 설명 중 맛과 특징에 해당하는 내용만 답해줘.,"심화 C반 1차 브라우니에 대해 맛은 묵직하게 달콤하다고, 그리고 특징은 속이 촉촉하게 남는다고 설명했습니다.",True,,,,,False,False,0.9032258064516129,0.9032258064516129,0.45161290322580644,0.45161290322580644,True,True,3.506423399958294,3.474371299962513,,,,,tie,"심화 C반 1차 브라우니에 대해 맛은 묵직하게 달콤하다고, 특징은 속이 촉촉하게 남는다고, 그리고 색깔은 진한 갈색이라고 설명했습니다.","심화 C반 1차 브라우니에 대해 맛은 묵직하게 달콤하다고, 특징은 속이 촉촉하게 남는다고, 그리고 색깔은 진한 갈색이라고 설명했습니다."
dataset_ko_243_final,entity_simple_hard_test_dessert_00025:final:0,entity_simple_hard_test_dessert_00025,entity_simple_hard_test_dessert_00025,True,same_source_sibling_facts,1,4,23,20,파일럿 C반 1차 솜사탕에서 맛과 특징을 함께 정리해줘.,"파일럿 C반 1차 솜사탕에 대해 맛은 가볍게 달콤하다고, 그리고 특징은 입에 닿으면 빠르게 사라진다고 설명했습니다.",True,,,,,False,False,0.8823529411764706,0.9375,0.4411764705882353,0.46875,True,True,3.5513331000111066,3.436419899982866,,,,,passage-only,"파일럿 C반 1차 솜사탕에 대해 맛은 가볍게 달콤하다고, 특징은 입에 닿으면 빠르게 사라진다고, 그리고 비유는 구름 같은 간식이라고 설명했습니다.","파일럿 C반 1차 솜사탕에 대해 맛은 가볍게 달콤하다고, 특징은 입에 닿으면 빠르게 사라진다고, 그리고 색깔은 분홍색이라고 설명했습니다."
dataset_ko_244_final,entity_simple_hard_test_project_00012:final:0,entity_simple_hard_test_project_00012,entity_simple_hard_test_project_00012,True,same_source_sibling_facts,1,4,23,20,가을 B반 1차 최종 발표 설명에서 담당과 확인 기준만 알려줘.,"가을 B반 1차 최종 발표에 대해 담당은 기획 파트라고, 그리고 확인 기준은 근거 제시 여부라고 설명했습니다.",True,,,,,False,False,0.888888888888889,0.8333333333333334,0.4444444444444445,0.4166666666666667,True,True,3.0368789000203833,3.1307420000084676,,,,,question+passage,"가을 B반 1차 최종 발표 설명에 대해 확인 기준은 근거 제시 여부라고, 공유 위치는 팀 노션 페이지라고, 그리고 담당은 기획 파트라고 설명했습니다.","가을 B반 1차 최종 발표 설명에 대해 담당은 기획 파트라고, 확인 기준은 근거 확인 여부라고, 그리고 마감은 다음 주 월요일 밤이라고 설명했습니다."
dataset_ko_245_final,entity_simple_hard_test_art_history_00113:final:0,entity_simple_hard_test_art_history_00113,entity_simple_hard_test_art_history_00113,True,same_source_sibling_facts,1,4,23,20,겨울 B반 2차 입체주의에서 핵심 특징과 목적을 함께 정리해줘.,"겨울 B반 2차 입체주의에 대해 핵심 특징은 여러 시점이라고, 그리고 목적은 대상을 새롭게 해석하는 것이라고 설명했습니다.",True,,,,,False,False,0.8205128205128205,0.717948717948718,0.41025641025641024,0.358974358974359,True,True,3.759657899965532,3.411180900002364,,,,,question+passage,"겨울 B반 2차 입체주의에 대해 핵심 특징은 여러 시점이라고, 비유는 여러 방향에서 본 사물을 한 화면에 놓는 방식이라고, 그리고 목적은 대상을 새롭게 해석하는 것이라고 설명했습니다.","겨울 B반 2차 입체주의에 대해 핵심 특징은 여러 시점이라고, 목적은 생각을 새롭게 정리하는 것이라고, 그리고 여러 시점이라고 이해하는 방식은 여러 방향에서 본 객체라고 설명했습니다."
dataset_ko_246_final,entity_simple_hard_test_art_history_00355:final:0,entity_simple_hard_test_art_history_00355,entity_simple_hard_test_art_history_00355,True,same_source_sibling_facts,1,4,23,20,파일럿 2팀 4차 르네상스 설명 중 목적과 핵심 특징에 해당하는 내용만 답해줘.,"파일럿 2팀 4차 르네상스에 대해 목적은 사람의 가치를 드러내는 것이라고, 그리고 핵심 특징은 인문주의라고 설명했습니다.",True,,,,,False,False,0.8108108108108109,0.8108108108108109,0.40540540540540543,0.40540540540540543,True,True,3.9145561000332236,4.137527199985925,,,,,tie,"파일럿 2팀 4차 르네상스에 대해 핵심 특징은 인문주의라고, 비유는 사람을 화면 중앙에 다시 세우는 방식이라고, 그리고 목적은 사람의 가치를 드러내는 것이라고 설명했습니다.","파일럿 2팀 4차 르네상스에 대해 목적은 사람의 가치를 드러내는 것이라고, 핵심 특징은 인문주의라고, 그리고 합리적인 면과 비유는 사람의 면을 드러내는 것이라고 설명했습니다."
dataset_ko_247_final,entity_simple_hard_test_art_history_00065:final:0,entity_simple_hard_test_art_history_00065,entity_simple_hard_test_art_history_00065,True,same_source_sibling_facts,1,4,23,20,파일럿 3팀 1차 입체주의에서 목적과 핵심 특징을 함께 정리해줘.,"파일럿 3팀 1차 입체주의에 대해 목적은 대상을 새롭게 해석하는 것이라고, 그리고 핵심 특징은 여러 시점이라고 설명했습니다.",True,,,,,False,False,0.8205128205128205,0.8421052631578948,0.41025641025641024,0.4210526315789474,True,True,3.882143900031224,3.4991731999907643,,,,,tie,"파일럿 3팀 1차 입체주의에 대해 핵심 특징은 여러 시점이라고, 비유는 여러 방향에서 본 사물을 한 화면에 놓는 방식이라고, 그리고 목적은 대상을 새롭게 해석하는 것이라고 설명했습니다.","파일럿 3팀 1차 입체주의에 대해 목적은 대상을 새롭게 해석하는 것이라고, 핵심 특징은 여러 시점이라고, 그리고 핵심 구조는 여러 방향에서 본 사물을 의미한다고 설명했습니다."
dataset_ko_248_final,entity_simple_hard_test_marketing_00249:final:0,entity_simple_hard_test_marketing_00249,entity_simple_hard_test_marketing_00249,True,same_source_sibling_facts,1,4,23,20,세미나 1팀 3차 동아리 홍보에서 성과 지표와 핵심 채널을 함께 정리해줘.,"세미나 1팀 3차 동아리 홍보에 대해 성과 지표는 참여율이라고, 그리고 핵심 채널은 오픈채팅방이라고 설명했습니다.",True,,,,,False,False,0.9032258064516129,0.8387096774193549,0.45161290322580644,0.41935483870967744,True,True,3.2882140000001527,3.238439799984917,,,,,question+passage,"세미나 1팀 3차 동아리 홍보에 대해 성과 지표는 참여율이라고, 핵심 채널은 오픈채팅방이라고, 그리고 대상은 동아리 회원이라고 설명했습니다.","세미나 1팀 3차 동아리 홍보에 대해 성과 지표는 참여율이라고, 핵심 채널은 게시판이라고, 그리고 보상은 굿즈 추첨권이라고 설명했습니다."
dataset_ko_249_final,entity_simple_hard_test_os_concept_00341:final:0,entity_simple_hard_test_os_concept_00341,entity_simple_hard_test_os_concept_00341,True,same_source_sibling_facts,1,4,23,20,여름 1팀 4차 스레드에서 장점과 역할을 함께 정리해줘.,"여름 1팀 4차 스레드에 대해 장점은 작업을 가볍게 나눌 수 있다고, 그리고 역할은 프로세스 안에서 작업을 나누어 실행한다고 설명했습니다.",True,,,,,False,False,0.761904761904762,0.8205128205128205,0.380952380952381,0.41025641025641024,True,True,3.7471194000099786,3.4077952000079677,,,,,passage-only,"여름 1팀 4차 스레드에 대해 장점은 작업을 가볍게 나눌 수 있다고, 역할은 프로세스 중에 나누어 실행한다고, 그리고 보안에 대해 장점은 정보 보호 관리가 필요하다고 설명했습니다.","여름 1팀 4차 스레드에 대해 장점은 작업을 가볍게 나눌 수 있다고, 역할은 프로세스를 나누어 실행한다고, 그리고 역할은 실행을 가볍게 나눌 수 있다고 설명했습니다."
dataset_ko_250_final,entity_simple_hard_test_art_history_00066:final:0,entity_simple_hard_test_art_history_00066,entity_simple_hard_test_art_history_00066,True,same_source_sibling_facts,1,4,23,20,교수님이 정규 3팀 1차 인상주의의 목적과 핵심 특징을 어떻게 말했어?,"정규 3팀 1차 인상주의에 대해 목적은 관찰 순간을 살리는 것이라고, 그리고 핵심 특징은 빛의 순간적인 인상이라고 설명했습니다.",True,,,,,False,False,0.6,0.5185185185185185,0.3,0.25925925925925924,True,False,4.08160009997664,1.8056220000144094,,,,,question+passage,"교수님이 정규 3팀 1차 인상주의에 대해 핵심 특징은 이해하는 목적이라고, 비교 포인트는 정확한 윤곽보다 색감이 중요하다고, 그리고 핵심 특징은 빛의 순간적인 인상이라고 설명했습니다.",교수님이 정규 3팀 1차 인상주의의 목적과 핵심 특징을 어떻게 말했어?
dataset_ko_251_final,entity_simple_hard_test_project_00399:final:0,entity_simple_hard_test_project_00399,entity_simple_hard_test_project_00399,True,same_source_sibling_facts,1,4,23,20,세미나 오후반 4차 프론트엔드 점검 설명 중 담당과 확인 기준에 해당하는 내용만 답해줘.,"세미나 오후반 4차 프론트엔드 점검에 대해 담당은 프론트엔드 파트라고, 그리고 확인 기준은 사용자 차단 여부라고 설명했습니다.",True,,,,,False,False,0.8648648648648648,0.888888888888889,0.4324324324324324,0.4444444444444445,True,True,3.9371186000062153,3.841504999960307,,,,,tie,"세미나 오후반 4차 프론트엔드 점검 설명에 대해 확인 기준은 사용자 차단 여부라고, 공유 위치는 프로젝트 슬랙 채널이라고, 그리고 담당은 프론트엔드 파트라고 설명했습니다.","세미나 오후반 4차 프론트엔드 점검에 대해 담당은 프론트엔드 파트라고, 마감은 다음 달 첫째 주 화요일이라고, 그리고 확인 기준은 사용자 차단 여부라고 설명했습니다."
dataset_ko_252_final,entity_simple_hard_test_project_00108:final:0,entity_simple_hard_test_project_00108,entity_simple_hard_test_project_00108,True,same_source_sibling_facts,1,4,23,20,실습 A반 2차 최종 발표 설명에서 담당과 확인 기준만 알려줘.,"실습 A반 2차 최종 발표에 대해 담당은 기획 파트라고, 그리고 확인 기준은 근거 제시 여부라고 설명했습니다.",True,,,,,False,False,0.888888888888889,0.888888888888889,0.4444444444444445,0.4444444444444445,True,True,3.017786599986721,3.1920234999852255,,,,,tie,"실습 A반 2차 최종 발표에 대해 확인 기준은 근거 제시 여부라고, 공유 위치는 팀 노션 페이지라고, 그리고 담당은 기획 파트라고 설명했습니다.","실습 A반 2차 최종 발표 설명에 대해 담당은 기획 파트라고, 확인 기준은 근거 제시 여부라고, 그리고 마감은 다음 주 월요일 밤이라고 설명했습니다."
dataset_ko_253_final,entity_simple_hard_test_statistics_00215:final:0,entity_simple_hard_test_statistics_00215,entity_simple_hard_test_statistics_00215,True,same_source_sibling_facts,1,4,23,20,파일럿 B반 3차 회귀분석 설명 중 의미와 주의점에 해당하는 내용만 답해줘.,"파일럿 B반 3차 회귀분석에 대해 의미는 관계의 경향 설명이라고, 그리고 주의점은 모든 원인을 증명하지는 않는다고 설명했습니다.",True,,,,,False,False,0.4615384615384615,0.4615384615384615,0.23076923076923075,0.23076923076923075,False,False,1.920299299992621,1.87360750004882,,,,,tie,파일럿 B반 3차 회귀분석에 대해 설명은 아래 주의점과 내용을 함께할 때 쓴다.,"파일럿 B반 3차 회귀분석을 설명하고, 의미와 주의점에 해당하는 내용만 답해요."
dataset_ko_254_final,entity_simple_hard_test_statistics_00214:final:0,entity_simple_hard_test_statistics_00214,entity_simple_hard_test_statistics_00214,True,same_source_sibling_facts,1,4,23,20,교수님이 캡스톤 B반 3차 상관계수의 의미와 주의점을 어떻게 말했어?,"캡스톤 B반 3차 상관계수에 대해 의미는 선형 관계 강도라고, 그리고 주의점은 원인 증명을 뜻하지 않는다고 설명했습니다.",True,,,,,False,False,0.8205128205128205,0.653061224489796,0.41025641025641024,0.326530612244898,True,True,4.191013799980283,5.728103500034194,,,,,question+passage,"교수님이 캡스톤 B반 3차 상관계수에 대해 주의점은 원인 증명을 뜻하지 않는다고, 활용은 관계 강도를 빠르게 살필 때 쓴다고, 그리고 의미는 선형 관계 강도라고 설명했습니다.","교수님이 캡스톤 B반 3차 상관계수의 의미와 주의점을 어떻게 말했어?에 대해 비유는 두 사람의 의견을 중계하는 갈색线条가 되는 것으로 解释하려 합니다. 그 의미는 선형 관계의 강도라고, 주의점은 원인 증명을 뜻하지 않는다고, 그리고 활용은 관계 강도라고 설명했습니다."
dataset_ko_255_final,entity_simple_hard_test_statistics_00358:final:0,entity_simple_hard_test_statistics_00358,entity_simple_hard_test_statistics_00358,True,same_source_sibling_facts,1,4,23,20,교수님이 실습 2팀 4차 상관계수의 주의점과 의미를 어떻게 말했어?,"실습 2팀 4차 상관계수에 대해 주의점은 원인 증명을 뜻하지 않는다고, 그리고 의미는 선형 관계 강도라고 설명했습니다.",True,,,,,False,False,0.8108108108108109,0.5238095238095238,0.40540540540540543,0.2619047619047619,True,True,3.9665238999878056,4.4846907000173815,,,,,question+passage,"교수님이 실습 2팀 4차 상관계수의 주의점은 원인 증명을 뜻하지 않는다고, 의미는 선형 관계 강도라고, 그리고 비유는 두 변수의 움직임을 비교하는 나침반이라고 설명했습니다.","교수님이 실습 2팀 4차 상관계수의 주의점과 의미를 설명하시면 다음과 같습니다. 주의점은 통계치라는 의미를 가지고, 의미는 선형 관계 강도라고, 그리고 비유는 두 변수의 움직임을 설명하는 맹목적인 도구라고 설명했습니다."
dataset_ko_256_final,entity_simple_hard_test_art_history_00163:final:0,entity_simple_hard_test_art_history_00163,entity_simple_hard_test_art_history_00163,True,same_source_sibling_facts,1,4,23,20,겨울 3팀 2차 르네상스 설명 중 목적과 핵심 특징에 해당하는 내용만 답해줘.,"겨울 3팀 2차 르네상스에 대해 목적은 사람의 가치를 드러내는 것이라고, 그리고 핵심 특징은 인문주의라고 설명했습니다.",True,,,,,False,False,0.8108108108108109,0.7499999999999999,0.40540540540540543,0.37499999999999994,True,True,3.7331900999997742,4.407141999981832,,,,,question+passage,"겨울 3팀 2차 르네상스에 대해 핵심 특징은 인문주의라고, 비유는 사람을 화면 중앙에 다시 세우는 방식이라고, 그리고 목적은 사람의 가치를 드러내는 것이라고 설명했습니다.","겨울 3팀 2차 르네상스에 대해 목적은 사람의 가치를 드러내는 것이라고, 핵심 특징은 인문주의라고, 그리고 격인 명사은 사람의 가치라고, 마지막으로 비교 포인트는 절대왕정 중심 설명과 다르다고 설명했습니다."
dataset_ko_257_final,entity_simple_hard_test_dessert_00194:final:0,entity_simple_hard_test_dessert_00194,entity_simple_hard_test_dessert_00194,True,same_source_sibling_facts,1,4,23,20,교수님이 캡스톤 오후반 2차 마카롱의 색깔과 비유를 어떻게 말했어?,"캡스톤 오후반 2차 마카롱에 대해 색깔은 알록달록하다고, 그리고 비유는 작은 보석 상자라고 설명했습니다.",True,,,,,False,False,0.7272727272727274,0.5833333333333334,0.3636363636363637,0.2916666666666667,True,False,3.7098265000386164,2.2281893999897875,,,,,question+passage,"교수님이 캡스톤 오후반 2차 마카롱에 대해 색깔은 contrasted color이라고, 비유는 작은 보석 상자라고, 그리고 특징은 겉은 바삭하고 속은 촉촉하다고 설명했습니다.",캡스톤 오후반 2차 마카롱의 색깔에 대해 색깔이 초록의 알mond 블러가라고 설명했습니다.
dataset_ko_258_final,entity_simple_hard_test_marketing_00129:final:0,entity_simple_hard_test_marketing_00129,entity_simple_hard_test_marketing_00129,True,same_source_sibling_facts,1,4,23,20,세미나 C반 2차 동아리 홍보에서 대상과 보상을 함께 정리해줘.,"세미나 C반 2차 동아리 홍보에 대해 대상은 동아리 회원이라고, 그리고 보상은 굿즈 추첨권이라고 설명했습니다.",True,,,,,False,False,0.962962962962963,0.6250000000000001,0.4814814814814815,0.31250000000000006,True,False,2.343396299984306,3.4696348000434227,,,,,question+passage,"세미나 C반 2차 동아리 홍보에 대해 대상은 동아리 회원이라고, 보상은 굿즈 추첨권이라고 설명했습니다.","세미나 C반 2차 동아리 홍보에 대해 대상은 학과 졸업생이라고, 보상은 쿠폰이라고, 조건은 먼저 등록된다고, 그리고 결과는 참여율이라고 설명했습니다."
dataset_ko_259_final,entity_simple_hard_test_dessert_00288:final:0,entity_simple_hard_test_dessert_00288,entity_simple_hard_test_dessert_00288,True,same_source_sibling_facts,1,4,23,20,실습 오전반 3차 초콜렛 설명에서 색깔과 비유만 알려줘.,"실습 오전반 3차 초콜렛에 대해 색깔은 검정색이라고, 그리고 비유는 작은 선물 상자라고 설명했습니다.",True,,,,,False,False,0.8666666666666666,0.9600000000000001,0.4333333333333333,0.48000000000000004,True,True,3.0399007000378333,2.0968588999821804,,,,,passage-only,"실습 오전반 3차 초콜렛 설명에 대해 색깔은 검정색이라고, 비유는 작은 선물 상자라고, 그리고 특징은 입안에서 천천히 녹는다고 설명했습니다.","실습 오전반 3차 초콜렛에 대해 색깔은 검정색이라고, 비유는 작은 선물 상자라고 설명했습니다."
dataset_ko_260_final,entity_simple_hard_test_dessert_00315:final:0,entity_simple_hard_test_dessert_00315,entity_simple_hard_test_dessert_00315,True,same_source_sibling_facts,1,4,23,20,파일럿 B반 4차 브라우니 설명 중 맛과 특징에 해당하는 내용만 답해줘.,"파일럿 B반 4차 브라우니에 대해 맛은 묵직하게 달콤하다고, 그리고 특징은 속이 촉촉하게 남는다고 설명했습니다.",True,,,,,False,False,0.9032258064516129,0.8750000000000001,0.45161290322580644,0.43750000000000006,True,True,3.5137226000078954,3.960577799996827,,,,,tie,"파일럿 B반 4차 브라우니에 대해 맛은 묵직하게 달콤하다고, 특징은 속이 촉촉하게 남는다고, 그리고 색깔은 진한 갈색이라고 설명했습니다.","파일럿 B반 4차 브라우니에 대해 맛은 묵직하게 달콤하다고, 비유는 초콜렛을 압축한 케이크라고, 그리고 특징은 속이 촉촉하게 남는다고 설명했습니다."
dataset_ko_261_final,entity_simple_hard_test_project_00206:final:0,entity_simple_hard_test_project_00206,entity_simple_hard_test_project_00206,True,same_source_sibling_facts,1,4,23,20,교수님이 정규 A반 3차 AI 모델 평가의 담당과 확인 기준을 어떻게 말했어?,"정규 A반 3차 AI 모델 평가에 대해 담당은 AI 파트라고, 그리고 확인 기준은 정답률이라고 설명했습니다.",True,,,,,False,False,0.8108108108108109,0.7567567567567568,0.40540540540540543,0.3783783783783784,True,True,3.6555080999969505,3.4633290999918245,,,,,question+passage,"교수님이 정규 A반 3차 AI 모델 평가의 담당과 확인 기준에 대해 확인 기준은 정답률이라고, 메일 주소는 XXX@kr.github.com이라고, 그리고 담당은 AI 파트라고 설명했습니다.","교수님�이 정규 A반 3차 AI 모델 평가의 담당과 확인 기준에 대해 담당은 AI 파트라고, 확인 기준은 정답률을 설명했다고, 그리고 시간은 3일이라고 설명했습니다."
dataset_ko_262_final,entity_simple_hard_test_marketing_00106:final:0,entity_simple_hard_test_marketing_00106,entity_simple_hard_test_marketing_00106,True,same_source_sibling_facts,1,4,23,20,교수님이 정규 A반 2차 스터디 모집의 핵심 채널과 성과 지표를 어떻게 말했어?,"정규 A반 2차 스터디 모집에 대해 핵심 채널은 학과 홈페이지라고, 그리고 성과 지표는 완료율이라고 설명했습니다.",True,,,,,False,False,0.7096774193548386,0.5714285714285715,0.3548387096774193,0.28571428571428575,True,True,3.1288488999707624,3.176460200047586,,,,,question+passage,"교수님이 정규 A반 2차 스터디 모집의 핵심 채널이라고, 대상은 스터디 신청자라고, 그리고 성과 지표는 완료율이라고 설명했습니다.","교수님이정규A반2차스터디모집에 대해 핵심채널은 학과 홈페이지라고, 성과 지표는 완료율이라고, 그리고 보상은 우선 신청권이라고 설명했습니다."
dataset_ko_263_final,entity_simple_hard_test_art_history_00211:final:0,entity_simple_hard_test_art_history_00211,entity_simple_hard_test_art_history_00211,True,same_source_sibling_facts,1,4,23,20,여름 B반 3차 르네상스 설명 중 핵심 특징과 목적에 해당하는 내용만 답해줘.,"여름 B반 3차 르네상스에 대해 핵심 특징은 인문주의라고, 그리고 목적은 사람의 가치를 드러내는 것이라고 설명했습니다.",True,,,,,False,False,0.8571428571428571,0.9090909090909091,0.42857142857142855,0.45454545454545453,True,True,3.5822187999729067,3.147983099974226,,,,,passage-only,"여름 B반 3차 르네상스에 대해 핵심 특징은 인문주의라고, 목적은 사람의 가치를 드러내는 것이라고, 그리고 비교 포인트는 절대왕정 중심 설명과 다르다고 설명했습니다.","여름 B반 3차 르네상스에 대해 핵심 특징은 인문주의라고, 목적은 사람의 가치를 드러내는 것이라고, 그리고 핵심 개념은 인문주의라고 설명했습니다."
dataset_ko_264_final,entity_simple_hard_test_dessert_00168:final:0,entity_simple_hard_test_dessert_00168,entity_simple_hard_test_dessert_00168,True,same_source_sibling_facts,1,4,23,20,실습 3팀 2차 초콜렛 설명에서 특징과 맛만 알려줘.,"실습 3팀 2차 초콜렛에 대해 특징은 입안에서 천천히 녹는다고, 그리고 맛은 달콤하다고 설명했습니다.",True,,,,,False,False,0.9285714285714286,0.9285714285714286,0.4642857142857143,0.4642857142857143,True,True,3.0138818999985233,2.9240670999861322,,,,,tie,"실습 3팀 2차 초콜렛 설명에 대해 특징은 입안에서 천천히 녹는다고, 색깔은 검정색이라고, 그리고 맛은 달콤하다고 설명했습니다.","실습 3팀 2차 초콜렛에 대해 특징은 입안에서 천천히 녹는다고, 맛은 달콤하다고, 그리고 색깔은 검정색이라고 설명했습니다."
dataset_ko_265_final,entity_simple_hard_test_project_00324:final:0,entity_simple_hard_test_project_00324,entity_simple_hard_test_project_00324,True,same_source_sibling_facts,1,4,23,20,캡스톤 C반 4차 최종 발표 설명에서 마감과 공유 위치만 알려줘.,"캡스톤 C반 4차 최종 발표에 대해 마감은 다음 주 월요일 밤이라고, 그리고 공유 위치는 팀 노션 페이지라고 설명했습니다.",True,,,,,False,False,0.7894736842105263,0.967741935483871,0.39473684210526316,0.4838709677419355,True,True,3.4015666999621317,2.4220486999838613,,,,,passage-only,"캡스톤 C반 4차 최종 발표에 대해 공유 위치는 팀 노션 페이지라고, 마감은 다음 주 월요일 밤 9 시간이라고, 그리고 확인 기준은 근거 제시 여부라고 설명했습니다.","캡스톤 C반 4차 최종 발표 설명에 대해 마감은 다음 주 월요일 밤이라고, 공유 위치는 팀 노션 페이지라고 설명했습니다."
dataset_ko_266_final,entity_simple_hard_test_os_concept_00366:final:0,entity_simple_hard_test_os_concept_00366,entity_simple_hard_test_os_concept_00366,True,same_source_sibling_facts,1,4,23,20,교수님이 정규 3팀 4차 캐시의 주의점과 비유를 어떻게 말했어?,"정규 3팀 4차 캐시에 대해 주의점은 오래된 정보가 남을 수 있다고, 그리고 비유는 책상 위에 올려둔 책이라고 설명했습니다.",True,,,,,False,False,0.85,0.41860465116279066,0.425,0.20930232558139533,True,False,3.925792600028217,4.608505600015633,,,,,question+passage,"교수님이 정규 3팀 4차 캐시에 대해 비유는 반복 접근을 빠르게 만든다고, 주의점은 오래된 정보가 남을 수 있다고, 그리고 비유는 책상 위에 올려둔 책이라고 설명했습니다.","교수님이 정규 3팀 4차 캐시를 주의점으로 내세우면 최근 사용한 정보가 가까이 옴으로써 시간이 단축된다고, 비유가 방금 사용한 책상이라고, 그리고 목적은 자주 쓰는 정보를 가까이 둔다고 설명했습니다."
dataset_ko_267_final,entity_simple_hard_test_art_history_00210:final:0,entity_simple_hard_test_art_history_00210,entity_simple_hard_test_art_history_00210,True,same_source_sibling_facts,1,4,23,20,교수님이 봄 B반 3차 인상주의의 핵심 특징과 목적을 어떻게 말했어?,"봄 B반 3차 인상주의에 대해 핵심 특징은 빛의 순간적인 인상이라고, 그리고 목적은 관찰 순간을 살리는 것이라고 설명했습니다.",True,,,,,False,False,0.6842105263157896,0.6,0.3421052631578948,0.3,True,True,3.9647586999926716,3.9271239999798127,,,,,question+passage,"교수님이 봄 B반 3차 인상주의에 대해 핵심 특징은 색감의 중요성이라고, 목적은 관찰 순간을 살리는 것이라고, 그리고 비교 포인트는 정확한 윤곽보다 색감이 중요하다고 설명했습니다.","봄 B반 3차 인상주의의 핵심 특징은 학생들의 시선을 끌 만한 특징을 가지고 있다고, 목적은 관찰 순간을 살리는 것이라고, 그리고 핵심 특징은 시각 효과를 높일 수 있다고 설명했습니다."
dataset_ko_268_final,entity_simple_hard_test_project_00087:final:0,entity_simple_hard_test_project_00087,entity_simple_hard_test_project_00087,True,same_source_sibling_facts,1,4,23,20,심화 오전반 1차 프론트엔드 점검 설명 중 공유 위치와 마감에 해당하는 내용만 답해줘.,"심화 오전반 1차 프론트엔드 점검에 대해 공유 위치는 프로젝트 슬랙 채널이라고, 그리고 마감은 다음 달 첫째 주 화요일이라고 설명했습니다.",True,,,,,False,False,0.9696969696969697,0.7142857142857143,0.48484848484848486,0.35714285714285715,True,True,3.2837604000233114,4.2975431000231765,,,,,question+passage,"심화 오전반 1차 프론트엔드 점검 설명에 대해 공유 위치는 프로젝트 슬랙 채널이라고, 마감은 다음 달 첫째 주 화요일이라고 설명했습니다.","심화 오전반 1차 프론트엔드 점검에 대해 공유 책임이 개인에 속한다고, 마감은 다음 달 첫째 주 화요일이라고, 그리고 접근 방법은 코드 습관 시스템에 설명할 위치는 프로젝트 막 board라고 설명했습니다."
dataset_ko_269_final,entity_simple_hard_test_dessert_00193:final:0,entity_simple_hard_test_dessert_00193,entity_simple_hard_test_dessert_00193,True,same_source_sibling_facts,1,4,23,20,겨울 오후반 2차 솜사탕에서 색깔과 비유를 함께 정리해줘.,"겨울 오후반 2차 솜사탕에 대해 색깔은 분홍색이라고, 그리고 비유는 구름 같은 간식이라고 설명했습니다.",True,,,,,False,False,0.896551724137931,0.6666666666666666,0.4482758620689655,0.3333333333333333,True,True,2.9975011999486014,2.7025083999615163,,,,,question+passage,"겨울 오후반 2차 솜사탕에 대해 색깔은 분홍색이라고, 비유는 구름 같은 간식이라고, 그리고 맛은 가볍게 달콤하다고 설명했습니다.",겨울 오후반 2차 솜사탕에 대해 색깔로 분류하면 분홍색이라고 비유를 추가하면 맛은 가볍게 달콤하다고 설명했습니다.
dataset_ko_270_final,entity_simple_hard_test_statistics_00310:final:0,entity_simple_hard_test_statistics_00310,entity_simple_hard_test_statistics_00310,True,same_source_sibling_facts,1,4,23,20,교수님이 봄 B반 4차 상관계수의 의미와 주의점을 어떻게 말했어?,"봄 B반 4차 상관계수에 대해 의미는 선형 관계 강도라고, 그리고 주의점은 원인 증명을 뜻하지 않는다고 설명했습니다.",True,,,,,False,False,0.8484848484848485,0.7368421052631579,0.42424242424242425,0.3684210526315789,True,True,3.2859585000551306,3.9693825999856927,,,,,question+passage,"교수님이 봄 B반 4차 상관계수의 의미은 선형 관계 강도라고, 주의점은 원인 증명을 뜻하지 않는다고, 그리고 의미은 관계 강도라고 설명했습니다.","봄 B반 4차 상관계수의 의미와 주의점을 설명하시면 됩니다. 상관계수의 의미는 선형 관계 강도라고, 주의점은 원인 증명을 뜻하지 않는다고, 그리고 의미는 선형 관계 강도라고 설명했습니다."
dataset_ko_271_final,entity_simple_hard_test_art_history_00112:final:0,entity_simple_hard_test_art_history_00112,entity_simple_hard_test_art_history_00112,True,same_source_sibling_facts,1,4,23,20,가을 B반 2차 바로크 설명에서 핵심 특징과 목적만 알려줘.,"가을 B반 2차 바로크에 대해 핵심 특징은 극적 명암이라고, 그리고 목적은 감정을 강하게 전달하는 것이라고 설명했습니다.",True,,,,,False,False,0.8421052631578948,0.7027027027027026,0.4210526315789474,0.3513513513513513,True,True,3.616466899984516,3.52307940000901,,,,,question+passage,"가을 B반 2차 바로크에 대해 핵심 특징은 극적 명암이라고, 비유는 무대 조명이 한 장면을 강조하는 방식이라고, 그리고 목적은 감정을 강하게 전달하는 것이라고 설명했습니다.","가을 B반 2차 바로크에 대해 핵심 특징은 극적 명암과区别가 길다고, 목적은 감정을 이입시키는 것이라고, 그리고 비유는 무대 조명이 강조하는 것이라고 설명했습니다."
dataset_ko_272_final,entity_simple_hard_test_marketing_00224:final:0,entity_simple_hard_test_marketing_00224,entity_simple_hard_test_marketing_00224,True,same_source_sibling_facts,1,4,23,20,캡스톤 C반 3차 신입생 캠페인 설명에서 대상과 보상만 알려줘.,"캡스톤 C반 3차 신입생 캠페인에 대해 대상은 신입생이라고, 그리고 보상은 커피 쿠폰이라고 설명했습니다.",True,,,,,False,False,0.9600000000000001,0.8387096774193548,0.48000000000000004,0.4193548387096774,True,True,2.6509071000036784,3.835050499998033,,,,,question+passage,"캡스톤 C반 3차 신입생 캠페인에 대해 대상은 신입생이라고, 보상은 커피 쿠폰이라고 설명했습니다.","캡스톤 C반 3차 신입생 캠페인에 대해 대상은 신입생이라고, 보상은 커피 쿠폰이라고, 그리고 검색어는 캡스톤 C반 3차 신입생이라고 설명했습니다."
dataset_ko_273_final,entity_simple_hard_test_os_concept_00246:final:0,entity_simple_hard_test_os_concept_00246,entity_simple_hard_test_os_concept_00246,True,same_source_sibling_facts,1,4,23,20,교수님이 정규 1팀 3차 캐시의 장점과 역할을 어떻게 말했어?,"정규 1팀 3차 캐시에 대해 장점은 반복 접근을 빠르게 만든다고, 그리고 역할은 자주 쓰는 정보를 가까이 둔다고 설명했습니다.",True,,,,,False,False,0.8571428571428571,0.8571428571428571,0.42857142857142855,0.42857142857142855,True,True,4.254166800004896,4.237193499982823,,,,,tie,"교수님이 정규 1팀 3차 캐시에 대해 장점은 반복 접근을 빠르게 만든다고, 역할은 자주 쓰는 정보를 가까이 둔다고, 그리고 비유는 책상 위에 올려둔 책이라고 설명했습니다.","교수님의 정규 1팀 3차 캐시에 대해 장점은 반복 접근을 빠르게 만든다고, 역할은 자주 쓰는 정보를 가까이 둔다고, 그리고 비유는 책상 위에 올려둔 책이라고 설명했습니다."
dataset_ko_274_final,entity_simple_hard_test_statistics_00380:final:0,entity_simple_hard_test_statistics_00380,entity_simple_hard_test_statistics_00380,True,same_source_sibling_facts,1,4,23,20,봄 오전반 4차 표본분산 설명에서 활용과 비유만 알려줘.,"봄 오전반 4차 표본분산에 대해 활용은 데이터 변동성을 볼 때 쓴다고, 그리고 비유는 점들이 얼마나 퍼졌는지 보는 자라고 설명했습니다.",True,,,,,False,False,0.5454545454545455,0.8108108108108109,0.27272727272727276,0.40540540540540543,True,True,2.877896199992392,4.0646424000151455,,,,,passage-only,봄 오전반 4차 표본분산에 대해 비유는 점들이 얼마나 퍼졌는지 보는 자를 흩어보는 자와 비교를 하는 자의 의미가 있습니다.,"봄 오전반 4차 표본분산 설명에 대해 활용은 데이터의 분산을 나타날 때 쓴다고, 비유는 점들이 얼마나 퍼졌는지 보는 자라고, 그리고 개념은 데이터의 퍼지성을 볼 때 쓴다고 설명했습니다."
dataset_ko_275_final,entity_simple_hard_test_statistics_00236:final:0,entity_simple_hard_test_statistics_00236,entity_simple_hard_test_statistics_00236,True,same_source_sibling_facts,1,4,23,20,정규 D반 3차 표본분산 설명에서 비유와 활용만 알려줘.,"정규 D반 3차 표본분산에 대해 비유는 점들이 얼마나 퍼졌는지 보는 자라고, 그리고 활용은 데이터 변동성을 볼 때 쓴다고 설명했습니다.",True,,,,,False,False,0.8947368421052632,0.7999999999999999,0.4473684210526316,0.39999999999999997,True,True,3.6894920999766327,4.081520900013857,,,,,question+passage,"정규 D반 3차 표본분산에 대해 비유는 점들이 얼마나 퍼졌는지 보는 자라고, 활용은 데이터 변동성을 볼 때 쓴다고, 그리고 주의점은 순위 정렬과 다르다고 설명했습니다.","정규 D반 3차 표본분산 설명에 대해 비유는 점들이 얼마나 퍼졌는지 보는 자라고, 활용은 데이터 변동성을 볼 때 쓴다고, 그리고 비유는 점들이 얼마나 퍼졌는지 보는 자라고 답변했습니다."
dataset_ko_276_final,entity_simple_hard_test_marketing_00153:final:0,entity_simple_hard_test_marketing_00153,entity_simple_hard_test_marketing_00153,True,same_source_sibling_facts,1,4,23,20,겨울 2팀 2차 동아리 홍보에서 성과 지표와 핵심 채널을 함께 정리해줘.,"겨울 2팀 2차 동아리 홍보에 대해 성과 지표는 참여율이라고, 그리고 핵심 채널은 오픈채팅방이라고 설명했습니다.",True,,,,,False,False,0.9032258064516129,0.7741935483870968,0.45161290322580644,0.3870967741935484,True,True,3.2528810999938287,3.3657458999659866,,,,,question+passage,"겨울 2팀 2차 동아리 홍보에 대해 성과 지표는 참여율이라고, 핵심 채널은 오픈채팅방이라고, 그리고 대상은 동아리 회원이라고 설명했습니다.",겨울 2팀 2차 동아리 홍보에 대해 성과 지표는 참여율과 성과 지표 간 연결지점이라고 설명했습니다. 핵심 채널은 오픈채팅방이라고 설명했습니다.
dataset_ko_277_final,entity_simple_hard_test_marketing_00032:final:0,entity_simple_hard_test_marketing_00032,entity_simple_hard_test_marketing_00032,True,same_source_sibling_facts,1,4,23,20,가을 D반 1차 신입생 캠페인 설명에서 대상과 보상만 알려줘.,"가을 D반 1차 신입생 캠페인에 대해 대상은 신입생이라고, 그리고 보상은 커피 쿠폰이라고 설명했습니다.",True,,,,,False,False,0.896551724137931,0.8666666666666666,0.4482758620689655,0.4333333333333333,True,True,3.473077700007707,3.306909800041467,,,,,tie,"가을 D반 1차 신입생 캠페인에 대해 대상은 신입생이라고, 보상은 커피 쿠폰이라고, 그리고 핵심 채널은 인스타그램이라고 설명했습니다.","가을 D반 1차 신입생 캠페인에 대해 대상은 신입생이라고, 보상은 커피 쿠폰이라고, 그리고 검색 기준은 성능 지표라고 설명했습니다."
dataset_ko_278_final,entity_simple_hard_test_marketing_00081:final:0,entity_simple_hard_test_marketing_00081,entity_simple_hard_test_marketing_00081,True,same_source_sibling_facts,1,4,23,20,여름 오전반 1차 동아리 홍보에서 보상과 대상을 함께 정리해줘.,"여름 오전반 1차 동아리 홍보에 대해 보상은 굿즈 추첨권이라고, 그리고 대상은 동아리 회원이라고 설명했습니다.",True,,,,,False,False,0.8461538461538461,0.7096774193548386,0.4230769230769231,0.3548387096774193,True,True,2.2448632000014186,3.406981199979782,,,,,question+passage,"여름 오전반 1차 동아리 홍보에 대해 대상은 참여율이라고, 보상은 굿즈 추첨권이라고 설명했습니다.","여름 오전반 1차 동아리 홍보에 대해 보상은 굿즈 추첨권이라고, 핵심 채널은 오픈채팅방이라고, 대상은 질러给了받을 수 있다고 설명했습니다."
dataset_ko_279_final,entity_simple_hard_test_dessert_00362:final:0,entity_simple_hard_test_dessert_00362,entity_simple_hard_test_dessert_00362,True,same_source_sibling_facts,1,4,23,20,교수님이 가을 3팀 4차 마카롱의 특징과 맛을 어떻게 말했어?,"가을 3팀 4차 마카롱에 대해 특징은 겉은 바삭하고 속은 촉촉하다고, 그리고 맛은 부드럽고 진하다고 설명했습니다.",True,,,,,False,False,0.8571428571428571,0.9375,0.42857142857142855,0.46875,True,True,3.6104715999681503,3.5043625999824144,,,,,passage-only,"교수님이 가을 3팀 4차 마카롱에 대해 특징은 겉은 바삭하고 속은 촉촉하다고, 맛은 부드럽고 진하다고, 그리고 비유는 작은 보석 상자라고 설명했습니다.","가을 3팀 4차 마카롱에 대해 특징은 겉은 바삭하고 속은 촉촉하다고, 맛은 부드럽고 진하다고, 그리고 색깔은 알록달록하다고 설명했습니다."
dataset_ko_280_final,entity_simple_hard_test_marketing_00345:final:0,entity_simple_hard_test_marketing_00345,entity_simple_hard_test_marketing_00345,True,same_source_sibling_facts,1,4,23,20,파일럿 1팀 4차 동아리 홍보에서 성과 지표와 핵심 채널을 함께 정리해줘.,"파일럿 1팀 4차 동아리 홍보에 대해 성과 지표는 참여율이라고, 그리고 핵심 채널은 오픈채팅방이라고 설명했습니다.",True,,,,,False,False,0.9032258064516129,0.689655172413793,0.45161290322580644,0.3448275862068965,True,True,3.266900299990084,2.5662109999684617,,,,,question+passage,"파일럿 1팀 4차 동아리 홍보에 대해 성과 지표는 참여율이라고, 핵심 채널은 오픈채팅방이라고, 그리고 대상은 동아리 회원이라고 설명했습니다.",파일럿 1팀 4차 동아리 홍보에 대해 성과 지표는 참여율과 성과 지표 채널을 설명할 따름이라고 설명했습니다.
dataset_ko_281_final,entity_simple_hard_test_os_concept_00125:final:0,entity_simple_hard_test_os_concept_00125,entity_simple_hard_test_os_concept_00125,True,same_source_sibling_facts,1,4,23,20,파일럿 C반 2차 스레드에서 비유와 주의점을 함께 정리해줘.,"파일럿 C반 2차 스레드에 대해 비유는 같은 식당 안에서 일하는 직원이라고, 그리고 주의점은 공유 자원 관리가 필요하다고 설명했습니다.",True,,,,,False,False,0.8292682926829269,0.6842105263157895,0.41463414634146345,0.34210526315789475,True,True,3.665142600017134,3.364292700018268,,,,,question+passage,"파일럿 C반 2차 스레드에서 비유는 같은 식당 안에서 일하는 직원이라고, 주의점은 공유 자원 관리가 필요하다고, 그리고 비유는 같은 식당 안에서 일하는 직원이라고 설명했습니다.","파일럿 C반 2차 스레드에 대해 비유는 동영상 나누기와 비슷하다고, 주의점은 공유 자원 관리가 필요하다고, 그리고 개념은 작업을 분배하는 방법이라고 설명했습니다."
dataset_ko_282_final,entity_simple_hard_test_marketing_00083:final:0,entity_simple_hard_test_marketing_00083,entity_simple_hard_test_marketing_00083,True,same_source_sibling_facts,1,4,23,20,겨울 오전반 1차 멘토링 이벤트 설명 중 보상과 대상에 해당하는 내용만 답해줘.,"겨울 오전반 1차 멘토링 이벤트에 대해 보상은 포인트 500점이라고, 그리고 대상은 멘토링 참여 학생이라고 설명했습니다.",True,,,,,False,False,0.9090909090909091,0.8823529411764706,0.45454545454545453,0.4411764705882353,True,True,3.458564800035674,3.9717878000228666,,,,,tie,"겨울 오전반 1차 멘토링 이벤트에 대해 보상은 포인트 500점이라고, 대상은 멘토링 참여 학생이라고, 그리고 성과 지표는 재방문율이라고 설명했습니다.","겨울 오전반 1차 멘토링 이벤트에 대해 보상은 포인트 500점이라고, 핵심 채널은 이메일 뉴스레터라고, 그리고 대상은 멘토링 참여 학생이라고 설명했습니다."
dataset_ko_283_final,entity_simple_hard_test_art_history_00064:final:0,entity_simple_hard_test_art_history_00064,entity_simple_hard_test_art_history_00064,True,same_source_sibling_facts,1,4,23,20,캡스톤 3팀 1차 바로크 설명에서 목적과 핵심 특징만 알려줘.,"캡스톤 3팀 1차 바로크에 대해 목적은 감정을 강하게 전달하는 것이라고, 그리고 핵심 특징은 극적 명암이라고 설명했습니다.",True,,,,,False,False,0.8421052631578948,0.4761904761904762,0.4210526315789474,0.2380952380952381,True,False,3.6911932000075467,4.479346000007354,,,,,question+passage,"캡스톤 3팀 1차 바로크에 대해 핵심 특징은 극적 명암이라고, 비유는 무대 조명이 한 장면을 강조하는 방식이라고, 그리고 목적은 감정을 강하게 전달하는 것이라고 설명했습니다.","캡스톤 3팀 1차 바로크 설명에 대해 목적은 기본 사용 목적과 구분된 독특한 면을 구분해주는 곳이라고, 핵심 특징은 색보다 독특한 면이라고, 그리고 핵심 특징 차분하고 강조된意思분석이라고 설명했습니다."
dataset_ko_284_final,entity_simple_hard_test_project_00327:final:0,entity_simple_hard_test_project_00327,entity_simple_hard_test_project_00327,True,same_source_sibling_facts,1,4,23,20,심화 C반 4차 프론트엔드 점검 설명 중 마감과 공유 위치에 해당하는 내용만 답해줘.,"심화 C반 4차 프론트엔드 점검에 대해 마감은 다음 달 첫째 주 화요일이라고, 그리고 공유 위치는 프로젝트 슬랙 채널이라고 설명했습니다.",True,,,,,False,False,0.9189189189189189,0.6060606060606061,0.45945945945945943,0.30303030303030304,True,False,4.0658884000149556,2.9758031999808736,,,,,question+passage,"심화 C반 4차 프론트엔드 점검 설명에 대해 공유 위치은 프로젝트 슬랙 채널이라고, 담당은 프론트엔드 파트라고, 그리고 마감은 다음 달 첫째 주 화요일이라고 설명했습니다.","심화 C반 4차 프론트엔드 점검에 대해 마감은 completes.time 범위라고, 공유는 공유된다고, 그리고 문제는 오답net으로 전달된다고 설명했습니다."
dataset_ko_285_final,entity_simple_hard_test_os_concept_00390:final:0,entity_simple_hard_test_os_concept_00390,entity_simple_hard_test_os_concept_00390,True,same_source_sibling_facts,1,4,23,20,교수님이 봄 오후반 4차 캐시의 역할과 장점을 어떻게 말했어?,"봄 오후반 4차 캐시에 대해 역할은 자주 쓰는 정보를 가까이 둔다고, 그리고 장점은 반복 접근을 빠르게 만든다고 설명했습니다.",True,,,,,False,False,0.75,0.8717948717948718,0.375,0.4358974358974359,True,True,4.375162000011187,3.930034000019077,,,,,passage-only,"교수님이 봄 오후반 4차 캐시에 대해 주의점은 중복 접근을 빠르게 만든다고, 역할은 자주 쓰는 정보를 가까이 둔다고, 그리고 비유는 책상 위에 올려둔 책이라고 설명했습니다.","봄 오후반 4차 캐시에 대해 역할은 자주 쓰는 정보를 가까이 둔다고, 장점은 반복 접근을 빠르게 만든다고, 그리고 비유는 책상 위에 올려둔 책이라고 설명했습니다."
dataset_ko_286_final,entity_simple_hard_test_statistics_00118:final:0,entity_simple_hard_test_statistics_00118,entity_simple_hard_test_statistics_00118,True,same_source_sibling_facts,1,4,23,20,교수님이 실습 B반 2차 상관계수의 의미와 주의점을 어떻게 말했어?,"실습 B반 2차 상관계수에 대해 의미는 선형 관계 강도라고, 그리고 주의점은 원인 증명을 뜻하지 않는다고 설명했습니다.",True,,,,,False,False,0.7894736842105263,0.7317073170731707,0.39473684210526316,0.36585365853658536,True,True,3.9448329000151716,4.0839155000285245,,,,,question+passage,"교수님이 실습 B반 2차 상관계수의 의미은 선형 관계 강도라고, 주의점은 원인 증명을 뜻하지 않는다고, 그리고 의미은 관계 강도를 빠르게 살필 때 쓴다고 설명했습니다.","professor Kim의 B반 2차 상관계수의 의미과 주의점에 대해 비유는 두 차원의 직각 도형을 설명하는 방법이라고, 의미는 선형 관계의 강도라고, 그리고 주의점은 원인 증명을 뜻하지 않는다고 설명했습니다."
dataset_ko_287_final,entity_simple_hard_test_dessert_00290:final:0,entity_simple_hard_test_dessert_00290,entity_simple_hard_test_dessert_00290,True,same_source_sibling_facts,1,4,23,20,교수님이 봄 오후반 3차 마카롱의 색깔과 비유를 어떻게 말했어?,"봄 오후반 3차 마카롱에 대해 색깔은 알록달록하다고, 그리고 비유는 작은 보석 상자라고 설명했습니다.",True,,,,,False,False,0.4117647058823529,0.4827586206896552,0.20588235294117646,0.2413793103448276,True,False,4.282492299971636,3.1974585000425577,,,,,passage-only,"교수님의 마카롱에 대해 색깔은 두개라고, 비유는 두 덩어리 속에 비유는 불도 있고 다른 순록의 경우는 겉은 바삭하고 속은 촉촉하다고, 그리고 색깔은 알록달록하다고 설명했습니다.","교수님이 봄 오후반 3차 마카롱의 색깔을 말하는 방식은 곡의 컬러를 설명하는 방법이라고, 그리고 비유는 몸으로 표현하는 방법이라고 설명했습니다."
dataset_ko_288_final,entity_simple_hard_test_project_00276:final:0,entity_simple_hard_test_project_00276,entity_simple_hard_test_project_00276,True,same_source_sibling_facts,1,4,23,20,정규 4팀 3차 최종 발표 설명에서 공유 위치와 마감만 알려줘.,"정규 4팀 3차 최종 발표에 대해 공유 위치는 팀 노션 페이지라고, 그리고 마감은 다음 주 월요일 밤이라고 설명했습니다.",True,,,,,False,False,0.967741935483871,0.967741935483871,0.4838709677419355,0.4838709677419355,True,True,2.454856699972879,2.4371749999700114,,,,,tie,"정규 4팀 3차 최종 발표 설명에 대해 공유 위치는 팀 노션 페이지라고, 마감은 다음 주 월요일 밤이라고 설명했습니다.","정규 4팀 3차 최종 발표 설명에 대해 공유 위치는 팀 노션 페이지라고, 마감은 다음 주 월요일 밤이라고 설명했습니다."
dataset_ko_289_final,entity_simple_hard_test_art_history_00209:final:0,entity_simple_hard_test_art_history_00209,entity_simple_hard_test_art_history_00209,True,same_source_sibling_facts,1,4,23,20,세미나 A반 3차 입체주의에서 핵심 특징과 목적을 함께 정리해줘.,"세미나 A반 3차 입체주의에 대해 핵심 특징은 여러 시점이라고, 그리고 목적은 대상을 새롭게 해석하는 것이라고 설명했습니다.",True,,,,,False,False,0.8205128205128205,0.9142857142857143,0.41025641025641024,0.45714285714285713,True,True,3.8302434000070207,2.8888514999998733,,,,,passage-only,"세미나 A반 3차 입체주의에 대해 핵심 특징은 여러 시점이라고, 비유는 여러 방향에서 본 사물을 한 화면에 놓는 방식이라고, 그리고 목적은 대상을 새롭게 해석하는 것이라고 설명했습니다.","세미나 A반 3차 입체주의에 대해 핵심 특징은 여러 시점이라고, 목적은 대상을 새롭게 해석하는 것이라고, 그리고 여러 시점이라고 이해한다고 설명했습니다."
dataset_ko_290_final,entity_simple_hard_test_project_00373:final:0,entity_simple_hard_test_project_00373,entity_simple_hard_test_project_00373,True,same_source_sibling_facts,1,4,23,20,겨울 4팀 4차 백엔드 배포에서 공유 위치와 마감을 함께 정리해줘.,"겨울 4팀 4차 백엔드 배포에 대해 공유 위치는 깃허브 이슈 탭이라고, 그리고 마감은 수요일 오후 다섯 시라고 설명했습니다.",True,,,,,False,False,0.9714285714285714,0.8947368421052632,0.4857142857142857,0.4473684210526316,True,True,2.751919500005897,3.476354899990838,,,,,question+passage,"겨울 4팀 4차 백엔드 배포에 대해 공유 위치는 깃허브 이슈 탭이라고, 마감은 수요일 오후 다섯 시라고 설명했습니다.","겨울 4팀 4차 백엔드 배포에 대해 담당은 백엔드 팀이라고, 마감은 수요일 오후 다섯 시라고, 그리고 공유는 깃허브 이슈 탭이라고 설명했습니다."
dataset_ko_291_final,entity_simple_hard_test_art_history_00136:final:0,entity_simple_hard_test_art_history_00136,entity_simple_hard_test_art_history_00136,True,same_source_sibling_facts,1,4,23,20,정규 D반 2차 바로크 설명에서 비유와 비교 포인트만 알려줘.,"정규 D반 2차 바로크에 대해 비유는 무대 조명이 한 장면을 강조하는 방식이라고, 그리고 비교 포인트는 평면적 구도와 구분된다고 설명했습니다.",True,,,,,False,False,0.878048780487805,0.7499999999999999,0.4390243902439025,0.37499999999999994,True,True,3.861829800007399,3.5888741000089794,,,,,question+passage,"정규 D반 2차 바로크에 대해 비유는 무대 조명이 한 장면을 강조하는 방식이라고, 목적은 감정을 강하게 전달하는 것이라고, 그리고 비교 포인트는 평면적 구도와 구분된다고 설명했습니다.","정규 D반 2차 바로크에 대해 비유는 무대 조명이 한 장면을 강조하는 방식이라고, 비유atype은 생각을 강하게 전달하는 것이라고, 그리고 비교 포인트는 차분한 대比라고 설명했습니다."
dataset_ko_292_final,entity_simple_hard_test_os_concept_00055:final:0,entity_simple_hard_test_os_concept_00055,entity_simple_hard_test_os_concept_00055,True,same_source_sibling_facts,1,4,23,20,파일럿 2팀 1차 큐 설명 중 장점과 역할에 해당하는 내용만 답해줘.,"파일럿 2팀 1차 큐에 대해 장점은 처리 순서를 명확하게 만든다고, 그리고 역할은 작업을 순서대로 기다리게 한다고 설명했습니다.",True,,,,,False,False,0.9696969696969697,0.8717948717948718,0.48484848484848486,0.4358974358974359,True,True,2.7159118000417948,3.685385500022676,,,,,question+passage,"파일럿 2팀 1차 큐에 대해 장점은 처리 순서를 명확하게 만든다고, 역할은 작업을 순서대로 기다리게 한다고 설명했습니다.","파일럿 2팀 1차 큐에 대해 장점은 처리 순서를 명확하게 만든다고, 역할은 작업을 순서대로 기다리게 한다고, 그리고 주의점은 대기 시간이 길어질 수 있다고 설명했습니다."
dataset_ko_293_final,entity_simple_hard_test_marketing_00105:final:0,entity_simple_hard_test_marketing_00105,entity_simple_hard_test_marketing_00105,True,same_source_sibling_facts,1,4,23,20,파일럿 A반 2차 동아리 홍보에서 핵심 채널과 성과 지표를 함께 정리해줘.,"파일럿 A반 2차 동아리 홍보에 대해 핵심 채널은 오픈채팅방이라고, 그리고 성과 지표는 참여율이라고 설명했습니다.",True,,,,,False,False,0.962962962962963,0.7096774193548386,0.4814814814814815,0.3548387096774193,True,True,2.653027599968482,3.0052350999903865,,,,,question+passage,"파일럿 A반 2차 동아리 홍보에 대해 핵심 채널은 오픈채팅방이라고, 성과 지표는 참여율이라고 설명했습니다.","파일럿 A반 2차 동아리 홍보에 대해 핵심 채널은 게시판과 메일 리스트라고, 성과 지표는 참여율과 성과 지표라고 설명했습니다."
dataset_ko_294_final,entity_simple_hard_test_dessert_00050:final:0,entity_simple_hard_test_dessert_00050,entity_simple_hard_test_dessert_00050,True,same_source_sibling_facts,1,4,23,20,교수님이 봄 2팀 1차 마카롱의 비유와 색깔을 어떻게 말했어?,"봄 2팀 1차 마카롱에 대해 비유는 작은 보석 상자라고, 그리고 색깔은 알록달록하다고 설명했습니다.",True,,,,,False,False,0.5714285714285715,0.5,0.28571428571428575,0.25,True,False,3.7356412000372075,1.6776984999887645,,,,,question+passage,"교수님이 봄 2팀 1차 마카롱에 대해 색깔은 알록달록하다고, 특징은 겉은 바삭하고 속은 촉촉하다고, 그리고 색깔은 알록달록하다고 설명했습니다.","봄 2팀 1차 마카롱의 특징과 차별점, 그리고 색깔 설명이 반환합니다."
dataset_ko_295_final,entity_simple_hard_test_art_history_00281:final:0,entity_simple_hard_test_art_history_00281,entity_simple_hard_test_art_history_00281,True,same_source_sibling_facts,1,4,23,20,여름 오전반 3차 입체주의에서 비교 포인트와 비유를 함께 정리해줘.,"여름 오전반 3차 입체주의에 대해 비교 포인트는 단일 원근과 다르다고, 그리고 비유는 여러 방향에서 본 사물을 한 화면에 놓는 방식이라고 설명했습니다.",True,,,,,False,False,0.8837209302325582,0.6829268292682926,0.4418604651162791,0.3414634146341463,True,True,3.9660468000220135,3.3143470999784768,,,,,question+passage,"여름 오전반 3차 입체주의에 대해 비유는 여러 방향에서 본 사물을 한 화면에 놓는 방식이라고, 목적은 대상을 새롭게 해석하는 것이라고, 그리고 비교 포인트는 단일 원근과 다르다고 설명했습니다.","여름 오전반 3차 입체주의에 대해 비교 포인트는 단일 원근과 다르다고, 핵심 특징은 여러 시점이라고, 그리고 비유는 여러 시점 viewing이 될 수 있는 것이라고 설명했습니다."
dataset_ko_296_final,entity_simple_hard_test_dessert_00314:final:0,entity_simple_hard_test_dessert_00314,entity_simple_hard_test_dessert_00314,True,same_source_sibling_facts,1,4,23,20,교수님이 캡스톤 B반 4차 마카롱의 맛과 특징을 어떻게 말했어?,"캡스톤 B반 4차 마카롱에 대해 맛은 부드럽고 진하다고, 그리고 특징은 겉은 바삭하고 속은 촉촉하다고 설명했습니다.",True,,,,,False,False,0.9090909090909091,0.6153846153846153,0.45454545454545453,0.30769230769230765,True,True,3.8360708000254817,2.0357518999953754,,,,,question+passage,"교수님이 캡스톤 B반 4차 마카롱에 대해 색깔은 알록달록하다고, 맛은 부드럽고 진하다고, 그리고 특징은 겉은 바삭하고 속은 촉촉하다고 설명했습니다.",캡스톤 B반 4차 마카롱의 맛과 특징을 진하게 시럽처럼 부드럽고 진하다고 설명했습니다.
dataset_ko_297_final,entity_simple_hard_test_statistics_00093:final:0,entity_simple_hard_test_statistics_00093,entity_simple_hard_test_statistics_00093,True,same_source_sibling_facts,1,4,23,20,겨울 오후반 1차 신뢰구간에서 활용과 비유를 함께 정리해줘.,"겨울 오후반 1차 신뢰구간에 대해 활용은 추정의 불확실성을 설명할 때 쓴다고, 그리고 비유는 정답이 있을 법한 범위를 그은 지도라고 설명했습니다.",True,,,,,False,False,0.8837209302325582,0.6500000000000001,0.4418604651162791,0.32500000000000007,True,True,4.1143843999598175,3.6553493999526836,,,,,question+passage,"겨울 오후반 1차 신뢰구간에 대해 비유는 정답이 있을 법한 범위를 그은 지도라고, 주의점은 정답 하나를 보장하지 않는다고, 그리고 활용은 추정의 불확실성을 설명할 때 쓴다고 설명했습니다.","겨울 오후반 1차 신뢰구간에 대해 활용은 추정의 불확실성을 설명할 때 쓴다고, 비유는 숫자가 없을 때의 약을 비교한다고, 그리고 의미는 추정의 범위라고 설명했습니다."
dataset_ko_298_final,entity_simple_hard_test_project_00255:final:0,entity_simple_hard_test_project_00255,entity_simple_hard_test_project_00255,True,same_source_sibling_facts,1,4,23,20,파일럿 2팀 3차 프론트엔드 점검 설명 중 확인 기준과 담당에 해당하는 내용만 답해줘.,"파일럿 2팀 3차 프론트엔드 점검에 대해 확인 기준은 사용자 차단 여부라고, 그리고 담당은 프론트엔드 파트라고 설명했습니다.",True,,,,,False,False,0.888888888888889,0.6153846153846154,0.4444444444444445,0.3076923076923077,True,False,3.9092928000027314,1.8377272000070661,,,,,question+passage,"파일럿 2팀 3차 프론트엔드 점검 설명에 대해 확인 기준은 사용자 차단 여부라고, 담당은 프론트엔드 파트라고, 그리고 마감은 다음 달 첫째 주 화요일이라고 설명했습니다.",파일럿 2팀 3차 프론트엔드 점검 확인 기준과 담당은 frontend 파트입니다.
dataset_ko_299_final,entity_simple_hard_test_dessert_00386:final:0,entity_simple_hard_test_dessert_00386,entity_simple_hard_test_dessert_00386,True,same_source_sibling_facts,1,4,23,20,교수님이 정규 오전반 4차 마카롱의 색깔과 비유를 어떻게 말했어?,"정규 오전반 4차 마카롱에 대해 색깔은 알록달록하다고, 그리고 비유는 작은 보석 상자라고 설명했습니다.",True,,,,,False,False,0.14285714285714288,0.41666666666666663,0.07142857142857144,0.20833333333333331,False,False,3.13202530000126,2.244638499978464,,,,,passage-only,"교수님의 말은 같은 밑色은 스타일을 묘기 können이라고, 색은 안장조로 보일 수 있다고, 그리고 향은 우스꽝스러울 수 있다고 설명했습니다.",교수님이 정규 오전반 4차 마카롱의 색깔을 말하는 동안 특징이 강조된다는 설명을 이해합니다.
dataset_ko_300_final,entity_simple_hard_test_statistics_00164:final:0,entity_simple_hard_test_statistics_00164,entity_simple_hard_test_statistics_00164,True,same_source_sibling_facts,1,4,23,20,캡스톤 3팀 2차 표본분산 설명에서 주의점과 의미만 알려줘.,"캡스톤 3팀 2차 표본분산에 대해 주의점은 순위 정렬과 다르다고, 그리고 의미는 흩어짐 측정이라고 설명했습니다.",True,,,,,False,False,0.8235294117647058,0.8125000000000001,0.4117647058823529,0.40625000000000006,True,True,3.7352384999976493,3.3956810999661684,,,,,tie,"캡스톤 3팀 2차 표본분산에 대해 주의점은 순위 정렬과 다르다고, 의미는 흩어짐 측정이라고, 그리고 비유는 점들이 얼마나 퍼졌는지 보는 자라고 설명했습니다.","캡스톤 3팀 2차 표본분산 설명에 대해 주의점은 순위 정렬과 다르다고, 의미는 흩어짐 측정이라고, 하지만它意는 변동성을 보는 자 değil이라고 설명했습니다."
dataset_ko_301_final,entity_simple_hard_test_marketing_00201:final:0,entity_simple_hard_test_marketing_00201,entity_simple_hard_test_marketing_00201,True,same_source_sibling_facts,1,4,23,20,여름 A반 3차 동아리 홍보에서 핵심 채널과 성과 지표를 함께 정리해줘.,"여름 A반 3차 동아리 홍보에 대해 핵심 채널은 오픈채팅방이라고, 그리고 성과 지표는 참여율이라고 설명했습니다.",True,,,,,False,False,0.962962962962963,0.8125000000000001,0.4814814814814815,0.40625000000000006,True,True,2.5539642000221647,3.1933189000119455,,,,,question+passage,"여름 A반 3차 동아리 홍보에 대해 핵심 채널은 오픈채팅방이라고, 성과 지표는 참여율이라고 설명했습니다.","여름 A반 3차 동아리 홍보에 대해 핵심 채널은 서브 채널이라고, 성과 지표는 참여율이라고, 그리고 대상은 동아리 회원이라고 설명했습니다."
dataset_ko_302_final,entity_simple_hard_test_statistics_00213:final:0,entity_simple_hard_test_statistics_00213,entity_simple_hard_test_statistics_00213,True,same_source_sibling_facts,1,4,23,20,겨울 B반 3차 신뢰구간에서 의미와 주의점을 함께 정리해줘.,"겨울 B반 3차 신뢰구간에 대해 의미는 모수 추정 범위라고, 그리고 주의점은 정답 하나를 보장하지 않는다고 설명했습니다.",True,,,,,False,False,0.8205128205128205,0.8648648648648648,0.41025641025641024,0.4324324324324324,True,True,3.685593100031838,3.5543679000111297,,,,,tie,"겨울 B반 3차 신뢰구간에 대해 주의점은 정답 하나를 보장하지 않는다고, 의미는 모수 추정 범위라고, 그리고 비유는 정답이 있을 법한 범위를 그은 지도라고 설명했습니다.","겨울 B반 3차 신뢰구간에 대해 의미는 모수 추정 범위라고, 주의점은 정답 하나를 보장하지 않는다고, 그리고 활용은 추정 범위를 확대할 때 쓴다고 설명했습니다."
dataset_ko_303_final,entity_simple_hard_test_dessert_00075:final:0,entity_simple_hard_test_dessert_00075,entity_simple_hard_test_dessert_00075,True,same_source_sibling_facts,1,4,23,20,파일럿 4팀 1차 브라우니 설명 중 특징과 맛에 해당하는 내용만 답해줘.,"파일럿 4팀 1차 브라우니에 대해 특징은 속이 촉촉하게 남는다고, 그리고 맛은 묵직하게 달콤하다고 설명했습니다.",True,,,,,False,False,0.9032258064516129,0.7741935483870968,0.45161290322580644,0.3870967741935484,True,True,3.495730399969034,3.617623199999798,,,,,question+passage,"파일럿 4팀 1차 브라우니에 대해 특징은 속이 촉촉하게 남는다고, 맛은 묵직하게 달콤하다고, 그리고 사진은 진한 갈색이라고 설명했습니다.","파일럿 4팀 1차 브라우니에 대해 특징은 속이 촉촉하게 남는다고, 맛은 달콤하게 달라진다고, 그리고 색깔은 진한 갈색이라고 설명했습니다."
dataset_ko_304_final,entity_simple_hard_test_dessert_00265:final:0,entity_simple_hard_test_dessert_00265,entity_simple_hard_test_dessert_00265,True,same_source_sibling_facts,1,4,23,20,파일럿 3팀 3차 솜사탕에서 특징과 맛을 함께 정리해줘.,"파일럿 3팀 3차 솜사탕에 대해 특징은 입에 닿으면 빠르게 사라진다고, 그리고 맛은 가볍게 달콤하다고 설명했습니다.",True,,,,,False,False,0.8823529411764706,0.9375,0.4411764705882353,0.46875,True,True,3.604602099978365,3.5016366000054404,,,,,passage-only,"파일럿 3팀 3차 솜사탕에 대해 특징은 입에 닿으면 빠르게 사라진다고, 맛은 가볍게 달콤하다고, 그리고 비유는 구름 같은 간식이라고 설명했습니다.","파일럿 3팀 3차 솜사탕에 대해 특징은 입에 닿으면 빠르게 사라진다고, 맛은 가볍게 달콤하다고, 그리고 색깔은 분홍색이라고 설명했습니다."
dataset_ko_305_final,entity_simple_hard_test_project_00278:final:0,entity_simple_hard_test_project_00278,entity_simple_hard_test_project_00278,True,same_source_sibling_facts,1,4,23,20,교수님이 실습 4팀 3차 AI 모델 평가의 공유 위치와 마감을 어떻게 말했어?,"실습 4팀 3차 AI 모델 평가에 대해 공유 위치는 회의록 폴더라고, 그리고 마감은 금요일 자정 전이라고 설명했습니다.",True,,,,,False,False,0.8000000000000002,0.8421052631578947,0.4000000000000001,0.42105263157894735,True,True,2.307103700004518,3.2666751999640837,,,,,tie,"교수님의 AI 모델 평가의 공유 위치는 회의록 폴더라고, 마감은 금요일 자정 전이라고 설명했습니다.","실습 4팀 3차 AI 모델 평가에 대해 공유 위치는 커널 서버 폴더라고, 마감은 금요일 자정 전이라고, 그리고 확인 기준은 정답률이라고 설명했습니다."
dataset_ko_306_final,entity_simple_hard_test_art_history_00282:final:0,entity_simple_hard_test_art_history_00282,entity_simple_hard_test_art_history_00282,True,same_source_sibling_facts,1,4,23,20,교수님이 가을 오전반 3차 인상주의의 비교 포인트와 비유를 어떻게 말했어?,"가을 오전반 3차 인상주의에 대해 비교 포인트는 정확한 윤곽보다 색감이 중요하다고, 그리고 비유는 햇빛이 흔들리는 수면에 비친 모습이라고 설명했습니다.",True,,,,,False,False,0.8636363636363636,0.5517241379310345,0.4318181818181818,0.27586206896551724,True,False,4.4286696999915875,1.9361233999952674,,,,,question+passage,"교수님이 가을 오전반 3차 인상주의에 대해 비유는 햇빛이 흔들리는 수면에 비친 모습이라고, 목적은 관찰 순간을 살리는 것이라고, 그리고 비교 포인트는 정확한 윤곽보다 색감이 중요하다고 설명했습니다.",교수님이 가을 오전반 3차 인상주의의 비교 포인트와 비유를 말씀하시겠다고 설명했습니다.
dataset_ko_307_final,entity_simple_hard_test_os_concept_00293:final:0,entity_simple_hard_test_os_concept_00293,entity_simple_hard_test_os_concept_00293,True,same_source_sibling_facts,1,4,23,20,겨울 오후반 3차 스레드에서 역할과 장점을 함께 정리해줘.,"겨울 오후반 3차 스레드에 대해 역할은 프로세스 안에서 작업을 나누어 실행한다고, 그리고 장점은 작업을 가볍게 나눌 수 있다고 설명했습니다.",True,,,,,False,False,0.878048780487805,0.85,0.4390243902439025,0.425,True,True,3.728024900017772,3.487087999994401,,,,,tie,"겨울 오후반 3차 스레드에 대해 장점은 작업을 가볍게 나눌 수 있다고, 주의점은 공유 자원 관리가 필요하다고, 그리고 역할은 프로세스 안에서 작업을 나누어 실행한다고 설명했습니다.","겨울 오후반 3차 스레드에 대해 역할은 프로세스를 나누어 실행한다고, 비유는 같은 식당 안에서 일하는 직원이라고, 그리고 장점은 작업을 가볍게 나눌 수 있다고 설명했습니다."
dataset_ko_308_final,entity_simple_hard_test_art_history_00019:final:0,entity_simple_hard_test_art_history_00019,entity_simple_hard_test_art_history_00019,True,same_source_sibling_facts,1,4,23,20,세미나 B반 1차 르네상스 설명 중 핵심 특징과 목적에 해당하는 내용만 답해줘.,"세미나 B반 1차 르네상스에 대해 핵심 특징은 인문주의라고, 그리고 목적은 사람의 가치를 드러내는 것이라고 설명했습니다.",True,,,,,False,False,0.9655172413793104,0.9090909090909091,0.4827586206896552,0.45454545454545453,True,True,2.6689222000422888,3.3034661000128835,,,,,question+passage,"세미나 B반 1차 르네상스에 대해 핵심 특징은 인문주의라고, 목적은 사람의 가치를 드러내는 것이라고 설명했습니다.","세미나 B반 1차 르네상스에 대해 핵심 특징은 인문주의라고, 목적은 사람의 가치를 드러내는 것이라고, 그리고 핵심 개념은 인문주의라고 설명했습니다."
dataset_ko_309_final,entity_simple_hard_test_project_00253:final:0,entity_simple_hard_test_project_00253,entity_simple_hard_test_project_00253,True,same_source_sibling_facts,1,4,23,20,겨울 2팀 3차 백엔드 배포에서 확인 기준과 담당을 함께 정리해줘.,"겨울 2팀 3차 백엔드 배포에 대해 확인 기준은 오류 발생률이라고, 그리고 담당은 백엔드 팀이라고 설명했습니다.",True,,,,,False,False,0.9655172413793104,0.5454545454545454,0.4827586206896552,0.2727272727272727,True,False,2.4519782999996096,3.6172776000457816,,,,,question+passage,"겨울 2팀 3차 백엔드 배포에 대해 확인 기준은 오류 발생률이라고, 담당은 백엔드 팀이라고 설명했습니다.","겨울 2팀 3차 백엔드 배포에서 확인 기준은 5명만 맡아야 하는 부분이라고, 협의는 커밋 메시지로, 그리고 런치백 엔드포인트라고 설명했습니다."
dataset_ko_310_final,entity_simple_hard_test_marketing_00321:final:0,entity_simple_hard_test_marketing_00321,entity_simple_hard_test_marketing_00321,True,same_source_sibling_facts,1,4,23,20,여름 C반 4차 동아리 홍보에서 대상과 보상을 함께 정리해줘.,"여름 C반 4차 동아리 홍보에 대해 대상은 동아리 회원이라고, 그리고 보상은 굿즈 추첨권이라고 설명했습니다.",True,,,,,False,False,0.962962962962963,0.6875000000000001,0.4814814814814815,0.34375000000000006,True,True,2.2779261999530718,3.8196336000110023,,,,,question+passage,"여름 C반 4차 동아리 홍보에 대해 대상은 동아리 회원이라고, 보상은 굿즈 추첨권이라고 설명했습니다.","여름 C반 4차 동아리 홍보에 대해 대상은 동아리 회원이라고, 보상은 쿠폰이라고, 조건은 먼저 신청받는다라고, 핵심 채널은 오픈채팅방이라고 설명했습니다."
dataset_ko_311_final,entity_simple_hard_test_statistics_00166:final:0,entity_simple_hard_test_statistics_00166,entity_simple_hard_test_statistics_00166,True,same_source_sibling_facts,1,4,23,20,교수님이 정규 3팀 2차 상관계수의 주의점과 의미를 어떻게 말했어?,"정규 3팀 2차 상관계수에 대해 주의점은 원인 증명을 뜻하지 않는다고, 그리고 의미는 선형 관계 강도라고 설명했습니다.",True,,,,,False,False,0.8108108108108109,0.5365853658536586,0.40540540540540543,0.2682926829268293,True,True,4.028362600016408,4.074371599999722,,,,,question+passage,"교수님이 정규 3팀 2차 상관계수의 주의점은 원인 증명을 뜻하지 않는다고, 의미는 선형 관계 강도라고, 그리고 비유는 두 변수의 움직임을 비교하는 나침반이라고 설명했습니다.","교수님이 정규 3팀 2차 상관계수의 주의점과 의미를 설명하시면 다음과 같습니다. 주의점은 통계치라는 것을 나타내는 데 사용된다, 의미는 선형 관계 강도라고, 그리고 활용은 데이터 분석의 방법이라고 설명했습니다."
dataset_ko_312_final,entity_simple_hard_test_project_00326:final:0,entity_simple_hard_test_project_00326,entity_simple_hard_test_project_00326,True,same_source_sibling_facts,1,4,23,20,교수님이 정규 C반 4차 AI 모델 평가의 마감과 공유 위치를 어떻게 말했어?,"정규 C반 4차 AI 모델 평가에 대해 마감은 금요일 자정 전이라고, 그리고 공유 위치는 회의록 폴더라고 설명했습니다.",True,,,,,False,False,0.37837837837837834,0.8421052631578947,0.18918918918918917,0.42105263157894735,True,True,3.2362847000476904,3.2006744999671355,,,,,passage-only,"교수님의 권한은 마감 결정을 관리하는 위치라고, 설명은 AI 파트로 말하는 방법이라고, 그리고 학생들의 AI 파트 오답 체인은 금요일 자정 전이라고 설명했습니다.","정규 C반 4차 AI 모델 평가에 대해 마감은 금요일 자정 전이라고, 공유 위치는 클래스 평가 폴더라고, 그리고 확인 기준은 정답률이라고 설명했습니다."
dataset_ko_313_final,entity_simple_hard_test_art_history_00353:final:0,entity_simple_hard_test_art_history_00353,entity_simple_hard_test_art_history_00353,True,same_source_sibling_facts,1,4,23,20,겨울 2팀 4차 입체주의에서 목적과 핵심 특징을 함께 정리해줘.,"겨울 2팀 4차 입체주의에 대해 목적은 대상을 새롭게 해석하는 것이라고, 그리고 핵심 특징은 여러 시점이라고 설명했습니다.",True,,,,,False,False,0.8205128205128205,0.6666666666666665,0.41025641025641024,0.33333333333333326,True,True,3.8188406999688596,3.0070484000025317,,,,,question+passage,"겨울 2팀 4차 입체주의에 대해 핵심 특징은 여러 시점이라고, 비유는 여러 방향에서 본 사물을 한 화면에 놓는 방식이라고, 그리고 목적은 대상을 새롭게 해석하는 것이라고 설명했습니다.","겨울 2팀 4차 입체주의에 대해 목적은 행동을 수정하는 기본 새 개념이라고, 핵심 특징은 여러 시점이라고, 그리고 핵심 구조는 여러 시점이라고 설명했습니다."
dataset_ko_314_final,entity_simple_hard_test_os_concept_00271:final:0,entity_simple_hard_test_os_concept_00271,entity_simple_hard_test_os_concept_00271,True,same_source_sibling_facts,1,4,23,20,여름 4팀 3차 큐 설명 중 주의점과 비유에 해당하는 내용만 답해줘.,"여름 4팀 3차 큐에 대해 주의점은 대기 시간이 길어질 수 있다고, 그리고 비유는 번호표를 뽑고 기다리는 줄이라고 설명했습니다.",True,,,,,False,False,0.8717948717948718,0.8717948717948718,0.4358974358974359,0.4358974358974359,True,True,3.773471000022255,3.781738999998197,,,,,tie,"여름 4팀 3차 큐에 대해 비유는 번호표를 뽑고 기다리는 줄이라고, 장점은 처리 순서를 명확하게 만든다고, 그리고 주의점은 대기 시간이 길어질 수 있다고 설명했습니다.","여름 4팀 3차 큐에 대해 주의점은 대기 시간이 길어질 수 있다고, 비유는 번호표를 뽑고 기다리는 줄이라고, 그리고 역할은 작업을 순서대로 기다리게 한다고 설명했습니다."
dataset_ko_315_final,entity_simple_hard_test_statistics_00286:final:0,entity_simple_hard_test_statistics_00286,entity_simple_hard_test_statistics_00286,True,same_source_sibling_facts,1,4,23,20,교수님이 정규 오전반 3차 상관계수의 활용과 비유를 어떻게 말했어?,"정규 오전반 3차 상관계수에 대해 활용은 관계 강도를 빠르게 살필 때 쓴다고, 그리고 비유는 두 변수의 움직임을 비교하는 나침반이라고 설명했습니다.",True,,,,,False,False,0.6153846153846153,0.5365853658536586,0.30769230769230765,0.2682926829268293,True,False,3.9845042999950238,4.407514800026547,,,,,question+passage,"교수님이 정규 오전반 3차 상관계수의 의미는 선형 관계 강도라고, 비유는 두 변수의 움직임을 비교하는 나침반이라고, 그리고 주의점은 원인 증명을 뜻하지 않는다고 설명했습니다.","교수님이 정규 오전반 3차 상관계수의 활용과 비유를 설명해 드려요. 의미는 선형 관계 강도라고, 활용은 비유의 덩치를 뛰어넘는다고, 그리고 비유는 원형을 살필 때 쓴다고 설명했습니다."
dataset_ko_316_final,entity_simple_hard_test_dessert_00312:final:0,entity_simple_hard_test_dessert_00312,entity_simple_hard_test_dessert_00312,True,same_source_sibling_facts,1,4,23,20,가을 B반 4차 초콜렛 설명에서 맛과 특징만 알려줘.,"가을 B반 4차 초콜렛에 대해 맛은 달콤하다고, 그리고 특징은 입안에서 천천히 녹는다고 설명했습니다.",True,,,,,False,False,0.9285714285714286,0.9285714285714286,0.4642857142857143,0.4642857142857143,True,True,2.9801848000497557,3.0121589000336826,,,,,tie,"가을 B반 4차 초콜렛 설명에 대해 맛은 달콤하다고, 특징은 입안에서 천천히 녹는다고, 그리고 색깔은 검정색이라고 설명했습니다.","가을 B반 4차 초콜렛 설명에 대해 맛은 달콤하다고, 특징은 입안에서 천천히 녹는다고, 그리고 색깔은 검정색이라고 설명했습니다."
dataset_ko_317_final,entity_simple_hard_test_dessert_00144:final:0,entity_simple_hard_test_dessert_00144,entity_simple_hard_test_dessert_00144,True,same_source_sibling_facts,1,4,23,20,캡스톤 1팀 2차 초콜렛 설명에서 비유와 색깔만 알려줘.,"캡스톤 1팀 2차 초콜렛에 대해 비유는 작은 선물 상자라고, 그리고 색깔은 검정색이라고 설명했습니다.",True,,,,,False,False,0.6451612903225806,0.7142857142857142,0.3225806451612903,0.3571428571428571,True,True,3.5783567000180483,2.950749200012069,,,,,passage-only,"캡스톤 1팀 2차 초콜렛 설명에 대해 비유는 두 사람의 마음을위치하고 다른 색깔이라고, 특징은 입안에서 천천히 녹는다고, 그리고 색깔은 검정색이라고 설명했습니다.","캡스톤 1팀 2차 초콜렛에 대해 비유는 천공적인 용도로 설명했다고, 색깔은 검정색이라고, 그리고 색감은 단색이라고 설명했습니다."
dataset_ko_318_final,entity_simple_hard_test_marketing_00128:final:0,entity_simple_hard_test_marketing_00128,entity_simple_hard_test_marketing_00128,True,same_source_sibling_facts,1,4,23,20,실습 C반 2차 신입생 캠페인 설명에서 대상과 보상만 알려줘.,"실습 C반 2차 신입생 캠페인에 대해 대상은 신입생이라고, 그리고 보상은 커피 쿠폰이라고 설명했습니다.",True,,,,,False,False,0.9600000000000001,0.8571428571428571,0.48000000000000004,0.42857142857142855,True,True,2.584763600025326,3.22787810000591,,,,,question+passage,"실습 C반 2차 신입생 캠페인에 대해 대상은 신입생이라고, 보상은 커피 쿠폰이라고 설명했습니다.","실습 C반 2차 신입생 캠페인 설명에서 대상은 신입생이라고, 보상은 커피 쿠폰이라고, 그리고 성과 지표는 전환율이라고 설명했습니다."
dataset_ko_319_final,entity_simple_hard_test_project_00135:final:0,entity_simple_hard_test_project_00135,entity_simple_hard_test_project_00135,True,same_source_sibling_facts,1,4,23,20,파일럿 D반 2차 프론트엔드 점검 설명 중 마감과 공유 위치에 해당하는 내용만 답해줘.,"파일럿 D반 2차 프론트엔드 점검에 대해 마감은 다음 달 첫째 주 화요일이라고, 그리고 공유 위치는 프로젝트 슬랙 채널이라고 설명했습니다.",True,,,,,False,False,0.9189189189189189,0.6666666666666667,0.45945945945945943,0.33333333333333337,True,True,4.110265700030141,4.081382599950302,,,,,question+passage,"파일럿 D반 2차 프론트엔드 점검 설명에 대해 공유 위치은 프로젝트 슬랙 채널이라고, 담당은 프론트엔드 파트라고, 그리고 마감은 다음 달 첫째 주 화요일이라고 설명했습니다.","파일럿 D반 2차 프론트엔드 점검에 대해 마감은 종료되지만 공유는 가능하다고, 확인 기준은 사용자 차단 여부를 기준으로고, 공유 위치는 프로젝트 슬랙 채널이라고 설명했습니다."
dataset_ko_320_final,entity_simple_hard_test_art_history_00091:final:0,entity_simple_hard_test_art_history_00091,entity_simple_hard_test_art_history_00091,True,same_source_sibling_facts,1,4,23,20,여름 오후반 1차 르네상스 설명 중 비교 포인트와 비유에 해당하는 내용만 답해줘.,"여름 오후반 1차 르네상스에 대해 비교 포인트는 절대왕정 중심 설명과 다르다고, 그리고 비유는 사람을 화면 중앙에 다시 세우는 방식이라고 설명했습니다.",True,,,,,False,False,0.9268292682926829,0.7111111111111111,0.46341463414634143,0.35555555555555557,True,True,3.956214400008321,4.558165399997961,,,,,question+passage,"여름 오후반 1차 르네상스에 대해 비교 포인트는 절대왕정 중심 설명과 다르다고, 핵심 특징은 인문주의라고, 그리고 비유는 사람을 화면 중앙에 다시 세우는 방식이라고 설명했습니다.","여름 오후반 1차 르네상스에 대해 비교 포인트는 강사의 인생을 강아지의 가치를形容하는 형식이라고, 비유는 사람을 화면 중앙에 다시 세우는 방식이라고, 그리고 비교 포인트는 절대값而不是相对位置라고 설명했습니다."
dataset_ko_321_final,entity_simple_hard_test_art_history_00307:final:0,entity_simple_hard_test_art_history_00307,entity_simple_hard_test_art_history_00307,True,same_source_sibling_facts,1,4,23,20,심화 A반 4차 르네상스 설명 중 핵심 특징과 목적에 해당하는 내용만 답해줘.,"심화 A반 4차 르네상스에 대해 핵심 특징은 인문주의라고, 그리고 목적은 사람의 가치를 드러내는 것이라고 설명했습니다.",True,,,,,False,False,0.8333333333333333,0.9375,0.41666666666666663,0.46875,True,True,3.235597899998538,3.159466599987354,,,,,passage-only,"심화 A반 4차 르네상스에 대해 핵심 특징은 인문주의라고, 목적은 사람의 가치를 드러내는 것이라고, 그리고 비교 포인트는 인문주의에 대해 설명하는 것이라고 설명했습니다.","심화 A반 4차 르네상스에 대해 핵심 특징은 인문주의라고, 목적은 사람의 가치를 드러내는 것이라고, 그리고 핵심은 인문주의라고 설명했습니다."
dataset_ko_322_final,entity_simple_hard_test_os_concept_00006:final:0,entity_simple_hard_test_os_concept_00006,entity_simple_hard_test_os_concept_00006,True,same_source_sibling_facts,1,4,23,20,교수님이 정규 A반 1차 캐시의 역할과 장점을 어떻게 말했어?,"정규 A반 1차 캐시에 대해 역할은 자주 쓰는 정보를 가까이 둔다고, 그리고 장점은 반복 접근을 빠르게 만든다고 설명했습니다.",True,,,,,False,False,0.761904761904762,0.8571428571428571,0.380952380952381,0.42857142857142855,True,True,4.2527804000419565,4.1685294000199065,,,,,passage-only,"교수님은 정규 A반 1차 캐시에 대해 주의점은 중복 접근을 빠르게 만든다고, 역할은 자주 쓰는 정보를 가까이 둔다고, 그리고 비유는 책상 위에 올려둔 책이라고 설명했습니다.","교수님이 정규 A반 1차 캐시에 대해 역할은 자주 쓰는 정보를 가까이 둔다고, 장점은 반복 접근을 빠르게 만든다고, 그리고 비유는 책상 위에 올려둔 책이라고 설명했습니다."
dataset_ko_323_final,entity_simple_hard_test_statistics_00189:final:0,entity_simple_hard_test_statistics_00189,entity_simple_hard_test_statistics_00189,True,same_source_sibling_facts,1,4,23,20,세미나 오전반 2차 신뢰구간에서 활용과 비유를 함께 정리해줘.,"세미나 오전반 2차 신뢰구간에 대해 활용은 추정의 불확실성을 설명할 때 쓴다고, 그리고 비유는 정답이 있을 법한 범위를 그은 지도라고 설명했습니다.",True,,,,,False,False,0.8837209302325582,0.6341463414634148,0.4418604651162791,0.3170731707317074,True,True,4.011103700031526,3.805090600042604,,,,,question+passage,"세미나 오전반 2차 신뢰구간에 대해 비유는 정답이 있을 법한 범위를 그은 지도라고, 주의점은 정답 하나를 보장하지 않는다고, 그리고 활용은 추정의 불확실성을 설명할 때 쓴다고 설명했습니다.","세미나 오전반 2차 신뢰구간에 대해 활용은 추정의 불확실성을 설명할 때 쓴다고, 비유는 숫자가 없을 때의 rough를 비유라고, 그리고 의미는 모수 추정의 범위라고 설명했습니다."
dataset_ko_324_final,entity_simple_hard_test_art_history_00016:final:0,entity_simple_hard_test_art_history_00016,entity_simple_hard_test_art_history_00016,True,same_source_sibling_facts,1,4,23,20,정규 B반 1차 바로크 설명에서 핵심 특징과 목적만 알려줘.,"정규 B반 1차 바로크에 대해 핵심 특징은 극적 명암이라고, 그리고 목적은 감정을 강하게 전달하는 것이라고 설명했습니다.",True,,,,,False,False,0.8421052631578948,0.7692307692307693,0.4210526315789474,0.38461538461538464,True,True,3.573313299973961,3.76857720001135,,,,,question+passage,"정규 B반 1차 바로크에 대해 핵심 특징은 극적 명암이라고, 비유는 무대 조명이 한 장면을 강조하는 방식이라고, 그리고 목적은 감정을 강하게 전달하는 것이라고 설명했습니다.","정규 B반 1차 바로크에 대해 핵심 특징은 극적 명암과 구분이라고, 목적은 감정을 강하게 전달하는 것이라고, 그리고 비유는 무대 조명이 한 장면을 강조하는 방식이라고 설명했습니다."
dataset_ko_325_final,entity_simple_hard_test_os_concept_00364:final:0,entity_simple_hard_test_os_concept_00364,entity_simple_hard_test_os_concept_00364,True,same_source_sibling_facts,1,4,23,20,캡스톤 3팀 4차 프로세스 설명에서 주의점과 비유만 알려줘.,"캡스톤 3팀 4차 프로세스에 대해 주의점은 자원을 너무 많이 쓰면 느려질 수 있다고, 그리고 비유는 독립된 식당이라고 설명했습니다.",True,,,,,False,False,0.9189189189189189,0.6956521739130435,0.45945945945945943,0.34782608695652173,True,True,3.7696415000245906,4.708763599977829,,,,,question+passage,"캡스톤 3팀 4차 프로세스 설명에 대해 비유는 독립된 식당이라고, 주의점은 자원을 너무 많이 쓰면 느려질 수 있다고, 그리고 역할은 독립된 식당이라고 설명했습니다.","캡스톤 3팀 4차 프로세스에 대해 주의점은 자원을 너무 많이 쓰면 느려질 수 있다고, 비유는 혼자서 집을 가는 사람이 너무 먹이면 독이 듬직할 수 있다고, 그리고 역할은 독립된 실행 공간을 가진다고 설명했습니다."
dataset_ko_326_final,entity_simple_hard_test_os_concept_00365:final:0,entity_simple_hard_test_os_concept_00365,entity_simple_hard_test_os_concept_00365,True,same_source_sibling_facts,1,4,23,20,파일럿 3팀 4차 스레드에서 주의점과 비유를 함께 정리해줘.,"파일럿 3팀 4차 스레드에 대해 주의점은 공유 자원 관리가 필요하다고, 그리고 비유는 같은 식당 안에서 일하는 직원이라고 설명했습니다.",True,,,,,False,False,0.878048780487805,0.6341463414634146,0.4390243902439025,0.3170731707317073,True,True,3.653981899959035,3.8242888000095263,,,,,question+passage,"파일럿 3팀 4차 스레드에 대해 비유는 같은 식당 안에서 일하는 직원이라고, 장점은 작업을 가볍게 나눌 수 있다고, 그리고 주의점은 공유 자원 관리가 필요하다고 설명했습니다.","파일럿 3팀 4차 스레드에 대해 주의점은 공유 자원 관리가 필요하다고, 비유는 빠른 속도와 느린 속도가 함께 존재한다고, 그리고 목적은 작업을 나누어 실행한다고 설명했습니다."
dataset_ko_327_final,entity_simple_hard_test_dessert_00145:final:0,entity_simple_hard_test_dessert_00145,entity_simple_hard_test_dessert_00145,True,same_source_sibling_facts,1,4,23,20,파일럿 1팀 2차 솜사탕에서 비유와 색깔을 함께 정리해줘.,"파일럿 1팀 2차 솜사탕에 대해 비유는 구름 같은 간식이라고, 그리고 색깔은 분홍색이라고 설명했습니다.",True,,,,,False,False,0.896551724137931,0.8275862068965517,0.4482758620689655,0.41379310344827586,True,True,3.0481139000039548,2.742094699991867,,,,,question+passage,"파일럿 1팀 2차 솜사탕에 대해 색깔은 분홍색이라고, 비유는 구름 같은 간식이라고, 그리고 맛은 가볍게 달콤하다고 설명했습니다.","파일럿 1팀 2차 솜사탕에 대해 비유는 아마 구름 같은 부분이라고, 색깔은 분홍색이라고, 그리고 설명은 부분적으로 상자-shaped이라고 설명했습니다."
dataset_ko_328_final,entity_simple_hard_test_statistics_00020:final:0,entity_simple_hard_test_statistics_00020,entity_simple_hard_test_statistics_00020,True,same_source_sibling_facts,1,4,23,20,봄 C반 1차 표본분산 설명에서 의미와 주의점만 알려줘.,"봄 C반 1차 표본분산에 대해 의미는 흩어짐 측정이라고, 그리고 주의점은 순위 정렬과 다르다고 설명했습니다.",True,,,,,False,False,0.8666666666666666,0.8666666666666666,0.4333333333333333,0.4333333333333333,True,True,3.2916194000281394,3.399616300011985,,,,,tie,"봄 C반 1차 표본분산에 대해 주의점은 순위 정렬과 다르다고, 활용은 데이터 변동성을 볼 때 쓴다고, 그리고 의미는 흩어짐 측정이라고 설명했습니다.","봄 C반 1차 표본분산 설명에 대해 의미는 흩어짐 측정이라고, 주의점은 순위 정렬과 다르다고, 그리고 활용은 데이터의 흩어짐 측정이라고 설명했습니다."
dataset_ko_329_final,entity_simple_hard_test_marketing_00299:final:0,entity_simple_hard_test_marketing_00299,entity_simple_hard_test_marketing_00299,True,same_source_sibling_facts,1,4,23,20,세미나 오후반 3차 멘토링 이벤트 설명 중 핵심 채널과 성과 지표에 해당하는 내용만 답해줘.,"세미나 오후반 3차 멘토링 이벤트에 대해 핵심 채널은 이메일 뉴스레터라고, 그리고 성과 지표는 재방문율이라고 설명했습니다.",True,,,,,False,False,0.9655172413793104,0.8235294117647058,0.4827586206896552,0.4117647058823529,True,True,3.0761277000419796,3.830607899988536,,,,,question+passage,"세미나 오후반 3차 멘토링 이벤트에 대해 핵심 채널은 이메일 뉴스레터라고, 성과 지표는 재방문율이라고 설명했습니다.","세미나 오후반 3차 멘토링 이벤트에 대해 핵심 채널은 이메일 뉴스레터라고, 성과 지표는 참여율이라고, 그리고 확산 채널은 이메일 메시지라고 설명했습니다."
dataset_ko_330_final,entity_simple_hard_test_statistics_00140:final:0,entity_simple_hard_test_statistics_00140,entity_simple_hard_test_statistics_00140,True,same_source_sibling_facts,1,4,23,20,봄 1팀 2차 표본분산 설명에서 비유와 활용만 알려줘.,"봄 1팀 2차 표본분산에 대해 비유는 점들이 얼마나 퍼졌는지 보는 자라고, 그리고 활용은 데이터 변동성을 볼 때 쓴다고 설명했습니다.",True,,,,,False,False,0.888888888888889,0.6829268292682927,0.4444444444444445,0.34146341463414637,True,True,3.639074000006076,4.340110999997705,,,,,question+passage,"봄 1팀 2차 표본분산에 대해 비유는 점들이 얼마나 퍼졌는지 보는 자라고, 활용은 데이터 변동성을 볼 때 쓴다고, 그리고 주의점은 순위 정렬과 다르다고 설명했습니다.","봄 1팀 2차 표본분산 설명에 대해 비유는 점들이 얼마나 퍼졌는지 보는 자라고, 활용은 데이터의分散를may be the last chance라고, 그리고 해석은 점들이 얼마나 퍼졌는지 보는지가 민감한 곳이라고 설명했습니다."
dataset_ko_331_final,entity_simple_hard_test_marketing_00248:final:0,entity_simple_hard_test_marketing_00248,entity_simple_hard_test_marketing_00248,True,same_source_sibling_facts,1,4,23,20,실습 1팀 3차 신입생 캠페인 설명에서 성과 지표와 핵심 채널만 알려줘.,"실습 1팀 3차 신입생 캠페인에 대해 성과 지표는 전환율이라고, 그리고 핵심 채널은 인스타그램이라고 설명했습니다.",True,,,,,False,False,0.962962962962963,0.75,0.4814814814814815,0.375,True,False,2.7944257999770343,2.1968837999738753,,,,,question+passage,"실습 1팀 3차 신입생 캠페인 설명에 대해 핵심 채널은 인스타그램이라고, 성과 지표는 전환율이라고 설명했습니다.",실습 1팀 3차 신입생 캠페인 설명에서 성과 지표와 핵심 채널만 알려줬다.
dataset_ko_332_final,entity_simple_hard_test_project_00398:final:0,entity_simple_hard_test_project_00398,entity_simple_hard_test_project_00398,True,same_source_sibling_facts,1,4,23,20,교수님이 실습 오후반 4차 AI 모델 평가의 담당과 확인 기준을 어떻게 말했어?,"실습 오후반 4차 AI 모델 평가에 대해 담당은 AI 파트라고, 그리고 확인 기준은 정답률이라고 설명했습니다.",True,,,,,False,False,0.5263157894736841,0.8,0.26315789473684204,0.4,True,True,3.7224808000028133,3.0819515000330284,,,,,passage-only,"교수님의 AI 모델 평가의 담당과 확인 기준은 정답을 참고하고 공유 위치는 회의록 폴더라고, 담당은 AI 파트라고, 그리고 확인 기준은 정답 정렬을 기준이라고 설명했습니다.","실습 오후반 4차 AI 모델 평가에 대해 담당은 AI 파트라고, 확인 기준은 정답률을 설명했다고, 그리고 시간은 금요일 자정 전이라고 설명했습니다."
dataset_ko_333_final,entity_simple_hard_test_statistics_00311:final:0,entity_simple_hard_test_statistics_00311,entity_simple_hard_test_statistics_00311,True,same_source_sibling_facts,1,4,23,20,여름 B반 4차 회귀분석 설명 중 의미와 주의점에 해당하는 내용만 답해줘.,"여름 B반 4차 회귀분석에 대해 의미는 관계의 경향 설명이라고, 그리고 주의점은 모든 원인을 증명하지는 않는다고 설명했습니다.",True,,,,,False,False,0.45,0.888888888888889,0.225,0.4444444444444445,False,True,4.40369839995401,3.196890799968969,,,,,passage-only,"여름 B반 4차 회귀분석에 대해 설명은 아래 주의점과 의미를 말할 때 쓸 수 있다고, 비유는 흩어진 점 사이에 길을 그어 보는 일이라고, 그리고 주의점은 데이터의 결과를 설명할 때 쓸 수 있다고 설명했습니다.","여름 B반 4차 회귀분석 설명에 대해 의미는 관계의 경향 설명이라고, 주의점은 모든 원인을 증명하지는 않는다고, 그리고 샘플 관계를 설명하는 것이라고 설명했습니다."
dataset_ko_334_final,entity_simple_hard_test_art_history_00138:final:0,entity_simple_hard_test_art_history_00138,entity_simple_hard_test_art_history_00138,True,same_source_sibling_facts,1,4,23,20,교수님이 실습 D반 2차 인상주의의 비유와 비교 포인트를 어떻게 말했어?,"실습 D반 2차 인상주의에 대해 비유는 햇빛이 흔들리는 수면에 비친 모습이라고, 그리고 비교 포인트는 정확한 윤곽보다 색감이 중요하다고 설명했습니다.",True,,,,,False,False,0.8636363636363636,0.20689655172413793,0.4318181818181818,0.10344827586206896,True,False,4.297497900028247,2.1605631000129506,,,,,question+passage,"교수님이 실습 D반 2차 인상주의에 대해 비유는 햇빛이 흔들리는 수면에 비친 모습이라고, 목적은 관찰 순간을 살리는 것이라고, 그리고 비교 포인트는 정확한 윤곽보다 색감이 중요하다고 설명했습니다.","전남대학교 인상주의의 비유는 학생들의 웃음이 중요하다고,_difference, vagueness, and incompleteness라고 설명했습니다."
dataset_ko_335_final,entity_simple_hard_test_project_00375:final:0,entity_simple_hard_test_project_00375,entity_simple_hard_test_project_00375,True,same_source_sibling_facts,1,4,23,20,파일럿 4팀 4차 프론트엔드 점검 설명 중 공유 위치와 마감에 해당하는 내용만 답해줘.,"파일럿 4팀 4차 프론트엔드 점검에 대해 공유 위치는 프로젝트 슬랙 채널이라고, 그리고 마감은 다음 달 첫째 주 화요일이라고 설명했습니다.",True,,,,,False,False,0.9696969696969697,0.8717948717948718,0.48484848484848486,0.4358974358974359,True,True,3.360781700001098,4.2816746000316925,,,,,question+passage,"파일럿 4팀 4차 프론트엔드 점검 설명에 대해 공유 위치는 프로젝트 슬랙 채널이라고, 마감은 다음 달 첫째 주 화요일이라고 설명했습니다.","파일럿 4팀 4차 프론트엔드 점검에 대해 공유 위치는 프로젝트 슬랙 채널이라고, 마감은 다음 달 첫째 주 화요일이라고, 그리고 결과는 개인 프로젝트 슬랙 채널이라고 설명했습니다."
dataset_ko_336_final,entity_simple_hard_test_os_concept_00100:final:0,entity_simple_hard_test_os_concept_00100,entity_simple_hard_test_os_concept_00100,True,same_source_sibling_facts,1,4,23,20,봄 A반 2차 프로세스 설명에서 역할과 장점만 알려줘.,"봄 A반 2차 프로세스에 대해 역할은 독립된 실행 공간을 가진다고, 그리고 장점은 서로 영향을 줄이는 데 도움이 된다고 설명했습니다.",True,,,,,False,False,0.9189189189189189,0.9189189189189189,0.45945945945945943,0.45945945945945943,True,True,3.661411900015082,3.5966437999741174,,,,,tie,"봄 A반 2차 프로세스 설명에 대해 장점은 서로 영향을 줄이는 데 도움이 된다고, 역할은 독립된 실행 공간을 가진다고, 그리고 비유는 독립된 식당이라고 설명했습니다.","봄 A반 2차 프로세스에 대해 역할은 독립된 실행 공간을 가진다고, 장점은 서로 영향을 줄이는 데 도움이 된다고, 그리고 비유는 독립된 식당이라고 설명했습니다."
dataset_ko_337_final,entity_simple_hard_test_marketing_00152:final:0,entity_simple_hard_test_marketing_00152,entity_simple_hard_test_marketing_00152,True,same_source_sibling_facts,1,4,23,20,가을 2팀 2차 신입생 캠페인 설명에서 성과 지표와 핵심 채널만 알려줘.,"가을 2팀 2차 신입생 캠페인에 대해 성과 지표는 전환율이라고, 그리고 핵심 채널은 인스타그램이라고 설명했습니다.",True,,,,,False,False,0.962962962962963,0.75,0.4814814814814815,0.375,True,False,2.7373481999966316,2.208369300002232,,,,,question+passage,"가을 2팀 2차 신입생 캠페인에 대해 핵심 채널은 인스타그램이라고, 성과 지표는 전환율이라고 설명했습니다.",가을 2팀 2차 신입생 캠페인 설명에서 성과 지표와 핵심 채널만 알려줍니다.
dataset_ko_338_final,entity_simple_hard_test_os_concept_00245:final:0,entity_simple_hard_test_os_concept_00245,entity_simple_hard_test_os_concept_00245,True,same_source_sibling_facts,1,4,23,20,파일럿 1팀 3차 스레드에서 장점과 역할을 함께 정리해줘.,"파일럿 1팀 3차 스레드에 대해 장점은 작업을 가볍게 나눌 수 있다고, 그리고 역할은 프로세스 안에서 작업을 나누어 실행한다고 설명했습니다.",True,,,,,False,False,0.8571428571428571,0.7894736842105262,0.42857142857142855,0.3947368421052631,True,True,3.7609074999927543,3.0360190999927,,,,,question+passage,"파일럿 1팀 3차 스레드에 대해 장점은 작업을 가볍게 나눌 수 있다고, 역할은 프로세스 안에서 작업을 나누어 실행한다고, 그리고 비유는 같은 식당 안에서 일하는 직원이라고 설명했습니다.","파일럿 1팀 3차 스레드에 대해 장점은 작업을 가볍게 나눌 수 있다고, 역할은 책임이 조금 다르다고, 그리고는 의미는 작업을 나누어 생각한다고 설명했습니다."
dataset_ko_339_final,entity_simple_hard_test_os_concept_00343:final:0,entity_simple_hard_test_os_concept_00343,entity_simple_hard_test_os_concept_00343,True,same_source_sibling_facts,1,4,23,20,겨울 1팀 4차 큐 설명 중 장점과 역할에 해당하는 내용만 답해줘.,"겨울 1팀 4차 큐에 대해 장점은 처리 순서를 명확하게 만든다고, 그리고 역할은 작업을 순서대로 기다리게 한다고 설명했습니다.",True,,,,,False,False,0.9696969696969697,0.8717948717948718,0.48484848484848486,0.4358974358974359,True,True,2.6371092000044882,3.600803999986965,,,,,question+passage,"겨울 1팀 4차 큐에 대해 장점은 처리 순서를 명확하게 만든다고, 역할은 작업을 순서대로 기다리게 한다고 설명했습니다.","겨울 1팀 4차 큐에 대해 장점은 처리 순서를 명확하게 만든다고, 역할은 작업을 순서대로 기다리게 한다고, 그리고 주의점은 대기 시간이 길어질 수 있다고 설명했습니다."
dataset_ko_340_final,entity_simple_hard_test_marketing_00202:final:0,entity_simple_hard_test_marketing_00202,entity_simple_hard_test_marketing_00202,True,same_source_sibling_facts,1,4,23,20,교수님이 가을 A반 3차 스터디 모집의 핵심 채널과 성과 지표를 어떻게 말했어?,"가을 A반 3차 스터디 모집에 대해 핵심 채널은 학과 홈페이지라고, 그리고 성과 지표는 완료율이라고 설명했습니다.",True,,,,,False,False,0.7096774193548386,0.8125,0.3548387096774193,0.40625,True,True,2.9592096999986097,3.0917333000106737,,,,,passage-only,"교수님이 가을 A반 3차 스터디 모집의 핵심 채널이라고, 성과 지표는 완료율이라고, 그리고 대상은 스터디 신청자라고 설명했습니다.","교수님의 3차 스터디 모집에 대해 핵심 채널은 학과 홈페이지라고, 성과 지표는 완료율이라고, 그리고 보상은 우선 신청권이라고 설명했습니다."
dataset_ko_341_final,entity_simple_hard_test_project_00348:final:0,entity_simple_hard_test_project_00348,entity_simple_hard_test_project_00348,True,same_source_sibling_facts,1,4,23,20,실습 1팀 4차 최종 발표 설명에서 확인 기준과 담당만 알려줘.,"실습 1팀 4차 최종 발표에 대해 확인 기준은 근거 제시 여부라고, 그리고 담당은 기획 파트라고 설명했습니다.",True,,,,,False,False,0.8648648648648648,0.6285714285714286,0.4324324324324324,0.3142857142857143,True,False,3.310308499960229,3.050751000002492,,,,,question+passage,"실습 1팀 4차 최종 발표 설명에 대해 확인 기준은 근거 제시 여부라고, 담당은 기획 파트라고, 그리고 확인 기간은 다음 주 월요일 밤이라고 설명했습니다.","실습 1팀 4차 최종 발표 설명에 대해 확인 기준은 확인 요망이라고, 담당은 프로젝트 그룹이라고, 그리고 발표 시 간격은 1분 내라고 설명했습니다."
dataset_ko_342_final,entity_simple_hard_test_project_00229:final:0,entity_simple_hard_test_project_00229,entity_simple_hard_test_project_00229,True,same_source_sibling_facts,1,4,23,20,세미나 C반 3차 백엔드 배포에서 마감과 공유 위치를 함께 정리해줘.,"세미나 C반 3차 백엔드 배포에 대해 마감은 수요일 오후 다섯 시라고, 그리고 공유 위치는 깃허브 이슈 탭이라고 설명했습니다.",True,,,,,False,False,0.923076923076923,0.823529411764706,0.4615384615384615,0.411764705882353,True,True,3.5117555999895558,2.445076500007417,,,,,question+passage,"세미나 C반 3차 백엔드 배포에 대해 공유 위치는 깃허브 이슈 탭이라고, 담당은 백엔드 팀이라고, 그리고 마감은 수요일 오후 다섯 시라고 설명했습니다.","세미나 C반 3차 백엔드 배포에 대해 마감은 수요일 오후 다섯 시라고, 공유 위치은 GitHub  issue라고 설명했습니다."
dataset_ko_343_final,entity_simple_hard_test_statistics_00165:final:0,entity_simple_hard_test_statistics_00165,entity_simple_hard_test_statistics_00165,True,same_source_sibling_facts,1,4,23,20,파일럿 3팀 2차 신뢰구간에서 주의점과 의미를 함께 정리해줘.,"파일럿 3팀 2차 신뢰구간에 대해 주의점은 정답 하나를 보장하지 않는다고, 그리고 의미는 모수 추정 범위라고 설명했습니다.",True,,,,,False,False,0.8205128205128205,0.8648648648648648,0.41025641025641024,0.4324324324324324,True,True,3.7865865000057966,3.661345899978187,,,,,tie,"파일럿 3팀 2차 신뢰구간에 대해 주의점은 정답 하나를 보장하지 않는다고, 의미는 모수 추정 범위라고, 그리고 비유는 정답이 있을 법한 범위를 그은 지도라고 설명했습니다.","파일럿 3팀 2차 신뢰구간에 대해 주의점은 단순 추정치와 차이가 난다고, 의미는 모수 추정 범위라고, 그리고 주의점은 정답 하나를 보장하지 않는다고 설명했습니다."
dataset_ko_344_final,entity_simple_hard_test_marketing_00104:final:0,entity_simple_hard_test_marketing_00104,entity_simple_hard_test_marketing_00104,True,same_source_sibling_facts,1,4,23,20,캡스톤 A반 2차 신입생 캠페인 설명에서 핵심 채널과 성과 지표만 알려줘.,"캡스톤 A반 2차 신입생 캠페인에 대해 핵심 채널은 인스타그램이라고, 그리고 성과 지표는 전환율이라고 설명했습니다.",True,,,,,False,False,0.742857142857143,0.896551724137931,0.3714285714285715,0.4482758620689655,True,True,4.400091899966355,3.285308599995915,,,,,passage-only,"캡스톤 A반 2차 신입생 캠페인에 대해 핵심 채널은 전환율이라고, 성과 지표는 전환율에 대해 보상은 커피 쿠폰이라고, 그리고 핵심 채널은 전환율이라고 설명했습니다.","캡스톤 A반 2차 신입생 캠페인 설명에서 핵심 채널은 인스타그램이라고, 성과 지표는 전환율이라고, 그리고 대상은 신입생이라고 설명했습니다."
dataset_ko_345_final,entity_simple_hard_test_art_history_00377:final:0,entity_simple_hard_test_art_history_00377,entity_simple_hard_test_art_history_00377,True,same_source_sibling_facts,1,4,23,20,심화 4팀 4차 입체주의에서 비교 포인트와 비유를 함께 정리해줘.,"심화 4팀 4차 입체주의에 대해 비교 포인트는 단일 원근과 다르다고, 그리고 비유는 여러 방향에서 본 사물을 한 화면에 놓는 방식이라고 설명했습니다.",True,,,,,False,False,0.717948717948718,0.7368421052631579,0.358974358974359,0.3684210526315789,True,True,2.926861400017515,2.8498561999876983,,,,,tie,"심화 4팀 4차 입체주의에 대해 비교 포인트는 단일 원근과 다르다고, 비유는 여러 시점이라고, 그리고 목적은 대상을 새롭게 해석하는 것이라고 설명했습니다.","심화 4팀 4차 입체주의에 대해 비교 포인트는 단일 원근과 다르다고, 비유는 여러 시점이라고, 그리고 핵심 특징은 여러 시점이라고 설명했습니다."
dataset_ko_346_final,entity_simple_hard_test_marketing_00057:final:0,entity_simple_hard_test_marketing_00057,entity_simple_hard_test_marketing_00057,True,same_source_sibling_facts,1,4,23,20,심화 2팀 1차 동아리 홍보에서 성과 지표와 핵심 채널을 함께 정리해줘.,"심화 2팀 1차 동아리 홍보에 대해 성과 지표는 참여율이라고, 그리고 핵심 채널은 오픈채팅방이라고 설명했습니다.",True,,,,,False,False,0.9032258064516129,0.6000000000000001,0.45161290322580644,0.30000000000000004,True,True,3.3578706000116654,2.755762799992226,,,,,question+passage,"심화 2팀 1차 동아리 홍보에 대해 성과 지표는 참여율이라고, 핵심 채널은 오픈채팅방이라고, 그리고 보상은 굿즈 추첨권이라고 설명했습니다.",심화 2팀 1차 동아리 홍보에 대해 성과 지표는 참여율과 성과 지표 측정 지표를 설명하는 채널이라고 설명했습니다.
dataset_ko_347_final,entity_simple_hard_test_dessert_00195:final:0,entity_simple_hard_test_dessert_00195,entity_simple_hard_test_dessert_00195,True,same_source_sibling_facts,1,4,23,20,파일럿 오후반 2차 브라우니 설명 중 색깔과 비유에 해당하는 내용만 답해줘.,"파일럿 오후반 2차 브라우니에 대해 색깔은 진한 갈색이라고, 그리고 비유는 초콜렛을 압축한 케이크라고 설명했습니다.",True,,,,,False,False,0.8750000000000001,0.9032258064516129,0.43750000000000006,0.45161290322580644,True,True,3.8450501000043005,3.7653424000018276,,,,,tie,"파일럿 오후반 2차 브라우니에 대해 색깔은 진한 갈색이라고, 비유는 초콜렛을 압축한 케이크라고, 그리고 특징은 속이 촉촉하게 남는다고 설명했습니다.","파일럿 오후반 2차 브라우니에 대해 색깔은 진한 갈색이라고, 비유는 초콜렛을 압축한 케이크라고, 그리고 맛은 묵직하게 달콤하다고 설명했습니다."
dataset_ko_348_final,entity_simple_hard_test_os_concept_00174:final:0,entity_simple_hard_test_os_concept_00174,entity_simple_hard_test_os_concept_00174,True,same_source_sibling_facts,1,4,23,20,교수님이 캡스톤 4팀 2차 캐시의 주의점과 비유를 어떻게 말했어?,"캡스톤 4팀 2차 캐시에 대해 주의점은 오래된 정보가 남을 수 있다고, 그리고 비유는 책상 위에 올려둔 책이라고 설명했습니다.",True,,,,,False,False,0.85,0.4666666666666667,0.425,0.23333333333333334,True,False,4.144993100024294,2.6441615000367165,,,,,question+passage,"교수님이 캡스톤 4팀 2차 캐시에 대해 비유는 책상 위에 올려둔 책이라고, 장점은 반복 접근을 빠르게 만든다고, 그리고 주의점은 오래된 정보가 남을 수 있다고 설명했습니다.","교수님이 캡스톤 4팀 2차 캐시를 주의점이 많은 곳으로, 비유가 과하게 사용된 곳으로 설명했습니다."
dataset_ko_349_final,entity_simple_hard_test_statistics_00238:final:0,entity_simple_hard_test_statistics_00238,entity_simple_hard_test_statistics_00238,True,same_source_sibling_facts,1,4,23,20,교수님이 실습 D반 3차 상관계수의 비유와 활용을 어떻게 말했어?,"실습 D반 3차 상관계수에 대해 비유는 두 변수의 움직임을 비교하는 나침반이라고, 그리고 활용은 관계 강도를 빠르게 살필 때 쓴다고 설명했습니다.",True,,,,,False,False,0.9142857142857143,0.4,0.45714285714285713,0.2,True,False,3.408926900010556,2.2178958999575116,,,,,question+passage,"교수님이 실습 D반 3차 상관계수의 비유는 두 변수의 움직임을 비교하는 나침반이라고, 활용은 관계 강도를 빠르게 살필 때 쓴다고 설명했습니다.",교수님이 실습 D반 3차 상관계수의 활용을 확대해서 이해관계자 간 권력 배분의 도구라고 설명했습니다.
dataset_ko_350_final,entity_simple_hard_test_dessert_00266:final:0,entity_simple_hard_test_dessert_00266,entity_simple_hard_test_dessert_00266,True,same_source_sibling_facts,1,4,23,20,교수님이 정규 3팀 3차 마카롱의 특징과 맛을 어떻게 말했어?,"정규 3팀 3차 마카롱에 대해 특징은 겉은 바삭하고 속은 촉촉하다고, 그리고 맛은 부드럽고 진하다고 설명했습니다.",True,,,,,False,False,0.4,0.8571428571428571,0.2,0.42857142857142855,True,True,2.3587667999672703,3.9830329000251368,,,,,passage-only,"교수님의 이름은 알록달록하다고, 맛은 부드럽고 진하다고, 그리고 색깔은 알록달록하다고 설명했습니다.","교수님이 정규 3팀 3차 마카롱의 특징과 맛에 대해 특징은 겉은 바삭하고 속은 촉촉하다고, 맛은 부드럽고 진하다고, 그리고 색깔은 알록달록하다고 설명했습니다."
dataset_ko_351_final,entity_simple_hard_test_project_00013:final:0,entity_simple_hard_test_project_00013,entity_simple_hard_test_project_00013,True,same_source_sibling_facts,1,4,23,20,겨울 B반 1차 백엔드 배포에서 담당과 확인 기준을 함께 정리해줘.,"겨울 B반 1차 백엔드 배포에 대해 담당은 백엔드 팀이라고, 그리고 확인 기준은 오류 발생률이라고 설명했습니다.",True,,,,,False,False,0.8571428571428571,0.7222222222222222,0.42857142857142855,0.3611111111111111,True,True,3.2794372999924235,3.615864799998235,,,,,question+passage,"겨울 B반 1차 백엔드 배포에 대해 확인 기준은 오류 발생률이라고, 공유 위치는 깃허브 이슈 탭이라고, 그리고 담당은 백엔드 팀이라고 설명했습니다.","겨울 B반 1차 백엔드 배포에 대해 담당은 백엔드 팀이라고, 확인 기준은 기존 승인 토큰이라고, 그리고 마감은 수요일 오후 다섯 시라고 설명했습니다."
dataset_ko_352_final,entity_simple_hard_test_os_concept_00388:final:0,entity_simple_hard_test_os_concept_00388,entity_simple_hard_test_os_concept_00388,True,same_source_sibling_facts,1,4,23,20,실습 오전반 4차 프로세스 설명에서 역할과 장점만 알려줘.,"실습 오전반 4차 프로세스에 대해 역할은 독립된 실행 공간을 가진다고, 그리고 장점은 서로 영향을 줄이는 데 도움이 된다고 설명했습니다.",True,,,,,False,False,0.923076923076923,0.923076923076923,0.4615384615384615,0.4615384615384615,True,True,3.801291499985382,3.637681499996688,,,,,tie,"실습 오전반 4차 프로세스 설명에 대해 장점은 서로 영향을 줄이는 데 도움이 된다고, 역할은 독립된 실행 공간을 가진다고, 그리고 비유는 독립된 식당이라고 설명했습니다.","실습 오전반 4차 프로세스에 대해 역할은 독립된 실행 공간을 가진다고, 비유는 독립된 식당이라고, 그리고 장점은 서로 영향을 줄이는 데 도움이 된다고 설명했습니다."
dataset_ko_353_final,entity_simple_hard_test_os_concept_00148:final:0,entity_simple_hard_test_os_concept_00148,entity_simple_hard_test_os_concept_00148,True,same_source_sibling_facts,1,4,23,20,실습 1팀 2차 프로세스 설명에서 장점과 역할만 알려줘.,"실습 1팀 2차 프로세스에 대해 장점은 서로 영향을 줄이는 데 도움이 된다고, 그리고 역할은 독립된 실행 공간을 가진다고 설명했습니다.",True,,,,,False,False,0.923076923076923,0.7692307692307692,0.4615384615384615,0.3846153846153846,True,True,3.8153646999853663,3.6428423000033945,,,,,question+passage,"실습 1팀 2차 프로세스 설명에 대해 장점은 서로 영향을 줄이는 데 도움이 된다고, 역할은 독립된 실행 공간을 가진다고, 그리고 비유는 독립된 식당이라고 설명했습니다.","실습 1팀 2차 프로세스에 대해 장점은 새로운 개념을 공부하는 데 도움이 된다고, 역할은 독립된 실행 공간을 가진다고, 그리고 비유는 독립된 식당이라고 설명했습니다."
dataset_ko_354_final,entity_simple_hard_test_marketing_00346:final:0,entity_simple_hard_test_marketing_00346,entity_simple_hard_test_marketing_00346,True,same_source_sibling_facts,1,4,23,20,교수님이 정규 1팀 4차 스터디 모집의 성과 지표와 핵심 채널을 어떻게 말했어?,"정규 1팀 4차 스터디 모집에 대해 성과 지표는 완료율이라고, 그리고 핵심 채널은 학과 홈페이지라고 설명했습니다.",True,,,,,False,False,0.7428571428571429,0.7272727272727272,0.37142857142857144,0.3636363636363636,True,True,3.7130819999729283,3.631591900018975,,,,,tie,"교수님이 정규 1팀 4차 스터디 모집의 성과 지표를 중요한 채널은 학과 홈페이지라고, 대상은 스터디 신청자라고, 그리고 성과 지표는 완료율이라고 설명했습니다.","교수님이정규1팀4차 스터디 모집의 성과 지표에 대해 성과 지표는 완료율이라고, 핵심 채널은 학과 홈페이지라고, 그리고 보상은 우선 신청권이라고 설명했습니다."
dataset_ko_355_final,entity_simple_hard_test_statistics_00188:final:0,entity_simple_hard_test_statistics_00188,entity_simple_hard_test_statistics_00188,True,same_source_sibling_facts,1,4,23,20,실습 오전반 2차 표본분산 설명에서 활용과 비유만 알려줘.,"실습 오전반 2차 표본분산에 대해 활용은 데이터 변동성을 볼 때 쓴다고, 그리고 비유는 점들이 얼마나 퍼졌는지 보는 자라고 설명했습니다.",True,,,,,False,False,0.8571428571428571,0.7999999999999999,0.42857142857142855,0.39999999999999997,True,True,3.669255399960093,4.16041590005625,,,,,question+passage,"실습 오전반 2차 표본분산에 대해 비유는 점들이 얼마나 퍼졌는지 보는 자를 퍼진성을 볼 때 쓴다고, 활용은 데이터 변동성을 볼 때 쓴다고 설명했습니다.","실습 오전반 2차 표본분산 설명에 대해 활용은 데이터의 분산을 설명할 때 쓴다고, 비유는 점들이 얼마나 퍼졌는지 보는 자라고, 그리고 개념은 데이터의 퍼지성을 설명할 때 쓴다고 설명했습니다."
dataset_ko_356_final,entity_simple_hard_test_dessert_00171:final:0,entity_simple_hard_test_dessert_00171,entity_simple_hard_test_dessert_00171,True,same_source_sibling_facts,1,4,23,20,여름 4팀 2차 브라우니 설명 중 특징과 맛에 해당하는 내용만 답해줘.,"여름 4팀 2차 브라우니에 대해 특징은 속이 촉촉하게 남는다고, 그리고 맛은 묵직하게 달콤하다고 설명했습니다.",True,,,,,False,False,0.9032258064516129,0.9032258064516129,0.45161290322580644,0.45161290322580644,True,True,3.416348900005687,3.537339200032875,,,,,tie,"여름 4팀 2차 브라우니에 대해 특징은 속이 촉촉하게 남는다고, 맛은 묵직하게 달콤하다고, 그리고 사진은 진한 갈색이라고 설명했습니다.","여름 4팀 2차 브라우니에 대해 특징은 속이 촉촉하게 남는다고, 맛은 묵직하게 달콤하다고, 그리고 색깔은 진한 갈색이라고 설명했습니다."
dataset_ko_357_final,entity_simple_hard_test_statistics_00261:final:0,entity_simple_hard_test_statistics_00261,entity_simple_hard_test_statistics_00261,True,same_source_sibling_facts,1,4,23,20,여름 3팀 3차 신뢰구간에서 주의점과 의미를 함께 정리해줘.,"여름 3팀 3차 신뢰구간에 대해 주의점은 정답 하나를 보장하지 않는다고, 그리고 의미는 모수 추정 범위라고 설명했습니다.",True,,,,,False,False,0.888888888888889,0.8205128205128205,0.4444444444444445,0.41025641025641024,True,True,3.1090869000181556,3.6815049999859184,,,,,question+passage,"여름 3팀 3차 신뢰구간에 대해 주의점은 정답 하나를 보장하지 않는다고, 의미는 모수 추정 범위라고, 그리고 비유는 정답이 있는 법이라고 설명했습니다.","여름 3팀 3차 신뢰구간에 대해 주의점은 정답 하나를 보장하지 않는다고, 의미는 모수 추정 범위라고, 그리고 비유는 정답이 있을 법한 범위를 그은 지도라고 설명했습니다."
dataset_ko_358_final,entity_simple_hard_test_os_concept_00028:final:0,entity_simple_hard_test_os_concept_00028,entity_simple_hard_test_os_concept_00028,True,same_source_sibling_facts,1,4,23,20,실습 C반 1차 프로세스 설명에서 비유와 주의점만 알려줘.,"실습 C반 1차 프로세스에 대해 비유는 독립된 식당이라고, 그리고 주의점은 자원을 너무 많이 쓰면 느려질 수 있다고 설명했습니다.",True,,,,,False,False,0.8717948717948718,0.5357142857142858,0.4358974358974359,0.2678571428571429,True,True,3.7437395000015385,7.382797099999152,,,,,question+passage,"실습 C반 1차 프로세스 설명에 대해 비유는 독립된 식당이라고, 주의점은 자원을 너무 많이 쓰면 느려질 수 있다고, 그리고 역할은 독립된 실행 공간을 가진다고 설명했습니다.","실습 C반 1차 프로세스 설명에서 비유는 독립된 식당(각)이 조금 더 복잡하지만 독립된 게 없어서 문제가 생긴다고, 주의점은 자원을 너무 많이 쓰면 느려질 수 있다고, 그리고 비유는 독립된 식당(각)의 문제점은 부 parent process가 아예 없을 때 쓰이는 자원이 너무 많아서는 과다한 자원을 횱상에 남기やす다고 설명했습니다."
dataset_ko_359_final,entity_simple_hard_test_dessert_00048:final:0,entity_simple_hard_test_dessert_00048,entity_simple_hard_test_dessert_00048,True,same_source_sibling_facts,1,4,23,20,실습 1팀 1차 초콜렛 설명에서 비유와 색깔만 알려줘.,"실습 1팀 1차 초콜렛에 대해 비유는 작은 선물 상자라고, 그리고 색깔은 검정색이라고 설명했습니다.",True,,,,,False,False,0.6451612903225806,0.48000000000000004,0.3225806451612903,0.24000000000000002,False,False,2.869331899972167,2.2441336000338197,,,,,question+passage,"실습 1팀 1차 초콜렛 설명에 대해 비유는 차별 분배의 선물 상자라고, 색깔은 다른 위치에 있는 사람의 이름이 담긴다고 설명했습니다.",실습 1팀 1차 초콜렛에 대해 비유는 천공적인 용도으로 설명했다고 설명했다고 설명했다고 설명했다.
dataset_ko_360_final,entity_simple_hard_test_marketing_00371:final:0,entity_simple_hard_test_marketing_00371,entity_simple_hard_test_marketing_00371,True,same_source_sibling_facts,1,4,23,20,여름 4팀 4차 멘토링 이벤트 설명 중 보상과 대상에 해당하는 내용만 답해줘.,"여름 4팀 4차 멘토링 이벤트에 대해 보상은 포인트 500점이라고, 그리고 대상은 멘토링 참여 학생이라고 설명했습니다.",True,,,,,False,False,0.9090909090909091,0.8823529411764706,0.45454545454545453,0.4411764705882353,True,True,3.4757492000353523,3.9302503999788314,,,,,tie,"여름 4팀 4차 멘토링 이벤트에 대해 보상은 포인트 500점이라고, 대상은 멘토링 참여 학생이라고, 그리고 성과 지표는 재방문율이라고 설명했습니다.","여름 4팀 4차 멘토링 이벤트에 대해 보상은 포인트 500점이라고, 핵심 채널은 이메일 뉴스레터라고, 그리고 대상은 멘토링 참여 학생이라고 설명했습니다."
dataset_ko_361_final,entity_simple_hard_test_art_history_00306:final:0,entity_simple_hard_test_art_history_00306,entity_simple_hard_test_art_history_00306,True,same_source_sibling_facts,1,4,23,20,교수님이 정규 A반 4차 인상주의의 핵심 특징과 목적을 어떻게 말했어?,"정규 A반 4차 인상주의에 대해 핵심 특징은 빛의 순간적인 인상이라고, 그리고 목적은 관찰 순간을 살리는 것이라고 설명했습니다.",True,,,,,False,False,0.6363636363636364,0.65,0.3181818181818182,0.325,True,True,4.7020704000024125,4.120370900025591,,,,,tie,"교수님이 정규 A반 4차 인상주의에 대해 핵심 특징은 색감이轻 bodies에近 비교 포인트로 놓는 것이라고, 핵심 특징은 정확한 윤곽보다 색감이 중요하다고, 그리고 목적은 관찰 순간을 살리는 것이라고 설명했습니다.","교수님이 정규 A반 4차 인상주의의 핵심 특징을 정확한 묘사는 색감의 핵심 특징이라고, 목적은 관찰 순간을 살리는 것이라고, 그리고 비교 포인트는 일반적인 스토큰이라고 설명했습니다."
dataset_ko_362_final,entity_simple_hard_test_os_concept_00222:final:0,entity_simple_hard_test_os_concept_00222,entity_simple_hard_test_os_concept_00222,True,same_source_sibling_facts,1,4,23,20,교수님이 가을 C반 3차 캐시의 비유와 주의점을 어떻게 말했어?,"가을 C반 3차 캐시에 대해 비유는 책상 위에 올려둔 책이라고, 그리고 주의점은 오래된 정보가 남을 수 있다고 설명했습니다.",True,,,,,False,False,0.8292682926829268,0.30769230769230765,0.4146341463414634,0.15384615384615383,True,False,4.041175800026394,3.880838099983521,,,,,question+passage,"professor가 가을 C반 3차 캐시에 대해 비유는 책상 위에 올려둔 책이라고, 주의점은 오래된 정보가 남을 수 있다고, 그리고 역할은 자주 쓰는 정보를 가까이 둔다고 설명했습니다.","학부모님의 방을 가진 적이 있는 것 같아요 werd:캐시로는 성능이 빠르지 않을 수 있다고, 주의점은 memorization에 문제는 장기적으로 남을 수 있다고, 그리고 질문은 반복하는 책상이 있다고 설명했습니다."
dataset_ko_363_final,entity_simple_hard_test_dessert_00216:final:0,entity_simple_hard_test_dessert_00216,entity_simple_hard_test_dessert_00216,True,same_source_sibling_facts,1,4,23,20,정규 B반 3차 초콜렛 설명에서 맛과 특징만 알려줘.,"정규 B반 3차 초콜렛에 대해 맛은 달콤하다고, 그리고 특징은 입안에서 천천히 녹는다고 설명했습니다.",True,,,,,False,False,0.9285714285714286,0.7142857142857142,0.4642857142857143,0.3571428571428571,True,True,2.9895138000138104,2.8248954999726266,,,,,question+passage,"정규 B반 3차 초콜렛 설명에 대해 맛은 달콤하다고, 특징은 입안에서 천천히 녹는다고, 그리고 색깔은 검정색이라고 설명했습니다.","정규 B반 3차 초콜렛 설명에 대해 맛은 달콤하다고, 특징은 분별력ful하다고, 그리고 이유는 본인의 선물 상자라고 설명했습니다."
dataset_ko_364_final,entity_simple_hard_test_statistics_00069:final:0,entity_simple_hard_test_statistics_00069,entity_simple_hard_test_statistics_00069,True,same_source_sibling_facts,1,4,23,20,세미나 3팀 1차 신뢰구간에서 주의점과 의미를 함께 정리해줘.,"세미나 3팀 1차 신뢰구간에 대해 주의점은 정답 하나를 보장하지 않는다고, 그리고 의미는 모수 추정 범위라고 설명했습니다.",True,,,,,False,False,0.8205128205128205,0.9411764705882353,0.41025641025641024,0.47058823529411764,True,True,3.781668699986767,3.04288219998125,,,,,passage-only,"세미나 3팀 1차 신뢰구간에 대해 주의점은 정답 하나를 보장하지 않는다고, 의미는 모수 추정 범위라고, 그리고 비유는 정답이 있을 법한 범위를 그은 지도라고 설명했습니다.","세미나 3팀 1차 신뢰구간에 대해 주의점은 정답 하나를 보장하지 않는다고, 의미는 모수 추정 범위라고, 그리고 차별화 기법이라고 설명했습니다."
dataset_ko_365_final,entity_simple_hard_test_os_concept_00244:final:0,entity_simple_hard_test_os_concept_00244,entity_simple_hard_test_os_concept_00244,True,same_source_sibling_facts,1,4,23,20,캡스톤 1팀 3차 프로세스 설명에서 장점과 역할만 알려줘.,"캡스톤 1팀 3차 프로세스에 대해 장점은 서로 영향을 줄이는 데 도움이 된다고, 그리고 역할은 독립된 실행 공간을 가진다고 설명했습니다.",True,,,,,False,False,0.923076923076923,0.5714285714285715,0.4615384615384615,0.28571428571428575,True,False,3.8576085999957286,3.9454222000204027,,,,,question+passage,"캡스톤 1팀 3차 프로세스 설명에 대해 장점은 서로 영향을 줄이는 데 도움이 된다고, 역할은 독립된 실행 공간을 가진다고, 그리고 비유는 독립된 식당이라고 설명했습니다.","캡스톤 1팀 3차 프로세스에 대해 장점은 새로운 개념을 강화하지만 역할은 독립된 실행 공간을 말한다고, 비유는 독립된 식당이라고, 그리고 위험은 자원을 잘못 사용할 수 있다고 설명했습니다."
dataset_ko_366_final,entity_simple_hard_test_project_00303:final:0,entity_simple_hard_test_project_00303,entity_simple_hard_test_project_00303,True,same_source_sibling_facts,1,4,23,20,겨울 A반 4차 프론트엔드 점검 설명 중 담당과 확인 기준에 해당하는 내용만 답해줘.,"겨울 A반 4차 프론트엔드 점검에 대해 담당은 프론트엔드 파트라고, 그리고 확인 기준은 사용자 차단 여부라고 설명했습니다.",True,,,,,False,False,0.8648648648648648,0.888888888888889,0.4324324324324324,0.4444444444444445,True,True,3.79942779999692,3.746415200002957,,,,,tie,"겨울 A반 4차 프론트엔드 점검 설명에 대해 확인 기준은 사용자 차단 여부라고, 공유 위치는 프로젝트 슬랙 채널이라고, 그리고 담당은 프론트엔드 파트라고 설명했습니다.","겨울 A반 4차 프론트엔드 점검에 대해 담당은 프론트엔드 파트라고, 마감은 다음 달 첫째 주 화요일이라고, 그리고 확인 기준은 사용자 차단 여부라고 설명했습니다."
dataset_ko_367_final,entity_simple_hard_test_project_00109:final:0,entity_simple_hard_test_project_00109,entity_simple_hard_test_project_00109,True,same_source_sibling_facts,1,4,23,20,세미나 A반 2차 백엔드 배포에서 담당과 확인 기준을 함께 정리해줘.,"세미나 A반 2차 백엔드 배포에 대해 담당은 백엔드 팀이라고, 그리고 확인 기준은 오류 발생률이라고 설명했습니다.",True,,,,,False,False,0.8571428571428571,0.8,0.42857142857142855,0.4,True,True,3.346566600026563,3.2995062000118196,,,,,question+passage,"세미나 A반 2차 백엔드 배포에 대해 확인 기준은 오류 발생률이라고, 공유 위치는 깃허브 이슈 탭이라고, 그리고 담당은 백엔드 팀이라고 설명했습니다.","세미나 A반 2차 백엔드 배포에 대해 담당은 백엔드 팀이라고, 마감은 수요일 오후 다섯 시라고, 그리고 확인 기준은 오류 종류라고 설명했습니다."
dataset_ko_368_final,entity_simple_hard_test_project_00182:final:0,entity_simple_hard_test_project_00182,entity_simple_hard_test_project_00182,True,same_source_sibling_facts,1,4,23,20,교수님이 가을 오전반 2차 AI 모델 평가의 공유 위치와 마감을 어떻게 말했어?,"가을 오전반 2차 AI 모델 평가에 대해 공유 위치는 회의록 폴더라고, 그리고 마감은 금요일 자정 전이라고 설명했습니다.",True,,,,,False,False,0.8888888888888888,0.15999999999999998,0.4444444444444444,0.07999999999999999,True,False,3.118861499999184,1.557674500043504,,,,,question+passage,"가을 오전반 2차 AI 모델 평가의 공유 위치는 회의록 폴더라고, 마감은 금요일 자정 전이라고, 그리고 확인 기준은 정답률이라고 설명했습니다.",학년 반과 공유 위치가 각각 빨간색과 노트북으로 표시됐습니다.
dataset_ko_369_final,entity_simple_hard_test_art_history_00331:final:0,entity_simple_hard_test_art_history_00331,entity_simple_hard_test_art_history_00331,True,same_source_sibling_facts,1,4,23,20,여름 D반 4차 르네상스 설명 중 비유와 비교 포인트에 해당하는 내용만 답해줘.,"여름 D반 4차 르네상스에 대해 비유는 사람을 화면 중앙에 다시 세우는 방식이라고, 그리고 비교 포인트는 절대왕정 중심 설명과 다르다고 설명했습니다.",True,,,,,False,False,0.8837209302325582,0.9268292682926829,0.4418604651162791,0.46341463414634143,True,True,4.084562899952289,3.8636917999829166,,,,,tie,"여름 D반 4차 르네상스에 대해 비유는 사람을 화면 중앙에 다시 세우는 방식이라고, 목적은 사람의 가치를 드러내는 것이라고, 그리고 비교 포인트는 절대왕정 중심 설명과 다르다고 설명했습니다.","여름 D반 4차 르네상스에 대해 비유는 사람을 화면 중앙에 다시 세우는 방식이라고, 비교 포인트는 절대왕정 중심 설명과 다르다고, 그리고 핵심 특징은 인문주의라고 설명했습니다."
dataset_ko_370_final,entity_simple_hard_test_project_00351:final:0,entity_simple_hard_test_project_00351,entity_simple_hard_test_project_00351,True,same_source_sibling_facts,1,4,23,20,여름 2팀 4차 프론트엔드 점검 설명 중 확인 기준과 담당에 해당하는 내용만 답해줘.,"여름 2팀 4차 프론트엔드 점검에 대해 확인 기준은 사용자 차단 여부라고, 그리고 담당은 프론트엔드 파트라고 설명했습니다.",True,,,,,False,False,0.8421052631578948,0.6923076923076923,0.4210526315789474,0.34615384615384615,True,True,3.811855199979618,2.028235899982974,,,,,question+passage,"여름 2팀 4차 프론트엔드 점검 설명에 대해 확인 기준은 사용자 차단 여부라고, 담당은 프론트엔드 파트라고, 그리고 확인 기능은 사용자 차단 여부를 담당이라고 설명했습니다.",여름 2팀 4차 프론트엔드 점검 확인 기준과 담당은 프론트엔드 파트입니다.
dataset_ko_371_final,entity_simple_hard_test_statistics_00167:final:0,entity_simple_hard_test_statistics_00167,entity_simple_hard_test_statistics_00167,True,same_source_sibling_facts,1,4,23,20,심화 3팀 2차 회귀분석 설명 중 주의점과 의미에 해당하는 내용만 답해줘.,"심화 3팀 2차 회귀분석에 대해 주의점은 모든 원인을 증명하지는 않는다고, 그리고 의미는 관계의 경향 설명이라고 설명했습니다.",True,,,,,False,False,0.7272727272727273,0.5128205128205128,0.36363636363636365,0.2564102564102564,True,False,4.783453899959568,3.824157399998512,,,,,question+passage,"심화 3팀 2차 회귀분석에 대해 주의점은 다음과 같이 설명합니다: 회귀분석의 의미는 관계의 경향 설명이라고, 비유는 흩어진 점 사이에 길을 그어 보는 일이라고, 그리고 주의점은 모든 원인을 증명하지는 않는다고 설명했습니다.","심화 3팀 2차 회귀분석 설명에 대해 주의점은 단일 해석에 용도가 있다고, 의미는 관계의 변화를 설명한다고, 그리고 비유는 흩어진 점 사이에 길을 그어 보는 일이라고 설명했습니다."
dataset_ko_372_final,entity_simple_hard_test_statistics_00382:final:0,entity_simple_hard_test_statistics_00382,entity_simple_hard_test_statistics_00382,True,same_source_sibling_facts,1,4,23,20,교수님이 가을 오전반 4차 상관계수의 활용과 비유를 어떻게 말했어?,"가을 오전반 4차 상관계수에 대해 활용은 관계 강도를 빠르게 살필 때 쓴다고, 그리고 비유는 두 변수의 움직임을 비교하는 나침반이라고 설명했습니다.",True,,,,,False,False,0.6153846153846153,0.6808510638297872,0.30769230769230765,0.3404255319148936,True,True,3.9535882999771275,5.499029500002507,,,,,passage-only,"교수님이 가을 오전반 4차 상관계수의 의미는 선형 관계 강도라고, 비유는 두 변수의 움직임을 비교하는 나침반이라고, 그리고 주의점은 원인 증명을 뜻하지 않는다고 설명했습니다.","교수님이 가을 오전반 4차 상관계수의 활용과 비유를 설명한 새로운 개념으로는 '두 변수의 움직임을 비교하는 도구'라고, 활용은 '선형 관계 강도를 빠르게 살필 때 쓴다'고, 그리고 비유는 '색다른 기준으로 분석하는 대상의 위치'라고 설명했습니다."
dataset_ko_373_final,entity_simple_hard_test_art_history_00259:final:0,entity_simple_hard_test_art_history_00259,entity_simple_hard_test_art_history_00259,True,same_source_sibling_facts,1,4,23,20,세미나 2팀 3차 르네상스 설명 중 목적과 핵심 특징에 해당하는 내용만 답해줘.,"세미나 2팀 3차 르네상스에 대해 목적은 사람의 가치를 드러내는 것이라고, 그리고 핵심 특징은 인문주의라고 설명했습니다.",True,,,,,False,False,0.8108108108108109,0.8571428571428571,0.40540540540540543,0.42857142857142855,True,True,3.894202099996619,3.782481700007338,,,,,tie,"세미나 2팀 3차 르네상스에 대해 핵심 특징은 인문주의라고, 비유는 사람을 화면 중앙에 다시 세우는 방식이라고, 그리고 목적은 사람의 가치를 드러내는 것이라고 설명했습니다.","세미나 2팀 3차 르네상스에 대해 목적은 사람의 가치를 드러내는 것이라고, 핵심 특징은 인문주의라고, 그리고 핵심 명언은 하이네까지 찬성하는 것이라고 설명했습니다."
dataset_ko_374_final,entity_simple_hard_test_statistics_00383:final:0,entity_simple_hard_test_statistics_00383,entity_simple_hard_test_statistics_00383,True,same_source_sibling_facts,1,4,23,20,겨울 오전반 4차 회귀분석 설명 중 활용과 비유에 해당하는 내용만 답해줘.,"겨울 오전반 4차 회귀분석에 대해 활용은 예측 경향을 설명할 때 쓴다고, 그리고 비유는 흩어진 점 사이에 길을 그어 보는 일이라고 설명했습니다.",True,,,,,False,False,0.8837209302325582,0.35,0.4418604651162791,0.175,True,False,4.232728000031784,3.385929300042335,,,,,question+passage,"겨울 오전반 4차 회귀분석에 대해 비유는 흩어진 점 사이에 길을 그어 보는 일이라고, 주의점은 모든 원인을 증명하지는 않는다고, 그리고 활용은 예측 경향을 설명할 때 쓴다고 설명했습니다.","겨울 오전반 4차 회귀분석 설명 중 활용과 비유에 해당하는 내용만은 데이터의 속성을 설명하는 도구라고, 그 예는 결정 경로를 설명하는 예로 비유를 제공하는 것으로 설명했습니다."
dataset_ko_375_final,entity_simple_hard_test_marketing_00225:final:0,entity_simple_hard_test_marketing_00225,entity_simple_hard_test_marketing_00225,True,same_source_sibling_facts,1,4,23,20,파일럿 C반 3차 동아리 홍보에서 대상과 보상을 함께 정리해줘.,"파일럿 C반 3차 동아리 홍보에 대해 대상은 동아리 회원이라고, 그리고 보상은 굿즈 추첨권이라고 설명했습니다.",True,,,,,False,False,0.962962962962963,0.6875000000000001,0.4814814814814815,0.34375000000000006,True,True,2.3437465999741107,3.350974100001622,,,,,question+passage,"파일럿 C반 3차 동아리 홍보에 대해 대상은 동아리 회원이라고, 보상은 굿즈 추첨권이라고 설명했습니다.","파일럿 C반 3차 동아리 홍보에 대해 대상은 동아리 회원이라고, 보상은 쿠폰이라고, 조건은 먼저 등록된다고, 성과 지표는 참여율이라고 설명했습니다."
dataset_ko_376_final,entity_simple_hard_test_marketing_00177:final:0,entity_simple_hard_test_marketing_00177,entity_simple_hard_test_marketing_00177,True,same_source_sibling_facts,1,4,23,20,심화 4팀 2차 동아리 홍보에서 보상과 대상을 함께 정리해줘.,"심화 4팀 2차 동아리 홍보에 대해 보상은 굿즈 추첨권이라고, 그리고 대상은 동아리 회원이라고 설명했습니다.",True,,,,,False,False,0.8,0.7999999999999999,0.4,0.39999999999999997,False,True,2.0510625999886543,3.2993248000275344,,,,,tie,"심화 4팀 2차 동아리 홍보에 대해 보상은 참여율이라고, 대상은 추첨권이라고 설명했습니다.","심화 4팀 2차 동아리 홍보에 대해 보상은 굿즈 추첨권이라고, 핵심 채널은 오픈채팅방이라고, 그리고 대상은 추첨권이라고 설명했습니다."
dataset_ko_377_final,entity_simple_hard_test_statistics_00022:final:0,entity_simple_hard_test_statistics_00022,entity_simple_hard_test_statistics_00022,True,same_source_sibling_facts,1,4,23,20,교수님이 가을 C반 1차 상관계수의 의미와 주의점을 어떻게 말했어?,"가을 C반 1차 상관계수에 대해 의미는 선형 관계 강도라고, 그리고 주의점은 원인 증명을 뜻하지 않는다고 설명했습니다.",True,,,,,False,False,0.8205128205128205,0.7142857142857143,0.41025641025641024,0.35714285714285715,True,True,4.026991399994586,4.263989999948535,,,,,question+passage,"교수님이 가을 C반 1차 상관계수에 대해 주의점은 원인 증명을 뜻하지 않는다고, 활용은 관계 강도를 빠르게 살필 때 쓴다고, 그리고 의미는 선형 관계 강도라고 설명했습니다.","professor kim의 C반 1차 상관계수의 의미과 주의점에 대해 비유는 두 변수의 움직임을 설명하는 직책이 되는 것이라고, 의미은 선형 관계 강도라고, 그리고 주의점은 원인 증명을 뜻하지 않는다고 설명했습니다."
dataset_ko_378_final,entity_simple_hard_test_marketing_00130:final:0,entity_simple_hard_test_marketing_00130,entity_simple_hard_test_marketing_00130,True,same_source_sibling_facts,1,4,23,20,교수님이 봄 D반 2차 스터디 모집의 대상과 보상을 어떻게 말했어?,"봄 D반 2차 스터디 모집에 대해 대상은 스터디 신청자라고, 그리고 보상은 우선 신청권이라고 설명했습니다.",True,,,,,False,False,0.8387096774193548,0.7096774193548387,0.4193548387096774,0.3548387096774194,True,True,3.420217800012324,3.633187100000214,,,,,question+passage,"교수님이 봄 D반 2차 스터디 모집에 대해 대상은 스터디 신청자라고, 보상은 우선 신청권이라고, 그리고 핵심 채널은 학과 홈페이지라고 설명했습니다.","교수님이 봄 D반 2차 스터디 모집에 대해 대상은 스터디 신청자라고, 보상은 핵심 채널에 알리겠다고, 그리고 성과 지표는 완료율이라고 설명했습니다."
dataset_ko_379_final,entity_simple_hard_test_os_concept_00052:final:0,entity_simple_hard_test_os_concept_00052,entity_simple_hard_test_os_concept_00052,True,same_source_sibling_facts,1,4,23,20,가을 2팀 1차 프로세스 설명에서 장점과 역할만 알려줘.,"가을 2팀 1차 프로세스에 대해 장점은 서로 영향을 줄이는 데 도움이 된다고, 그리고 역할은 독립된 실행 공간을 가진다고 설명했습니다.",True,,,,,False,False,0.923076923076923,0.619047619047619,0.4615384615384615,0.3095238095238095,True,True,3.7974176999996416,3.643936800013762,,,,,question+passage,"가을 2팀 1차 프로세스 설명에 대해 장점은 서로 영향을 줄이는 데 도움이 된다고, 역할은 독립된 실행 공간을 가진다고, 그리고 비유는 독립된 식당이라고 설명했습니다.","가을 2팀 1차 프로세스에 대해 장점은 새로운 개념을 설명해주는 것이고, 역할은 독립된 실행 공간을 가진다고, 그리고 문제는 자원을 너무 많이 쓰면 느려질 수 있다고 설명했습니다."
dataset_ko_380_final,entity_simple_hard_test_marketing_00344:final:0,entity_simple_hard_test_marketing_00344,entity_simple_hard_test_marketing_00344,True,same_source_sibling_facts,1,4,23,20,캡스톤 1팀 4차 신입생 캠페인 설명에서 성과 지표와 핵심 채널만 알려줘.,"캡스톤 1팀 4차 신입생 캠페인에 대해 성과 지표는 전환율이라고, 그리고 핵심 채널은 인스타그램이라고 설명했습니다.",True,,,,,False,False,0.962962962962963,0.75,0.4814814814814815,0.375,True,False,2.8104542000219226,2.2889680999796838,,,,,question+passage,"캡스톤 1팀 4차 신입생 캠페인에 대해 핵심 채널은 인스타그램이라고, 성과 지표는 전환율이라고 설명했습니다.",캡스톤 1팀 4차 신입생 캠페인 설명에서 성과 지표와 핵심 채널만 알려줬습니다.
dataset_ko_381_final,entity_simple_hard_test_statistics_00190:final:0,entity_simple_hard_test_statistics_00190,entity_simple_hard_test_statistics_00190,True,same_source_sibling_facts,1,4,23,20,교수님이 봄 오후반 2차 상관계수의 활용과 비유를 어떻게 말했어?,"봄 오후반 2차 상관계수에 대해 활용은 관계 강도를 빠르게 살필 때 쓴다고, 그리고 비유는 두 변수의 움직임을 비교하는 나침반이라고 설명했습니다.",True,,,,,False,False,0.5945945945945946,0.4736842105263158,0.2972972972972973,0.2368421052631579,True,False,4.030822200002149,3.2307399999699555,,,,,question+passage,"교수님이 봄 오후반 2차 상관계수의 의미는 선형 관계 강도라고, 비유는 두 변수의 움직임을 비교하는 나침반이라고, 그리고 주의점은 원인 증명을 뜻하지 않는다고 설명했습니다.","봄 오후반 2차 상관계수에 대해 활용은 원래 의미를 유지하는 것이라고, 비유는 원의 크기와 직관이接近하는 의미라고, 그리고 의미는 선형 관계의 강도라고 설명했습니다."
dataset_ko_382_final,entity_simple_hard_test_marketing_00273:final:0,entity_simple_hard_test_marketing_00273,entity_simple_hard_test_marketing_00273,True,same_source_sibling_facts,1,4,23,20,겨울 4팀 3차 동아리 홍보에서 보상과 대상을 함께 정리해줘.,"겨울 4팀 3차 동아리 홍보에 대해 보상은 굿즈 추첨권이라고, 그리고 대상은 동아리 회원이라고 설명했습니다.",True,,,,,False,False,0.8461538461538461,0.7999999999999999,0.4230769230769231,0.39999999999999997,True,True,2.23004310001852,3.304006999998819,,,,,tie,"겨울 4팀 3차 동아리 홍보에 대해 대상은 참여율이라고, 보상은 굿즈 추첨권이라고 설명했습니다.","겨울 4팀 3차 동아리 홍보에 대해 보상은 굿즈 추첨권이라고, 핵심 채널은 오픈채팅방이라고, 그리고 대상은 추첨권이라고 설명했습니다."
dataset_ko_383_final,entity_simple_hard_test_project_00181:final:0,entity_simple_hard_test_project_00181,entity_simple_hard_test_project_00181,True,same_source_sibling_facts,1,4,23,20,여름 오전반 2차 백엔드 배포에서 공유 위치와 마감을 함께 정리해줘.,"여름 오전반 2차 백엔드 배포에 대해 공유 위치는 깃허브 이슈 탭이라고, 그리고 마감은 수요일 오후 다섯 시라고 설명했습니다.",True,,,,,False,False,0.9714285714285714,0.9714285714285714,0.4857142857142857,0.4857142857142857,True,True,2.7420570999966003,2.7411942000035197,,,,,tie,"여름 오전반 2차 백엔드 배포에 대해 공유 위치는 깃허브 이슈 탭이라고, 마감은 수요일 오후 다섯 시라고 설명했습니다.","여름 오전반 2차 백엔드 배포에 대해 공유 위치는 깃허브 이슈 탭이라고, 마감은 수요일 오후 다섯 시라고 설명했습니다."
dataset_ko_384_final,entity_simple_hard_test_dessert_00242:final:0,entity_simple_hard_test_dessert_00242,entity_simple_hard_test_dessert_00242,True,same_source_sibling_facts,1,4,23,20,교수님이 가을 1팀 3차 마카롱의 비유와 색깔을 어떻게 말했어?,"가을 1팀 3차 마카롱에 대해 비유는 작은 보석 상자라고, 그리고 색깔은 알록달록하다고 설명했습니다.",True,,,,,False,False,0.5999999999999999,0.5454545454545455,0.29999999999999993,0.27272727272727276,True,False,3.6354441000148654,1.734064199961722,,,,,question+passage,"교수님이 가을 1팀 3차 마카롱에 대해 색깔은 알록달록하다고, 특징은 겉은 바삭하고 속은 촉촉하다고, 그리고 색깔은 알록달록하다고 설명했습니다.","가을 1팀 3차 마카롱의 특징과 차별점, 그리고 색깔 설명이 반환합니다."
dataset_ko_385_final,entity_simple_hard_test_os_concept_00340:final:0,entity_simple_hard_test_os_concept_00340,entity_simple_hard_test_os_concept_00340,True,same_source_sibling_facts,1,4,23,20,봄 1팀 4차 프로세스 설명에서 장점과 역할만 알려줘.,"봄 1팀 4차 프로세스에 대해 장점은 서로 영향을 줄이는 데 도움이 된다고, 그리고 역할은 독립된 실행 공간을 가진다고 설명했습니다.",True,,,,,False,False,0.9189189189189189,0.5294117647058824,0.45945945945945943,0.2647058823529412,True,False,3.700413100013975,3.004881300032139,,,,,question+passage,"봄 1팀 4차 프로세스 설명에 대해 장점은 서로 영향을 줄이는 데 도움이 된다고, 역할은 독립된 실행 공간을 가진다고, 그리고 비유는 독립된 식당이라고 설명했습니다.","봄 1팀 4차 프로세스에 대해 장점은 식별된 역할과 잘못된 역할은 시간을 줄인다고, 그리고 역할은 다른 공간을 둔다고 설명했습니다."
dataset_ko_386_final,entity_simple_hard_test_dessert_00099:final:0,entity_simple_hard_test_dessert_00099,entity_simple_hard_test_dessert_00099,True,same_source_sibling_facts,1,4,23,20,세미나 오후반 1차 브라우니 설명 중 색깔과 비유에 해당하는 내용만 답해줘.,"세미나 오후반 1차 브라우니에 대해 색깔은 진한 갈색이라고, 그리고 비유는 초콜렛을 압축한 케이크라고 설명했습니다.",True,,,,,False,False,0.8750000000000001,0.9032258064516129,0.43750000000000006,0.45161290322580644,True,True,3.910323399992194,3.7487531999940984,,,,,tie,"세미나 오후반 1차 브라우니에 대해 색깔은 진한 갈색이라고, 비유는 초콜렛을 압축한 케이크라고, 그리고 특징은 속이 촉촉하게 남는다고 설명했습니다.","세미나 오후반 1차 브라우니에 대해 색깔은 진한 갈색이라고, 비유는 초콜렛을 압축한 케이크라고, 그리고 맛은 묵직하게 달콤하다고 설명했습니다."
dataset_ko_387_final,entity_simple_hard_test_marketing_00203:final:0,entity_simple_hard_test_marketing_00203,entity_simple_hard_test_marketing_00203,True,same_source_sibling_facts,1,4,23,20,겨울 A반 3차 멘토링 이벤트 설명 중 핵심 채널과 성과 지표에 해당하는 내용만 답해줘.,"겨울 A반 3차 멘토링 이벤트에 대해 핵심 채널은 이메일 뉴스레터라고, 그리고 성과 지표는 재방문율이라고 설명했습니다.",True,,,,,False,False,0.8275862068965518,0.8,0.4137931034482759,0.4,True,True,2.8229772999766283,4.108172599982936,,,,,tie,"겨울 A반 3차 멘토링 이벤트 설명에 대해 핵심 채널은 멘토링 참여율이라고, 성과 지표는 재방문율이라고 설명했습니다.","겨울 A반 3차 멘토링 이벤트에 대해 핵심 채널은 이메일 뉴스레터라고, 성과 지표는 참여율이라고, 그리고 확산 채널은 소셜 네트워킹 사이트(SNS)라고 설명했습니다."
dataset_ko_388_final,entity_simple_hard_test_marketing_00395:final:0,entity_simple_hard_test_marketing_00395,entity_simple_hard_test_marketing_00395,True,same_source_sibling_facts,1,4,23,20,파일럿 오후반 4차 멘토링 이벤트 설명 중 핵심 채널과 성과 지표에 해당하는 내용만 답해줘.,"파일럿 오후반 4차 멘토링 이벤트에 대해 핵심 채널은 이메일 뉴스레터라고, 그리고 성과 지표는 재방문율이라고 설명했습니다.",True,,,,,False,False,0.9655172413793104,0.8235294117647058,0.4827586206896552,0.4117647058823529,True,True,3.037036399997305,3.893083899980411,,,,,question+passage,"파일럿 오후반 4차 멘토링 이벤트에 대해 핵심 채널은 이메일 뉴스레터라고, 성과 지표는 재방문율이라고 설명했습니다.","파일럿 오후반 4차 멘토링 이벤트에 대해 핵심 채널은 이메일 뉴스레터라고, 성과 지표는 참여율이라고, 그리고 확산 채널은 이메일 메시지라고 설명했습니다."
dataset_ko_389_final,entity_simple_hard_test_marketing_00155:final:0,entity_simple_hard_test_marketing_00155,entity_simple_hard_test_marketing_00155,True,same_source_sibling_facts,1,4,23,20,파일럿 2팀 2차 멘토링 이벤트 설명 중 성과 지표와 핵심 채널에 해당하는 내용만 답해줘.,"파일럿 2팀 2차 멘토링 이벤트에 대해 성과 지표는 재방문율이라고, 그리고 핵심 채널은 이메일 뉴스레터라고 설명했습니다.",True,,,,,False,False,0.9655172413793104,0.8571428571428571,0.4827586206896552,0.42857142857142855,True,True,3.012010900012683,4.470798299997114,,,,,question+passage,"파일럿 2팀 2차 멘토링 이벤트에 대해 핵심 채널은 이메일 뉴스레터라고, 성과 지표는 재방문율이라고 설명했습니다.","파일럿 2팀 2차 멘토링 이벤트에 대해 성과 지표는 재방문율이라고, 핵심 채널은 이메일 뉴스레터라고, 그리고 핵심 채널의 연결고리는 이메일 뉴스레터라고 설명했습니다."
dataset_ko_390_final,entity_simple_hard_test_project_00231:final:0,entity_simple_hard_test_project_00231,entity_simple_hard_test_project_00231,True,same_source_sibling_facts,1,4,23,20,여름 D반 3차 프론트엔드 점검 설명 중 마감과 공유 위치에 해당하는 내용만 답해줘.,"여름 D반 3차 프론트엔드 점검에 대해 마감은 다음 달 첫째 주 화요일이라고, 그리고 공유 위치는 프로젝트 슬랙 채널이라고 설명했습니다.",True,,,,,False,False,0.9189189189189189,0.39024390243902435,0.45945945945945943,0.19512195121951217,True,False,4.033405399997719,4.4543053999659605,,,,,question+passage,"여름 D반 3차 프론트엔드 점검 설명에 대해 공유 위치은 프로젝트 슬랙 채널이라고, 담당은 프론트엔드 파트라고, 그리고 마감은 다음 달 첫째 주 화요일이라고 설명했습니다.",여름 D반 3차 프론트엔드 점검에 대해 마감은 종료되지만 공유는 종료되지만 내용은 사용자 정보에 해당하나 다른 사람에贈는 방법은 메신저로 전달하는지 확인하는지 문의하는지 추천하는지 생각해보는지 못합니다.
dataset_ko_391_final,entity_simple_hard_test_marketing_00010:final:0,entity_simple_hard_test_marketing_00010,entity_simple_hard_test_marketing_00010,True,same_source_sibling_facts,1,4,23,20,교수님이 봄 B반 1차 스터디 모집의 핵심 채널과 성과 지표를 어떻게 말했어?,"봄 B반 1차 스터디 모집에 대해 핵심 채널은 학과 홈페이지라고, 그리고 성과 지표는 완료율이라고 설명했습니다.",True,,,,,False,False,0.923076923076923,0.9032258064516129,0.4615384615384615,0.45161290322580644,True,True,2.4040721000055782,3.052202999999281,,,,,tie,"봄 B반 1차 스터디 모집의 핵심 채널은 학과 홈페이지라고, 성과 지표는 완료율이라고 설명했습니다.","봄 B반 1차 스터디 모집에 대해 핵심 채널은 학과 홈페이지라고, 성과 지표는 완료율이라고, 그리고 보상은 우선 신청권이라고 설명했습니다."
dataset_ko_392_final,entity_simple_hard_test_os_concept_00077:final:0,entity_simple_hard_test_os_concept_00077,entity_simple_hard_test_os_concept_00077,True,same_source_sibling_facts,1,4,23,20,심화 4팀 1차 스레드에서 주의점과 비유를 함께 정리해줘.,"심화 4팀 1차 스레드에 대해 주의점은 공유 자원 관리가 필요하다고, 그리고 비유는 같은 식당 안에서 일하는 직원이라고 설명했습니다.",True,,,,,False,False,0.878048780487805,0.6341463414634146,0.4390243902439025,0.3170731707317073,True,True,3.5731595000252128,3.7704899000236765,,,,,question+passage,"심화 4팀 1차 스레드에 대해 비유는 같은 식당 안에서 일하는 직원이라고, 장점은 작업을 가볍게 나눌 수 있다고, 그리고 주의점은 공유 자원 관리가 필요하다고 설명했습니다.","심화 4팀 1차 스레드에 대해 주의점은 공유 자원 관리가 필요하다고, 비유는 빠른 속도와 느린 속도가 함께 존재한다고, 그리고 개념은 작업을 나누어 실행한다고 설명했습니다."
dataset_ko_393_final,entity_simple_hard_test_os_concept_00247:final:0,entity_simple_hard_test_os_concept_00247,entity_simple_hard_test_os_concept_00247,True,same_source_sibling_facts,1,4,23,20,심화 1팀 3차 큐 설명 중 장점과 역할에 해당하는 내용만 답해줘.,"심화 1팀 3차 큐에 대해 장점은 처리 순서를 명확하게 만든다고, 그리고 역할은 작업을 순서대로 기다리게 한다고 설명했습니다.",True,,,,,False,False,0.9696969696969697,0.8717948717948718,0.48484848484848486,0.4358974358974359,True,True,2.6299904999905266,3.5756347000133246,,,,,question+passage,"심화 1팀 3차 큐에 대해 장점은 처리 순서를 명확하게 만든다고, 역할은 작업을 순서대로 기다리게 한다고 설명했습니다.","심화 1팀 3차 큐에 대해 장점은 처리 순서를 명확하게 만든다고, 역할은 작업을 순서대로 기다리게 한다고, 그리고 주의점은 대기 시간이 길어질 수 있다고 설명했습니다."
dataset_ko_394_final,entity_simple_hard_test_art_history_00232:final:0,entity_simple_hard_test_art_history_00232,entity_simple_hard_test_art_history_00232,True,same_source_sibling_facts,1,4,23,20,가을 D반 3차 바로크 설명에서 비유와 비교 포인트만 알려줘.,"가을 D반 3차 바로크에 대해 비유는 무대 조명이 한 장면을 강조하는 방식이라고, 그리고 비교 포인트는 평면적 구도와 구분된다고 설명했습니다.",True,,,,,False,False,0.878048780487805,0.9,0.4390243902439025,0.45,True,True,3.8314244999783114,3.8134346999577247,,,,,tie,"가을 D반 3차 바로크에 대해 비유는 무대 조명이 한 장면을 강조하는 방식이라고, 목적은 감정을 강하게 전달하는 것이라고, 그리고 비교 포인트는 평면적 구도와 구분된다고 설명했습니다.","가을 D반 3차 바로크에 대해 비유는 무대 조명이 한 장면을 강조하는 방식이라고, 비교 포인트는 평면적 구도와 구분된다고, 그리고 핵심 특징은 극적 재현이라고 설명했습니다."
dataset_ko_395_final,entity_simple_hard_test_dessert_00219:final:0,entity_simple_hard_test_dessert_00219,entity_simple_hard_test_dessert_00219,True,same_source_sibling_facts,1,4,23,20,세미나 B반 3차 브라우니 설명 중 맛과 특징에 해당하는 내용만 답해줘.,"세미나 B반 3차 브라우니에 대해 맛은 묵직하게 달콤하다고, 그리고 특징은 속이 촉촉하게 남는다고 설명했습니다.",True,,,,,False,False,0.9032258064516129,0.8750000000000001,0.45161290322580644,0.43750000000000006,True,True,3.5270008000079542,3.8852054000017233,,,,,tie,"세미나 B반 3차 브라우니에 대해 맛은 묵직하게 달콤하다고, 특징은 속이 촉촉하게 남는다고, 그리고 색깔은 진한 갈색이라고 설명했습니다.","세미나 B반 3차 브라우니에 대해 맛은 묵직하게 달콤하다고, 비유는 초콜렛을 압축한 케이크라고, 그리고 특징은 속이 촉촉하게 남는다고 설명했습니다."
dataset_ko_396_final,entity_simple_hard_test_statistics_00191:final:0,entity_simple_hard_test_statistics_00191,entity_simple_hard_test_statistics_00191,True,same_source_sibling_facts,1,4,23,20,여름 오후반 2차 회귀분석 설명 중 활용과 비유에 해당하는 내용만 답해줘.,"여름 오후반 2차 회귀분석에 대해 활용은 예측 경향을 설명할 때 쓴다고, 그리고 비유는 흩어진 점 사이에 길을 그어 보는 일이라고 설명했습니다.",True,,,,,False,False,0.8837209302325582,0.5555555555555555,0.4418604651162791,0.27777777777777773,True,True,4.234974700026214,6.404623000009451,,,,,question+passage,"여름 오후반 2차 회귀분석에 대해 비유는 흩어진 점 사이에 길을 그어 보는 일이라고, 주의점은 모든 원인을 증명하지는 않는다고, 그리고 활용은 예측 경향을 설명할 때 쓴다고 설명했습니다.","여름 오후반 2차 회귀분석 설명 중 활용과 비유에 해당하는 내용만 설명하라면 무엇과 비유를 닮음으로써 설명하나를 설명하고, 확esse이 회귀분석의 의미를 설명하는 데에 유용하다는 점을 설명하라는 의도라고, 의미는 관계의 경향 설명이라고, 그리고 비유는 흩어진 점 사이에 길을 그어 보는 일이라고 설명했습니다."
dataset_ko_397_final,entity_simple_hard_test_project_00159:final:0,entity_simple_hard_test_project_00159,entity_simple_hard_test_project_00159,True,same_source_sibling_facts,1,4,23,20,세미나 2팀 2차 프론트엔드 점검 설명 중 확인 기준과 담당에 해당하는 내용만 답해줘.,"세미나 2팀 2차 프론트엔드 점검에 대해 확인 기준은 사용자 차단 여부라고, 그리고 담당은 프론트엔드 파트라고 설명했습니다.",True,,,,,False,False,0.888888888888889,0.5925925925925926,0.4444444444444445,0.2962962962962963,True,False,3.897971599944867,2.158563800039701,,,,,question+passage,"세미나 2팀 2차 프론트엔드 점검 설명에 대해 확인 기준은 사용자 차단 여부라고, 담당은 프론트엔드 파트라고, 그리고 마감은 다음 달 첫째 주 화요일이라고 설명했습니다.",세미나 2팀 2차 프론트엔드 점검 중 확인 기준과 담당은 frontend 파트로 설정된데요.
dataset_ko_398_final,entity_simple_hard_test_marketing_00368:final:0,entity_simple_hard_test_marketing_00368,entity_simple_hard_test_marketing_00368,True,same_source_sibling_facts,1,4,23,20,실습 3팀 4차 신입생 캠페인 설명에서 보상과 대상만 알려줘.,"실습 3팀 4차 신입생 캠페인에 대해 보상은 커피 쿠폰이라고, 그리고 대상은 신입생이라고 설명했습니다.",True,,,,,False,False,0.9600000000000001,0.6666666666666667,0.48000000000000004,0.33333333333333337,True,True,2.706996899971273,1.7889870000071824,,,,,question+passage,"실습 3팀 4차 신입생 캠페인 설명에 대해 보상은 커피 쿠폰이라고, 대상은 신입생이라고 설명했습니다.",실습 3팀 4차 신입생 캠페인 설명에서 보상과 대상만 알려줍니다.
dataset_ko_399_final,entity_simple_hard_test_project_00204:final:0,entity_simple_hard_test_project_00204,entity_simple_hard_test_project_00204,True,same_source_sibling_facts,1,4,23,20,캡스톤 A반 3차 최종 발표 설명에서 담당과 확인 기준만 알려줘.,"캡스톤 A반 3차 최종 발표에 대해 담당은 기획 파트라고, 그리고 확인 기준은 근거 제시 여부라고 설명했습니다.",True,,,,,False,False,0.888888888888889,0.9032258064516129,0.4444444444444445,0.45161290322580644,True,True,3.057954400021117,2.344305799982976,,,,,tie,"캡스톤 A반 3차 최종 발표에 대해 확인 기준은 근거 제시 여부라고, 공유 위치는 팀 노션 페이지라고, 그리고 담당은 기획 파트라고 설명했습니다.","캡스톤 A반 3차 최종 발표 설명에 대해 담당은 기획 파트라고, 확인 기준은 근거 확인 여부라고 설명했습니다."
