case,source_id,root_source_id,merge_group_source_id,same_source_merge,merge_policy,merge_group_qas,merged_passage_count,qp_layer,ponly_layer,question,expected,recall_at_k,direct_normalized_em,no_memory_normalized_em,direct_answer_token_f1,no_memory_answer_token_f1,qp_normalized_em,ponly_normalized_em,qp_answer_token_f1,ponly_answer_token_f1,qp_qa_score,ponly_qa_score,qp_mergeprag_hit,ponly_mergeprag_hit,qp_inference_time_s,ponly_inference_time_s,qp_loss,ponly_loss,qp_phrase_loss,ponly_phrase_loss,pairwise_winner,qp_answer,ponly_answer
dataset_ko_0_final,entity_simple_hard_test_dessert_00339:final:0,entity_simple_hard_test_dessert_00339,entity_simple_hard_test_dessert_00339,True,same_source_sibling_facts,1,4,23,20,세미나 D반 4차 브라우니 설명 중 비유와 색깔에 해당하는 내용만 답해줘.,"세미나 D반 4차 브라우니에 대해 비유는 초콜렛을 압축한 케이크라고, 그리고 색깔은 진한 갈색이라고 설명했습니다.",True,,,,,False,False,0.8750000000000001,0.9032258064516129,0.43750000000000006,0.45161290322580644,True,True,4.242652499990072,3.659174200030975,,,,,tie,"세미나 D반 4차 브라우니에 대해 비유는 초콜렛을 압축한 케이크라고, 색깔은 진한 갈색이라고, 그리고 특징은 속이 촉촉하게 남는다고 설명했습니다.","세미나 D반 4차 브라우니에 대해 비유는 초콜렛을 압축한 케이크라고, 색깔은 진한 갈색이라고, 그리고 맛은 묵직하게 달콤하다고 설명했습니다."
dataset_ko_1_final,entity_simple_hard_test_marketing_00370:final:0,entity_simple_hard_test_marketing_00370,entity_simple_hard_test_marketing_00370,True,same_source_sibling_facts,1,4,23,20,교수님이 봄 4팀 4차 스터디 모집의 보상과 대상을 어떻게 말했어?,"봄 4팀 4차 스터디 모집에 대해 보상은 우선 신청권이라고, 그리고 대상은 스터디 신청자라고 설명했습니다.",True,,,,,False,False,0.7586206896551724,0.6111111111111112,0.3793103448275862,0.3055555555555556,True,True,2.9933734000078402,3.995540300034918,,,,,question+passage,"봄 4팀 4차 스터디 모집에 대해 보상은 우선 신청권이라고, 핵심 채널은 학과 홈페이지라고, 그리고 대상은 완료율이라고 설명했습니다.","봄 4팀 4차 스터디 모집에 대해 보상은 우선 신청권이었습니다. 대상은 핵심 채널로 간다라고, 조건은 전체적인 처리 시간이 길어질 것이라고, 그리고 보상은 우선 신청권이라고 설명했습니다."
dataset_ko_2_final,entity_simple_hard_test_statistics_00141:final:0,entity_simple_hard_test_statistics_00141,entity_simple_hard_test_statistics_00141,True,same_source_sibling_facts,1,4,23,20,여름 1팀 2차 신뢰구간에서 비유와 활용을 함께 정리해줘.,"여름 1팀 2차 신뢰구간에 대해 비유는 정답이 있을 법한 범위를 그은 지도라고, 그리고 활용은 추정의 불확실성을 설명할 때 쓴다고 설명했습니다.",True,,,,,False,False,0.8837209302325582,0.8837209302325582,0.4418604651162791,0.4418604651162791,True,True,4.0182948999572545,4.00181899999734,,,,,tie,"여름 1팀 2차 신뢰구간에 대해 비유는 정답이 있을 법한 범위를 그은 지도라고, 주의점은 정답 하나를 보장하지 않는다고, 그리고 활용은 추정의 불확실성을 설명할 때 쓴다고 설명했습니다.","여름 1팀 2차 신뢰구간에 대해 비유는 정답이 있을 법한 범위를 그은 지도라고, 활용은 추정의 불확실성을 설명할 때 쓴다고, 그리고 특징은 정답 하나를 보장하지 않는다고 설명했습니다."
dataset_ko_3_final,entity_simple_hard_test_dessert_00049:final:0,entity_simple_hard_test_dessert_00049,entity_simple_hard_test_dessert_00049,True,same_source_sibling_facts,1,4,23,20,세미나 1팀 1차 솜사탕에서 비유와 색깔을 함께 정리해줘.,"세미나 1팀 1차 솜사탕에 대해 비유는 구름 같은 간식이라고, 그리고 색깔은 분홍색이라고 설명했습니다.",True,,,,,False,False,0.9600000000000001,0.5142857142857142,0.48000000000000004,0.2571428571428571,True,False,2.2652039999957196,3.7111803000443615,,,,,question+passage,"세미나 1팀 1차 솜사탕에 대해 비유는 구름 같은 간식이라고, 색깔은 분홍색이라고 설명했습니다.","세미나 1팀 1차 솜사탕에 대해 비유는 멤버의 색깔을 설명하는 것이라고, 차이는 부분 색깔로 봐질 수 있다고, 그리고 색깔은 전달 정보에 제한이 있다고 설명했습니다."
dataset_ko_4_final,entity_simple_hard_test_project_00205:final:0,entity_simple_hard_test_project_00205,entity_simple_hard_test_project_00205,True,same_source_sibling_facts,1,4,23,20,파일럿 A반 3차 백엔드 배포에서 담당과 확인 기준을 함께 정리해줘.,"파일럿 A반 3차 백엔드 배포에 대해 담당은 백엔드 팀이라고, 그리고 확인 기준은 오류 발생률이라고 설명했습니다.",True,,,,,False,False,0.8571428571428571,0.8571428571428571,0.42857142857142855,0.42857142857142855,True,True,3.3389305000309832,3.260575400025118,,,,,tie,"파일럿 A반 3차 백엔드 배포에 대해 확인 기준은 오류 발생률이라고, 공유 위치는 깃허브 이슈 탭이라고, 그리고 담당은 백엔드 팀이라고 설명했습니다.","파일럿 A반 3차 백엔드 배포에 대해 담당은 백엔드 팀이라고, 마감은 수요일 오후 다섯 시라고, 그리고 확인 기준은 오류 발생률이라고 설명했습니다."
dataset_ko_5_final,entity_simple_hard_test_art_history_00187:final:0,entity_simple_hard_test_art_history_00187,entity_simple_hard_test_art_history_00187,True,same_source_sibling_facts,1,4,23,20,심화 오전반 2차 르네상스 설명 중 비교 포인트와 비유에 해당하는 내용만 답해줘.,"심화 오전반 2차 르네상스에 대해 비교 포인트는 절대왕정 중심 설명과 다르다고, 그리고 비유는 사람을 화면 중앙에 다시 세우는 방식이라고 설명했습니다.",True,,,,,False,False,0.8205128205128205,0.8837209302325582,0.41025641025641024,0.4418604651162791,True,True,3.8498112000524998,4.087992199987639,,,,,passage-only,"심화 오전반 2차 르네상스 설명을 기준점은 절대왕정 중심 설명과 다르다고, 핵심 특징은 인문주의라고, 그리고 비유는 사람을 화면 중앙에 다시 세우는 방식이라고 설명했습니다.","심화 오전반 2차 르네상스에 대해 비교 포인트는 절대왕정 중심 설명과 다르다고, 비유는 사람을 화면 중앙에 다시 세우는 방식이라고, 그리고 비교 포인트는 절대왕정 중심 설명이라고 설명했습니다."
dataset_ko_6_final,entity_simple_hard_test_os_concept_00054:final:0,entity_simple_hard_test_os_concept_00054,entity_simple_hard_test_os_concept_00054,True,same_source_sibling_facts,1,4,23,20,교수님이 캡스톤 2팀 1차 캐시의 장점과 역할을 어떻게 말했어?,"캡스톤 2팀 1차 캐시에 대해 장점은 반복 접근을 빠르게 만든다고, 그리고 역할은 자주 쓰는 정보를 가까이 둔다고 설명했습니다.",True,,,,,False,False,0.7804878048780488,0.8571428571428571,0.3902439024390244,0.42857142857142855,True,True,4.331688799953554,4.402122400002554,,,,,passage-only,"professor의 캡스톤 2팀 1차 측면에서의 장점은 반복 접근을 빠르게 만든다고, 역할은 자주 쓰는 정보를 가까이 둔다고, 그리고 비유는 책상 위에 올려둔 책이라고 설명했습니다.","교수님의 캡스톤 2팀 1차 캐시에 대해 장점은 반복 접근을 빠르게 만든다고, 역할은 자주 쓰는 정보를 가까이 둔다고, 그리고 비유는 책상 위에 올려둔 책이라고 설명했습니다."
dataset_ko_7_final,entity_simple_hard_test_dessert_00098:final:0,entity_simple_hard_test_dessert_00098,entity_simple_hard_test_dessert_00098,True,same_source_sibling_facts,1,4,23,20,교수님이 실습 오후반 1차 마카롱의 색깔과 비유를 어떻게 말했어?,"실습 오후반 1차 마카롱에 대해 색깔은 알록달록하다고, 그리고 비유는 작은 보석 상자라고 설명했습니다.",True,,,,,False,False,0.8387096774193548,0.4545454545454546,0.4193548387096774,0.2272727272727273,True,False,3.4030062000383623,2.080215699970722,,,,,question+passage,"실습 오후반 1차 마카롱에 대해 비유는 작은 보석 상자라고, 특징은 겉은 바삭하고 속은 촉촉하다고, 그리고 색깔은 알록달록하다고 설명했습니다.",교수님이 실습 오후반 1차 마카롱의 색깔을 말할 때 특징을 강조색으로 설명했어.
dataset_ko_8_final,entity_simple_hard_test_dessert_00169:final:0,entity_simple_hard_test_dessert_00169,entity_simple_hard_test_dessert_00169,True,same_source_sibling_facts,1,4,23,20,세미나 3팀 2차 솜사탕에서 특징과 맛을 함께 정리해줘.,"세미나 3팀 2차 솜사탕에 대해 특징은 입에 닿으면 빠르게 사라진다고, 그리고 맛은 가볍게 달콤하다고 설명했습니다.",True,,,,,False,False,0.8823529411764706,0.9375,0.4411764705882353,0.46875,True,True,3.60971079999581,3.442696199985221,,,,,passage-only,"세미나 3팀 2차 솜사탕에 대해 특징은 입에 닿으면 빠르게 사라진다고, 맛은 가볍게 달콤하다고, 그리고 비유는 구름 같은 간식이라고 설명했습니다.","세미나 3팀 2차 솜사탕에 대해 특징은 입에 닿으면 빠르게 사라진다고, 맛은 가볍게 달콤하다고, 그리고 색깔은 분홍색이라고 설명했습니다."
dataset_ko_9_final,entity_simple_hard_test_dessert_00387:final:0,entity_simple_hard_test_dessert_00387,entity_simple_hard_test_dessert_00387,True,same_source_sibling_facts,1,4,23,20,심화 오전반 4차 브라우니 설명 중 색깔과 비유에 해당하는 내용만 답해줘.,"심화 오전반 4차 브라우니에 대해 색깔은 진한 갈색이라고, 그리고 비유는 초콜렛을 압축한 케이크라고 설명했습니다.",True,,,,,False,False,0.8750000000000001,0.9032258064516129,0.43750000000000006,0.45161290322580644,True,True,3.7847736999974586,3.7229131999774836,,,,,tie,"심화 오전반 4차 브라우니에 대해 비유는 초콜렛을 압축한 케이크라고, 특징은 속이 촉촉하게 남는다고, 그리고 색깔은 진한 갈색이라고 설명했습니다.","심화 오전반 4차 브라우니에 대해 색깔은 진한 갈색이라고, 비유는 초콜렛을 압축한 케이크라고, 그리고 맛은 묵직하게 달콤하다고 설명했습니다."
dataset_ko_10_final,entity_simple_hard_test_art_history_00379:final:0,entity_simple_hard_test_art_history_00379,entity_simple_hard_test_art_history_00379,True,same_source_sibling_facts,1,4,23,20,세미나 4팀 4차 르네상스 설명 중 비교 포인트와 비유에 해당하는 내용만 답해줘.,"세미나 4팀 4차 르네상스에 대해 비교 포인트는 절대왕정 중심 설명과 다르다고, 그리고 비유는 사람을 화면 중앙에 다시 세우는 방식이라고 설명했습니다.",True,,,,,False,False,0.9268292682926829,0.8837209302325582,0.46341463414634143,0.4418604651162791,True,True,3.993884600000456,4.155855500022881,,,,,tie,"세미나 4팀 4차 르네상스에 대해 비교 포인트는 절대왕정 중심 설명과 다르다고, 핵심 특징은 인문주의라고, 그리고 비유는 사람을 화면 중앙에 다시 세우는 방식이라고 설명했습니다.","세미나 4팀 4차 르네상스에 대해 비교 포인트는 절대왕정 중심 설명과 다르다고, 비유는 사람을 화면 중앙에 다시 세우는 방식이라고, 그리고 비교 포인트는 절대왕정 중심 설명이라고 설명했습니다."
dataset_ko_11_final,entity_simple_hard_test_os_concept_00101:final:0,entity_simple_hard_test_os_concept_00101,entity_simple_hard_test_os_concept_00101,True,same_source_sibling_facts,1,4,23,20,여름 A반 2차 스레드에서 역할과 장점을 함께 정리해줘.,"여름 A반 2차 스레드에 대해 역할은 프로세스 안에서 작업을 나누어 실행한다고, 그리고 장점은 작업을 가볍게 나눌 수 있다고 설명했습니다.",True,,,,,False,False,0.878048780487805,0.7499999999999999,0.4390243902439025,0.37499999999999994,True,True,3.613758300023619,3.5645115000079386,,,,,question+passage,"여름 A반 2차 스레드에 대해 장점은 작업을 가볍게 나눌 수 있다고, 주의점은 공유 자원 관리가 필요하다고, 그리고 역할은 프로세스 안에서 작업을 나누어 실행한다고 설명했습니다.","여름 A반 2차 스레드에 대해 역할은 프로세스 안에서 작업을 나누어 실행한다고, 장점은 작업을 속속들이 나누어 진행한다고, 그리고 역할은 작업을 나누어 정리한다고 설명했습니다."
dataset_ko_12_final,entity_simple_hard_test_art_history_00184:final:0,entity_simple_hard_test_art_history_00184,entity_simple_hard_test_art_history_00184,True,same_source_sibling_facts,1,4,23,20,캡스톤 오전반 2차 바로크 설명에서 비교 포인트와 비유만 알려줘.,"캡스톤 오전반 2차 바로크에 대해 비교 포인트는 평면적 구도와 구분된다고, 그리고 비유는 무대 조명이 한 장면을 강조하는 방식이라고 설명했습니다.",True,,,,,False,False,0.6341463414634146,0.923076923076923,0.3170731707317073,0.4615384615384615,True,True,3.9017426999635063,3.8204865000443533,,,,,passage-only,"캡스톤 오전반 2차 바로크에 대해 비유는 평면적 구도와 구분된다고, 목적은 감정을 강하게 전달하는 것이라고, 그리고 비교 포인트는 평면적 구도에 비해 구분되는 것이라고 설명했습니다.","캡스톤 오전반 2차 바로크에 대해 비교 포인트는 평면적 구도와 구분된다고, 비유는 무대 조명이 한 장면을 강조하는 방식이라고, 그리고 비유 구도와 달라진다고 설명했습니다."
dataset_ko_13_final,entity_simple_hard_test_dessert_00051:final:0,entity_simple_hard_test_dessert_00051,entity_simple_hard_test_dessert_00051,True,same_source_sibling_facts,1,4,23,20,여름 2팀 1차 브라우니 설명 중 비유와 색깔에 해당하는 내용만 답해줘.,"여름 2팀 1차 브라우니에 대해 비유는 초콜렛을 압축한 케이크라고, 그리고 색깔은 진한 갈색이라고 설명했습니다.",True,,,,,False,False,0.8750000000000001,0.9032258064516129,0.43750000000000006,0.45161290322580644,True,True,3.809454900037963,3.6858104999992065,,,,,tie,"여름 2팀 1차 브라우니에 대해 비유는 초콜렛을 압축한 케이크라고, 색깔은 진한 갈색이라고, 그리고 특징은 속이 촉촉하게 남는다고 설명했습니다.","여름 2팀 1차 브라우니에 대해 비유는 초콜렛을 압축한 케이크라고, 색깔은 진한 갈색이라고, 그리고 맛은 묵직하게 달콤하다고 설명했습니다."
dataset_ko_14_final,entity_simple_hard_test_statistics_00357:final:0,entity_simple_hard_test_statistics_00357,entity_simple_hard_test_statistics_00357,True,same_source_sibling_facts,1,4,23,20,심화 2팀 4차 신뢰구간에서 주의점과 의미를 함께 정리해줘.,"심화 2팀 4차 신뢰구간에 대해 주의점은 정답 하나를 보장하지 않는다고, 그리고 의미는 모수 추정 범위라고 설명했습니다.",True,,,,,False,False,0.8421052631578948,0.65,0.4210526315789474,0.325,True,True,3.7332865999778733,4.105934699997306,,,,,question+passage,"심화 2팀 4차 신뢰구간에 대해 주의점은 정답 하나를 보장하지 않는다고, 의미는 모수 추정 범위라고, 그리고 비유는 정답이 1, 2, 3의 뜻이라고 설명했습니다.","심화 2팀 4차 신뢰구간에 대해 주의점은 정답 하나를 보장하지 않는다고, 의미는 여러 수의 추정값의 불확실성을 설명할 때 쓴다고, 그리고 역할은 추정값 오류를 줄이지 않는다고 설명했습니다."
dataset_ko_15_final,entity_simple_hard_test_marketing_00322:final:0,entity_simple_hard_test_marketing_00322,entity_simple_hard_test_marketing_00322,True,same_source_sibling_facts,1,4,23,20,교수님이 가을 C반 4차 스터디 모집의 대상과 보상을 어떻게 말했어?,"가을 C반 4차 스터디 모집에 대해 대상은 스터디 신청자라고, 그리고 보상은 우선 신청권이라고 설명했습니다.",True,,,,,False,False,0.8750000000000001,0.8484848484848484,0.43750000000000006,0.4242424242424242,True,True,3.079754200007301,3.2052853999775834,,,,,tie,"가을 C반 4차 스터디 모집에 대해 대상은 스터디 신청자라고, 보상은 우선 신청권이라고, 그리고 핵심 채널은 학과 홈페이지라고 설명했습니다.","교수님이 가을 C반 4차 스터디 모집에 대해 대상은 스터디 신청자라고, 보상은 우선 신청권이라고, 그리고 핵심 채널은 학과 홈페이지라고 설명했습니다."
dataset_ko_16_final,entity_simple_hard_test_os_concept_00389:final:0,entity_simple_hard_test_os_concept_00389,entity_simple_hard_test_os_concept_00389,True,same_source_sibling_facts,1,4,23,20,세미나 오전반 4차 스레드에서 역할과 장점을 함께 정리해줘.,"세미나 오전반 4차 스레드에 대해 역할은 프로세스 안에서 작업을 나누어 실행한다고, 그리고 장점은 작업을 가볍게 나눌 수 있다고 설명했습니다.",True,,,,,False,False,0.878048780487805,0.7499999999999999,0.4390243902439025,0.37499999999999994,True,True,3.763563599961344,3.75796519999858,,,,,question+passage,"세미나 오전반 4차 스레드에 대해 장점은 작업을 가볍게 나눌 수 있다고, 주의점은 공유 자원 관리가 필요하다고, 그리고 역할은 프로세스 안에서 작업을 나누어 실행한다고 설명했습니다.","세미나 오전반 4차 스레드에 대해 역할은 프로세스 안에서 작업을 나누어 실행한다고, 장점은 작업을 속속들이 나누어 설립한다고, 그리고 역할은 작업을 나누어 설립한다고 설명했습니다."
dataset_ko_17_final,entity_simple_hard_test_marketing_00056:final:0,entity_simple_hard_test_marketing_00056,entity_simple_hard_test_marketing_00056,True,same_source_sibling_facts,1,4,23,20,정규 2팀 1차 신입생 캠페인 설명에서 성과 지표와 핵심 채널만 알려줘.,"정규 2팀 1차 신입생 캠페인에 대해 성과 지표는 전환율이라고, 그리고 핵심 채널은 인스타그램이라고 설명했습니다.",True,,,,,False,False,0.8571428571428571,0.7272727272727273,0.42857142857142855,0.36363636363636365,True,True,3.0308491999749094,4.1838755999924615,,,,,question+passage,"정규 2팀 1차 신입생 캠페인 설명에 대해 핵심 채널은 인스타그램과 웹사이트라고, 성과 지표는 전환율이라고 설명했습니다.","정규 2팀 1차 신입생 캠페인 설명에서 성과 지표와 핵심 채널만 알려주는 곳은 인스타그램이라고, 성과 지표는 전환율이라고, 핵심 채널은 인스타그램이라고 설명했습니다."
dataset_ko_18_final,entity_simple_hard_test_project_00133:final:0,entity_simple_hard_test_project_00133,entity_simple_hard_test_project_00133,True,same_source_sibling_facts,1,4,23,20,겨울 D반 2차 백엔드 배포에서 마감과 공유 위치를 함께 정리해줘.,"겨울 D반 2차 백엔드 배포에 대해 마감은 수요일 오후 다섯 시라고, 그리고 공유 위치는 깃허브 이슈 탭이라고 설명했습니다.",True,,,,,False,False,0.923076923076923,0.65,0.4615384615384615,0.325,True,True,3.477948700019624,3.7204733000253327,,,,,question+passage,"겨울 D반 2차 백엔드 배포에 대해 공유 위치는 깃허브 이슈 탭이라고, 담당은 백엔드 팀이라고, 그리고 마감은 수요일 오후 다섯 시라고 설명했습니다.","겨울 D반 2차 백엔드 배포에 대해 마감은 수요일 오후 다섯 시라고, 함께 정리해주는 곳은 프로젝트 페이지라고, 그리고 학습 기준은 실수로 100배라고 설명했습니다."
dataset_ko_19_final,entity_simple_hard_test_project_00110:final:0,entity_simple_hard_test_project_00110,entity_simple_hard_test_project_00110,True,same_source_sibling_facts,1,4,23,20,교수님이 봄 B반 2차 AI 모델 평가의 담당과 확인 기준을 어떻게 말했어?,"봄 B반 2차 AI 모델 평가에 대해 담당은 AI 파트라고, 그리고 확인 기준은 정답률이라고 설명했습니다.",True,,,,,False,False,0.8,0.7647058823529412,0.4,0.3823529411764706,True,True,3.3647623999859206,3.205695700016804,,,,,tie,"봄 B반 2차 AI 모델 평가의 담당과 확인 기준에 대해 확인 기준은 정답률이라고, 공유 위치는 회의록 폴더라고, 그리고 담당은 AI 파트라고 설명했습니다.","봄 B반 2차 AI 모델 평가에 대해 담당은 AI 파트라고, 확인 기준은 정답률을 설명했다고, 그리고 확인 기준은 정답률을 기준으로 설명했다고 설명했습니다."
dataset_ko_20_final,entity_simple_hard_test_statistics_00285:final:0,entity_simple_hard_test_statistics_00285,entity_simple_hard_test_statistics_00285,True,same_source_sibling_facts,1,4,23,20,파일럿 오전반 3차 신뢰구간에서 활용과 비유를 함께 정리해줘.,"파일럿 오전반 3차 신뢰구간에 대해 활용은 추정의 불확실성을 설명할 때 쓴다고, 그리고 비유는 정답이 있을 법한 범위를 그은 지도라고 설명했습니다.",True,,,,,False,False,0.8837209302325582,0.6500000000000001,0.4418604651162791,0.32500000000000007,True,True,4.101555000001099,3.7625474000233226,,,,,question+passage,"파일럿 오전반 3차 신뢰구간에 대해 비유는 정답이 있을 법한 범위를 그은 지도라고, 주의점은 정답 하나를 보장하지 않는다고, 그리고 활용은 추정의 불확실성을 설명할 때 쓴다고 설명했습니다.","파일럿 오전반 3차 신뢰구간에 대해 활용은 추정의 불확실성을 설명할 때 쓴다고, 비유는 일반의 불확실한 위치를 설명할 때 쓴다고, 그리고 의미는 추정의 범위라고 설명했습니다."
dataset_ko_21_final,entity_simple_hard_test_marketing_00178:final:0,entity_simple_hard_test_marketing_00178,entity_simple_hard_test_marketing_00178,True,same_source_sibling_facts,1,4,23,20,교수님이 실습 4팀 2차 스터디 모집의 보상과 대상을 어떻게 말했어?,"실습 4팀 2차 스터디 모집에 대해 보상은 우선 신청권이라고, 그리고 대상은 스터디 신청자라고 설명했습니다.",True,,,,,False,False,0.8750000000000001,0.4736842105263159,0.43750000000000006,0.23684210526315794,True,True,3.1640203000279143,4.8262092000222765,,,,,question+passage,"실습 4팀 2차 스터디 모집에 대해 보상은 우선 신청권이라고, 핵심 채널은 학과 홈페이지라고, 그리고 대상은 스터디 신청자라고 설명했습니다.","교수님 실습 4팀 2차 스터디 모집에 대해 보상은 우선 신청권이 있던 A권역의 장소였고, 대상은 high 를 차감된 성과 지표였고, 조건은 우선 신청권이 있던 전산망였고,来源是实習 4 部。"
dataset_ko_22_final,entity_simple_hard_test_statistics_00071:final:0,entity_simple_hard_test_statistics_00071,entity_simple_hard_test_statistics_00071,True,same_source_sibling_facts,1,4,23,20,여름 4팀 1차 회귀분석 설명 중 주의점과 의미에 해당하는 내용만 답해줘.,"여름 4팀 1차 회귀분석에 대해 주의점은 모든 원인을 증명하지는 않는다고, 그리고 의미는 관계의 경향 설명이라고 설명했습니다.",True,,,,,False,False,0.7142857142857143,0.47368421052631576,0.35714285714285715,0.23684210526315788,True,False,4.742560400045477,3.5635703000007197,,,,,question+passage,"여름 4팀 1차 회귀분석 설명 중 주의점은 데이터의 과적용을 설명했습니다. 의미는 관계의 경향 설명이라고, 비유는 흩어진 점 사이에 길을 그어 보는 일이라고, 그리고 주의점은 모든 원인을 증명하지는 않는다고 설명했습니다.",여름 4팀 1차 회귀분석 설명 중 주의점과 의미에 대해 summarizes JSON JSON 형식의 데이터를 생각하고 함수적으로는 입력에 위험을 연결하지만 심각성 설명은 파트를 분할하지 않는다고 설명했습니다.
dataset_ko_23_final,entity_simple_hard_test_project_00374:final:0,entity_simple_hard_test_project_00374,entity_simple_hard_test_project_00374,True,same_source_sibling_facts,1,4,23,20,교수님이 캡스톤 4팀 4차 AI 모델 평가의 공유 위치와 마감을 어떻게 말했어?,"캡스톤 4팀 4차 AI 모델 평가에 대해 공유 위치는 회의록 폴더라고, 그리고 마감은 금요일 자정 전이라고 설명했습니다.",True,,,,,False,False,0.8648648648648648,0.8108108108108107,0.4324324324324324,0.4054054054054054,True,True,3.3997006000136025,3.091474700020626,,,,,question+passage,"교수님 캡스톤 4팀 4차 AI 모델 평가의 공유 위치는 회의록 폴더라고, 마감은 금요일 자정 전이라고, 그리고 확인 기준은 정답률이라고 설명했습니다.","캡스톤 4팀 4차 AI 모델 평가에 대해 공유 위치는 커널 페이지라고, 마감은 금요일 자정 전이라고, 그리고 확인 기준은 정답률이라고 설명했습니다."
dataset_ko_24_final,entity_simple_hard_test_os_concept_00199:final:0,entity_simple_hard_test_os_concept_00199,entity_simple_hard_test_os_concept_00199,True,same_source_sibling_facts,1,4,23,20,세미나 오후반 2차 큐 설명 중 역할과 장점에 해당하는 내용만 답해줘.,"세미나 오후반 2차 큐에 대해 역할은 작업을 순서대로 기다리게 한다고, 그리고 장점은 처리 순서를 명확하게 만든다고 설명했습니다.",True,,,,,False,False,0.8717948717948718,0.8421052631578947,0.4358974358974359,0.42105263157894735,True,True,3.8024301000405103,3.685003400023561,,,,,tie,"세미나 오후반 2차 큐에 대해 장점은 처리 순서를 명확하게 만든다고, 역할은 작업을 순서대로 기다리게 한다고, 그리고 비유는 번호표를 뽑고 기다리는 줄이라고 설명했습니다.","세미나 오후반 2차 큐 설명에 대해 역할은 작업을 순서대로 기다리게 한다고, 장점은 처리 순서를 명확하게 만든다고, 그리고 역할은 작업을 순서대로 기다리게 한다고 설명했습니다."
dataset_ko_25_final,entity_simple_hard_test_art_history_00018:final:0,entity_simple_hard_test_art_history_00018,entity_simple_hard_test_art_history_00018,True,same_source_sibling_facts,1,4,23,20,교수님이 실습 B반 1차 인상주의의 핵심 특징과 목적을 어떻게 말했어?,"실습 B반 1차 인상주의에 대해 핵심 특징은 빛의 순간적인 인상이라고, 그리고 목적은 관찰 순간을 살리는 것이라고 설명했습니다.",True,,,,,False,False,0.75,0.4444444444444445,0.375,0.22222222222222224,True,False,3.9046560999704525,4.419685600034427,,,,,question+passage,"교수님의 실습 B반 1차 인상주의에 대해 핵심 특징은 완득한 인상이라고, 비유는 햇빛이 흔들리는 수면에 비친 모습이라고, 그리고 목적은 관찰 순간을 살리는 것이라고 설명했습니다.","교수님이 실습 B반 1차 인상주의의 핵심 특징을 감성적인 인상과 목적, 그리고 기본적인 중요성 등이 들어간다고, 핵심 특징은 인상적인 것이라고, 그리고 목적은 사용의 필요性과 현재 프로필과는 다른 방식이라고 설명했습니다."
dataset_ko_26_final,entity_simple_hard_test_art_history_00185:final:0,entity_simple_hard_test_art_history_00185,entity_simple_hard_test_art_history_00185,True,same_source_sibling_facts,1,4,23,20,파일럿 오전반 2차 입체주의에서 비교 포인트와 비유를 함께 정리해줘.,"파일럿 오전반 2차 입체주의에 대해 비교 포인트는 단일 원근과 다르다고, 그리고 비유는 여러 방향에서 본 사물을 한 화면에 놓는 방식이라고 설명했습니다.",True,,,,,False,False,0.9047619047619047,0.7,0.45238095238095233,0.35,True,True,3.8469394000130706,3.1299550000112504,,,,,question+passage,"파일럿 오전반 2차 입체주의에 대해 비교 포인트는 단일 원근과 다르다고, 핵심 특징은 여러 시점이라고, 그리고 비유는 여러 방향에서 본 사물을 한 화면에 놓는 방식이라고 설명했습니다.","파일럿 오전반 2차 입체주의에 대해 비교 포인트는 단일 원근과 다르다고, 핵심 특징은 여러 시점이라고, 그리고 비유는 여러 시점에 대한 설명이라고 설명했습니다."
dataset_ko_27_final,entity_simple_hard_test_marketing_00080:final:0,entity_simple_hard_test_marketing_00080,entity_simple_hard_test_marketing_00080,True,same_source_sibling_facts,1,4,23,20,봄 오전반 1차 신입생 캠페인 설명에서 보상과 대상만 알려줘.,"봄 오전반 1차 신입생 캠페인에 대해 보상은 커피 쿠폰이라고, 그리고 대상은 신입생이라고 설명했습니다.",True,,,,,False,False,0.888888888888889,0.4444444444444445,0.4444444444444445,0.22222222222222224,True,True,3.430512999999337,2.962161700008437,,,,,question+passage,"봄 오전반 1차 신입생 캠페인 설명에 대해 대상은 신입생이라고, 보상은 커피 쿠폰이라고, 그리고 핵심 채널은 인스타그램이라고 설명했습니다.","봄 오전반 1차 신입생 캠페인 설명에서 보상이라고 하니 상금이라고, 대상이라고 하니 학번非유형이라고, 그리고 성과 지표라고 설명했습니다."
dataset_ko_28_final,entity_simple_hard_test_art_history_00162:final:0,entity_simple_hard_test_art_history_00162,entity_simple_hard_test_art_history_00162,True,same_source_sibling_facts,1,4,23,20,교수님이 가을 3팀 2차 인상주의의 목적과 핵심 특징을 어떻게 말했어?,"가을 3팀 2차 인상주의에 대해 목적은 관찰 순간을 살리는 것이라고, 그리고 핵심 특징은 빛의 순간적인 인상이라고 설명했습니다.",True,,,,,False,False,0.3829787234042553,0.7391304347826086,0.19148936170212766,0.3695652173913043,False,True,4.497875899949577,4.875477999972645,,,,,passage-only,"교수님이 가을 3팀 2차 인상주의에 대해 핵심 특징은 자유 의지에 대한 목적이라고, 대변하는 의미는 관리자에게 핵심 특징이 이해하는 feel은 다양한 영역에 적용된다고, 그리고 핵심 특징은 자유 의지에 대한 목적이라고 설명했습니다.","교수님이 가을 3팀 2차 인상주의의 목적과 핵심 특징을 어떻게 말했어?에 대해 목적은 관찰 순간을 살리는 것이라고, 비교 포인트는 정확한 윤곽보다 색감이 중요하다고, 그리고 핵심 특징은 빛의 순간적인 인상이라고 설명했습니다."
dataset_ko_29_final,entity_simple_hard_test_statistics_00143:final:0,entity_simple_hard_test_statistics_00143,entity_simple_hard_test_statistics_00143,True,same_source_sibling_facts,1,4,23,20,겨울 1팀 2차 회귀분석 설명 중 비유와 활용에 해당하는 내용만 답해줘.,"겨울 1팀 2차 회귀분석에 대해 비유는 흩어진 점 사이에 길을 그어 보는 일이라고, 그리고 활용은 예측 경향을 설명할 때 쓴다고 설명했습니다.",True,,,,,False,False,0.9444444444444444,0.5641025641025641,0.4722222222222222,0.28205128205128205,True,False,3.1969064999721013,3.388070599990897,,,,,question+passage,"겨울 1팀 2차 회귀분석 설명 중 비유는 흩어진 점 사이에 길을 그어 보는 일이라고, 활용은 예측 경향을 설명할 때 쓴다고 설명했습니다.","겨울 1팀 2차 회귀분석 설명에 대해 비유는 난수로 분할하는 방법과 설명과 차이가 있다고, 비유는 추정의 결과라고, 그리고 활용은 예측 경향을 설명한다고 설명했습니다."
dataset_ko_30_final,entity_simple_hard_test_project_00372:final:0,entity_simple_hard_test_project_00372,entity_simple_hard_test_project_00372,True,same_source_sibling_facts,1,4,23,20,가을 4팀 4차 최종 발표 설명에서 공유 위치와 마감만 알려줘.,"가을 4팀 4차 최종 발표에 대해 공유 위치는 팀 노션 페이지라고, 그리고 마감은 다음 주 월요일 밤이라고 설명했습니다.",True,,,,,False,False,0.8648648648648648,0.5714285714285714,0.4324324324324324,0.2857142857142857,True,False,3.2624038999783807,2.960718300018925,,,,,question+passage,"가을 4팀 4차 최종 발표 설명에 대해 공유 위치는 팀 노션 페이지라고, 마감은 다음 주 월요일 밤이라고, 그리고 확인 기준은 근거 제시 여부라고 설명했습니다.","가을 4팀 4차 최종 발표 설명에 대해 공유 위치는 메인 발표 영역을 지정하지 못 했고, 마감은 기준 시간 내에 완료된다고 설명했습니다."
dataset_ko_31_final,entity_simple_hard_test_os_concept_00269:final:0,entity_simple_hard_test_os_concept_00269,entity_simple_hard_test_os_concept_00269,True,same_source_sibling_facts,1,4,23,20,세미나 3팀 3차 스레드에서 주의점과 비유를 함께 정리해줘.,"세미나 3팀 3차 스레드에 대해 주의점은 공유 자원 관리가 필요하다고, 그리고 비유는 같은 식당 안에서 일하는 직원이라고 설명했습니다.",True,,,,,False,False,0.878048780487805,0.6,0.4390243902439025,0.3,True,False,3.6311669999849983,3.5295762000023387,,,,,question+passage,"세미나 3팀 3차 스레드에 대해 비유는 같은 식당 안에서 일하는 직원이라고, 장점은 작업을 가볍게 나눌 수 있다고, 그리고 주의점은 공유 자원 관리가 필요하다고 설명했습니다.","세미나 3팀 3차 스레드에 대해 생각을 정리가 필요하다고, 주의점은 공유 방식이 같지 않다고, 그리고 비유는 동네에 손님이 있는 식당과 관련이 있다고 설명했습니다."
dataset_ko_32_final,entity_simple_hard_test_marketing_00347:final:0,entity_simple_hard_test_marketing_00347,entity_simple_hard_test_marketing_00347,True,same_source_sibling_facts,1,4,23,20,심화 1팀 4차 멘토링 이벤트 설명 중 성과 지표와 핵심 채널에 해당하는 내용만 답해줘.,"심화 1팀 4차 멘토링 이벤트에 대해 성과 지표는 재방문율이라고, 그리고 핵심 채널은 이메일 뉴스레터라고 설명했습니다.",True,,,,,False,False,0.8823529411764706,0.8823529411764706,0.4411764705882353,0.4411764705882353,True,True,3.795671600033529,4.1039762000436895,,,,,tie,"심화 1팀 4차 멘토링 이벤트 설명에 대해 핵심 채널은 이메일 뉴스레터라고, 대상은 멘토링 참여 학생이라고, 그리고 성과 지표는 재방문율이라고 설명했습니다.","심화 1팀 4차 멘토링 이벤트에 대해 성과 지표는 재방문율이라고, 핵심 채널은 이메일 뉴스레터라고, 그리고 핵심 채널의 연결요소는 재방문율이라고 설명했습니다."
dataset_ko_33_final,entity_simple_hard_test_dessert_00336:final:0,entity_simple_hard_test_dessert_00336,entity_simple_hard_test_dessert_00336,True,same_source_sibling_facts,1,4,23,20,정규 D반 4차 초콜렛 설명에서 비유와 색깔만 알려줘.,"정규 D반 4차 초콜렛에 대해 비유는 작은 선물 상자라고, 그리고 색깔은 검정색이라고 설명했습니다.",True,,,,,False,False,0.8666666666666666,0.8000000000000002,0.4333333333333333,0.4000000000000001,True,True,3.0152424999978393,2.829197800019756,,,,,question+passage,"정규 D반 4차 초콜렛 설명에 대해 비유는 작은 선물 상자라고, 색깔은 검정색이라고, 그리고 특징은 입안에서 천천히 녹는다고 설명했습니다.","정규 D반 4차 초콜렛에 대해 비유는 작은 선물 상자라고, 색깔은 모두 하얀색이라고, 그리고 색감은 부분적으로 흰색이라고 설명했습니다."
dataset_ko_34_final,entity_simple_hard_test_os_concept_00319:final:0,entity_simple_hard_test_os_concept_00319,entity_simple_hard_test_os_concept_00319,True,same_source_sibling_facts,1,4,23,20,세미나 B반 4차 큐 설명 중 비유와 주의점에 해당하는 내용만 답해줘.,"세미나 B반 4차 큐에 대해 비유는 번호표를 뽑고 기다리는 줄이라고, 그리고 주의점은 대기 시간이 길어질 수 있다고 설명했습니다.",True,,,,,False,False,0.9696969696969697,0.9189189189189189,0.48484848484848486,0.45945945945945943,True,True,2.8748667999752797,3.632692999963183,,,,,question+passage,"세미나 B반 4차 큐에 대해 비유는 번호표를 뽑고 기다리는 줄이라고, 주의점은 대기 시간이 길어질 수 있다고 설명했습니다.","세미나 B반 4차 큐에 대해 비유는 번호표를 뽑고 기다리는 줄이라고, 주의점은 대기 시간이 길어질 수 있다고, 그리고 역할은 단계적으로 달라진다고 설명했습니다."
dataset_ko_35_final,entity_simple_hard_test_art_history_00234:final:0,entity_simple_hard_test_art_history_00234,entity_simple_hard_test_art_history_00234,True,same_source_sibling_facts,1,4,23,20,교수님이 캡스톤 D반 3차 인상주의의 비유와 비교 포인트를 어떻게 말했어?,"캡스톤 D반 3차 인상주의에 대해 비유는 햇빛이 흔들리는 수면에 비친 모습이라고, 그리고 비교 포인트는 정확한 윤곽보다 색감이 중요하다고 설명했습니다.",True,,,,,False,False,0.7,0.6818181818181819,0.35,0.34090909090909094,True,True,3.669749299995601,4.692007899982855,,,,,tie,"교수님이 설명한 비유는 햇빛이 흔들리는 수면에 비친 모습이라고, 목적은 관찰 순간을 살리는 것이라고, 그리고 비교 포인트는 정확한 윤곽보다 색감이 중요하다고 설명했습니다.","캡스톤 D반 3차 인상주의에 대해 비유는 햇빛이 흔들리는 수면에 비친 모습이라고, 비유의 포인트는 관찰과 비유의 차이라고, 그리고 비교의 특징은 캡스톤 D반 3차 인상주의의 포인트라고 설명했습니다."
dataset_ko_36_final,entity_simple_hard_test_art_history_00186:final:0,entity_simple_hard_test_art_history_00186,entity_simple_hard_test_art_history_00186,True,same_source_sibling_facts,1,4,23,20,교수님이 정규 오전반 2차 인상주의의 비교 포인트와 비유를 어떻게 말했어?,"정규 오전반 2차 인상주의에 대해 비교 포인트는 정확한 윤곽보다 색감이 중요하다고, 그리고 비유는 햇빛이 흔들리는 수면에 비친 모습이라고 설명했습니다.",True,,,,,False,False,0.32,0.35294117647058826,0.16,0.17647058823529413,False,False,1.1294617999810725,6.0238551999791525,,,,,tie,교수님이 비교 포인트의 특징과 비유를 설명했습니다.,"교수님이 정규 오전반 2차 인상주의의 비교 포인트와 비유를 말할 때의 형광등의 특징과 동영상의 비교 포인트는 모두 '빛의 질'이라고, 고정된 이미지의 비유는 '모습의 비하인드 스크립트'라고, 그리고 '빛의 질'이라고 설명한 포인트는 '밝음의 경계'라고 설명했습니다."
dataset_ko_37_final,entity_simple_hard_test_project_00063:final:0,entity_simple_hard_test_project_00063,entity_simple_hard_test_project_00063,True,same_source_sibling_facts,1,4,23,20,겨울 3팀 1차 프론트엔드 점검 설명 중 확인 기준과 담당에 해당하는 내용만 답해줘.,"겨울 3팀 1차 프론트엔드 점검에 대해 확인 기준은 사용자 차단 여부라고, 그리고 담당은 프론트엔드 파트라고 설명했습니다.",True,,,,,False,False,0.8648648648648648,0.6842105263157896,0.4324324324324324,0.3421052631578948,True,True,3.8537555999937467,4.115618599986192,,,,,question+passage,"겨울 3팀 1차 프론트엔드 점검 설명에 대해 확인 기준은 사용자 차단 여부라고, 담당은 프론트엔드 파트라고, 그리고 공유 위치는 프로젝트 슬랙 채널이라고 설명했습니다.","겨울 3팀 1차 프론트엔드 점검에 대해 확인 기준은 확인 위치가 프로젝트 슬랙 채널이라고, 담당은 프론트엔드 파트라고, 그리고 담당 부서는 프론트엔드 파트라고 설명했습니다."
dataset_ko_38_final,entity_simple_hard_test_marketing_00034:final:0,entity_simple_hard_test_marketing_00034,entity_simple_hard_test_marketing_00034,True,same_source_sibling_facts,1,4,23,20,교수님이 캡스톤 D반 1차 스터디 모집의 대상과 보상을 어떻게 말했어?,"캡스톤 D반 1차 스터디 모집에 대해 대상은 스터디 신청자라고, 그리고 보상은 우선 신청권이라고 설명했습니다.",True,,,,,False,False,0.5925925925925927,0.6470588235294117,0.29629629629629634,0.32352941176470584,True,False,2.4941481999703683,3.7311224000295624,,,,,passage-only,"교수님에게 핵심 채널은 학과 홈페이지라고, 대상은 스터디 신청자라고, 그리고 보상은 우선 신청권이라고 설명했습니다.","교수님이 캡스톤 D반 1차 스터디 모집에 대해 대상은 스터디 모집인에게만 제공된다고, 보상은 기본 스터디 지불액이라고, 그리고 성과 지표는 완료율이라고 설명했습니다."
dataset_ko_39_final,entity_simple_hard_test_os_concept_00318:final:0,entity_simple_hard_test_os_concept_00318,entity_simple_hard_test_os_concept_00318,True,same_source_sibling_facts,1,4,23,20,교수님이 실습 B반 4차 캐시의 비유와 주의점을 어떻게 말했어?,"실습 B반 4차 캐시에 대해 비유는 책상 위에 올려둔 책이라고, 그리고 주의점은 오래된 정보가 남을 수 있다고 설명했습니다.",True,,,,,False,False,0.9411764705882353,0.6666666666666667,0.47058823529411764,0.33333333333333337,True,True,2.852041999984067,3.7514650999801233,,,,,question+passage,"교수님이 실습 B반 4차 캐시에 대해 비유는 책상 위에 올려둔 책이라고, 주의점은 오래된 정보가 남을 수 있다고 설명했습니다.","교수님의 실습 B반 4차 캐시에 대해 비유는 책상 위에 올려둔 책이라고, 주의점은 반복 접근을 강화하는다고, 그리고 목적은 데이터를 주의 깊게 멈추는다고 설명했습니다."
dataset_ko_40_final,entity_simple_hard_test_art_history_00280:final:0,entity_simple_hard_test_art_history_00280,entity_simple_hard_test_art_history_00280,True,same_source_sibling_facts,1,4,23,20,봄 오전반 3차 바로크 설명에서 비교 포인트와 비유만 알려줘.,"봄 오전반 3차 바로크에 대해 비교 포인트는 평면적 구도와 구분된다고, 그리고 비유는 무대 조명이 한 장면을 강조하는 방식이라고 설명했습니다.",True,,,,,False,False,0.8717948717948718,0.85,0.4358974358974359,0.425,True,True,3.789118300017435,3.8899645999772474,,,,,tie,"봄 오전반 3차 바로크에 대해 비교 포인트는 평면적 구도와 구분된다고, 비유는 무대 조명이 한 장면을 강조하는 방식이라고, 그리고 목적은 감정을 강하게 전달하는 것이라고 설명했습니다.","봄 오전반 3차 바로크에 대해 비교 포인트는 평면적 구도와 구분된다고, 비유는 무대 조명이 한 장면을 강조하는 방식이라고, 그리고 비유 구조는 문형을 변경한 강조 형태라고 설명했습니다."
dataset_ko_41_final,entity_simple_hard_test_marketing_00250:final:0,entity_simple_hard_test_marketing_00250,entity_simple_hard_test_marketing_00250,True,same_source_sibling_facts,1,4,23,20,교수님이 봄 2팀 3차 스터디 모집의 성과 지표와 핵심 채널을 어떻게 말했어?,"봄 2팀 3차 스터디 모집에 대해 성과 지표는 완료율이라고, 그리고 핵심 채널은 학과 홈페이지라고 설명했습니다.",True,,,,,False,False,0.6666666666666667,0.7222222222222223,0.33333333333333337,0.36111111111111116,True,True,3.646804600022733,3.8261477999622002,,,,,passage-only,"봄 2팀 3차 스터디 모집의 성과 지표를 핵심 채널은 질문권을 지향하는 것이라고, 대상은 스터디 신청자라고, 그리고 성과 지표는 완료율이라고 설명했습니다.","교수님이 봄 2팀 3차 스터디 모집에 대해 성과 지표는 참여율이라고, 핵심 채널은 학과 홈페이지라고, 그리고 핵심 메시지는 학과 정에 대해 성과가 있다고 설명했습니다."
dataset_ko_42_final,entity_simple_hard_test_project_00036:final:0,entity_simple_hard_test_project_00036,entity_simple_hard_test_project_00036,True,same_source_sibling_facts,1,4,23,20,정규 D반 1차 최종 발표 설명에서 마감과 공유 위치만 알려줘.,"정규 D반 1차 최종 발표에 대해 마감은 다음 주 월요일 밤이라고, 그리고 공유 위치는 팀 노션 페이지라고 설명했습니다.",True,,,,,False,False,0.8648648648648648,0.7999999999999999,0.4324324324324324,0.39999999999999997,True,True,3.147906099969987,2.175789300003089,,,,,question+passage,"정규 D반 1차 최종 발표에 대해 공유 위치는 팀 노션 페이지라고, 마감은 다음 주 월요일 밤이라고, 그리고 확인 기준은 근거 제시 여부라고 설명했습니다.","정규 D반 1차 최종 발표 설명에 대해 마감은 마eterial 분실이라고, 공유 위치는 팀 노션 페이지라고 설명했습니다."
dataset_ko_43_final,entity_simple_hard_test_project_00157:final:0,entity_simple_hard_test_project_00157,entity_simple_hard_test_project_00157,True,same_source_sibling_facts,1,4,23,20,심화 2팀 2차 백엔드 배포에서 확인 기준과 담당을 함께 정리해줘.,"심화 2팀 2차 백엔드 배포에 대해 확인 기준은 오류 발생률이라고, 그리고 담당은 백엔드 팀이라고 설명했습니다.",True,,,,,False,False,0.9655172413793104,0.6666666666666667,0.4827586206896552,0.33333333333333337,True,True,2.4471083999960683,4.294629200012423,,,,,question+passage,"심화 2팀 2차 백엔드 배포에 대해 확인 기준은 오류 발생률이라고, 담당은 백엔드 팀이라고 설명했습니다.","심화 2팀 2차 백엔드 배포에 대해 확인 기준은 오류 발생률을 함께 보고할 수 있으며, 담당은 백엔드 팀이라고, 그리고 확인 기준은 오류 발생률을 함께 보고할 수 있으며, 백엔드 팀이라고 설명했습니다."
dataset_ko_44_final,entity_simple_hard_test_os_concept_00317:final:0,entity_simple_hard_test_os_concept_00317,entity_simple_hard_test_os_concept_00317,True,same_source_sibling_facts,1,4,23,20,심화 B반 4차 스레드에서 비유와 주의점을 함께 정리해줘.,"심화 B반 4차 스레드에 대해 비유는 같은 식당 안에서 일하는 직원이라고, 그리고 주의점은 공유 자원 관리가 필요하다고 설명했습니다.",True,,,,,False,False,0.8571428571428571,0.5,0.42857142857142855,0.25,True,False,3.7680946000036784,3.096263399987947,,,,,question+passage,"심화 B반 4차 스레드에 대해 비유는 같은 식당 안에서 일하는 직원이라고, 주의점은 공유 자원 관리가 필요하다고, 그리고 역할은 프로세스 안에서 작업을 나누어 실행한다고 설명했습니다.","심화 B반 4차 스레드에 대해 비유는 멋진 영역이라고, 주의점은 반영이 될 수 있다고, 그리고 개념은 작업을 조정하는 데 사용될 수 있다고 설명했습니다."
dataset_ko_45_final,entity_simple_hard_test_statistics_00119:final:0,entity_simple_hard_test_statistics_00119,entity_simple_hard_test_statistics_00119,True,same_source_sibling_facts,1,4,23,20,세미나 B반 2차 회귀분석 설명 중 의미와 주의점에 해당하는 내용만 답해줘.,"세미나 B반 2차 회귀분석에 대해 의미는 관계의 경향 설명이라고, 그리고 주의점은 모든 원인을 증명하지는 않는다고 설명했습니다.",True,,,,,False,False,0.6486486486486486,0.8205128205128205,0.3243243243243243,0.41025641025641024,True,True,3.6100402000010945,4.042807699996047,,,,,passage-only,"세미나 B반 2차 회귀분석 설명에 대해 주의점은 데이터의 분포를 설명할 때 쓴다고, 활용은 예측 경향을 설명할 때 쓴다고, 그리고 의미는 관계의 경향 설명이라고 설명했습니다.","세미나 B반 2차 회귀분석 설명에 대해 의미는 관계의 경향 설명이라고, 주의점은 모든 원인을 증명하지는 않는다고, 그리고 비유는 흩어진 점 사이에 길을 그어 보는 일이라고 설명했습니다."
dataset_ko_46_final,entity_simple_hard_test_art_history_00139:final:0,entity_simple_hard_test_art_history_00139,entity_simple_hard_test_art_history_00139,True,same_source_sibling_facts,1,4,23,20,세미나 D반 2차 르네상스 설명 중 비유와 비교 포인트에 해당하는 내용만 답해줘.,"세미나 D반 2차 르네상스에 대해 비유는 사람을 화면 중앙에 다시 세우는 방식이라고, 그리고 비교 포인트는 절대왕정 중심 설명과 다르다고 설명했습니다.",True,,,,,False,False,0.5581395348837209,0.8837209302325582,0.27906976744186046,0.4418604651162791,True,True,4.225241400010418,4.1194381000241265,,,,,passage-only,"세미나 D반 2차 르네상스 설명을 이해하는 포인트는 인문주의를 직접 비유하고 설명하는 것과 다르다고, 목적은 사람의 가치를 드러내는 것이라고, 그리고 비교 포인트는 절대왕정 중심 설명과 다르다고 설명했습니다.","세미나 D반 2차 르네상스에 대해 비유는 사람을 화면 중앙에 다시 세우는 방식이라고, 목적은 사람의 가치를 드러내는 것이라고, 그리고 비교 포인트는 절대왕정 중심 설명과 다르다고 설명했습니다."
dataset_ko_47_final,entity_simple_hard_test_project_00277:final:0,entity_simple_hard_test_project_00277,entity_simple_hard_test_project_00277,True,same_source_sibling_facts,1,4,23,20,심화 4팀 3차 백엔드 배포에서 공유 위치와 마감을 함께 정리해줘.,"심화 4팀 3차 백엔드 배포에 대해 공유 위치는 깃허브 이슈 탭이라고, 그리고 마감은 수요일 오후 다섯 시라고 설명했습니다.",True,,,,,False,False,0.9714285714285714,0.7999999999999999,0.4857142857142857,0.39999999999999997,True,True,2.751868699968327,2.965383299975656,,,,,question+passage,"심화 4팀 3차 백엔드 배포에 대해 공유 위치는 깃허브 이슈 탭이라고, 마감은 수요일 오후 다섯 시라고 설명했습니다.","심화 4팀 3차 백엔드 배포에 대해 공유 위치는 커스텀 링크의 향 directory라고, 마감은 수요일 오후 다섯 시라고 설명했습니다."
dataset_ko_48_final,entity_simple_hard_test_project_00252:final:0,entity_simple_hard_test_project_00252,entity_simple_hard_test_project_00252,True,same_source_sibling_facts,1,4,23,20,가을 2팀 3차 최종 발표 설명에서 확인 기준과 담당만 알려줘.,"가을 2팀 3차 최종 발표에 대해 확인 기준은 근거 제시 여부라고, 그리고 담당은 기획 파트라고 설명했습니다.",True,,,,,False,False,0.7222222222222223,0.47826086956521735,0.36111111111111116,0.23913043478260868,True,False,3.1863437000429258,4.186704900057521,,,,,question+passage,"가을 2팀 3차 최종 발표 설명에 대해 확인 기준과 담당은 기획 파트라고, 공유 위치는 팀 노션 페이지라고, 그리고 담당은 기획 파트라고 설명했습니다.","가을 2팀 3차 최종 발표 설명에 대해 확인 기준은 확인 날짜가 있는 것으로 이해했다고, 담당은 기준을 확인 여부를 기준으로 보고했다고, 그리고 문제 접근 방식은 데이터 추출 방법을 확실하게 설명할 부분이라고 설명했습니다."
dataset_ko_49_final,entity_simple_hard_test_project_00350:final:0,entity_simple_hard_test_project_00350,entity_simple_hard_test_project_00350,True,same_source_sibling_facts,1,4,23,20,교수님이 봄 2팀 4차 AI 모델 평가의 확인 기준과 담당을 어떻게 말했어?,"봄 2팀 4차 AI 모델 평가에 대해 확인 기준은 정답률이라고, 그리고 담당은 AI 파트라고 설명했습니다.",True,,,,,False,False,0.8387096774193549,0.8750000000000001,0.41935483870967744,0.43750000000000006,True,True,2.861222900042776,2.927486000000499,,,,,tie,"봄 2팀 4차 AI 모델 평가의 확인 기준은 정답률이라고, 담당은 AI 파트라고, 그리고 마감은 금요일 자정 전이라고 설명했습니다.","봄 2팀 4차 AI 모델 평가에 대해 확인 기준은 정답률이라고, 담당은 AI 파트라고, 그리고 확인 기준은 정답률을 기준이라고 설명했습니다."
dataset_ko_50_final,entity_simple_hard_test_os_concept_00078:final:0,entity_simple_hard_test_os_concept_00078,entity_simple_hard_test_os_concept_00078,True,same_source_sibling_facts,1,4,23,20,교수님이 실습 4팀 1차 캐시의 주의점과 비유를 어떻게 말했어?,"실습 4팀 1차 캐시에 대해 주의점은 오래된 정보가 남을 수 있다고, 그리고 비유는 책상 위에 올려둔 책이라고 설명했습니다.",True,,,,,False,False,0.8292682926829268,0.8292682926829268,0.4146341463414634,0.4146341463414634,True,True,4.169089100032579,4.085816799954046,,,,,tie,"교수님이 실습 4팀 1차 캐시의 주의점에 대해 비유는 책상 위에 올려둔 책이라고, 장점은 반복 접근을 빠르게 만든다고, 그리고 주의점은 오래된 정보가 남을 수 있다고 설명했습니다.","교수님이 실습 4팀 1차 캐시에 대해 주의점은 오래된 정보가 남을 수 있다고, 비유는 책상 위에 올려둔 책이라고, 그리고 역할은 자주 쓰는 책을 가까이 둔다고 설명했습니다."
dataset_ko_51_final,entity_simple_hard_test_project_00397:final:0,entity_simple_hard_test_project_00397,entity_simple_hard_test_project_00397,True,same_source_sibling_facts,1,4,23,20,심화 오후반 4차 백엔드 배포에서 담당과 확인 기준을 함께 정리해줘.,"심화 오후반 4차 백엔드 배포에 대해 담당은 백엔드 팀이라고, 그리고 확인 기준은 오류 발생률이라고 설명했습니다.",True,,,,,False,False,0.7027027027027029,0.7567567567567568,0.3513513513513514,0.3783783783783784,True,True,3.474034800019581,3.3943422999582253,,,,,passage-only,"심화 오후반 4차 백엔드 배포에 대해 확인 기준은 오류 발생률이라고, 공유 위치는 깃허브 이슈 탭이라고, 그리고 담당 범위는 데이터 분리 여부라고 설명했습니다.","심화 오후반 4차 백엔드 배포에 대해 담당은 백엔드 팀이라고, 마감은 수요일 오후 다섯 시라고, 그리고 확인 기준은 오류 종류에 따라 있다고 설명했습니다."
dataset_ko_52_final,entity_simple_hard_test_dessert_00241:final:0,entity_simple_hard_test_dessert_00241,entity_simple_hard_test_dessert_00241,True,same_source_sibling_facts,1,4,23,20,여름 1팀 3차 솜사탕에서 비유와 색깔을 함께 정리해줘.,"여름 1팀 3차 솜사탕에 대해 비유는 구름 같은 간식이라고, 그리고 색깔은 분홍색이라고 설명했습니다.",True,,,,,False,False,0.9600000000000001,0.5599999999999999,0.48000000000000004,0.27999999999999997,True,False,2.198548100015614,2.497407099988777,,,,,question+passage,"여름 1팀 3차 솜사탕에 대해 비유는 구름 같은 간식이라고, 색깔은 분홍색이라고 설명했습니다.","여름 1팀 3차 솜사탕에 대해 비유는 멜odic한 색깔이라고, 정리은 부분은 분할정분주가라고 설명했습니다."
dataset_ko_53_final,entity_simple_hard_test_project_00300:final:0,entity_simple_hard_test_project_00300,entity_simple_hard_test_project_00300,True,same_source_sibling_facts,1,4,23,20,봄 A반 4차 최종 발표 설명에서 담당과 확인 기준만 알려줘.,"봄 A반 4차 최종 발표에 대해 담당은 기획 파트라고, 그리고 확인 기준은 근거 제시 여부라고 설명했습니다.",True,,,,,False,False,0.8823529411764706,0.9655172413793104,0.4411764705882353,0.4827586206896552,True,True,2.8863500999868847,2.2582333000027575,,,,,passage-only,"봄 A반 4차 최종 발표에 대해 확인 기준은 근거 제시 여부라고, 공유 위치는 팀 노션 페이지라고, 그리고 담당은 기획 파트라고 설명했습니다.","봄 A반 4차 최종 발표 설명에 대해 담당은 기획 파트라고, 확인 기준은 근거 제시 여부라고 설명했습니다."
dataset_ko_54_final,entity_simple_hard_test_project_00111:final:0,entity_simple_hard_test_project_00111,entity_simple_hard_test_project_00111,True,same_source_sibling_facts,1,4,23,20,여름 B반 2차 프론트엔드 점검 설명 중 담당과 확인 기준에 해당하는 내용만 답해줘.,"여름 B반 2차 프론트엔드 점검에 대해 담당은 프론트엔드 파트라고, 그리고 확인 기준은 사용자 차단 여부라고 설명했습니다.",True,,,,,False,False,0.8648648648648648,0.888888888888889,0.4324324324324324,0.4444444444444445,True,True,3.7887426000088453,3.697711499989964,,,,,tie,"여름 B반 2차 프론트엔드 점검 설명에 대해 확인 기준은 사용자 차단 여부라고, 공유 위치는 프로젝트 슬랙 채널이라고, 그리고 담당은 프론트엔드 파트라고 설명했습니다.","여름 B반 2차 프론트엔드 점검에 대해 담당은 프론트엔드 파트라고, 마감은 다음 달 첫째 주 화요일이라고, 그리고 확인 기준은 사용자 차단 여부라고 설명했습니다."
dataset_ko_55_final,entity_simple_hard_test_statistics_00046:final:0,entity_simple_hard_test_statistics_00046,entity_simple_hard_test_statistics_00046,True,same_source_sibling_facts,1,4,23,20,교수님이 정규 1팀 1차 상관계수의 비유와 활용을 어떻게 말했어?,"정규 1팀 1차 상관계수에 대해 비유는 두 변수의 움직임을 비교하는 나침반이라고, 그리고 활용은 관계 강도를 빠르게 살필 때 쓴다고 설명했습니다.",True,,,,,False,False,0.8292682926829269,0.782608695652174,0.41463414634146345,0.391304347826087,True,True,4.214935700001661,5.134079700044822,,,,,tie,"교수님이 정규 1팀 1차 상관계수를 의미하는 의미는 선형 관계 강도라고, 비유는 두 변수의 움직임을 비교하는 나침반이라고, 그리고 활용은 관계 강도를 빠르게 살필 때 쓴다고 설명했습니다.","교수님이 정규 1팀 1차 상관계수의 비유와 활용을 어떻게 말했어?에 대해 비유는 두 변수의 움직임을 비교하는 나침반이라고, 주의점은 원인 증명을 뜻하지 않는다고, 그리고 활용은 관계 강도를 빠르게 살필 때 쓴다고 설명했습니다."
dataset_ko_56_final,entity_simple_hard_test_art_history_00040:final:0,entity_simple_hard_test_art_history_00040,entity_simple_hard_test_art_history_00040,True,same_source_sibling_facts,1,4,23,20,봄 1팀 1차 바로크 설명에서 비유와 비교 포인트만 알려줘.,"봄 1팀 1차 바로크에 대해 비유는 무대 조명이 한 장면을 강조하는 방식이라고, 그리고 비교 포인트는 평면적 구도와 구분된다고 설명했습니다.",True,,,,,False,False,0.8717948717948718,0.85,0.4358974358974359,0.425,True,True,3.773565499985125,4.0539496000274085,,,,,tie,"봄 1팀 1차 바로크에 대해 비유는 무대 조명이 한 장면을 강조하는 방식이라고, 목적은 감정을 강하게 전달하는 것이라고, 그리고 비교 포인트는 평면적 구도와 구분된다고 설명했습니다.","봄 1팀 1차 바로크에 대해 비유는 무대 조명이 한 장면을 강조하는 방식이라고, 비유의 특징은 감정을 강하게 전달하는 것이라고, 그리고 비교 포인트는 평면적 구도와 구분된다고 설명했습니다."
dataset_ko_57_final,entity_simple_hard_test_statistics_00023:final:0,entity_simple_hard_test_statistics_00023,entity_simple_hard_test_statistics_00023,True,same_source_sibling_facts,1,4,23,20,겨울 C반 1차 회귀분석 설명 중 의미와 주의점에 해당하는 내용만 답해줘.,"겨울 C반 1차 회귀분석에 대해 의미는 관계의 경향 설명이라고, 그리고 주의점은 모든 원인을 증명하지는 않는다고 설명했습니다.",True,,,,,False,False,0.5581395348837209,0.8205128205128205,0.27906976744186046,0.41025641025641024,True,True,4.693154699984007,3.9168702000170015,,,,,passage-only,"겨울 C반 1차 회귀분석 설명에 대해 주의점은 데이터의 과적용을 설명했습니다. 의미는 관계의 경향 설명이라고, 비유는 흩어진 점 사이에 길을 그어 보는 일이라고, 그리고 활용은 예측 경향을 설명할 때 쓴다고 설명했습니다.","겨울 C반 1차 회귀분석 설명에 대해 의미는 관계의 경향 설명이라고, 주의점은 모든 원인을 증명하지는 않는다고, 그리고 비유는 흩어진 점 사이에 길을 그어 보는 일이라고 설명했습니다."
dataset_ko_58_final,entity_simple_hard_test_statistics_00335:final:0,entity_simple_hard_test_statistics_00335,entity_simple_hard_test_statistics_00335,True,same_source_sibling_facts,1,4,23,20,파일럿 D반 4차 회귀분석 설명 중 비유와 활용에 해당하는 내용만 답해줘.,"파일럿 D반 4차 회귀분석에 대해 비유는 흩어진 점 사이에 길을 그어 보는 일이라고, 그리고 활용은 예측 경향을 설명할 때 쓴다고 설명했습니다.",True,,,,,False,False,0.8837209302325582,0.6666666666666666,0.4418604651162791,0.3333333333333333,True,True,4.115917199989781,4.206416100030765,,,,,question+passage,"파일럿 D반 4차 회귀분석에 대해 비유는 흩어진 점 사이에 길을 그어 보는 일이라고, 주의점은 모든 원인을 증명하지는 않는다고, 그리고 활용은 예측 경향을 설명할 때 쓴다고 설명했습니다.","파일럿 D반 4차 회귀분석 설명에 대해 비유는 흩어진 점 사이에 길을 그어 보는 일이라고, 설명은 점을 가져다 놓는 곳이라고, 그리고 주의점은 다른 과의 차이가 아니라는라고 설명했습니다."
dataset_ko_59_final,entity_simple_hard_test_os_concept_00198:final:0,entity_simple_hard_test_os_concept_00198,entity_simple_hard_test_os_concept_00198,True,same_source_sibling_facts,1,4,23,20,교수님이 실습 오후반 2차 캐시의 역할과 장점을 어떻게 말했어?,"실습 오후반 2차 캐시에 대해 역할은 자주 쓰는 정보를 가까이 둔다고, 그리고 장점은 반복 접근을 빠르게 만든다고 설명했습니다.",True,,,,,False,False,0.619047619047619,0.2,0.3095238095238095,0.1,True,False,4.109368800010998,2.5560884999576956,,,,,question+passage,"교수님이 실습 오후반 2차 캐시에 대해 주의점은 오래된 정보가 남을 수 있다고, 역할은 자주 쓰는 정보를 가까이 둔다고, 그리고 비유는 책상 위에 올려둔 책이라고 설명했습니다.",교수님의 캐시 교수님에게서 `가장 자주 사용하는`과 `최근 사용한`을 합쳐 `주기적인 사용`으로 설명했습니다.
dataset_ko_60_final,entity_simple_hard_test_dessert_00192:final:0,entity_simple_hard_test_dessert_00192,entity_simple_hard_test_dessert_00192,True,same_source_sibling_facts,1,4,23,20,가을 오후반 2차 초콜렛 설명에서 색깔과 비유만 알려줘.,"가을 오후반 2차 초콜렛에 대해 색깔은 검정색이라고, 그리고 비유는 작은 선물 상자라고 설명했습니다.",True,,,,,False,False,0.8666666666666666,0.7857142857142856,0.4333333333333333,0.3928571428571428,True,True,3.1142466999590397,2.7510976000339724,,,,,question+passage,"가을 오후반 2차 초콜렛 설명에 대해 비유는 작은 선물 상자라고, 특징은 입안에서 천천히 녹는다고, 그리고 색깔은 검정색이라고 설명했습니다.","가을 오후반 2차 초콜렛에 대해 색깔은 검정색이라고, 비유는 상자라고, 그리고 특징은 입안에서 천천히 변화한다고 설명했습니다."
dataset_ko_61_final,entity_simple_hard_test_dessert_00074:final:0,entity_simple_hard_test_dessert_00074,entity_simple_hard_test_dessert_00074,True,same_source_sibling_facts,1,4,23,20,교수님이 캡스톤 4팀 1차 마카롱의 특징과 맛을 어떻게 말했어?,"캡스톤 4팀 1차 마카롱에 대해 특징은 겉은 바삭하고 속은 촉촉하다고, 그리고 맛은 부드럽고 진하다고 설명했습니다.",True,,,,,False,False,0.8,0.9375,0.4,0.46875,True,True,4.285534699971322,3.4826218000380322,,,,,passage-only,"교수님이 캡스톤 4팀 1차 마카롱의 특징과 맛을 설명하는 단어는 겉은 바삭하고 속은 촉촉하다고, 색깔은 알록달록하다고, 그리고 맛은 부드럽고 진하다고 설명했습니다.","캡스톤 4팀 1차 마카롱에 대해 특징은 겉은 바삭하고 속은 촉촉하다고, 맛은 부드럽고 진하다고, 그리고 색깔은 알록달록하다고 설명했습니다."
dataset_ko_62_final,entity_simple_hard_test_project_00061:final:0,entity_simple_hard_test_project_00061,entity_simple_hard_test_project_00061,True,same_source_sibling_facts,1,4,23,20,여름 3팀 1차 백엔드 배포에서 확인 기준과 담당을 함께 정리해줘.,"여름 3팀 1차 백엔드 배포에 대해 확인 기준은 오류 발생률이라고, 그리고 담당은 백엔드 팀이라고 설명했습니다.",True,,,,,False,False,0.9655172413793104,0.8125,0.4827586206896552,0.40625,True,True,2.433525100001134,2.7510618999949656,,,,,question+passage,"여름 3팀 1차 백엔드 배포에 대해 확인 기준은 오류 발생률이라고, 담당은 백엔드 팀이라고 설명했습니다.","여름 3팀 1차 백엔드 배포에 대해 확인 기준은 오류 발생률을 함께 보고할 수 있으며, 담당은 백엔드 팀이라고 설명했습니다."
dataset_ko_63_final,entity_simple_hard_test_statistics_00092:final:0,entity_simple_hard_test_statistics_00092,entity_simple_hard_test_statistics_00092,True,same_source_sibling_facts,1,4,23,20,가을 오후반 1차 표본분산 설명에서 활용과 비유만 알려줘.,"가을 오후반 1차 표본분산에 대해 활용은 데이터 변동성을 볼 때 쓴다고, 그리고 비유는 점들이 얼마나 퍼졌는지 보는 자라고 설명했습니다.",True,,,,,False,False,0.8947368421052632,0.7894736842105262,0.4473684210526316,0.3947368421052631,True,True,3.6466965000145137,3.8802286999998614,,,,,question+passage,"가을 오후반 1차 표본분산에 대해 비유는 점들이 얼마나 퍼졌는지 보는 자라고, 주의점은 순위 정렬과 다르다고, 그리고 활용은 데이터 변동성을 볼 때 쓴다고 설명했습니다.","가을 오후반 1차 표본분산 표준화라고比喻는 점들이 얼마나 퍼졌는지 보는 자라고, 의미는 흩어짐 정도를 보는 자라고, 그리고 활용은 데이터 변동성을 볼 때 쓴다고 설명했습니다."
dataset_ko_64_final,entity_simple_hard_test_marketing_00272:final:0,entity_simple_hard_test_marketing_00272,entity_simple_hard_test_marketing_00272,True,same_source_sibling_facts,1,4,23,20,가을 4팀 3차 신입생 캠페인 설명에서 보상과 대상만 알려줘.,"가을 4팀 3차 신입생 캠페인에 대해 보상은 커피 쿠폰이라고, 그리고 대상은 신입생이라고 설명했습니다.",True,,,,,False,False,0.8666666666666666,0.6666666666666667,0.4333333333333333,0.33333333333333337,True,True,3.7026368000078946,1.795398899994325,,,,,question+passage,"가을 4팀 3차 신입생 캠페인에 대해 보상과 대상은 커피 쿠폰이라고, 핵심 채널은 인스타그램이라고, 그리고 대상은 신입생이라고 설명했습니다.",가을 4팀 3차 신입생 캠페인 설명에서 보상과 대상만 알려줍니다.
dataset_ko_65_final,entity_simple_hard_test_art_history_00256:final:0,entity_simple_hard_test_art_history_00256,entity_simple_hard_test_art_history_00256,True,same_source_sibling_facts,1,4,23,20,정규 2팀 3차 바로크 설명에서 목적과 핵심 특징만 알려줘.,"정규 2팀 3차 바로크에 대해 목적은 감정을 강하게 전달하는 것이라고, 그리고 핵심 특징은 극적 명암이라고 설명했습니다.",True,,,,,False,False,0.8421052631578948,0.5789473684210527,0.4210526315789474,0.2894736842105263,True,False,3.619507400027942,3.846774599980563,,,,,question+passage,"정규 2팀 3차 바로크에 대해 핵심 특징은 극적 명암이라고, 비유는 무대 조명이 한 장면을 강조하는 방식이라고, 그리고 목적은 감정을 강하게 전달하는 것이라고 설명했습니다.","정규 2팀 3차 바로크에 대해 목적은 기본 사용 목적이자 핵심 특징이라고, 핵심 특징은 극적 황금빛이라고, 그리고 핵심 특징의 구도는 세 줄 곡과 반전이라고 설명했습니다."
dataset_ko_66_final,entity_simple_hard_test_dessert_00170:final:0,entity_simple_hard_test_dessert_00170,entity_simple_hard_test_dessert_00170,True,same_source_sibling_facts,1,4,23,20,교수님이 봄 4팀 2차 마카롱의 특징과 맛을 어떻게 말했어?,"봄 4팀 2차 마카롱에 대해 특징은 겉은 바삭하고 속은 촉촉하다고, 그리고 맛은 부드럽고 진하다고 설명했습니다.",True,,,,,False,False,0.7878787878787878,0.9333333333333333,0.3939393939393939,0.4666666666666667,True,True,4.143985500035342,3.3868794000009075,,,,,passage-only,"교수님이 봄 4팀 2차 마카롱의 특징과 맛을 설명하는 단어는 겉은 바삭하고 속은 촉촉하다고, 색깔은 알록달록하다고, 그리고 맛은 부드럽고 진하다고 설명했습니다.","봄 4팀 2차 마카롱에 대해 특징은 겉은 바삭하고 속은 촉촉하다고, 맛은 부드럽고 진하다고, 그리고 색깔은 알록달록하다고 설명했습니다."
dataset_ko_67_final,entity_simple_hard_test_project_00230:final:0,entity_simple_hard_test_project_00230,entity_simple_hard_test_project_00230,True,same_source_sibling_facts,1,4,23,20,교수님이 봄 D반 3차 AI 모델 평가의 마감과 공유 위치를 어떻게 말했어?,"봄 D반 3차 AI 모델 평가에 대해 마감은 금요일 자정 전이라고, 그리고 공유 위치는 회의록 폴더라고 설명했습니다.",True,,,,,False,False,0.8823529411764706,0.5882352941176471,0.4411764705882353,0.29411764705882354,True,False,2.9602334999945015,2.777987699955702,,,,,question+passage,"봄 D반 3차 AI 모델 평가의 마감은 금요일 자정 전이라고, 공유 위치는 회의록 폴더라고, 그리고 담당은 AI 파트라고 설명했습니다.","봄 D반 3차 AI 모델 평가 마감과 공유 위치에 대해 마감은 24시간 후로, 공유 위치는 커널에 등록한 상태라고 설명했습니다."
dataset_ko_68_final,entity_simple_hard_test_marketing_00320:final:0,entity_simple_hard_test_marketing_00320,entity_simple_hard_test_marketing_00320,True,same_source_sibling_facts,1,4,23,20,봄 C반 4차 신입생 캠페인 설명에서 대상과 보상만 알려줘.,"봄 C반 4차 신입생 캠페인에 대해 대상은 신입생이라고, 그리고 보상은 커피 쿠폰이라고 설명했습니다.",True,,,,,False,False,0.888888888888889,0.5142857142857143,0.4444444444444445,0.2571428571428572,True,True,3.4108669999986887,4.333745799958706,,,,,question+passage,"봄 C반 4차 신입생 캠페인에 대해 대상은 신입생이라고, 보상은 커피 쿠폰이라고, 그리고 핵심 채널은 인스타그램이라고 설명했습니다.","봄 C반 4차 신입생 캠페인 설명에서 대상과 보상만 알려줬다고 하면 결과가 확실하지 않을 것 같고, 헤일로 링크가 있을 것이라고, 권한이 신입생이라고, 그리고 성과 지표가 전환율이라고 설명했습니다."
dataset_ko_69_final,entity_simple_hard_test_os_concept_00007:final:0,entity_simple_hard_test_os_concept_00007,entity_simple_hard_test_os_concept_00007,True,same_source_sibling_facts,1,4,23,20,심화 A반 1차 큐 설명 중 역할과 장점에 해당하는 내용만 답해줘.,"심화 A반 1차 큐에 대해 역할은 작업을 순서대로 기다리게 한다고, 그리고 장점은 처리 순서를 명확하게 만든다고 설명했습니다.",True,,,,,False,False,0.8717948717948718,0.5294117647058824,0.4358974358974359,0.2647058823529412,True,False,3.700503400003072,3.0460538000334054,,,,,question+passage,"심화 A반 1차 큐에 대해 장점은 처리 순서를 명확하게 만든다고, 역할은 작업을 순서대로 기다리게 한다고, 그리고 비유는 번호표를 뽑고 기다리는 줄이라고 설명했습니다.","심화 A반 1차 큐 설명 중 역할에 대해 목적이 반복을 조절한다고, 장점이 시간을 절약한다고, 그리고 역할이 작업을 조ceptually queueing이라고 설명했습니다."
dataset_ko_70_final,entity_simple_hard_test_project_00037:final:0,entity_simple_hard_test_project_00037,entity_simple_hard_test_project_00037,True,same_source_sibling_facts,1,4,23,20,심화 D반 1차 백엔드 배포에서 마감과 공유 위치를 함께 정리해줘.,"심화 D반 1차 백엔드 배포에 대해 마감은 수요일 오후 다섯 시라고, 그리고 공유 위치는 깃허브 이슈 탭이라고 설명했습니다.",True,,,,,False,False,0.923076923076923,0.65,0.4615384615384615,0.325,True,True,3.469416000007186,3.374212599999737,,,,,question+passage,"심화 D반 1차 백엔드 배포에 대해 공유 위치는 깃허브 이슈 탭이라고, 담당은 백엔드 팀이라고, 그리고 마감은 수요일 오후 다섯 시라고 설명했습니다.","심화 D반 1차 백엔드 배포에 대해 마감은 수요일 오후 다섯 시라고, 함께 정리해주는 곳은 프로젝트 페이지라고, 그리고 확인 기준은 오류 발생률이라고 설명했습니다."
dataset_ko_71_final,entity_simple_hard_test_statistics_00334:final:0,entity_simple_hard_test_statistics_00334,entity_simple_hard_test_statistics_00334,True,same_source_sibling_facts,1,4,23,20,교수님이 캡스톤 D반 4차 상관계수의 비유와 활용을 어떻게 말했어?,"캡스톤 D반 4차 상관계수에 대해 비유는 두 변수의 움직임을 비교하는 나침반이라고, 그리고 활용은 관계 강도를 빠르게 살필 때 쓴다고 설명했습니다.",True,,,,,False,False,0.6842105263157895,0.4736842105263158,0.34210526315789475,0.2368421052631579,True,False,3.9253432000405155,3.4322222999762744,,,,,question+passage,"교수님이 설명한 비유는 두 변수의 움직임을 비교하는 나침반이라고, 주의점은 원인 증명을 뜻하지 않는다고, 그리고 활용은 관계 강도를 빠르게 살필 때 쓴다고 설명했습니다.","교수님이 캡스톤 D반 4차 상관계수의 비유와 활용을 어떻게 말했��라고 설명하고, 활용을 수학적 관계의 강도로 설명하는 방식을 변경하는 과목이라고 설명했습니다."
dataset_ko_72_final,entity_simple_hard_test_statistics_00239:final:0,entity_simple_hard_test_statistics_00239,entity_simple_hard_test_statistics_00239,True,same_source_sibling_facts,1,4,23,20,세미나 D반 3차 회귀분석 설명 중 비유와 활용에 해당하는 내용만 답해줘.,"세미나 D반 3차 회귀분석에 대해 비유는 흩어진 점 사이에 길을 그어 보는 일이라고, 그리고 활용은 예측 경향을 설명할 때 쓴다고 설명했습니다.",True,,,,,False,False,0.5945945945945946,0.42857142857142855,0.2972972972972973,0.21428571428571427,True,False,3.072324300010223,1.7981667999993078,,,,,question+passage,"세미나 D반 3차 회귀분석 설명 중 비유와 활용을 함께 설명했습니다. 비유는 관계의 경향 설명이라고, 활용은 예측 경향을 설명할 때 쓴다고 설명했습니다.",세미나 D반 3차 회귀분석 설명 중 비유와 활용에 해당하는 내용만 설명을 종합합니다.
dataset_ko_73_final,entity_simple_hard_test_marketing_00008:final:0,entity_simple_hard_test_marketing_00008,entity_simple_hard_test_marketing_00008,True,same_source_sibling_facts,1,4,23,20,실습 A반 1차 신입생 캠페인 설명에서 핵심 채널과 성과 지표만 알려줘.,"실습 A반 1차 신입생 캠페인에 대해 핵심 채널은 인스타그램이라고, 그리고 성과 지표는 전환율이라고 설명했습니다.",True,,,,,False,False,0.689655172413793,0.8275862068965518,0.3448275862068965,0.4137931034482759,False,True,3.0457222999539226,3.4942913000122644,,,,,passage-only,"실습 A반 1차 신입생 캠페인 설명에 대해 핵심 채널만 알려고, 성과 지표는 컨택 Zone이 됐을까라는 개념이에요.","실습 A반 1차 신입생 캠페인 설명에서 핵심 채널은 인스타그램이라고, 성과 지표는 전환율이라고, 핵심 채널은 인스타그램이라고 설명했습니다."
dataset_ko_74_final,entity_simple_hard_test_os_concept_00127:final:0,entity_simple_hard_test_os_concept_00127,entity_simple_hard_test_os_concept_00127,True,same_source_sibling_facts,1,4,23,20,심화 C반 2차 큐 설명 중 비유와 주의점에 해당하는 내용만 답해줘.,"심화 C반 2차 큐에 대해 비유는 번호표를 뽑고 기다리는 줄이라고, 그리고 주의점은 대기 시간이 길어질 수 있다고 설명했습니다.",True,,,,,False,False,0.8717948717948718,0.4482758620689655,0.4358974358974359,0.22413793103448276,True,True,3.6771629999857396,6.816496899991762,,,,,question+passage,"심화 C반 2차 큐에 대해 비유는 번호표를 뽑고 기다리는 줄이라고, 장점은 처리 순서를 명확하게 만든다고, 그리고 주의점은 대기 시간이 길어질 수 있다고 설명했습니다.","심화 C반 2차 큐에 대해 비유는 선형 배열의 원소를 꼬리 큐에 추가하라고, 주의점은 대기 시간이 길어질 수 있다고, 그리고 역할은非burnable  배열으로 바꿔주는 등 간은 심화 C반 2차 큐에 대해 비유는 선형 배열의 원소를 꼬리 큐에 추가하라고, 주의점은 대기 시간이 길어질 수 있다고 설명했습니다."
dataset_ko_75_final,entity_simple_hard_test_project_00302:final:0,entity_simple_hard_test_project_00302,entity_simple_hard_test_project_00302,True,same_source_sibling_facts,1,4,23,20,교수님이 가을 A반 4차 AI 모델 평가의 담당과 확인 기준을 어떻게 말했어?,"가을 A반 4차 AI 모델 평가에 대해 담당은 AI 파트라고, 그리고 확인 기준은 정답률이라고 설명했습니다.",True,,,,,False,False,0.7428571428571429,0.625,0.37142857142857144,0.3125,True,True,3.262836600013543,2.6877267999807373,,,,,question+passage,"가을 A반 4차 AI 모델 평가의 담당과 확인 기준은 정답을 설명 기준이라고, 공유 위치는 회의록 폴더라고, 그리고 담당은 AI 파트라고 설명했습니다.","학년별 AI 모델 평가에 대해 담당은 AI 파트라고, 확인 기준은 정답률을 설명하지만, 시간은 확인할 수 없어 한다고 설명했습니다."
dataset_ko_76_final,entity_simple_hard_test_os_concept_00030:final:0,entity_simple_hard_test_os_concept_00030,entity_simple_hard_test_os_concept_00030,True,same_source_sibling_facts,1,4,23,20,교수님이 봄 D반 1차 캐시의 비유와 주의점을 어떻게 말했어?,"봄 D반 1차 캐시에 대해 비유는 책상 위에 올려둔 책이라고, 그리고 주의점은 오래된 정보가 남을 수 있다고 설명했습니다.",True,,,,,False,False,0.967741935483871,0.7027027027027026,0.4838709677419355,0.3513513513513513,True,True,2.5397075000219047,3.8940209000138566,,,,,question+passage,"봄 D반 1차 캐시에 대해 비유는 책상 위에 올려둔 책이라고, 주의점은 오래된 정보가 남을 수 있다고 설명했습니다.","교수님의 D반 1차 캐시에 대해 비유는 책상 위에 올려둔 책이라고, 주의점은 반복적인 정보가 빠르게 업데이트 된다고, 그리고 답변은 긴 시간이 걸리는 곳이라고 설명했습니다."
dataset_ko_77_final,entity_simple_hard_test_marketing_00393:final:0,entity_simple_hard_test_marketing_00393,entity_simple_hard_test_marketing_00393,True,same_source_sibling_facts,1,4,23,20,겨울 오후반 4차 동아리 홍보에서 핵심 채널과 성과 지표를 함께 정리해줘.,"겨울 오후반 4차 동아리 홍보에 대해 핵심 채널은 오픈채팅방이라고, 그리고 성과 지표는 참여율이라고 설명했습니다.",True,,,,,False,False,0.962962962962963,0.8125000000000001,0.4814814814814815,0.40625000000000006,True,True,2.654331600002479,3.206415000022389,,,,,question+passage,"겨울 오후반 4차 동아리 홍보에 대해 핵심 채널은 오픈채팅방이라고, 성과 지표는 참여율이라고 설명했습니다.","겨울 오후반 4차 동아리 홍보에 대해 핵심 채널은 서브 채널이라고, 성과 지표는 참여율이라고, 그리고 대상은 동아리 회원이라고 설명했습니다."
dataset_ko_78_final,entity_simple_hard_test_art_history_00233:final:0,entity_simple_hard_test_art_history_00233,entity_simple_hard_test_art_history_00233,True,same_source_sibling_facts,1,4,23,20,겨울 D반 3차 입체주의에서 비유와 비교 포인트를 함께 정리해줘.,"겨울 D반 3차 입체주의에 대해 비유는 여러 방향에서 본 사물을 한 화면에 놓는 방식이라고, 그리고 비교 포인트는 단일 원근과 다르다고 설명했습니다.",True,,,,,False,False,0.8837209302325582,0.46511627906976744,0.4418604651162791,0.23255813953488372,True,False,3.862468400038779,3.5866545000462793,,,,,question+passage,"겨울 D반 3차 입체주의에 대해 비유는 여러 방향에서 본 사물을 한 화면에 놓는 방식이라고, 목적은 대상을 새롭게 해석하는 것이라고, 그리고 비교 포인트는 단일 원근과 다르다고 설명했습니다.","겨울 D반 3차 입체주의에 대해 비유는 단일 경로로 생각이 되는 주제라고, 비유는 단일 경로로 생각이 되지 않는 주제라고, 그리고 핵심 특징은 여러 시점이라고 설명했습니다."
dataset_ko_79_final,entity_simple_hard_test_os_concept_00076:final:0,entity_simple_hard_test_os_concept_00076,entity_simple_hard_test_os_concept_00076,True,same_source_sibling_facts,1,4,23,20,정규 4팀 1차 프로세스 설명에서 주의점과 비유만 알려줘.,"정규 4팀 1차 프로세스에 대해 주의점은 자원을 너무 많이 쓰면 느려질 수 있다고, 그리고 비유는 독립된 식당이라고 설명했습니다.",True,,,,,False,False,0.8717948717948718,0.9189189189189189,0.4358974358974359,0.45945945945945943,True,True,3.8039748999872245,3.6175185999600217,,,,,tie,"정규 4팀 1차 프로세스 설명에 대해 주의점은 자원을 너무 많이 쓰면 느려질 수 있다고, 비유는 독립된 식당이라고, 그리고 역할은 독립된 실행 공간을 가진다고 설명했습니다.","정규 4팀 1차 프로세스에 대해 주의점은 자원을 너무 많이 쓰면 느려질 수 있다고, 비유는 독립된 식당이라고, 그리고 비유는 독립된 식당이라고 설명했습니다."
dataset_ko_80_final,entity_simple_hard_test_art_history_00328:final:0,entity_simple_hard_test_art_history_00328,entity_simple_hard_test_art_history_00328,True,same_source_sibling_facts,1,4,23,20,실습 C반 4차 바로크 설명에서 비유와 비교 포인트만 알려줘.,"실습 C반 4차 바로크에 대해 비유는 무대 조명이 한 장면을 강조하는 방식이라고, 그리고 비교 포인트는 평면적 구도와 구분된다고 설명했습니다.",True,,,,,False,False,0.6046511627906976,0.7317073170731708,0.3023255813953488,0.3658536585365854,True,True,4.038599800027441,3.870539099967573,,,,,passage-only,"실습 C반 4차 바로크에 대해 비유는 평면적 구도와 구분된다고, 목적은 감정을 강하게 전달하는 것이라고, 그리고 비교 포인트는 평면적 구도에 대해 비유는如何 설명할 때 사용하는 것이라고 설명했습니다.","실습 C반 4차 바로크 설명에 대해 비유는 무대 조명이 한 장면을 강조하는 방식이라고, 비유의 목적은 믿음을 이기는 방식이라고, 그리고 비교의 포인트는 극적 명암이 나타나라고 설명했습니다."
dataset_ko_81_final,entity_simple_hard_test_statistics_00309:final:0,entity_simple_hard_test_statistics_00309,entity_simple_hard_test_statistics_00309,True,same_source_sibling_facts,1,4,23,20,세미나 A반 4차 신뢰구간에서 의미와 주의점을 함께 정리해줘.,"세미나 A반 4차 신뢰구간에 대해 의미는 모수 추정 범위라고, 그리고 주의점은 정답 하나를 보장하지 않는다고 설명했습니다.",True,,,,,False,False,0.7894736842105263,0.8108108108108109,0.39473684210526316,0.40540540540540543,True,True,3.4058895999914967,3.291098600020632,,,,,tie,"세미나 B반 4차 신뢰구간에 대해 주의점은 정답 하나를 보장하지 않는다고, 의미는 모수 추정 범위라고, 그리고 비유는 정답 하나를 보장하지 않는 법이라고 설명했습니다.","세미나 A반 4차 신뢰구간에 대해 의미는 모수 추정 범위라고, 주의점은 정답 한 개를 보장하지 않는다고, 그리고 의미와 주의점 모두 포함되는 region이라고 설명했습니다."
dataset_ko_82_final,entity_simple_hard_test_marketing_00179:final:0,entity_simple_hard_test_marketing_00179,entity_simple_hard_test_marketing_00179,True,same_source_sibling_facts,1,4,23,20,세미나 4팀 2차 멘토링 이벤트 설명 중 보상과 대상에 해당하는 내용만 답해줘.,"세미나 4팀 2차 멘토링 이벤트에 대해 보상은 포인트 500점이라고, 그리고 대상은 멘토링 참여 학생이라고 설명했습니다.",True,,,,,False,False,0.9090909090909091,0.8823529411764706,0.45454545454545453,0.4411764705882353,True,True,3.5740497999941,4.011142199975438,,,,,tie,"세미나 4팀 2차 멘토링 이벤트 설명에 대해 보상은 포인트 500점이라고, 대상은 멘토링 참여 학생이라고, 그리고 성과 지표는 재방문율이라고 설명했습니다.","세미나 4팀 2차 멘토링 이벤트에 대해 보상은 포인트 500점이라고, 핵심 채널은 이메일 뉴스레터라고, 그리고 대상은 멘토링 참여 학생이라고 설명했습니다."
dataset_ko_83_final,entity_simple_hard_test_statistics_00068:final:0,entity_simple_hard_test_statistics_00068,entity_simple_hard_test_statistics_00068,True,same_source_sibling_facts,1,4,23,20,실습 3팀 1차 표본분산 설명에서 주의점과 의미만 알려줘.,"실습 3팀 1차 표본분산에 대해 주의점은 순위 정렬과 다르다고, 그리고 의미는 흩어짐 측정이라고 설명했습니다.",True,,,,,False,False,0.8235294117647058,0.8235294117647058,0.4117647058823529,0.4117647058823529,True,True,3.616581399983261,3.6784626999869943,,,,,tie,"실습 3팀 1차 표본분산에 대해 주의점은 순위 정렬과 다르다고, 의미는 흩어짐 측정이라고, 그리고 비유는 점들이 얼마나 퍼졌는지 보는 자라고 설명했습니다.","실습 3팀 1차 표본분산 설명에 대해 주의점은 순위 정렬과 다르다고, 의미는 흩어짐 측정이라고, 그리고 비유는 점들이 얼마나 퍼졌는지 보는 자라고 설명했습니다."
dataset_ko_84_final,entity_simple_hard_test_project_00279:final:0,entity_simple_hard_test_project_00279,entity_simple_hard_test_project_00279,True,same_source_sibling_facts,1,4,23,20,세미나 4팀 3차 프론트엔드 점검 설명 중 공유 위치와 마감에 해당하는 내용만 답해줘.,"세미나 4팀 3차 프론트엔드 점검에 대해 공유 위치는 프로젝트 슬랙 채널이라고, 그리고 마감은 다음 달 첫째 주 화요일이라고 설명했습니다.",True,,,,,False,False,0.9696969696969697,0.9189189189189189,0.48484848484848486,0.45945945945945943,True,True,3.283776799973566,3.968775100016501,,,,,question+passage,"세미나 4팀 3차 프론트엔드 점검 설명에 대해 공유 위치는 프로젝트 슬랙 채널이라고, 마감은 다음 달 첫째 주 화요일이라고 설명했습니다.","세미나 4팀 3차 프론트엔드 점검에 대해 공유 위치는 프로젝트 슬랙 채널이라고, 마감은 다음 달 첫째 주 화요일이라고, 그리고 책임은 프론트엔드 파트라고 설명했습니다."
dataset_ko_85_final,entity_simple_hard_test_dessert_00243:final:0,entity_simple_hard_test_dessert_00243,entity_simple_hard_test_dessert_00243,True,same_source_sibling_facts,1,4,23,20,겨울 1팀 3차 브라우니 설명 중 비유와 색깔에 해당하는 내용만 답해줘.,"겨울 1팀 3차 브라우니에 대해 비유는 초콜렛을 압축한 케이크라고, 그리고 색깔은 진한 갈색이라고 설명했습니다.",True,,,,,False,False,0.8750000000000001,0.9032258064516129,0.43750000000000006,0.45161290322580644,True,True,3.7963972999714315,3.6812494000187144,,,,,tie,"겨울 1팀 3차 브라우니에 대해 비유는 초콜렛을 압축한 케이크라고, 색깔은 진한 갈색이라고, 그리고 특징은 속이 촉촉하게 남는다고 설명했습니다.","겨울 1팀 3차 브라우니에 대해 비유는 초콜렛을 압축한 케이크라고, 색깔은 진한 갈색이라고, 그리고 맛은 묵직하게 달콤하다고 설명했습니다."
dataset_ko_86_final,entity_simple_hard_test_os_concept_00126:final:0,entity_simple_hard_test_os_concept_00126,entity_simple_hard_test_os_concept_00126,True,same_source_sibling_facts,1,4,23,20,교수님이 정규 C반 2차 캐시의 비유와 주의점을 어떻게 말했어?,"정규 C반 2차 캐시에 대해 비유는 책상 위에 올려둔 책이라고, 그리고 주의점은 오래된 정보가 남을 수 있다고 설명했습니다.",True,,,,,False,False,0.9411764705882353,0.7,0.47058823529411764,0.35,True,True,2.835239800042473,3.6796311999787576,,,,,question+passage,"교수님이 정규 C반 2차 캐시에 대해 비유는 책상 위에 올려둔 책이라고, 주의점은 오래된 정보가 남을 수 있다고 설명했습니다.","Professor Lee의 C반 2차 캐시에 대해 비유는 책상 위에 올려둔 책이라고, 주의점은 반복된 접근을 나타내는 줄에 해당한다고, 그리고 학습자 기록이 남을 수 있다고 설명했습니다."
dataset_ko_87_final,entity_simple_hard_test_dessert_00122:final:0,entity_simple_hard_test_dessert_00122,entity_simple_hard_test_dessert_00122,True,same_source_sibling_facts,1,4,23,20,교수님이 가을 C반 2차 마카롱의 맛과 특징을 어떻게 말했어?,"가을 C반 2차 마카롱에 대해 맛은 부드럽고 진하다고, 그리고 특징은 겉은 바삭하고 속은 촉촉하다고 설명했습니다.",True,,,,,False,False,0.4827586206896552,0.48,0.2413793103448276,0.24,True,False,2.6298885000287555,1.9515317999757826,,,,,tie,"교수님은 마카롱에 대해 색깔은 알록달록하다고, 맛은 부드럽고 진하다고, 그리고 비유는 작은 보석 상자라고 설명했습니다.",교수님이 가을 C반 2차 마카롱의 맛과 특징으로 부드럽고 맛있게 말했다.
dataset_ko_88_final,entity_simple_hard_test_marketing_00011:final:0,entity_simple_hard_test_marketing_00011,entity_simple_hard_test_marketing_00011,True,same_source_sibling_facts,1,4,23,20,여름 B반 1차 멘토링 이벤트 설명 중 핵심 채널과 성과 지표에 해당하는 내용만 답해줘.,"여름 B반 1차 멘토링 이벤트에 대해 핵심 채널은 이메일 뉴스레터라고, 그리고 성과 지표는 재방문율이라고 설명했습니다.",True,,,,,False,False,0.9655172413793104,0.9090909090909091,0.4827586206896552,0.45454545454545453,True,True,2.9829687000019476,3.763807299954351,,,,,question+passage,"여름 B반 1차 멘토링 이벤트 설명에 대해 핵심 채널은 이메일 뉴스레터라고, 성과 지표는 재방문율이라고 설명했습니다.","여름 B반 1차 멘토링 이벤트에 대해 핵심 채널은 이메일 뉴스레터라고, 성과 지표는 재방문율이라고, 그리고 보상은 포인트 500점이라고 설명했습니다."
dataset_ko_89_final,entity_simple_hard_test_project_00228:final:0,entity_simple_hard_test_project_00228,entity_simple_hard_test_project_00228,True,same_source_sibling_facts,1,4,23,20,실습 C반 3차 최종 발표 설명에서 마감과 공유 위치만 알려줘.,"실습 C반 3차 최종 발표에 대해 마감은 다음 주 월요일 밤이라고, 그리고 공유 위치는 팀 노션 페이지라고 설명했습니다.",True,,,,,False,False,0.967741935483871,0.7058823529411765,0.4838709677419355,0.35294117647058826,True,True,2.34466209996026,2.847219099989161,,,,,question+passage,"실습 C반 3차 최종 발표에 대해 공유 위치는 팀 노션 페이지라고, 마감은 다음 주 월요일 밤이라고 설명했습니다.","실습 C반 3차 최종 발표 설명에 대해 마감은 마진 체크 후에 오ron에게 옮겨진 곳이라고, 공유 위치는 팀 노션 페이지라고 설명했습니다."
dataset_ko_90_final,entity_simple_hard_test_dessert_00120:final:0,entity_simple_hard_test_dessert_00120,entity_simple_hard_test_dessert_00120,True,same_source_sibling_facts,1,4,23,20,봄 C반 2차 초콜렛 설명에서 맛과 특징만 알려줘.,"봄 C반 2차 초콜렛에 대해 맛은 달콤하다고, 그리고 특징은 입안에서 천천히 녹는다고 설명했습니다.",True,,,,,False,False,0.923076923076923,0.923076923076923,0.4615384615384615,0.4615384615384615,True,True,2.91897619998781,2.9220666000037454,,,,,tie,"봄 C반 2차 초콜렛 설명에 대해 맛은 달콤하다고, 특징은 입안에서 천천히 녹는다고, 그리고 맛은 달콤하다고 설명했습니다.","봄 C반 2차 초콜렛 설명에 대해 맛은 달콤하다고, 특징은 입안에서 천천히 녹는다고, 그리고 색깔은 검정색이라고 설명했습니다."
dataset_ko_91_final,entity_simple_hard_test_marketing_00131:final:0,entity_simple_hard_test_marketing_00131,entity_simple_hard_test_marketing_00131,True,same_source_sibling_facts,1,4,23,20,여름 D반 2차 멘토링 이벤트 설명 중 대상과 보상에 해당하는 내용만 답해줘.,"여름 D반 2차 멘토링 이벤트에 대해 대상은 멘토링 참여 학생이라고, 그리고 보상은 포인트 500점이라고 설명했습니다.",True,,,,,False,False,0.8823529411764706,0.9090909090909091,0.4411764705882353,0.45454545454545453,True,True,3.853340699977707,3.3670590999536216,,,,,tie,"여름 D반 2차 멘토링 이벤트에 대해 대상은 멘토링 참여 학생이라고, 보상은 포인트 500점이라고, 그리고 핵심 채널은 이메일 뉴스레터라고 설명했습니다.","여름 D반 2차 멘토링 이벤트에 대해 대상은 멘토링 참여 학생이라고, 보상은 포인트 500점이라고, 그리고 성과 지표는 재방문율이라고 설명했습니다."
dataset_ko_92_final,entity_simple_hard_test_art_history_00067:final:0,entity_simple_hard_test_art_history_00067,entity_simple_hard_test_art_history_00067,True,same_source_sibling_facts,1,4,23,20,심화 3팀 1차 르네상스 설명 중 목적과 핵심 특징에 해당하는 내용만 답해줘.,"심화 3팀 1차 르네상스에 대해 목적은 사람의 가치를 드러내는 것이라고, 그리고 핵심 특징은 인문주의라고 설명했습니다.",True,,,,,False,False,0.8108108108108109,0.7894736842105263,0.40540540540540543,0.39473684210526316,True,True,3.685594599985052,4.225774799997453,,,,,tie,"심화 3팀 1차 르네상스에 대해 핵심 특징은 인문주의라고, 비유는 사람을 화면 중앙에 다시 세우는 방식이라고, 그리고 목적은 사람의 가치를 드러내는 것이라고 설명했습니다.","심화 3팀 1차 르네상스에 대해 목적은 사람의 가치를 드러내는 것이라고, 핵심 특징은 인문주의라고, 그리고 심화 3팀 1차 르네상스에 대해 핵심 특징은 인문주의라고 설명했습니다."
dataset_ko_93_final,entity_simple_hard_test_project_00207:final:0,entity_simple_hard_test_project_00207,entity_simple_hard_test_project_00207,True,same_source_sibling_facts,1,4,23,20,심화 A반 3차 프론트엔드 점검 설명 중 담당과 확인 기준에 해당하는 내용만 답해줘.,"심화 A반 3차 프론트엔드 점검에 대해 담당은 프론트엔드 파트라고, 그리고 확인 기준은 사용자 차단 여부라고 설명했습니다.",True,,,,,False,False,0.8648648648648648,0.888888888888889,0.4324324324324324,0.4444444444444445,True,True,3.807370099995751,3.671745600004215,,,,,tie,"심화 A반 3차 프론트엔드 점검 설명에 대해 확인 기준은 사용자 차단 여부라고, 공유 위치는 프로젝트 슬랙 채널이라고, 그리고 담당은 프론트엔드 파트라고 설명했습니다.","심화 A반 3차 프론트엔드 점검에 대해 담당은 프론트엔드 파트라고, 마감은 다음 달 첫째 주 화요일이라고, 그리고 확인 기준은 사용자 차단 여부라고 설명했습니다."
dataset_ko_94_final,entity_simple_hard_test_statistics_00260:final:0,entity_simple_hard_test_statistics_00260,entity_simple_hard_test_statistics_00260,True,same_source_sibling_facts,1,4,23,20,봄 3팀 3차 표본분산 설명에서 주의점과 의미만 알려줘.,"봄 3팀 3차 표본분산에 대해 주의점은 순위 정렬과 다르다고, 그리고 의미는 흩어짐 측정이라고 설명했습니다.",True,,,,,False,False,0.8125000000000001,0.8125000000000001,0.40625000000000006,0.40625000000000006,True,True,3.5573232999886386,3.5773665999877267,,,,,tie,"봄 3팀 3차 표본분산에 대해 주의점은 순위 정렬과 다르다고, 의미는 흩어짐 측정이라고, 그리고 비유는 점들이 얼마나 퍼졌는지 보는 자라고 설명했습니다.","봄 3팀 3차 표본분산 설명에 대해 주의점은 순위 정렬과 다르다고, 의미는 흩어짐 측정이라고, 그리고 비유는 점들이 얼마나 퍼졌는지 보는 자라고 설명했습니다."
dataset_ko_95_final,entity_simple_hard_test_project_00301:final:0,entity_simple_hard_test_project_00301,entity_simple_hard_test_project_00301,True,same_source_sibling_facts,1,4,23,20,여름 A반 4차 백엔드 배포에서 담당과 확인 기준을 함께 정리해줘.,"여름 A반 4차 백엔드 배포에 대해 담당은 백엔드 팀이라고, 그리고 확인 기준은 오류 발생률이라고 설명했습니다.",True,,,,,False,False,0.8571428571428571,0.7368421052631579,0.42857142857142855,0.3684210526315789,True,True,3.2944062000024132,4.051115700043738,,,,,question+passage,"여름 A반 4차 백엔드 배포에 대해 확인 기준은 오류 발생률이라고, 공유 위치는 깃허브 이슈 탭이라고, 그리고 담당은 백엔드 팀이라고 설명했습니다.","여름 A반 4차 백엔드 배포에 대해 담당은 백엔드 팀이라고, 마감은 수요일 오후 다섯 시라고, 그리고 확인 기준은 오류 종류가 스토리board 에 오류고시 기준이라고 설명했습니다."
dataset_ko_96_final,entity_simple_hard_test_dessert_00000:final:0,entity_simple_hard_test_dessert_00000,entity_simple_hard_test_dessert_00000,True,same_source_sibling_facts,1,4,23,20,봄 A반 1차 초콜렛 설명에서 색깔과 비유만 알려줘.,"봄 A반 1차 초콜렛에 대해 색깔은 검정색이라고, 그리고 비유는 작은 선물 상자라고 설명했습니다.",True,,,,,False,False,0.9565217391304348,0.8148148148148148,0.4782608695652174,0.4074074074074074,True,True,2.053142399992794,2.7914094000007026,,,,,question+passage,"봄 A반 1차 초콜렛 설명에 대해 비유는 작은 선물 상자라고, 색깔은 검정색이라고 설명했습니다.","봄 A반 1차 초콜렛 설명에 대해 색깔은 검정색이라고, 비유는 선물 상자라고, 그리고 특징은 입안에서 천천히 변화한다고 설명했습니다."
dataset_ko_97_final,entity_simple_hard_test_dessert_00291:final:0,entity_simple_hard_test_dessert_00291,entity_simple_hard_test_dessert_00291,True,same_source_sibling_facts,1,4,23,20,여름 오후반 3차 브라우니 설명 중 색깔과 비유에 해당하는 내용만 답해줘.,"여름 오후반 3차 브라우니에 대해 색깔은 진한 갈색이라고, 그리고 비유는 초콜렛을 압축한 케이크라고 설명했습니다.",True,,,,,False,False,0.8750000000000001,0.9032258064516129,0.43750000000000006,0.45161290322580644,True,True,3.8126471999567,3.709249999956228,,,,,tie,"여름 오후반 3차 브라우니에 대해 색깔은 진한 갈색이라고, 비유는 초콜렛을 압축한 케이크라고, 그리고 특징은 속이 촉촉하게 남는다고 설명했습니다.","여름 오후반 3차 브라우니에 대해 색깔은 진한 갈색이라고, 비유는 초콜렛을 압축한 케이크라고, 그리고 맛은 묵직하게 달콤하다고 설명했습니다."
dataset_ko_98_final,entity_simple_hard_test_dessert_00121:final:0,entity_simple_hard_test_dessert_00121,entity_simple_hard_test_dessert_00121,True,same_source_sibling_facts,1,4,23,20,여름 C반 2차 솜사탕에서 맛과 특징을 함께 정리해줘.,"여름 C반 2차 솜사탕에 대해 맛은 가볍게 달콤하다고, 그리고 특징은 입에 닿으면 빠르게 사라진다고 설명했습니다.",True,,,,,False,False,0.8823529411764706,0.689655172413793,0.4411764705882353,0.3448275862068965,True,True,3.4593950000125915,2.733642300008796,,,,,question+passage,"여름 C반 2차 솜사탕에 대해 맛은 가볍게 달콤하다고, 특징은 입에 닿으면 빠르게 사라진다고, 그리고 비유는 구름 같은 간식이라고 설명했습니다.","여름 C반 2차 솜사탕에 대해 맛은 가볍게 달콤하다고, 맛은 깔끔하다고, 그리고 색깔은 진하다고 설명했습니다."
dataset_ko_99_final,entity_simple_hard_test_os_concept_00175:final:0,entity_simple_hard_test_os_concept_00175,entity_simple_hard_test_os_concept_00175,True,same_source_sibling_facts,1,4,23,20,파일럿 4팀 2차 큐 설명 중 주의점과 비유에 해당하는 내용만 답해줘.,"파일럿 4팀 2차 큐에 대해 주의점은 대기 시간이 길어질 수 있다고, 그리고 비유는 번호표를 뽑고 기다리는 줄이라고 설명했습니다.",True,,,,,False,False,0.8717948717948718,0.24390243902439027,0.4358974358974359,0.12195121951219513,True,False,3.7984663999523036,4.403663200035226,,,,,question+passage,"파일럿 4팀 2차 큐에 대해 비유는 번호표를 뽑고 기다리는 줄이라고, 장점은 처리 순서를 명확하게 만든다고, 그리고 주의점은 대기 시간이 길어질 수 있다고 설명했습니다.",파일럿 4팀 2차 큐에 대해 주의점은memcached에 저장하면 됩니다. 중장기저장 경로는 파일럿 4팀 2차 큐에 추가로 저장합니다. 중장기저장 경로는 파일럿 4팀 2차 큐에 추가로 저장합니다.
dataset_ko_100_final,entity_simple_hard_test_statistics_00356:final:0,entity_simple_hard_test_statistics_00356,entity_simple_hard_test_statistics_00356,True,same_source_sibling_facts,1,4,23,20,정규 2팀 4차 표본분산 설명에서 주의점과 의미만 알려줘.,"정규 2팀 4차 표본분산에 대해 주의점은 순위 정렬과 다르다고, 그리고 의미는 흩어짐 측정이라고 설명했습니다.",True,,,,,False,False,0.8235294117647058,0.8235294117647058,0.4117647058823529,0.4117647058823529,True,True,3.6382211000309326,3.6458455999963917,,,,,tie,"정규 2팀 4차 표본분산에 대해 주의점은 순위 정렬과 다르다고, 의미는 흩어짐 측정이라고, 그리고 비유는 점들이 얼마나 퍼졌는지 보는 자라고 설명했습니다.","정규 2팀 4차 표본분산에 대해 주의점은 순위 정렬과 다르다고, 의미는 흩어짐 측정이라고, 그리고 비유는 점들이 얼마나 퍼졌는지 보는 자라고 설명했습니다."
dataset_ko_101_final,entity_simple_hard_test_statistics_00332:final:0,entity_simple_hard_test_statistics_00332,entity_simple_hard_test_statistics_00332,True,same_source_sibling_facts,1,4,23,20,가을 D반 4차 표본분산 설명에서 비유와 활용만 알려줘.,"가을 D반 4차 표본분산에 대해 비유는 점들이 얼마나 퍼졌는지 보는 자라고, 그리고 활용은 데이터 변동성을 볼 때 쓴다고 설명했습니다.",True,,,,,False,False,0.9696969696969697,0.3478260869565218,0.48484848484848486,0.1739130434782609,True,False,2.844356700021308,1.2499424999696203,,,,,question+passage,"가을 D반 4차 표본분산에 대해 비유는 점들이 얼마나 퍼졌는지 보는 자라고, 활용은 데이터 변동성을 볼 때 쓴다고 설명했습니다.",가을 D반 4차 표본분산 표본분산 설명을 요청했습니다.
dataset_ko_102_final,entity_simple_hard_test_marketing_00200:final:0,entity_simple_hard_test_marketing_00200,entity_simple_hard_test_marketing_00200,True,same_source_sibling_facts,1,4,23,20,봄 A반 3차 신입생 캠페인 설명에서 핵심 채널과 성과 지표만 알려줘.,"봄 A반 3차 신입생 캠페인에 대해 핵심 채널은 인스타그램이라고, 그리고 성과 지표는 전환율이라고 설명했습니다.",True,,,,,False,False,0.896551724137931,0.888888888888889,0.4482758620689655,0.4444444444444445,True,True,3.4392393000307493,3.1495873000239953,,,,,tie,"봄 A반 3차 신입생 캠페인 설명에 대해 핵심 채널은 인스타그램이라고, 성과 지표는 전환율이라고, 그리고 보상은 커피 쿠폰이라고 설명했습니다.","봄 A반 3차 신입생 캠페인 설명에서 핵심 채널은 인스타그램이라고, 성과 지표는 전환율이라고, 그리고 대상은 신입생이라고 설명했습니다."
dataset_ko_103_final,entity_simple_hard_test_os_concept_00004:final:0,entity_simple_hard_test_os_concept_00004,entity_simple_hard_test_os_concept_00004,True,same_source_sibling_facts,1,4,23,20,캡스톤 A반 1차 프로세스 설명에서 역할과 장점만 알려줘.,"캡스톤 A반 1차 프로세스에 대해 역할은 독립된 실행 공간을 가진다고, 그리고 장점은 서로 영향을 줄이는 데 도움이 된다고 설명했습니다.",True,,,,,False,False,0.8372093023255813,0.85,0.41860465116279066,0.425,True,True,4.154685799963772,3.771273399994243,,,,,tie,"캡스톤 A반 1차 프로세스 설명에 대해 장점은 서로 영향을 줄이는 데 도움이 된다고, 주의점은 자원을 너무 많이 쓰면 느려질 수 있다고, 그리고 역할은 독립된 실행 공간을 가진다고 설명했습니다.","캡스톤 A반 1차 프로세스에 대해 역할은 독립된 실행 공간을 가진다고, 장점은 서로 영향을 줄이는 데 도움이 된다고, 마지막으로는 모든 과정을 변환할 수 있다고 설명했습니다."
dataset_ko_104_final,entity_simple_hard_test_os_concept_00079:final:0,entity_simple_hard_test_os_concept_00079,entity_simple_hard_test_os_concept_00079,True,same_source_sibling_facts,1,4,23,20,세미나 4팀 1차 큐 설명 중 주의점과 비유에 해당하는 내용만 답해줘.,"세미나 4팀 1차 큐에 대해 주의점은 대기 시간이 길어질 수 있다고, 그리고 비유는 번호표를 뽑고 기다리는 줄이라고 설명했습니다.",True,,,,,False,False,0.8717948717948718,0.4888888888888888,0.4358974358974359,0.2444444444444444,True,True,3.8038369999849238,5.179739799990784,,,,,question+passage,"세미나 4팀 1차 큐에 대해 비유는 번호표를 뽑고 기다리는 줄이라고, 장점은 처리 순서를 명확하게 만든다고, 그리고 주의점은 대기 시간이 길어질 수 있다고 설명했습니다.",세미나 4팀 1차 큐에 대해 주의점은memcached에 저장하면 됩니다. 역할은 중介에 대한 기억을 지우는 만큼 설명과 회고는 비유는 번호표를 뽑고 기다리는 줄에 추가로 시간을 담습니다. 역할은 중介를 이전 값에 반영하는 동영상을 설명했습니다.
dataset_ko_105_final,entity_simple_hard_test_os_concept_00292:final:0,entity_simple_hard_test_os_concept_00292,entity_simple_hard_test_os_concept_00292,True,same_source_sibling_facts,1,4,23,20,가을 오후반 3차 프로세스 설명에서 역할과 장점만 알려줘.,"가을 오후반 3차 프로세스에 대해 역할은 독립된 실행 공간을 가진다고, 그리고 장점은 서로 영향을 줄이는 데 도움이 된다고 설명했습니다.",True,,,,,False,False,0.8372093023255813,0.7804878048780488,0.41860465116279066,0.3902439024390244,True,True,4.150734500028193,3.87907120003365,,,,,question+passage,"가을 오후반 3차 프로세스 설명에 대해 장점은 서로 영향을 줄이는 데 도움이 된다고, 주의점은 자원을 너무 많이 쓰면 느려질 수 있다고, 그리고 역할은 독립된 실행 공간을 가진다고 설명했습니다.","가을 오후반 3차 프로세스에 대해 역할은 독립된 실행 공간을 가진다고, 장점은 서로 영향을 줄이는 데 도움이 된다고, 마지막ly 예는 식당에 친화적인 실행 공간을 말했다."
dataset_ko_106_final,entity_simple_hard_test_dessert_00002:final:0,entity_simple_hard_test_dessert_00002,entity_simple_hard_test_dessert_00002,True,same_source_sibling_facts,1,4,23,20,교수님이 가을 A반 1차 마카롱의 색깔과 비유를 어떻게 말했어?,"가을 A반 1차 마카롱에 대해 색깔은 알록달록하다고, 그리고 비유는 작은 보석 상자라고 설명했습니다.",True,,,,,False,False,0.8125000000000001,0.4999999999999999,0.40625000000000006,0.24999999999999994,True,False,3.3809258999535814,2.0393689000047743,,,,,question+passage,"교수님 가을 A반 1차 마카롱에 대해 비유는 작은 보석 상자라고, 특징은 겉은 바삭하고 속은 촉촉하다고, 그리고 색깔은 알록달록하다고 설명했습니다.",교수님이 가을 A반 1차 마카롱의 색깔을 말할 때 특징을 강조하는 색깔로 설명했습니다.
dataset_ko_107_final,entity_simple_hard_test_dessert_00217:final:0,entity_simple_hard_test_dessert_00217,entity_simple_hard_test_dessert_00217,True,same_source_sibling_facts,1,4,23,20,심화 B반 3차 솜사탕에서 맛과 특징을 함께 정리해줘.,"심화 B반 3차 솜사탕에 대해 맛은 가볍게 달콤하다고, 그리고 특징은 입에 닿으면 빠르게 사라진다고 설명했습니다.",True,,,,,False,False,0.8823529411764706,0.689655172413793,0.4411764705882353,0.3448275862068965,True,True,3.4460680999909528,2.812653800006956,,,,,question+passage,"심화 B반 3차 솜사탕에 대해 맛은 가볍게 달콤하다고, 특징은 입에 닿으면 빠르게 사라진다고, 그리고 비유는 구름 같은 간식이라고 설명했습니다.","심화 B반 3차 솜사탕에 대해 맛은 가볍게 달콤하다고, 맛은 깔끔하다고, 그리고 색깔은 분홍색이라고 설명했습니다."
dataset_ko_108_final,entity_simple_hard_test_marketing_00227:final:0,entity_simple_hard_test_marketing_00227,entity_simple_hard_test_marketing_00227,True,same_source_sibling_facts,1,4,23,20,심화 C반 3차 멘토링 이벤트 설명 중 대상과 보상에 해당하는 내용만 답해줘.,"심화 C반 3차 멘토링 이벤트에 대해 대상은 멘토링 참여 학생이라고, 그리고 보상은 포인트 500점이라고 설명했습니다.",True,,,,,False,False,0.8823529411764706,0.9090909090909091,0.4411764705882353,0.45454545454545453,True,True,3.817268100043293,3.386470199970063,,,,,tie,"심화 C반 3차 멘토링 이벤트에 대해 대상은 멘토링 참여 학생이라고, 보상은 포인트 500점이라고, 그리고 핵심 채널은 이메일 뉴스레터라고 설명했습니다.","심화 C반 3차 멘토링 이벤트에 대해 대상은 멘토링 참여 학생이라고, 보상은 포인트 500점이라고, 그리고 성과 지표는 재방문율이라고 설명했습니다."
dataset_ko_109_final,entity_simple_hard_test_os_concept_00342:final:0,entity_simple_hard_test_os_concept_00342,entity_simple_hard_test_os_concept_00342,True,same_source_sibling_facts,1,4,23,20,교수님이 가을 1팀 4차 캐시의 장점과 역할을 어떻게 말했어?,"가을 1팀 4차 캐시에 대해 장점은 반복 접근을 빠르게 만든다고, 그리고 역할은 자주 쓰는 정보를 가까이 둔다고 설명했습니다.",True,,,,,False,False,0.8372093023255813,0.878048780487805,0.41860465116279066,0.4390243902439025,True,True,4.390075900009833,4.230730600014795,,,,,tie,"professor가 가을 1팀 4차 캐시에 대해 장점은 반복 접근을 빠르게 만든다고, 역할은 자주 쓰는 정보를 가까이 둔다고, 그리고 responsibility은 자주 쓰는 정보를 가까이 둔다고 설명했습니다.","교수님의 가을 1팀 4차 캐시에 대해 장점은 반복 접근을 빠르게 만든다고, 역할은 자주 쓰는 정보를 가까이 둔다고, 그리고 질문은 반복 접근을 빠르게 만든다고 설명했습니다."
dataset_ko_110_final,entity_simple_hard_test_dessert_00385:final:0,entity_simple_hard_test_dessert_00385,entity_simple_hard_test_dessert_00385,True,same_source_sibling_facts,1,4,23,20,파일럿 오전반 4차 솜사탕에서 색깔과 비유를 함께 정리해줘.,"파일럿 오전반 4차 솜사탕에 대해 색깔은 분홍색이라고, 그리고 비유는 구름 같은 간식이라고 설명했습니다.",True,,,,,False,False,0.8387096774193548,0.4848484848484849,0.4193548387096774,0.24242424242424246,True,False,3.399961999966763,3.5845037999679334,,,,,question+passage,"파일럿 오전반 4차 솜사탕에 대해 색깔은 분홍색이라고, 비유는 구름 같은 간식이라고, 그리고 특징은 입에 닿으면 빠르게 사라진다고 설명했습니다.",파일럿 오전반 4차 솜사탕에 대해 색깔에 대한 정보는 광적인 선물이라는 비유를 제공하는 remarkedetails.com에 대해 비유는 입에 닿으면 빠르게 사라진다고 설명했습니다.
dataset_ko_111_final,entity_simple_hard_test_dessert_00289:final:0,entity_simple_hard_test_dessert_00289,entity_simple_hard_test_dessert_00289,True,same_source_sibling_facts,1,4,23,20,세미나 오전반 3차 솜사탕에서 색깔과 비유를 함께 정리해줘.,"세미나 오전반 3차 솜사탕에 대해 색깔은 분홍색이라고, 그리고 비유는 구름 같은 간식이라고 설명했습니다.",True,,,,,False,False,0.9600000000000001,0.5599999999999999,0.48000000000000004,0.27999999999999997,True,False,2.271710000000894,2.260563100047875,,,,,question+passage,"세미나 오전반 3차 솜사탕에 대해 색깔은 분홍색이라고, 비유는 구름 같은 간식이라고 설명했습니다.",세미나 오전반 3차 솜사탕에 대해 색깔에 추가한 비유는 파랑과 노랑적인 상감으로 간다.
dataset_ko_112_final,entity_simple_hard_test_statistics_00142:final:0,entity_simple_hard_test_statistics_00142,entity_simple_hard_test_statistics_00142,True,same_source_sibling_facts,1,4,23,20,교수님이 가을 1팀 2차 상관계수의 비유와 활용을 어떻게 말했어?,"가을 1팀 2차 상관계수에 대해 비유는 두 변수의 움직임을 비교하는 나침반이라고, 그리고 활용은 관계 강도를 빠르게 살필 때 쓴다고 설명했습니다.",True,,,,,False,False,0.8292682926829269,0.8888888888888888,0.41463414634146345,0.4444444444444444,True,True,4.548759899975266,3.6340245000319555,,,,,passage-only,"교수님이 가을 1팀 2차 상관계수의 비유는 두 변수의 움직임을 비교하는 나침반이라고, 주의점은 원인 증명을 뜻하지 않는다고, 그리고 활용은 관계 강도를 빠르게 살필 때 쓴다고 설명했습니다.","교수님의 강의에서 가을 1팀 2차 상관계수의 비유는 두 변수의 움직임을 비교하는 나침반이라고, 활용은 관계 강도를 빠르게 살필 때 쓴다고 설명했습니다."
dataset_ko_113_final,entity_simple_hard_test_dessert_00096:final:0,entity_simple_hard_test_dessert_00096,entity_simple_hard_test_dessert_00096,True,same_source_sibling_facts,1,4,23,20,정규 오후반 1차 초콜렛 설명에서 색깔과 비유만 알려줘.,"정규 오후반 1차 초콜렛에 대해 색깔은 검정색이라고, 그리고 비유는 작은 선물 상자라고 설명했습니다.",True,,,,,False,False,0.8666666666666666,0.7407407407407408,0.4333333333333333,0.3703703703703704,True,True,3.1085327999899164,2.6322130000335164,,,,,question+passage,"정규 오후반 1차 초콜렛 설명에 대해 비유는 작은 선물 상자라고, 특징은 입안에서 천천히 녹는다고, 그리고 색깔은 검정색이라고 설명했습니다.","정규 오후반 1차 초콜렛에 대해 색깔은 검정색이라고, 비유는 제공된 맛이라고, 그리고 성격은 달콤하다고 설명했습니다."
dataset_ko_114_final,entity_simple_hard_test_art_history_00305:final:0,entity_simple_hard_test_art_history_00305,entity_simple_hard_test_art_history_00305,True,same_source_sibling_facts,1,4,23,20,파일럿 A반 4차 입체주의에서 핵심 특징과 목적을 함께 정리해줘.,"파일럿 A반 4차 입체주의에 대해 핵심 특징은 여러 시점이라고, 그리고 목적은 대상을 새롭게 해석하는 것이라고 설명했습니다.",True,,,,,False,False,0.8205128205128205,0.8205128205128205,0.41025641025641024,0.41025641025641024,True,True,3.812383199983742,3.808144699956756,,,,,tie,"파일럿 A반 4차 입체주의에 대해 핵심 특징은 여러 시점이라고, 비유는 여러 방향에서 본 사물을 한 화면에 놓는 방식이라고, 그리고 목적은 대상을 새롭게 해석하는 것이라고 설명했습니다.","파일럿 A반 4차 입체주의에 대해 핵심 특징은 여러 시점이라고, 목적은 대상을 새롭게 해석하는 것이라고, 그리고 비유는 여러 방향에서 본 사물을 한 화면에 놓는 방식이라고 설명했습니다."
dataset_ko_115_final,entity_simple_hard_test_os_concept_00197:final:0,entity_simple_hard_test_os_concept_00197,entity_simple_hard_test_os_concept_00197,True,same_source_sibling_facts,1,4,23,20,심화 오후반 2차 스레드에서 역할과 장점을 함께 정리해줘.,"심화 오후반 2차 스레드에 대해 역할은 프로세스 안에서 작업을 나누어 실행한다고, 그리고 장점은 작업을 가볍게 나눌 수 있다고 설명했습니다.",True,,,,,False,False,0.878048780487805,0.8571428571428571,0.4390243902439025,0.42857142857142855,True,True,3.6582373999990523,3.6925501999794506,,,,,tie,"심화 오후반 2차 스레드에 대해 장점은 작업을 가볍게 나눌 수 있다고, 주의점은 공유 자원 관리가 필요하다고, 그리고 역할은 프로세스 안에서 작업을 나누어 실행한다고 설명했습니다.","심화 오후반 2차 스레드에 대해 역할은 프로세스 안에서 작업을 나누어 실행한다고, 비유는 같은 식당 안에서 일하는 직원이라고, 그리고 장점은 작업을 가볍게 나눌 수 있다고 설명했습니다."
dataset_ko_116_final,entity_simple_hard_test_marketing_00392:final:0,entity_simple_hard_test_marketing_00392,entity_simple_hard_test_marketing_00392,True,same_source_sibling_facts,1,4,23,20,가을 오후반 4차 신입생 캠페인 설명에서 핵심 채널과 성과 지표만 알려줘.,"가을 오후반 4차 신입생 캠페인에 대해 핵심 채널은 인스타그램이라고, 그리고 성과 지표는 전환율이라고 설명했습니다.",True,,,,,False,False,0.7272727272727273,0.8275862068965518,0.36363636363636365,0.4137931034482759,True,True,4.216066399996635,3.5672222999855876,,,,,passage-only,"가을 오후반 4차 신입생 캠페인의 핵심 채널이면 핵심 채널은 SNS 탑채널이라고, 성과 지표는 전환율이라고, 그리고 보상은 커피 쿠폰이라고 설명했습니다.","가을 오후반 4차 신입생 캠페인 설명에서 핵심 채널은 인스타그램이라고, 성과 지표는 전환율이라고, 핵심 채널은 인스타그램이라고 설명했습니다."
dataset_ko_117_final,entity_simple_hard_test_statistics_00263:final:0,entity_simple_hard_test_statistics_00263,entity_simple_hard_test_statistics_00263,True,same_source_sibling_facts,1,4,23,20,겨울 3팀 3차 회귀분석 설명 중 주의점과 의미에 해당하는 내용만 답해줘.,"겨울 3팀 3차 회귀분석에 대해 주의점은 모든 원인을 증명하지는 않는다고, 그리고 의미는 관계의 경향 설명이라고 설명했습니다.",True,,,,,False,False,0.6808510638297872,0.5,0.3404255319148936,0.25,True,False,5.292277199972887,2.7077784999855794,,,,,question+passage,"겨울 3팀 3차 회귀분석에 대해 주의점은 다음과 같이 설명됩니다: 겨울 3팀 3차 회귀분석의 의미는 관계의 경향 설명이라고, 비유는 흩어진 점 사이에 길을 그어 보는 일이라고, 그리고 주의점은 모든 원인을 증명하지는 않는다고 설명했습니다.",겨울 3팀 3차 회귀분석 설명 중 주의점과 의미에 대해 summarizes JSON datatype의 difficulties 설명과相似之处 설명 said были опасность и объяснение смысла были区别
dataset_ko_118_final,entity_simple_hard_test_dessert_00073:final:0,entity_simple_hard_test_dessert_00073,entity_simple_hard_test_dessert_00073,True,same_source_sibling_facts,1,4,23,20,겨울 4팀 1차 솜사탕에서 특징과 맛을 함께 정리해줘.,"겨울 4팀 1차 솜사탕에 대해 특징은 입에 닿으면 빠르게 사라진다고, 그리고 맛은 가볍게 달콤하다고 설명했습니다.",True,,,,,False,False,0.9375,0.9375,0.46875,0.46875,True,True,3.3858866000082344,3.4040070999762975,,,,,tie,"겨울 4팀 1차 솜사탕에 대해 특징은 입에 닿으면 빠르게 사라진다고, 색깔은 분홍색이라고, 그리고 맛은 가볍게 달콤하다고 설명했습니다.","겨울 4팀 1차 솜사탕에 대해 특징은 입에 닿으면 빠르게 사라진다고, 맛은 가볍게 달콤하다고, 그리고 색깔은 분홍색이라고 설명했습니다."
dataset_ko_119_final,entity_simple_hard_test_os_concept_00005:final:0,entity_simple_hard_test_os_concept_00005,entity_simple_hard_test_os_concept_00005,True,same_source_sibling_facts,1,4,23,20,파일럿 A반 1차 스레드에서 역할과 장점을 함께 정리해줘.,"파일럿 A반 1차 스레드에 대해 역할은 프로세스 안에서 작업을 나누어 실행한다고, 그리고 장점은 작업을 가볍게 나눌 수 있다고 설명했습니다.",True,,,,,False,False,0.878048780487805,0.8750000000000001,0.4390243902439025,0.43750000000000006,True,True,3.6994235000456683,3.557691399997566,,,,,tie,"파일럿 A반 1차 스레드에 대해 장점은 작업을 가볍게 나눌 수 있다고, 주의점은 공유 자원 관리가 필요하다고, 그리고 역할은 프로세스 안에서 작업을 나누어 실행한다고 설명했습니다.","파일럿 A반 1차 스레드에 대해 역할은 프로세스 안에서 작업을 나누어 실행한다고, 장점은 작업을 가볍게联合可以分解为“任务”或“职责”说，并解释了如何使用分割变得重要."
dataset_ko_120_final,entity_simple_hard_test_dessert_00361:final:0,entity_simple_hard_test_dessert_00361,entity_simple_hard_test_dessert_00361,True,same_source_sibling_facts,1,4,23,20,여름 3팀 4차 솜사탕에서 특징과 맛을 함께 정리해줘.,"여름 3팀 4차 솜사탕에 대해 특징은 입에 닿으면 빠르게 사라진다고, 그리고 맛은 가볍게 달콤하다고 설명했습니다.",True,,,,,False,False,0.9375,0.9375,0.46875,0.46875,True,True,3.4025646999944,3.3832966999616474,,,,,tie,"여름 3팀 4차 솜사탕에 대해 특징은 입에 닿으면 빠르게 사라진다고, 색깔은 분홍색이라고, 그리고 맛은 가볍게 달콤하다고 설명했습니다.","여름 3팀 4차 솜사탕에 대해 특징은 입에 닿으면 빠르게 사라진다고, 맛은 가볍게 달콤하다고, 그리고 색깔은 분홍색이라고 설명했습니다."
dataset_ko_121_final,entity_simple_hard_test_os_concept_00029:final:0,entity_simple_hard_test_os_concept_00029,entity_simple_hard_test_os_concept_00029,True,same_source_sibling_facts,1,4,23,20,세미나 C반 1차 스레드에서 비유와 주의점을 함께 정리해줘.,"세미나 C반 1차 스레드에 대해 비유는 같은 식당 안에서 일하는 직원이라고, 그리고 주의점은 공유 자원 관리가 필요하다고 설명했습니다.",True,,,,,False,False,0.8571428571428571,0.42857142857142855,0.42857142857142855,0.21428571428571427,True,False,3.788973599963356,3.557811699982267,,,,,question+passage,"세미나 C반 1차 스레드에 대해 비유는 같은 식당 안에서 일하는 직원이라고, 주의점은 공유 자원 관리가 필요하다고, 그리고 역할은 프로세스 안에서 작업을 나누어 실행한다고 설명했습니다.","세미나 C반 1차 스레드에 대해 비유는 동일한 방을 상정하고 시작이라고, 주의점은 방에 있는 개념이 점차 확대를 시작한다고, 그리고 역할은 작업을 같이 처리하는 개념이라고 설명했습니다."
dataset_ko_122_final,entity_simple_hard_test_art_history_00042:final:0,entity_simple_hard_test_art_history_00042,entity_simple_hard_test_art_history_00042,True,same_source_sibling_facts,1,4,23,20,교수님이 가을 1팀 1차 인상주의의 비유와 비교 포인트를 어떻게 말했어?,"가을 1팀 1차 인상주의에 대해 비유는 햇빛이 흔들리는 수면에 비친 모습이라고, 그리고 비교 포인트는 정확한 윤곽보다 색감이 중요하다고 설명했습니다.",True,,,,,False,False,0.5641025641025641,0.8837209302325582,0.28205128205128205,0.4418604651162791,True,True,3.4941844000131823,4.079974899999797,,,,,passage-only,"교수님이 설명한 비유는 햇빛이 흔들리는 것과 다르다고, 목적은 관찰 순간을 살리는 것이라고, 그리고 비교 포인트는 정확한 윤곽보다 색감이 중요하다고 설명했습니다.","가을 1팀 1차 인상주의에 대해 비유는 햇빛이 흔들리는 수면에 비친 모습이라고, 목적은 관찰 순간을 살리는 것이라고, 그리고 비교 포인트는 정확한 윤곽보다 색감이 중요하다고 설명했습니다."
dataset_ko_123_final,entity_simple_hard_test_statistics_00262:final:0,entity_simple_hard_test_statistics_00262,entity_simple_hard_test_statistics_00262,True,same_source_sibling_facts,1,4,23,20,교수님이 가을 3팀 3차 상관계수의 주의점과 의미를 어떻게 말했어?,"가을 3팀 3차 상관계수에 대해 주의점은 원인 증명을 뜻하지 않는다고, 그리고 의미는 선형 관계 강도라고 설명했습니다.",True,,,,,False,False,0.8108108108108109,0.5789473684210527,0.40540540540540543,0.2894736842105263,True,True,3.890471900056582,3.6850240000057966,,,,,question+passage,"교수님이 가을 3팀 3차 상관계수의 주의점은 원인 증명을 뜻하지 않는다고, 의미는 선형 관계 강도라고, 그리고 비유는 두 변수의 움직임을 비교하는 나침반이라고 설명했습니다.","교수님의 가을 3팀 3차 상관계수의 주의점과 의미에 대해 주의점은 변의 역할을 강조하는 것이고, 의미는 선형 관계 강도라고, 활용은 교량적인 관계 강도라고 설명했습니다."
dataset_ko_124_final,entity_simple_hard_test_statistics_00116:final:0,entity_simple_hard_test_statistics_00116,entity_simple_hard_test_statistics_00116,True,same_source_sibling_facts,1,4,23,20,정규 B반 2차 표본분산 설명에서 의미와 주의점만 알려줘.,"정규 B반 2차 표본분산에 대해 의미는 흩어짐 측정이라고, 그리고 주의점은 순위 정렬과 다르다고 설명했습니다.",True,,,,,False,False,0.8235294117647058,0.8484848484848484,0.4117647058823529,0.4242424242424242,True,True,3.5695446000318043,3.51525480003329,,,,,tie,"정규 B반 2차 표본분산에 대해 주의점은 순위 정렬과 다르다고, 의미는 흩어짐 측정이라고, 그리고 비유는 점들이 얼마나 퍼졌는지 보는 자라고 설명했습니다.","정규 B반 2차 표본분산 표본분산 설명에 대해 의미는 흩어짐 측정이라고, 주의점은 순위 정렬과 다르다고, 그리고 주의점은 순위 정렬과 다르다고 설명했습니다."
dataset_ko_125_final,entity_simple_hard_test_marketing_00323:final:0,entity_simple_hard_test_marketing_00323,entity_simple_hard_test_marketing_00323,True,same_source_sibling_facts,1,4,23,20,겨울 C반 4차 멘토링 이벤트 설명 중 대상과 보상에 해당하는 내용만 답해줘.,"겨울 C반 4차 멘토링 이벤트에 대해 대상은 멘토링 참여 학생이라고, 그리고 보상은 포인트 500점이라고 설명했습니다.",True,,,,,False,False,0.8823529411764706,0.9090909090909091,0.4411764705882353,0.45454545454545453,True,True,3.8524854999850504,3.3958082999452017,,,,,tie,"겨울 C반 4차 멘토링 이벤트에 대해 대상은 멘토링 참여 학생이라고, 보상은 포인트 500점이라고, 그리고 핵심 채널은 이메일 뉴스레터라고 설명했습니다.","겨울 C반 4차 멘토링 이벤트에 대해 대상은 멘토링 참여 학생이라고, 보상은 포인트 500점이라고, 그리고 성과 지표는 재방문율이라고 설명했습니다."
dataset_ko_126_final,entity_simple_hard_test_art_history_00258:final:0,entity_simple_hard_test_art_history_00258,entity_simple_hard_test_art_history_00258,True,same_source_sibling_facts,1,4,23,20,교수님이 실습 2팀 3차 인상주의의 목적과 핵심 특징을 어떻게 말했어?,"실습 2팀 3차 인상주의에 대해 목적은 관찰 순간을 살리는 것이라고, 그리고 핵심 특징은 빛의 순간적인 인상이라고 설명했습니다.",True,,,,,False,False,0.6511627906976744,0.5384615384615384,0.3255813953488372,0.2692307692307692,True,False,4.287178699974902,1.66630039998563,,,,,question+passage,"교수님이 실습 2팀 3차 인상주의에 대해 핵심 특징은 인상으로 사람들의 상태를 보증하는 것이라고, 비유는 햇빛이 흔들리는 수면에 비친 모습이라고, 그리고 목적은 관찰 순간을 살리는 것이라고 설명했습니다.",교수님이 실습 2팀 3차 인상주의의 목적과 핵심 특이점을 설명했습니다.
dataset_ko_127_final,entity_simple_hard_test_os_concept_00031:final:0,entity_simple_hard_test_os_concept_00031,entity_simple_hard_test_os_concept_00031,True,same_source_sibling_facts,1,4,23,20,여름 D반 1차 큐 설명 중 비유와 주의점에 해당하는 내용만 답해줘.,"여름 D반 1차 큐에 대해 비유는 번호표를 뽑고 기다리는 줄이라고, 그리고 주의점은 대기 시간이 길어질 수 있다고 설명했습니다.",True,,,,,False,False,0.8717948717948718,0.6666666666666667,0.4358974358974359,0.33333333333333337,True,True,3.6820931999827735,3.0500290999771096,,,,,question+passage,"여름 D반 1차 큐에 대해 비유는 번호표를 뽑고 기다리는 줄이라고, 장점은 처리 순서를 명확하게 만든다고, 그리고 주의점은 대기 시간이 길어질 수 있다고 설명했습니다.","여름 D반 1차 큐에 대해 비유는 선을 따는 작업이라고, 주의점은 대기 시간이 길어질 수 있다고, 그리고 결算是 비유를 포함한 명단과 비교했다."
dataset_ko_128_final,entity_simple_hard_test_project_00015:final:0,entity_simple_hard_test_project_00015,entity_simple_hard_test_project_00015,True,same_source_sibling_facts,1,4,23,20,파일럿 B반 1차 프론트엔드 점검 설명 중 담당과 확인 기준에 해당하는 내용만 답해줘.,"파일럿 B반 1차 프론트엔드 점검에 대해 담당은 프론트엔드 파트라고, 그리고 확인 기준은 사용자 차단 여부라고 설명했습니다.",True,,,,,False,False,0.8648648648648648,0.888888888888889,0.4324324324324324,0.4444444444444445,True,True,3.845360499981325,3.7389243000070564,,,,,tie,"파일럿 B반 1차 프론트엔드 점검 설명에 대해 확인 기준은 사용자 차단 여부라고, 공유 위치는 프로젝트 슬랙 채널이라고, 그리고 담당은 프론트엔드 파트라고 설명했습니다.","파일럿 B반 1차 프론트엔드 점검에 대해 담당은 프론트엔드 파트라고, 마감은 다음 달 첫째 주 화요일이라고, 그리고 확인 기준은 사용자 차단 여부라고 설명했습니다."
dataset_ko_129_final,entity_simple_hard_test_dessert_00147:final:0,entity_simple_hard_test_dessert_00147,entity_simple_hard_test_dessert_00147,True,same_source_sibling_facts,1,4,23,20,심화 1팀 2차 브라우니 설명 중 비유와 색깔에 해당하는 내용만 답해줘.,"심화 1팀 2차 브라우니에 대해 비유는 초콜렛을 압축한 케이크라고, 그리고 색깔은 진한 갈색이라고 설명했습니다.",True,,,,,False,False,0.8750000000000001,0.9032258064516129,0.43750000000000006,0.45161290322580644,True,True,3.8198624000069685,3.6630641000228934,,,,,tie,"심화 1팀 2차 브라우니에 대해 비유는 초콜렛을 압축한 케이크라고, 색깔은 진한 갈색이라고, 그리고 특징은 속이 촉촉하게 남는다고 설명했습니다.","심화 1팀 2차 브라우니에 대해 비유는 초콜렛을 압축한 케이크라고, 색깔은 진한 갈색이라고, 그리고 맛은 묵직하게 달콤하다고 설명했습니다."
dataset_ko_130_final,entity_simple_hard_test_os_concept_00367:final:0,entity_simple_hard_test_os_concept_00367,entity_simple_hard_test_os_concept_00367,True,same_source_sibling_facts,1,4,23,20,심화 3팀 4차 큐 설명 중 주의점과 비유에 해당하는 내용만 답해줘.,"심화 3팀 4차 큐에 대해 주의점은 대기 시간이 길어질 수 있다고, 그리고 비유는 번호표를 뽑고 기다리는 줄이라고 설명했습니다.",True,,,,,False,False,0.8717948717948718,0.7804878048780487,0.4358974358974359,0.39024390243902435,True,True,3.7676823000074364,4.0900790999876335,,,,,question+passage,"심화 3팀 4차 큐에 대해 비유는 번호표를 뽑고 기다리는 줄이라고, 장점은 처리 순서를 명확하게 만든다고, 그리고 주의점은 대기 시간이 길어질 수 있다고 설명했습니다.","심화 3팀 4차 큐에 대해 주의점은 대기 시간이 길어질 수 있다고, 비유는 번호표를 뽑고 기다리는 시간이 길어질 수 있다고, 그리고 역할은 작업을 순서대로 기다리게 한다고 설명했습니다."
dataset_ko_131_final,entity_simple_hard_test_dessert_00003:final:0,entity_simple_hard_test_dessert_00003,entity_simple_hard_test_dessert_00003,True,same_source_sibling_facts,1,4,23,20,겨울 A반 1차 브라우니 설명 중 색깔과 비유에 해당하는 내용만 답해줘.,"겨울 A반 1차 브라우니에 대해 색깔은 진한 갈색이라고, 그리고 비유는 초콜렛을 압축한 케이크라고 설명했습니다.",True,,,,,False,False,0.8750000000000001,0.9032258064516129,0.43750000000000006,0.45161290322580644,True,True,3.660390599980019,3.597806900041178,,,,,tie,"겨울 A반 1차 브라우니에 대해 색깔은 진한 갈색이라고, 비유는 초콜렛을 압축한 케이크라고, 그리고 특징은 속이 촉촉하게 남는다고 설명했습니다.","겨울 A반 1차 브라우니에 대해 색깔은 진한 갈색이라고, 비유는 초콜렛을 압축한 케이크라고, 그리고 맛은 묵직하게 달콤하다고 설명했습니다."
dataset_ko_132_final,entity_simple_hard_test_os_concept_00102:final:0,entity_simple_hard_test_os_concept_00102,entity_simple_hard_test_os_concept_00102,True,same_source_sibling_facts,1,4,23,20,교수님이 가을 A반 2차 캐시의 역할과 장점을 어떻게 말했어?,"가을 A반 2차 캐시에 대해 역할은 자주 쓰는 정보를 가까이 둔다고, 그리고 장점은 반복 접근을 빠르게 만든다고 설명했습니다.",True,,,,,False,False,0.2962962962962963,0.8292682926829269,0.14814814814814814,0.41463414634146345,False,True,1.547425500000827,4.002309900010005,,,,,passage-only,professor A는 가을 A반 2차 캐시를 말하고자 함을 주의했다.,"교수님의 A반 2차 캐시에 대해 역할은 자주 쓰는 정보를 가까이 둔다고, 장점은 반복 접근을 빠르게 만든다고, 그리고 비유는 책상 위에 올려둔 책이라고 설명했습니다."
dataset_ko_133_final,entity_simple_hard_test_project_00349:final:0,entity_simple_hard_test_project_00349,entity_simple_hard_test_project_00349,True,same_source_sibling_facts,1,4,23,20,세미나 1팀 4차 백엔드 배포에서 확인 기준과 담당을 함께 정리해줘.,"세미나 1팀 4차 백엔드 배포에 대해 확인 기준은 오류 발생률이라고, 그리고 담당은 백엔드 팀이라고 설명했습니다.",True,,,,,False,False,0.9655172413793104,0.3793103448275862,0.4827586206896552,0.1896551724137931,True,True,2.5115351999993436,6.553782199975103,,,,,question+passage,"세미나 1팀 4차 백엔드 배포에 대해 확인 기준은 오류 발생률이라고, 담당은 백엔드 팀이라고 설명했습니다.","세미나 1팀 4차 백엔드 배포에 대해 확인 기준은 오류 발생률을 함께 보고서 전달할 예정이라고, 처리 시간은 수요일 오후 다섯 시에 접수 되는 변경을 알리기 전에라고, 그리고 오류가 좌(right, left) 하단 노트북 (right, left) 전체 애플리케이션에 따라 보고서 제공 주의 사항은 확인된 오류라고 설명했습니다."
dataset_ko_134_final,entity_simple_hard_test_dessert_00384:final:0,entity_simple_hard_test_dessert_00384,entity_simple_hard_test_dessert_00384,True,same_source_sibling_facts,1,4,23,20,캡스톤 오전반 4차 초콜렛 설명에서 색깔과 비유만 알려줘.,"캡스톤 오전반 4차 초콜렛에 대해 색깔은 검정색이라고, 그리고 비유는 작은 선물 상자라고 설명했습니다.",True,,,,,False,False,0.9285714285714286,0.8666666666666666,0.4642857142857143,0.4333333333333333,True,True,2.7910519000142813,2.9722117999917828,,,,,question+passage,"캡스톤 오전반 4차 초콜렛 설명에 대해 색깔은 검정색이라고, 비유는 작은 선물 상자라고, 그리고 색깔은 검정색이라고 설명했습니다.","캡스톤 오전반 4차 초콜렛에 대해 색깔은 검정색이라고, 비유는 작은 선물 상자라고, 그리고 특징은 입안에서 천천히 녹는다고 설명했습니다."
dataset_ko_135_final,entity_simple_hard_test_project_00062:final:0,entity_simple_hard_test_project_00062,entity_simple_hard_test_project_00062,True,same_source_sibling_facts,1,4,23,20,교수님이 가을 3팀 1차 AI 모델 평가의 확인 기준과 담당을 어떻게 말했어?,"가을 3팀 1차 AI 모델 평가에 대해 확인 기준은 정답률이라고, 그리고 담당은 AI 파트라고 설명했습니다.",True,,,,,False,False,0.8484848484848485,0.14814814814814814,0.42424242424242425,0.07407407407407407,True,False,2.9015583000145853,7.467837199976202,,,,,question+passage,"가을 3팀 1차 AI 모델 평가의 확인 기준은 정답률이라고, 담당은 AI 파트라고, 그리고 마감은 금요일 자정 전이라고 설명했습니다.","가을 3팀 1차 AI 모델 평가의 확인 기준, 전체 확인 상태를 보고서 형태로 전달하며, 확인 기준을 прав한 답 형태로 정의한 appears to be a problem with a specific instance being returned was reported as incorrect to the source was asked to delete was given as an answer to where was asked was moved to was moved to was provided as an answer to where was asked was moved to said professor should be added to the page was reported as incorrect to the source was asked to delete was moved to was provided as an answer to where was asked was moved to"
dataset_ko_136_final,entity_simple_hard_test_project_00254:final:0,entity_simple_hard_test_project_00254,entity_simple_hard_test_project_00254,True,same_source_sibling_facts,1,4,23,20,교수님이 캡스톤 2팀 3차 AI 모델 평가의 확인 기준과 담당을 어떻게 말했어?,"캡스톤 2팀 3차 AI 모델 평가에 대해 확인 기준은 정답률이라고, 그리고 담당은 AI 파트라고 설명했습니다.",True,,,,,False,False,0.8235294117647058,0.8823529411764706,0.4117647058823529,0.4411764705882353,True,True,3.246174899977632,3.0297862000297755,,,,,passage-only,"교수님 캡스톤 2팀 3차 AI 모델 평가의 확인 기준은 정답률이라고, 담당은 AI 파트라고, 그리고 마감은 금요일 자정 전이라고 설명했습니다.","캡스톤 2팀 3차 AI 모델 평가에 대해 확인 기준은 정답률이라고, 담당은 AI 파트라고, 그리고 확인 기준은 정답률을 기준이라고 설명했습니다."
dataset_ko_137_final,entity_simple_hard_test_os_concept_00149:final:0,entity_simple_hard_test_os_concept_00149,entity_simple_hard_test_os_concept_00149,True,same_source_sibling_facts,1,4,23,20,세미나 1팀 2차 스레드에서 장점과 역할을 함께 정리해줘.,"세미나 1팀 2차 스레드에 대해 장점은 작업을 가볍게 나눌 수 있다고, 그리고 역할은 프로세스 안에서 작업을 나누어 실행한다고 설명했습니다.",True,,,,,False,False,0.7906976744186047,0.7647058823529411,0.39534883720930236,0.38235294117647056,True,True,3.9440727999899536,2.5375956000061706,,,,,tie,"세미나 1팀 2차 스레드에 대해 장점은 작업을 가볍게 나눌 수 있다고, 역할은 프로세스 중에 사용된 자원을 나누어 실행한다고, 그리고 비유는 같은 식당 안에서 일하는 직원이라고 설명했습니다.","세미나 1팀 2차 스레드에 대해 장점은 작업을 가볍게 나눌 수 있다고, 역할은 특정 부분 작업을 가집니다.라고 설명했습니다."
dataset_ko_138_final,entity_simple_hard_test_art_history_00329:final:0,entity_simple_hard_test_art_history_00329,entity_simple_hard_test_art_history_00329,True,same_source_sibling_facts,1,4,23,20,세미나 C반 4차 입체주의에서 비유와 비교 포인트를 함께 정리해줘.,"세미나 C반 4차 입체주의에 대해 비유는 여러 방향에서 본 사물을 한 화면에 놓는 방식이라고, 그리고 비교 포인트는 단일 원근과 다르다고 설명했습니다.",True,,,,,False,False,0.8837209302325582,0.5853658536585366,0.4418604651162791,0.2926829268292683,True,False,3.9132121999864466,3.84834480000427,,,,,question+passage,"세미나 C반 4차 입체주의에 대해 비유는 여러 방향에서 본 사물을 한 화면에 놓는 방식이라고, 목적은 대상을 새롭게 해석하는 것이라고, 그리고 비교 포인트는 단일 원근과 다르다고 설명했습니다.","세미나 C반 4차 입체주의에서 비유는 단일 화면으로 주는 시각을 바 Transformations으로, 비유는 전체적으로 본 것과 비슷하다고, 그리고 비교 포인트는 단일 화면으로 본 것과 다르다고 설명했습니다."
dataset_ko_139_final,entity_simple_hard_test_art_history_00354:final:0,entity_simple_hard_test_art_history_00354,entity_simple_hard_test_art_history_00354,True,same_source_sibling_facts,1,4,23,20,교수님이 캡스톤 2팀 4차 인상주의의 목적과 핵심 특징을 어떻게 말했어?,"캡스톤 2팀 4차 인상주의에 대해 목적은 관찰 순간을 살리는 것이라고, 그리고 핵심 특징은 빛의 순간적인 인상이라고 설명했습니다.",True,,,,,False,False,0.6511627906976744,0.7391304347826086,0.3255813953488372,0.3695652173913043,True,True,4.619689899962395,5.042008800024632,,,,,passage-only,"교수님이 캡스톤 2팀 4차 인상주의에 대해 핵심 특징은 인상의 의미가 보여주는 툧개인 것이라고, 비유는 햇빛이 흔들리는 수면에 비친 모습이라고, 그리고 목적은 관찰 순간을 살리는 것이라고 설명했습니다.","교수님이 캡스톤 2팀 4차 인상주의의 목적과 핵심 특징을 어떻게 말했어?에 대해 목적은 관찰 순간을 살리는 것이라고, 비교 포인트는 정확한 윤곽보다 색감이 중요하다고, 그리고 핵심 특징은 빛의 순간적인 인상이라고 설명했습니다."
dataset_ko_140_final,entity_simple_hard_test_statistics_00094:final:0,entity_simple_hard_test_statistics_00094,entity_simple_hard_test_statistics_00094,True,same_source_sibling_facts,1,4,23,20,교수님이 캡스톤 오후반 1차 상관계수의 활용과 비유를 어떻게 말했어?,"캡스톤 오후반 1차 상관계수에 대해 활용은 관계 강도를 빠르게 살필 때 쓴다고, 그리고 비유는 두 변수의 움직임을 비교하는 나침반이라고 설명했습니다.",True,,,,,False,False,0.6842105263157895,0.41379310344827586,0.34210526315789475,0.20689655172413793,True,False,3.8768962000031024,2.1994855999946594,,,,,question+passage,"교수님이 설명한 비유는 두 변수의 움직임을 비교하는 나침반이라고, 주의점은 원인 증명을 뜻하지 않는다고, 그리고 활용은 관계 강도를 빠르게 살필 때 쓴다고 설명했습니다.",교수님이 캡스톤 오후반 1차 상관계수의 활용과 비유를 설명하시고 차분한 비교를 강조합니다.
dataset_ko_141_final,entity_simple_hard_test_os_concept_00220:final:0,entity_simple_hard_test_os_concept_00220,entity_simple_hard_test_os_concept_00220,True,same_source_sibling_facts,1,4,23,20,봄 C반 3차 프로세스 설명에서 비유와 주의점만 알려줘.,"봄 C반 3차 프로세스에 대해 비유는 독립된 식당이라고, 그리고 주의점은 자원을 너무 많이 쓰면 느려질 수 있다고 설명했습니다.",True,,,,,False,False,0.8648648648648648,0.888888888888889,0.4324324324324324,0.4444444444444445,True,True,3.6867410999839194,3.4276252999552526,,,,,tie,"봄 C반 3차 프로세스 설명에 대해 비유는 독립된 식당이라고, 주의점은 자원을 너무 많이 쓰면 느려질 수 있다고, 그리고 역할은 독립된 실행 공간을 가진다고 설명했습니다.","봄 C반 3차 프로세스에 대해 비유는 독립된 식당이라고, 주의점은 자원을 너무 많이 쓰면 느려질 수 있다고, 그리고 역할은 독립된 실행 공간이라고 설명했습니다."
dataset_ko_142_final,entity_simple_hard_test_art_history_00330:final:0,entity_simple_hard_test_art_history_00330,entity_simple_hard_test_art_history_00330,True,same_source_sibling_facts,1,4,23,20,교수님이 봄 D반 4차 인상주의의 비유와 비교 포인트를 어떻게 말했어?,"봄 D반 4차 인상주의에 대해 비유는 햇빛이 흔들리는 수면에 비친 모습이라고, 그리고 비교 포인트는 정확한 윤곽보다 색감이 중요하다고 설명했습니다.",True,,,,,False,False,0.8571428571428571,0.4736842105263158,0.42857142857142855,0.2368421052631579,True,False,4.339775700005703,3.567739799967967,,,,,question+passage,"교수님이 봄 D반 4차 인상주의에 대해 비유는 햇빛이 흔들리는 수면에 비친 모습이라고, 목적은 관찰 순간을 살리는 것이라고, 그리고 비교 포인트는 정확한 윤곽보다 색감이 중요하다고 설명했습니다.","봄 D반 4차 인상주의에 대해 비유는 눈이 흔들리는 빛이라고, 비유의 포인트는 관찰과 비교라고, 그리고 목적은 관찰된 사람의 면면을 이해하는 것이라고 설명했습니다."
dataset_ko_143_final,entity_simple_hard_test_art_history_00090:final:0,entity_simple_hard_test_art_history_00090,entity_simple_hard_test_art_history_00090,True,same_source_sibling_facts,1,4,23,20,교수님이 봄 오후반 1차 인상주의의 비교 포인트와 비유를 어떻게 말했어?,"봄 오후반 1차 인상주의에 대해 비교 포인트는 정확한 윤곽보다 색감이 중요하다고, 그리고 비유는 햇빛이 흔들리는 수면에 비친 모습이라고 설명했습니다.",True,,,,,False,False,0.878048780487805,0.35294117647058826,0.4390243902439025,0.17647058823529413,True,False,4.025896900042426,3.0723577000317164,,,,,question+passage,"봄 오후반 1차 인상주의에 대해 비유는 햇빛이 흔들리는 수면에 비친 모습이라고, 목적은 관찰 순간을 살리는 것이라고, 그리고 비교 포인트는 정확한 윤곽보다 색감이 중요하다고 설명했습니다.",교수님이 봉황의 인상주의의 비교 포인트와 비유를 말할 때의 형광등의 특징과 햇빛의 인상주의의 비교 포인트와 비유를 설명했습니다.
dataset_ko_144_final,entity_simple_hard_test_marketing_00035:final:0,entity_simple_hard_test_marketing_00035,entity_simple_hard_test_marketing_00035,True,same_source_sibling_facts,1,4,23,20,파일럿 D반 1차 멘토링 이벤트 설명 중 대상과 보상에 해당하는 내용만 답해줘.,"파일럿 D반 1차 멘토링 이벤트에 대해 대상은 멘토링 참여 학생이라고, 그리고 보상은 포인트 500점이라고 설명했습니다.",True,,,,,False,False,0.8823529411764706,0.9090909090909091,0.4411764705882353,0.45454545454545453,True,True,3.911321500025224,3.4498193999752402,,,,,tie,"파일럿 D반 1차 멘토링 이벤트에 대해 대상은 멘토링 참여 학생이라고, 보상은 포인트 500점이라고, 그리고 핵심 채널은 이메일 뉴스레터라고 설명했습니다.","파일럿 D반 1차 멘토링 이벤트에 대해 대상은 멘토링 참여 학생이라고, 보상은 포인트 500점이라고, 그리고 성과 지표는 재방문율이라고 설명했습니다."
dataset_ko_145_final,entity_simple_hard_test_os_concept_00150:final:0,entity_simple_hard_test_os_concept_00150,entity_simple_hard_test_os_concept_00150,True,same_source_sibling_facts,1,4,23,20,교수님이 봄 2팀 2차 캐시의 장점과 역할을 어떻게 말했어?,"봄 2팀 2차 캐시에 대해 장점은 반복 접근을 빠르게 만든다고, 그리고 역할은 자주 쓰는 정보를 가까이 둔다고 설명했습니다.",True,,,,,False,False,0.85,0.85,0.425,0.425,True,True,4.205276400025468,4.29681560001336,,,,,tie,"professors가 봄 2팀 2차 캐시에 대해 장점은 반복 접근을 빠르게 만든다고, 역할은 자주 쓰는 정보를 가까이 둔다고, 그리고 비유는 책상 위에 올려둔 책이라고 설명했습니다.","교수님의 봄 2팀 2차 캐시에 대해 장점은 반복 접근을 빠르게 만든다고, 역할은 자주 쓰는 정보를 가까이 둔다고, 그리고 비유는 책상 위에 올려둔 책이라고 설명했습니다."
dataset_ko_146_final,entity_simple_hard_test_os_concept_00151:final:0,entity_simple_hard_test_os_concept_00151,entity_simple_hard_test_os_concept_00151,True,same_source_sibling_facts,1,4,23,20,여름 2팀 2차 큐 설명 중 장점과 역할에 해당하는 내용만 답해줘.,"여름 2팀 2차 큐에 대해 장점은 처리 순서를 명확하게 만든다고, 그리고 역할은 작업을 순서대로 기다리게 한다고 설명했습니다.",True,,,,,False,False,0.8717948717948718,0.8717948717948718,0.4358974358974359,0.4358974358974359,True,True,3.610957099997904,3.57111109996913,,,,,tie,"여름 2팀 2차 큐에 대해 장점은 처리 순서를 명확하게 만든다고, 역할은 작업을 순서대로 기다리게 한다고, 그리고 주의점은 대기 시간이 길어질 수 있다고 설명했습니다.","여름 2팀 2차 큐에 대해 장점은 처리 순서를 명확하게 만든다고, 역할은 작업을 순서대로 기다리게 한다고, 그리고 주의점은 대기 시간이 길어질 수 있다고 설명했습니다."
dataset_ko_147_final,entity_simple_hard_test_project_00060:final:0,entity_simple_hard_test_project_00060,entity_simple_hard_test_project_00060,True,same_source_sibling_facts,1,4,23,20,봄 3팀 1차 최종 발표 설명에서 확인 기준과 담당만 알려줘.,"봄 3팀 1차 최종 발표에 대해 확인 기준은 근거 제시 여부라고, 그리고 담당은 기획 파트라고 설명했습니다.",True,,,,,False,False,0.7058823529411765,0.5,0.35294117647058826,0.25,True,False,3.0981751999934204,3.864979400008451,,,,,question+passage,"봄 3팀 1차 최종 발표 설명에 대해 확인 기준과 담당은 기획 파트라고, 공유 위치는 팀 노션 페이지라고, 그리고 담당은 기획 파트라고 설명했습니다.","봄 3팀 1차 최종 발표 설명에 대해 확인 기준은 확인 파일의 상태가 담당 팀에서 거부했다는 문구를 발견했다고, 설명은 문제의 중심이 기조manaing提出的理由은 근거 제시했다고 설명했다고,"
dataset_ko_148_final,entity_simple_hard_test_statistics_00117:final:0,entity_simple_hard_test_statistics_00117,entity_simple_hard_test_statistics_00117,True,same_source_sibling_facts,1,4,23,20,심화 B반 2차 신뢰구간에서 의미와 주의점을 함께 정리해줘.,"심화 B반 2차 신뢰구간에 대해 의미는 모수 추정 범위라고, 그리고 주의점은 정답 하나를 보장하지 않는다고 설명했습니다.",True,,,,,False,False,0.5614035087719299,0.8108108108108109,0.28070175438596495,0.40540540540540543,True,True,7.257375499990303,3.540254299994558,,,,,passage-only,"심화 B반 2차 신뢰구간에 대해 주의점은 정답 하나를 보장하지 않는다고, 의미는 모수 추정 범위라고, 그리고 비유는 정답이 10, 20, 30, 40, 50 뒤를 돌아going은 추정의 불확실성을 설명할 때 쓴다고, 그리고 주의점은 정답 하나를 보장하지 않는다고, 그리고 의미는 샘플로부터 추정을 세우는 범위라고 설명했습니다.","심화 B반 2차 신뢰구간에 대해 의미는 모수 추정 범위라고, 주의점은 정답 한 개를 보장하지 않는다고, 그리고 활용은 추정의 불확실성을 설명할 때 쓴다고 설명했습니다."
dataset_ko_149_final,entity_simple_hard_test_dessert_00360:final:0,entity_simple_hard_test_dessert_00360,entity_simple_hard_test_dessert_00360,True,same_source_sibling_facts,1,4,23,20,봄 3팀 4차 초콜렛 설명에서 특징과 맛만 알려줘.,"봄 3팀 4차 초콜렛에 대해 특징은 입안에서 천천히 녹는다고, 그리고 맛은 달콤하다고 설명했습니다.",True,,,,,False,False,0.8571428571428571,0.923076923076923,0.42857142857142855,0.4615384615384615,True,True,3.0372019999776967,2.940357399987988,,,,,passage-only,"봄 3팀 4차 초콜렛 설명에 대해 특징은 입안에서 천천히 녹는다고, 맛은 달콤하다고, 그리고 비유는 작은 선물 상자라고 설명했습니다.","봄 3팀 4차 초콜렛에 대해 특징은 입안에서 천천히 녹는다고, 맛은 달콤하다고, 그리고 색깔은 검정색이라고 설명했습니다."
dataset_ko_150_final,entity_simple_hard_test_os_concept_00391:final:0,entity_simple_hard_test_os_concept_00391,entity_simple_hard_test_os_concept_00391,True,same_source_sibling_facts,1,4,23,20,여름 오후반 4차 큐 설명 중 역할과 장점에 해당하는 내용만 답해줘.,"여름 오후반 4차 큐에 대해 역할은 작업을 순서대로 기다리게 한다고, 그리고 장점은 처리 순서를 명확하게 만든다고 설명했습니다.",True,,,,,False,False,0.8717948717948718,0.8205128205128205,0.4358974358974359,0.41025641025641024,True,True,3.626070600003004,3.5703028000425547,,,,,question+passage,"여름 오후반 4차 큐에 대해 장점은 처리 순서를 명확하게 만든다고, 역할은 작업을 순서대로 기다리게 한다고, 그리고 주의점은 대기 시간이 길어질 수 있다고 설명했습니다.","여름 오후반 4차 큐에 대해 역할은 작업을 순서대로 기다리게 한다고, 장점은 처리 순서를 명확하게 만든다고, 그리고 역할은 작업을 순서대로 기다리게 한다고 설명입니다."
dataset_ko_151_final,entity_simple_hard_test_art_history_00160:final:0,entity_simple_hard_test_art_history_00160,entity_simple_hard_test_art_history_00160,True,same_source_sibling_facts,1,4,23,20,봄 3팀 2차 바로크 설명에서 목적과 핵심 특징만 알려줘.,"봄 3팀 2차 바로크에 대해 목적은 감정을 강하게 전달하는 것이라고, 그리고 핵심 특징은 극적 명암이라고 설명했습니다.",True,,,,,False,False,0.8333333333333333,0.5116279069767441,0.41666666666666663,0.25581395348837205,True,True,3.5944580000359565,4.35257410001941,,,,,question+passage,"봄 3팀 2차 바로크에 대해 핵심 특징은 극적 명암이라고, 비유는 무대 조명이 한 장면을 강조하는 방식이라고, 그리고 목적은 감정을 강하게 전달하는 것이라고 설명했습니다.","봄 3팀 2차 바로크에 대해 목적은 기본 개념이 한 곳으로 결합하는 것과 반하는 것으로区别되는 것이라고, 핵심 특징은 극적 명암이 단순化된다고, 그리고 핵심 특징은 극적 명암으로 변하는 것이라고 설명했습니다."
dataset_ko_152_final,entity_simple_hard_test_statistics_00044:final:0,entity_simple_hard_test_statistics_00044,entity_simple_hard_test_statistics_00044,True,same_source_sibling_facts,1,4,23,20,캡스톤 1팀 1차 표본분산 설명에서 비유와 활용만 알려줘.,"캡스톤 1팀 1차 표본분산에 대해 비유는 점들이 얼마나 퍼졌는지 보는 자라고, 그리고 활용은 데이터 변동성을 볼 때 쓴다고 설명했습니다.",True,,,,,False,False,0.9696969696969697,0.8947368421052632,0.48484848484848486,0.4473684210526316,True,True,2.9751238000462763,3.8089920000056736,,,,,question+passage,"캡스톤 1팀 1차 표본분산에 대해 비유는 점들이 얼마나 퍼졌는지 보는 자라고, 활용은 데이터 변동성을 볼 때 쓴다고 설명했습니다.","캡스톤 1팀 1차 표본분산 설명에 대해 비유는 점들이 얼마나 퍼졌는지 보는 자라고, 활용은 데이터 변동성을 볼 때 쓴다고, 그리고 주의점은 순위 정렬과 다르다고 설명했습니다."
dataset_ko_153_final,entity_simple_hard_test_statistics_00045:final:0,entity_simple_hard_test_statistics_00045,entity_simple_hard_test_statistics_00045,True,same_source_sibling_facts,1,4,23,20,파일럿 1팀 1차 신뢰구간에서 비유와 활용을 함께 정리해줘.,"파일럿 1팀 1차 신뢰구간에 대해 비유는 정답이 있을 법한 범위를 그은 지도라고, 그리고 활용은 추정의 불확실성을 설명할 때 쓴다고 설명했습니다.",True,,,,,False,False,0.8837209302325582,0.8837209302325582,0.4418604651162791,0.4418604651162791,True,True,4.105190100031905,4.287023699958809,,,,,tie,"파일럿 1팀 1차 신뢰구간에 대해 비유는 정답이 있을 법한 범위를 그은 지도라고, 주의점은 정답 하나를 보장하지 않는다고, 그리고 활용은 추정의 불확실성을 설명할 때 쓴다고 설명했습니다.","파일럿 1팀 1차 신뢰구간에 대해 비유는 정답이 있을 법한 범위를 그은 지도라고, 활용은 추정의 불확실성을 설명할 때 쓴다고, 그리고 개념은 숫자의 불확실성을 설명할 때 쓴다고 설명했습니다."
dataset_ko_154_final,entity_simple_hard_test_dessert_00240:final:0,entity_simple_hard_test_dessert_00240,entity_simple_hard_test_dessert_00240,True,same_source_sibling_facts,1,4,23,20,봄 1팀 3차 초콜렛 설명에서 비유와 색깔만 알려줘.,"봄 1팀 3차 초콜렛에 대해 비유는 작은 선물 상자라고, 그리고 색깔은 검정색이라고 설명했습니다.",True,,,,,False,False,0.8571428571428571,0.888888888888889,0.42857142857142855,0.4444444444444445,True,True,3.0647090000566095,2.6703420999692753,,,,,tie,"봄 1팀 3차 초콜렛 설명에 대해 비유는 작은 선물 상자라고, 색깔은 검정색이라고, 그리고 특징은 입안에서 천천히 녹는다고 설명했습니다.","봄 1팀 3차 초콜렛에 대해 비유는 작은 선물 상자라고, 색깔은 검정색이라고, 그리고 색감은 진한 색이라고 설명했습니다."
dataset_ko_155_final,entity_simple_hard_test_statistics_00070:final:0,entity_simple_hard_test_statistics_00070,entity_simple_hard_test_statistics_00070,True,same_source_sibling_facts,1,4,23,20,교수님이 봄 4팀 1차 상관계수의 주의점과 의미를 어떻게 말했어?,"봄 4팀 1차 상관계수에 대해 주의점은 원인 증명을 뜻하지 않는다고, 그리고 의미는 선형 관계 강도라고 설명했습니다.",True,,,,,False,False,0.8,0.7894736842105263,0.4,0.39473684210526316,True,True,3.9912515999749303,4.21244829997886,,,,,tie,"교수님이 봄 4팀 1차 상관계수의 주의점은 원인 증명을 뜻하지 않는다고, 의미는 선형 관계 강도라고, 그리고 비유는 두 변수의 움직임을 비교하는 나침반이라고 설명했습니다.","봄 4팀 1차 상관계수의 주의점에 대해 비유는 두 변수의 움직임을 보여주는 직线의 위상을 설명하는 것으로, 의미는 선형 관계 강도라고, 그리고 주의점은 원인 증명을 뜻하지 않는다고 설명했습니다."
dataset_ko_156_final,entity_simple_hard_test_statistics_00287:final:0,entity_simple_hard_test_statistics_00287,entity_simple_hard_test_statistics_00287,True,same_source_sibling_facts,1,4,23,20,심화 오전반 3차 회귀분석 설명 중 활용과 비유에 해당하는 내용만 답해줘.,"심화 오전반 3차 회귀분석에 대해 활용은 예측 경향을 설명할 때 쓴다고, 그리고 비유는 흩어진 점 사이에 길을 그어 보는 일이라고 설명했습니다.",True,,,,,False,False,0.8571428571428571,0.5652173913043478,0.42857142857142855,0.2826086956521739,True,True,4.218442600045819,4.719060199975502,,,,,question+passage,"심화 오전반 3차 회귀분석 설명 중 비유는 흩어진 점 사이에 길을 그어 보는 일이라고, 주의점은 모든 원인을 증명하지는 않는다고, 그리고 활용은 예측 경향을 설명할 때 쓴다고 설명했습니다.","심화 오전반 3차 회귀분석 설명에 대해 활용은 예측 경향을 설명할 때 쓴다고, 비유는 곡선을 직각 좌표 평면으로 비유했다고, 그리고 주의점은 계산이 순서대로 진행되지 않으면 될지 모르는 예로 설명했다고 설명했습니다."
dataset_ko_157_final,entity_simple_hard_test_statistics_00359:final:0,entity_simple_hard_test_statistics_00359,entity_simple_hard_test_statistics_00359,True,same_source_sibling_facts,1,4,23,20,세미나 2팀 4차 회귀분석 설명 중 주의점과 의미에 해당하는 내용만 답해줘.,"세미나 2팀 4차 회귀분석에 대해 주의점은 모든 원인을 증명하지는 않는다고, 그리고 의미는 관계의 경향 설명이라고 설명했습니다.",True,,,,,False,False,0.5853658536585366,0.23880597014925373,0.2926829268292683,0.11940298507462686,True,False,4.559071200026665,7.609127999981865,,,,,question+passage,"세미나 2팀 4차 회귀분석 설명 중 주의점과 의미에 대해 주의점은 데이터의 과적용을 설명할 때 쓴다고, 의미는 관계의 경향 설명이라고, 그리고 비유는 흩어진 점 사이에 길을 그어 보는 일이라고 설명했습니다.",세미나 2팀 4차 회귀분석 설명 중 주의점과 의미에 대해 summarizes JSON JSON으로 생성하는 방법은 알지만 의미는 이해가 깨진 관계로 생각했다 said에 댓글留채금으로 설명한 said에 대한 의미는 이해가 깨진 관계로 생각했다 답변에 유의점이라고 설명한 said에 대한 의미는 이해가 깨진 관계로 생각했다 said에 덧글留下채금으로 설명한 관계로 생각했다 답변에 유의점이라고 설명한 said에 덧글留下채금으로 설명한 관계
dataset_ko_158_final,entity_simple_hard_test_marketing_00058:final:0,entity_simple_hard_test_marketing_00058,entity_simple_hard_test_marketing_00058,True,same_source_sibling_facts,1,4,23,20,교수님이 실습 2팀 1차 스터디 모집의 성과 지표와 핵심 채널을 어떻게 말했어?,"실습 2팀 1차 스터디 모집에 대해 성과 지표는 완료율이라고, 그리고 핵심 채널은 학과 홈페이지라고 설명했습니다.",True,,,,,False,False,0.5714285714285715,0.8235294117647058,0.28571428571428575,0.4117647058823529,True,True,3.5871910999994725,3.227249700052198,,,,,passage-only,"실습 2팀 1차 스터디 모집의 성과 지표를 중심으로 하는 상급자와의 합의한 목표라고, 대상은 스터디 신청자라고, 그리고 성과 지표는 완료율이라고 설명했습니다.","교수님 실습 2팀 1차 스터디 모집에 대해 성과 지표는 참여율이라고, 핵심 채널은 학과 홈페이지라고, 그리고 보상은 우선 신청권이라고 설명했습니다."
dataset_ko_159_final,entity_simple_hard_test_project_00132:final:0,entity_simple_hard_test_project_00132,entity_simple_hard_test_project_00132,True,same_source_sibling_facts,1,4,23,20,가을 D반 2차 최종 발표 설명에서 마감과 공유 위치만 알려줘.,"가을 D반 2차 최종 발표에 대해 마감은 다음 주 월요일 밤이라고, 그리고 공유 위치는 팀 노션 페이지라고 설명했습니다.",True,,,,,False,False,0.967741935483871,0.75,0.4838709677419355,0.375,True,True,2.3750773000065237,2.6119877999881282,,,,,question+passage,"가을 D반 2차 최종 발표 설명에 대해 공유 위치는 팀 노션 페이지라고, 마감은 다음 주 월요일 밤이라고 설명했습니다.","가을 D반 2차 최종 발표 설명에 대해 마감은 마진 확인 후 전파할 때 끝나고, 공유 위치는 팀 노션 페이지라고 설명했습니다."
dataset_ko_160_final,entity_simple_hard_test_dessert_00097:final:0,entity_simple_hard_test_dessert_00097,entity_simple_hard_test_dessert_00097,True,same_source_sibling_facts,1,4,23,20,심화 오후반 1차 솜사탕에서 색깔과 비유를 함께 정리해줘.,"심화 오후반 1차 솜사탕에 대해 색깔은 분홍색이라고, 그리고 비유는 구름 같은 간식이라고 설명했습니다.",True,,,,,False,False,0.8387096774193548,0.8387096774193548,0.4193548387096774,0.4193548387096774,True,True,3.321431600023061,3.174487699987367,,,,,tie,"심화 오후반 1차 솜사탕에 대해 비유는 구름 같은 간식이라고, 특징은 입에 닿으면 빠르게 사라진다고, 그리고 색깔은 분홍색이라고 설명했습니다.","심화 오후반 1차 솜사탕에 대해 색깔은 분홍색이라고, 비유는 구름 같은 간식이라고, 그리고 특징은 입에 닿으면 색깔만 변경한다고 설명했습니다."
dataset_ko_161_final,entity_simple_hard_test_dessert_00338:final:0,entity_simple_hard_test_dessert_00338,entity_simple_hard_test_dessert_00338,True,same_source_sibling_facts,1,4,23,20,교수님이 실습 D반 4차 마카롱의 비유와 색깔을 어떻게 말했어?,"실습 D반 4차 마카롱에 대해 비유는 작은 보석 상자라고, 그리고 색깔은 알록달록하다고 설명했습니다.",True,,,,,False,False,0.896551724137931,0.6428571428571429,0.4482758620689655,0.32142857142857145,True,True,2.8599147999775596,2.9599017999717034,,,,,question+passage,"실습 D반 4차 마카롱에 대해 비유는 작은 보석 상자라고, 색깔은 알록달록하다고, 그리고 맛은 부드럽고 진하다고 설명했습니다.","실습 D반 4차 마카롱의 비유는 구 시장인 중간에 있던 마을이라고, 색깔은 알록달록하다고, 그리고 겉은 바삭하다고 설명했습니다."
dataset_ko_162_final,entity_simple_hard_test_project_00396:final:0,entity_simple_hard_test_project_00396,entity_simple_hard_test_project_00396,True,same_source_sibling_facts,1,4,23,20,정규 오후반 4차 최종 발표 설명에서 담당과 확인 기준만 알려줘.,"정규 오후반 4차 최종 발표에 대해 담당은 기획 파트라고, 그리고 확인 기준은 근거 제시 여부라고 설명했습니다.",True,,,,,False,False,0.888888888888889,0.967741935483871,0.4444444444444445,0.4838709677419355,True,True,3.0478301999974065,2.359204199980013,,,,,passage-only,"정규 오후반 4차 최종 발표에 대해 확인 기준은 근거 제시 여부라고, 공유 위치는 팀 노션 페이지라고, 그리고 담당은 기획 파트라고 설명했습니다.","정규 오후반 4차 최종 발표 설명에 대해 담당은 기획 파트라고, 확인 기준은 근거 제시 여부라고 설명했습니다."
dataset_ko_163_final,entity_simple_hard_test_marketing_00059:final:0,entity_simple_hard_test_marketing_00059,entity_simple_hard_test_marketing_00059,True,same_source_sibling_facts,1,4,23,20,세미나 2팀 1차 멘토링 이벤트 설명 중 성과 지표와 핵심 채널에 해당하는 내용만 답해줘.,"세미나 2팀 1차 멘토링 이벤트에 대해 성과 지표는 재방문율이라고, 그리고 핵심 채널은 이메일 뉴스레터라고 설명했습니다.",True,,,,,False,False,0.8823529411764706,0.8571428571428571,0.4411764705882353,0.42857142857142855,True,True,3.8983983999933116,4.335450900020078,,,,,tie,"세미나 2팀 1차 멘토링 이벤트 설명에 대해 핵심 채널은 이메일 뉴스레터라고, 대상은 멘토링 참여 학생이라고, 그리고 성과 지표는 재방문율이라고 설명했습니다.","세미나 2팀 1차 멘토링 이벤트에 대해 성과 지표는 재방문율이라고, 핵심 채널은 이메일 뉴스레터라고, 그리고 핵심 채널의 연결요소는 강조내용 메시지라고 설명했습니다."
dataset_ko_164_final,entity_simple_hard_test_art_history_00378:final:0,entity_simple_hard_test_art_history_00378,entity_simple_hard_test_art_history_00378,True,same_source_sibling_facts,1,4,23,20,교수님이 실습 4팀 4차 인상주의의 비교 포인트와 비유를 어떻게 말했어?,"실습 4팀 4차 인상주의에 대해 비교 포인트는 정확한 윤곽보다 색감이 중요하다고, 그리고 비유는 햇빛이 흔들리는 수면에 비친 모습이라고 설명했습니다.",True,,,,,False,False,0.8837209302325582,0.5714285714285714,0.4418604651162791,0.2857142857142857,True,False,4.111026300000958,1.6578560000052676,,,,,question+passage,"실습 4팀 4차 인상주의에 대해 비유는 햇빛이 흔들리는 수면에 비친 모습이라고, 목적은 관찰 순간을 살리는 것이라고, 그리고 비교 포인트는 정확한 윤곽보다 색감이 중요하다고 설명했습니다.",교수님의 실습 4팀 4차 인상주의의 비교 포인트와 비유를 설명했습니다.
dataset_ko_165_final,entity_simple_hard_test_project_00156:final:0,entity_simple_hard_test_project_00156,entity_simple_hard_test_project_00156,True,same_source_sibling_facts,1,4,23,20,정규 2팀 2차 최종 발표 설명에서 확인 기준과 담당만 알려줘.,"정규 2팀 2차 최종 발표에 대해 확인 기준은 근거 제시 여부라고, 그리고 담당은 기획 파트라고 설명했습니다.",True,,,,,False,False,0.7222222222222223,0.5581395348837209,0.36111111111111116,0.27906976744186046,True,False,3.1612658000085503,3.9704420000198297,,,,,question+passage,"정규 2팀 2차 최종 발표 설명에 대해 확인 기준과 담당은 기획 파트라고, 공유 위치는 팀 노션 페이지라고, 그리고 담당은 기획 파트라고 설명했습니다.","정규 2팀 2차 최종 발표 설명에 대해 확인 기준은 확인 파일 유형에 따라 분담이 될 예정이라고, 담당은 기획 세부 점검 표라고, 그리고 종료 지점은 결제 파트 리포트 완료라고 설명했습니다."
dataset_ko_166_final,entity_simple_hard_test_statistics_00333:final:0,entity_simple_hard_test_statistics_00333,entity_simple_hard_test_statistics_00333,True,same_source_sibling_facts,1,4,23,20,겨울 D반 4차 신뢰구간에서 비유와 활용을 함께 정리해줘.,"겨울 D반 4차 신뢰구간에 대해 비유는 정답이 있을 법한 범위를 그은 지도라고, 그리고 활용은 추정의 불확실성을 설명할 때 쓴다고 설명했습니다.",True,,,,,False,False,0.8837209302325582,0.8837209302325582,0.4418604651162791,0.4418604651162791,True,True,3.992855300020892,3.8774023999576457,,,,,tie,"겨울 D반 4차 신뢰구간에 대해 비유는 정답이 있을 법한 범위를 그은 지도라고, 주의점은 정답 하나를 보장하지 않는다고, 그리고 활용은 추정의 불확실성을 설명할 때 쓴다고 설명했습니다.","겨울 D반 4차 신뢰구간에 대해 비유는 정답이 있을 법한 범위를 그은 지도라고, 활용은 추정의 불확실성을 설명할 때 쓴다고, 그리고 특징은 정답 하나를 보장하지 않는다고 설명했습니다."
dataset_ko_167_final,entity_simple_hard_test_os_concept_00294:final:0,entity_simple_hard_test_os_concept_00294,entity_simple_hard_test_os_concept_00294,True,same_source_sibling_facts,1,4,23,20,교수님이 캡스톤 오후반 3차 캐시의 역할과 장점을 어떻게 말했어?,"캡스톤 오후반 3차 캐시에 대해 역할은 자주 쓰는 정보를 가까이 둔다고, 그리고 장점은 반복 접근을 빠르게 만든다고 설명했습니다.",True,,,,,False,False,0.619047619047619,0.7999999999999999,0.3095238095238095,0.39999999999999997,True,True,4.256261000002269,4.069886900018901,,,,,passage-only,"교수님이 캡스톤 오후반 3차 캐시에 대해 주의점은 오래된 정보가 남을 수 있다고, 역할은 자주 쓰는 정보를 가까이 둔다고, 그리고 비유는 책상 위에 올려둔 책이라고 설명했습니다.","교수님의 캡스톤 오후반 3차 캐시에 대해 역할은 정보를 가까이 둔다고, 장점은 반복 접근을 빠르게 만든다고, 그리고 비유는 책상 위에 올려둔 책이라고 설명했습니다."
dataset_ko_168_final,entity_simple_hard_test_art_history_00257:final:0,entity_simple_hard_test_art_history_00257,entity_simple_hard_test_art_history_00257,True,same_source_sibling_facts,1,4,23,20,심화 2팀 3차 입체주의에서 목적과 핵심 특징을 함께 정리해줘.,"심화 2팀 3차 입체주의에 대해 목적은 대상을 새롭게 해석하는 것이라고, 그리고 핵심 특징은 여러 시점이라고 설명했습니다.",True,,,,,False,False,0.6976744186046512,0.9142857142857143,0.3488372093023256,0.45714285714285713,True,True,4.609449099982157,3.013749099976849,,,,,passage-only,"심화 2팀 3차 입체주의에 대해 핵심 특징은 여러 방향에서 본 사물을 한 화면에 놓는 방식이라고, 목적은 대상을 새롭게 해석하는 것이라고, 그리고 비유는 여러 방향에서 본 사물을 한 화면에 놓는 것이라고 설명했습니다.","심화 2팀 3차 입체주의에 대해 목적은 대상을 새롭게 해석하는 것이라고, 핵심 특징은 여러 시점이라고, 그리고 핵심 특징과는 다르다고 설명했습니다."
dataset_ko_169_final,entity_simple_hard_test_art_history_00137:final:0,entity_simple_hard_test_art_history_00137,entity_simple_hard_test_art_history_00137,True,same_source_sibling_facts,1,4,23,20,심화 D반 2차 입체주의에서 비유와 비교 포인트를 함께 정리해줘.,"심화 D반 2차 입체주의에 대해 비유는 여러 방향에서 본 사물을 한 화면에 놓는 방식이라고, 그리고 비교 포인트는 단일 원근과 다르다고 설명했습니다.",True,,,,,False,False,0.8837209302325582,0.5,0.4418604651162791,0.25,True,False,3.8819015999906696,4.223780200001784,,,,,question+passage,"심화 D반 2차 입체주의에 대해 비유는 여러 방향에서 본 사물을 한 화면에 놓는 방식이라고, 목적은 대상을 새롭게 해석하는 것이라고, 그리고 비교 포인트는 단일 원근과 다르다고 설명했습니다.","심화 D반 2차 입체주의에서 비유와 비교 포인트는 주어진 시작점으로부터 새로운 생각으로 변화하는 것이라고, 비유는 말하는 방향과 다르지만, 심화된 개념이라고, 그리고 비교 포인트는 기본에요새로운 방식이라고 설명했습니다."
dataset_ko_170_final,entity_simple_hard_test_marketing_00275:final:0,entity_simple_hard_test_marketing_00275,entity_simple_hard_test_marketing_00275,True,same_source_sibling_facts,1,4,23,20,파일럿 4팀 3차 멘토링 이벤트 설명 중 보상과 대상에 해당하는 내용만 답해줘.,"파일럿 4팀 3차 멘토링 이벤트에 대해 보상은 포인트 500점이라고, 그리고 대상은 멘토링 참여 학생이라고 설명했습니다.",True,,,,,False,False,0.9090909090909091,0.8823529411764706,0.45454545454545453,0.4411764705882353,True,True,3.5312859000405297,3.9795066000078805,,,,,tie,"파일럿 4팀 3차 멘토링 이벤트에 대해 보상은 포인트 500점이라고, 대상은 멘토링 참여 학생이라고, 그리고 성과 지표는 재방문율이라고 설명했습니다.","파일럿 4팀 3차 멘토링 이벤트에 대해 보상은 포인트 500점이라고, 핵심 채널은 이메일 뉴스레터라고, 그리고 대상은 멘토링 참여 학생이라고 설명했습니다."
dataset_ko_171_final,entity_simple_hard_test_os_concept_00316:final:0,entity_simple_hard_test_os_concept_00316,entity_simple_hard_test_os_concept_00316,True,same_source_sibling_facts,1,4,23,20,정규 B반 4차 프로세스 설명에서 비유와 주의점만 알려줘.,"정규 B반 4차 프로세스에 대해 비유는 독립된 식당이라고, 그리고 주의점은 자원을 너무 많이 쓰면 느려질 수 있다고 설명했습니다.",True,,,,,False,False,0.8717948717948718,0.8292682926829268,0.4358974358974359,0.4146341463414634,True,True,3.737709700013511,4.1558237000135705,,,,,tie,"정규 B반 4차 프로세스 설명에 대해 비유는 독립된 식당이라고, 주의점은 자원을 너무 많이 쓰면 느려질 수 있다고, 그리고 역할은 독립된 실행 공간을 가진다고 설명했습니다.","정규 B반 4차 프로세스에 대해 비유는 독립된 식당이라고, 주의점은 자원을 너무 많이 쓰면 느려질 수 있다고, 그리고 결론은 독립된 실행이 오류를 유도하지만 정보를 남긴다고 설명했습니다."
dataset_ko_172_final,entity_simple_hard_test_dessert_00313:final:0,entity_simple_hard_test_dessert_00313,entity_simple_hard_test_dessert_00313,True,same_source_sibling_facts,1,4,23,20,겨울 B반 4차 솜사탕에서 맛과 특징을 함께 정리해줘.,"겨울 B반 4차 솜사탕에 대해 맛은 가볍게 달콤하다고, 그리고 특징은 입에 닿으면 빠르게 사라진다고 설명했습니다.",True,,,,,False,False,0.8823529411764706,0.9375,0.4411764705882353,0.46875,True,True,3.448822400008794,3.3285131999873556,,,,,passage-only,"겨울 B반 4차 솜사탕에 대해 맛은 가볍게 달콤하다고, 특징은 입에 닿으면 빠르게 사라진다고, 그리고 비유는 구름 같은 간식이라고 설명했습니다.","겨울 B반 4차 솜사탕에 대해 맛은 가볍게 달콤하다고, 특징은 입에 닿으면 빠르게 사라진다고, 그리고 색깔은 분홍색이라고 설명했습니다."
dataset_ko_173_final,entity_simple_hard_test_project_00014:final:0,entity_simple_hard_test_project_00014,entity_simple_hard_test_project_00014,True,same_source_sibling_facts,1,4,23,20,교수님이 캡스톤 B반 1차 AI 모델 평가의 담당과 확인 기준을 어떻게 말했어?,"캡스톤 B반 1차 AI 모델 평가에 대해 담당은 AI 파트라고, 그리고 확인 기준은 정답률이라고 설명했습니다.",True,,,,,False,False,0.7777777777777778,0.8,0.3888888888888889,0.4,True,True,3.2230009000049904,3.146275900013279,,,,,tie,"캡스톤 B반 1차 AI 모델 평가의 담당과 확인 기준을 포함하는 부분은 AI 파트라고, 담당은 AI 파트라고, 그리고 확인 기준은 정답률이라고 설명했습니다.","캡스톤 B반 1차 AI 모델 평가에 대해 담당은 AI 파트라고, 확인 기준은 정답률을 설명했다고, 그리고 담당은 AI 파트라고 설명했다고 설명했습니다."
dataset_ko_174_final,entity_simple_hard_test_os_concept_00221:final:0,entity_simple_hard_test_os_concept_00221,entity_simple_hard_test_os_concept_00221,True,same_source_sibling_facts,1,4,23,20,여름 C반 3차 스레드에서 비유와 주의점을 함께 정리해줘.,"여름 C반 3차 스레드에 대해 비유는 같은 식당 안에서 일하는 직원이라고, 그리고 주의점은 공유 자원 관리가 필요하다고 설명했습니다.",True,,,,,False,False,0.8571428571428571,0.5142857142857143,0.42857142857142855,0.2571428571428572,True,False,3.7521744000259787,2.8035188000067137,,,,,question+passage,"여름 C반 3차 스레드에 대해 비유는 같은 식당 안에서 일하는 직원이라고, 주의점은 공유 자원 관리가 필요하다고, 그리고 역할은 프로세스 안에서 작업을 나누어 실행한다고 설명했습니다.","여름 C반 3차 스레드에 대해 비유는 연thinking이라고, 주의점은 중이를 mimic하지 말라고, 그리고 개념은 작업을 분할하는 데 사용한다고 설명했습니다."
dataset_ko_175_final,entity_simple_hard_test_dessert_00267:final:0,entity_simple_hard_test_dessert_00267,entity_simple_hard_test_dessert_00267,True,same_source_sibling_facts,1,4,23,20,심화 3팀 3차 브라우니 설명 중 특징과 맛에 해당하는 내용만 답해줘.,"심화 3팀 3차 브라우니에 대해 특징은 속이 촉촉하게 남는다고, 그리고 맛은 묵직하게 달콤하다고 설명했습니다.",True,,,,,False,False,0.9333333333333333,0.9032258064516129,0.4666666666666667,0.45161290322580644,True,True,3.3344104000134394,3.49647360004019,,,,,tie,"심화 3팀 3차 브라우니에 대해 특징은 속이 촉촉하게 남는다고, 맛은 묵직하게 달콤하다고, 그리고 설명은 고객에게 남는다고 설명했습니다.","심화 3팀 3차 브라우니에 대해 특징은 속이 촉촉하게 남는다고, 맛은 묵직하게 달콤하다고, 그리고 색깔은 진한 갈색이라고 설명했습니다."
dataset_ko_176_final,entity_simple_hard_test_art_history_00235:final:0,entity_simple_hard_test_art_history_00235,entity_simple_hard_test_art_history_00235,True,same_source_sibling_facts,1,4,23,20,파일럿 D반 3차 르네상스 설명 중 비유와 비교 포인트에 해당하는 내용만 답해줘.,"파일럿 D반 3차 르네상스에 대해 비유는 사람을 화면 중앙에 다시 세우는 방식이라고, 그리고 비교 포인트는 절대왕정 중심 설명과 다르다고 설명했습니다.",True,,,,,False,False,0.5714285714285715,0.761904761904762,0.28571428571428575,0.380952380952381,True,True,4.076406500011217,3.7172847999609075,,,,,passage-only,"파일럿 D반 3차 르네상스 설명을 이해하는 방식은 절대적인 답을 찾는 것과 다르다고, 목적은 사람의 가치를 드러내는 것이라고, 그리고 비교 포인트는 절대왕정 중심 설명과 다르다고 설명했습니다.","파일럿 D반 3차 르네상스에 대해 비유는 사람을 화면 중앙에 다시 세우는 방식이라고, 목적은 사람의 가치를 드러내는 것이라고, 그리고 비교 포인트에 해당하는 것이라고 설명했습니다."
dataset_ko_177_final,entity_simple_hard_test_art_history_00283:final:0,entity_simple_hard_test_art_history_00283,entity_simple_hard_test_art_history_00283,True,same_source_sibling_facts,1,4,23,20,겨울 오전반 3차 르네상스 설명 중 비교 포인트와 비유에 해당하는 내용만 답해줘.,"겨울 오전반 3차 르네상스에 대해 비교 포인트는 절대왕정 중심 설명과 다르다고, 그리고 비유는 사람을 화면 중앙에 다시 세우는 방식이라고 설명했습니다.",True,,,,,False,False,0.9268292682926829,0.8837209302325582,0.46341463414634143,0.4418604651162791,True,True,3.978181400045287,4.044131600006949,,,,,tie,"겨울 오전반 3차 르네상스 설명에 대해 비교 포인트는 절대왕정 중심 설명과 다르다고, 핵심 특징은 인문주의라고, 그리고 비유는 사람을 화면 중앙에 다시 세우는 방식이라고 설명했습니다.","겨울 오전반 3차 르네상스에 대해 비교 포인트는 절대왕정 중심 설명과 다르다고, 비유는 사람을 화면 중앙에 다시 세우는 방식이라고, 그리고 비교 포인트는 절대왕정 중심 설명이라고 설명했습니다."
dataset_ko_178_final,entity_simple_hard_test_art_history_00041:final:0,entity_simple_hard_test_art_history_00041,entity_simple_hard_test_art_history_00041,True,same_source_sibling_facts,1,4,23,20,여름 1팀 1차 입체주의에서 비유와 비교 포인트를 함께 정리해줘.,"여름 1팀 1차 입체주의에 대해 비유는 여러 방향에서 본 사물을 한 화면에 놓는 방식이라고, 그리고 비교 포인트는 단일 원근과 다르다고 설명했습니다.",True,,,,,False,False,0.8837209302325582,0.7500000000000001,0.4418604651162791,0.37500000000000006,True,False,3.9079034000169486,3.507454200007487,,,,,question+passage,"여름 1팀 1차 입체주의에 대해 비유는 여러 방향에서 본 사물을 한 화면에 놓는 방식이라고, 목적은 대상을 새롭게 해석하는 것이라고, 그리고 비교 포인트는 단일 원근과 다르다고 설명했습니다.","여름 1팀 1차 입체주의에 대해 비유는 단일 면에서 본 사물을 한 화면에 놓는 방식이라고, 비유는 말하는 방식이라고, 그리고 비교 포인트는 다른 무엇이라고 설명했습니다."
dataset_ko_179_final,entity_simple_hard_test_dessert_00001:final:0,entity_simple_hard_test_dessert_00001,entity_simple_hard_test_dessert_00001,True,same_source_sibling_facts,1,4,23,20,여름 A반 1차 솜사탕에서 색깔과 비유를 함께 정리해줘.,"여름 A반 1차 솜사탕에 대해 색깔은 분홍색이라고, 그리고 비유는 구름 같은 간식이라고 설명했습니다.",True,,,,,False,False,0.8387096774193548,0.8666666666666666,0.4193548387096774,0.4333333333333333,True,True,3.2712002999614924,2.9492494000005536,,,,,tie,"여름 A반 1차 솜사탕에 대해 색깔은 분홍색이라고, 비유는 구름 같은 간식이라고, 그리고 특징은 입에 닿으면 빠르게 사라진다고 설명했습니다.","여름 A반 1차 솜사탕에 대해 색깔은 분홍색이라고, 비유는 구름 같은 간식이라고, 그리고 비유의 특징은 간식이라는 말이라고 설명했습니다."
dataset_ko_180_final,entity_simple_hard_test_marketing_00369:final:0,entity_simple_hard_test_marketing_00369,entity_simple_hard_test_marketing_00369,True,same_source_sibling_facts,1,4,23,20,세미나 3팀 4차 동아리 홍보에서 보상과 대상을 함께 정리해줘.,"세미나 3팀 4차 동아리 홍보에 대해 보상은 굿즈 추첨권이라고, 그리고 대상은 동아리 회원이라고 설명했습니다.",True,,,,,False,False,0.7333333333333334,0.7999999999999999,0.3666666666666667,0.39999999999999997,False,True,3.0877224000287242,3.258581599977333,,,,,passage-only,"세미나 3팀 4차 동아리 홍보에 대해 보상은 참여자가 받는 대상은 추첨권이라고, 그리고 핵심 채널은 오픈채팅방이라고 설명했습니다.","세미나 3팀 4차 동아리 홍보에 대해 보상은 굿즈 추첨권이라고, 핵심 채널은 오픈채팅방이라고, 그리고 대상은 서식이라고 설명했습니다."
dataset_ko_181_final,entity_simple_hard_test_project_00134:final:0,entity_simple_hard_test_project_00134,entity_simple_hard_test_project_00134,True,same_source_sibling_facts,1,4,23,20,교수님이 캡스톤 D반 2차 AI 모델 평가의 마감과 공유 위치를 어떻게 말했어?,"캡스톤 D반 2차 AI 모델 평가에 대해 마감은 금요일 자정 전이라고, 그리고 공유 위치는 회의록 폴더라고 설명했습니다.",True,,,,,False,False,0.8648648648648648,0.5714285714285713,0.4324324324324324,0.28571428571428564,True,False,3.3661819000262767,3.8061309999902733,,,,,question+passage,"교수님 캡스톤 D반 2차 AI 모델 평가의 마감은 금요일 자정 전이라고, 공유 위치는 회의록 폴더라고, 그리고 담당은 AI 파트라고 설명했습니다.","캡스톤 D반 2차 AI 모델 평가에 대해 마감은 2023년 7월 17일 전 후에 공유 위치는 학생 피드back 기준 중요한 영역이라고, 그리고 설명은 모델 기준 아닐 것으로 설명했습니다."
dataset_ko_182_final,entity_simple_hard_test_os_concept_00172:final:0,entity_simple_hard_test_os_concept_00172,entity_simple_hard_test_os_concept_00172,True,same_source_sibling_facts,1,4,23,20,가을 4팀 2차 프로세스 설명에서 주의점과 비유만 알려줘.,"가을 4팀 2차 프로세스에 대해 주의점은 자원을 너무 많이 쓰면 느려질 수 있다고, 그리고 비유는 독립된 식당이라고 설명했습니다.",True,,,,,False,False,0.8717948717948718,0.7272727272727272,0.4358974358974359,0.3636363636363636,True,True,3.781339500041213,4.441374899994116,,,,,question+passage,"가을 4팀 2차 프로세스 설명에 대해 주의점은 자원을 너무 많이 쓰면 느려질 수 있다고, 비유는 독립된 식당이라고, 그리고 역할은 독립된 실행 공간을 가진다고 설명했습니다.","가을 4팀 2차 프로세스에 대해 주의점은 자원을 너무 많이 쓰면 느려질 수 있다고, 비유는 면이 너무 가늘고 죽은 음식을 설명한다고, 그리고 비유의 장점은 독립된 실행 공간을 가진다고 설명했습니다."
dataset_ko_183_final,entity_simple_hard_test_statistics_00047:final:0,entity_simple_hard_test_statistics_00047,entity_simple_hard_test_statistics_00047,True,same_source_sibling_facts,1,4,23,20,심화 1팀 1차 회귀분석 설명 중 비유와 활용에 해당하는 내용만 답해줘.,"심화 1팀 1차 회귀분석에 대해 비유는 흩어진 점 사이에 길을 그어 보는 일이라고, 그리고 활용은 예측 경향을 설명할 때 쓴다고 설명했습니다.",True,,,,,False,False,0.3243243243243243,0.5454545454545454,0.16216216216216214,0.2727272727272727,False,True,2.812645400001202,4.2445421000011265,,,,,passage-only,"심화 1팀 1차 회귀분석 설명 중 비유와 활용에 해당하는 내용을 비교는 해당하는 seem과는 다르다고, but 의미는 오류가 맞는 의미로 생각했다.","심화 1팀 1차 회귀분석 설명 중 비유와 활용에 해당하는 내용만 설명하라면 데이터 분석에 비유를 점선 그래프로 그렸다고, 활용은 예측 경향을 설명할 때 쓴다고, 그리고 핵심은 계산의 방법이라고 설명했습니다."
dataset_ko_184_final,entity_simple_hard_test_art_history_00115:final:0,entity_simple_hard_test_art_history_00115,entity_simple_hard_test_art_history_00115,True,same_source_sibling_facts,1,4,23,20,파일럿 B반 2차 르네상스 설명 중 핵심 특징과 목적에 해당하는 내용만 답해줘.,"파일럿 B반 2차 르네상스에 대해 핵심 특징은 인문주의라고, 그리고 목적은 사람의 가치를 드러내는 것이라고 설명했습니다.",True,,,,,False,False,0.8108108108108109,0.9090909090909091,0.40540540540540543,0.45454545454545453,True,True,3.805309600022156,3.256377400015481,,,,,passage-only,"파일럿 B반 2차 르네상스에 대해 핵심 특징은 인문주의라고, 비유는 사람을 화면 중앙에 다시 세우는 방식이라고, 그리고 목적은 사람의 가치를 드러내는 것이라고 설명했습니다.","파일럿 B반 2차 르네상스에 대해 핵심 특징은 인문주의라고, 목적은 사람의 가치를 드러내는 것이라고, 그리고 핵심 개념은 인문주의라고 설명했습니다."
dataset_ko_185_final,entity_simple_hard_test_dessert_00264:final:0,entity_simple_hard_test_dessert_00264,entity_simple_hard_test_dessert_00264,True,same_source_sibling_facts,1,4,23,20,캡스톤 3팀 3차 초콜렛 설명에서 특징과 맛만 알려줘.,"캡스톤 3팀 3차 초콜렛에 대해 특징은 입안에서 천천히 녹는다고, 그리고 맛은 달콤하다고 설명했습니다.",True,,,,,False,False,0.9285714285714286,0.9285714285714286,0.4642857142857143,0.4642857142857143,True,True,3.0761738999863155,3.0290083999861963,,,,,tie,"캡스톤 3팀 3차 초콜렛 설명에 대해 특징은 입안에서 천천히 녹는다고, 색깔은 검정색이라고, 그리고 맛은 달콤하다고 설명했습니다.","캡스톤 3팀 3차 초콜렛에 대해 특징은 입안에서 천천히 녹는다고, 맛은 달콤하다고, 그리고 색깔은 검정색이라고 설명했습니다."
dataset_ko_186_final,entity_simple_hard_test_statistics_00095:final:0,entity_simple_hard_test_statistics_00095,entity_simple_hard_test_statistics_00095,True,same_source_sibling_facts,1,4,23,20,파일럿 오후반 1차 회귀분석 설명 중 활용과 비유에 해당하는 내용만 답해줘.,"파일럿 오후반 1차 회귀분석에 대해 활용은 예측 경향을 설명할 때 쓴다고, 그리고 비유는 흩어진 점 사이에 길을 그어 보는 일이라고 설명했습니다.",True,,,,,False,False,0.7317073170731707,0.6500000000000001,0.36585365853658536,0.32500000000000007,True,True,3.672389600018505,3.938397499965504,,,,,question+passage,"파일럿 오후반 1차 회귀분석 설명 중 활용과 비유는 다음 순서를 준다고, 의미는 관계의 경향 설명이라고, 그리고 비유는 흩어진 점 사이에 길을 그어 보는 일이라고 설명했습니다.","파일럿 오후반 1차 회귀분석 설명에 대해 활용은 예측 경향을 설명할 때 쓴다고, 비유는 막연한 경향을 설명할 때 쓴다고, 그리고 개념은 조심스레 설명할 때 쓴다고 설명했습니다."
dataset_ko_187_final,entity_simple_hard_test_os_concept_00270:final:0,entity_simple_hard_test_os_concept_00270,entity_simple_hard_test_os_concept_00270,True,same_source_sibling_facts,1,4,23,20,교수님이 봄 4팀 3차 캐시의 주의점과 비유를 어떻게 말했어?,"봄 4팀 3차 캐시에 대해 주의점은 오래된 정보가 남을 수 있다고, 그리고 비유는 책상 위에 올려둔 책이라고 설명했습니다.",True,,,,,False,False,0.8648648648648648,0.8205128205128205,0.4324324324324324,0.41025641025641024,True,True,3.6421724000247195,4.119476099964231,,,,,tie,"봄 4팀 3차 캐시에 대해 비유는 책상 위에 올려둔 책이라고, 장점은 반복 접근을 빠르게 만든다고, 그리고 주의점은 오래된 정보가 남을 수 있다고 설명했습니다.","교수님이 봄 4팀 3차 캐시에 대해 주의점은 오래된 정보가 남을 수 있다고, 비유는 책상 위에 올려둔 책이라고, 그리고 역할은 자주 쓰는 정보를 가까이 둔다고 설명했습니다."
dataset_ko_188_final,entity_simple_hard_test_dessert_00072:final:0,entity_simple_hard_test_dessert_00072,entity_simple_hard_test_dessert_00072,True,same_source_sibling_facts,1,4,23,20,가을 4팀 1차 초콜렛 설명에서 특징과 맛만 알려줘.,"가을 4팀 1차 초콜렛에 대해 특징은 입안에서 천천히 녹는다고, 그리고 맛은 달콤하다고 설명했습니다.",True,,,,,False,False,0.8666666666666666,0.9285714285714286,0.4333333333333333,0.4642857142857143,True,True,3.0594283000100404,2.9304847000166774,,,,,passage-only,"가을 4팀 1차 초콜렛 설명에 대해 특징은 입안에서 천천히 녹는다고, 맛은 달콤하다고, 그리고 비유는 작은 선물 상자라고 설명했습니다.","가을 4팀 1차 초콜렛에 대해 특징은 입안에서 천천히 녹는다고, 맛은 달콤하다고, 그리고 색깔은 검정색이라고 설명했습니다."
dataset_ko_189_final,entity_simple_hard_test_statistics_00284:final:0,entity_simple_hard_test_statistics_00284,entity_simple_hard_test_statistics_00284,True,same_source_sibling_facts,1,4,23,20,캡스톤 오전반 3차 표본분산 설명에서 활용과 비유만 알려줘.,"캡스톤 오전반 3차 표본분산에 대해 활용은 데이터 변동성을 볼 때 쓴다고, 그리고 비유는 점들이 얼마나 퍼졌는지 보는 자라고 설명했습니다.",True,,,,,False,False,0.8947368421052632,0.8205128205128205,0.4473684210526316,0.41025641025641024,True,True,3.7302749999798834,4.192437999998219,,,,,question+passage,"캡스톤 오전반 3차 표본분산에 대해 비유는 점들이 얼마나 퍼졌는지 보는 자라고, 주의점은 순위 정렬과 다르다고, 그리고 활용은 데이터 변동성을 볼 때 쓴다고 설명했습니다.","캡스톤 오전반 3차 표본분산 설명에 대해 활용은 데이터 정렬의 섬 개수를 계산할 때 쓴다고, 비유는 점들이 얼마나 퍼졌는지 보는 자라고, 그리고 개념은 흩어짐 측정이라고 설명했습니다."
dataset_ko_190_final,entity_simple_hard_test_project_00158:final:0,entity_simple_hard_test_project_00158,entity_simple_hard_test_project_00158,True,same_source_sibling_facts,1,4,23,20,교수님이 실습 2팀 2차 AI 모델 평가의 확인 기준과 담당을 어떻게 말했어?,"실습 2팀 2차 AI 모델 평가에 대해 확인 기준은 정답률이라고, 그리고 담당은 AI 파트라고 설명했습니다.",True,,,,,False,False,0.8235294117647058,0.8571428571428571,0.4117647058823529,0.42857142857142855,True,True,3.079233299999032,3.002439100004267,,,,,tie,"교수님 실습 2팀 2차 AI 모델 평가의 확인 기준은 정답률이라고, 담당은 AI 파트라고, 그리고 마감은 금요일 자정 전이라고 설명했습니다.","실습 2팀 2차 AI 모델 평가에 대해 확인 기준은 정답률이라고, 담당은 AI 파트라고, 그리고 확인 기준은 정답률을 설명하는 내용이라고 설명했습니다."
dataset_ko_191_final,entity_simple_hard_test_project_00183:final:0,entity_simple_hard_test_project_00183,entity_simple_hard_test_project_00183,True,same_source_sibling_facts,1,4,23,20,겨울 오전반 2차 프론트엔드 점검 설명 중 공유 위치와 마감에 해당하는 내용만 답해줘.,"겨울 오전반 2차 프론트엔드 점검에 대해 공유 위치는 프로젝트 슬랙 채널이라고, 그리고 마감은 다음 달 첫째 주 화요일이라고 설명했습니다.",True,,,,,False,False,0.9696969696969697,0.9189189189189189,0.48484848484848486,0.45945945945945943,True,True,3.2580244000419043,3.8742873999872245,,,,,question+passage,"겨울 오전반 2차 프론트엔드 점검 설명에 대해 공유 위치는 프로젝트 슬랙 채널이라고, 마감은 다음 달 첫째 주 화요일이라고 설명했습니다.","겨울 오전반 2차 프론트엔드 점검에 대해 공유 위치는 프로젝트 슬랙 채널이라고, 마감은 다음 달 첫째 주 화요일이라고, 그리고 책임은 프론트엔드 파트라고 설명했습니다."
dataset_ko_192_final,entity_simple_hard_test_statistics_00308:final:0,entity_simple_hard_test_statistics_00308,entity_simple_hard_test_statistics_00308,True,same_source_sibling_facts,1,4,23,20,실습 A반 4차 표본분산 설명에서 의미와 주의점만 알려줘.,"실습 A반 4차 표본분산에 대해 의미는 흩어짐 측정이라고, 그리고 주의점은 순위 정렬과 다르다고 설명했습니다.",True,,,,,False,False,0.8235294117647058,0.8,0.4117647058823529,0.4,True,True,3.585731500003021,3.7218039999715984,,,,,tie,"실습 A반 4차 표본분산 설명에 대해 주의점은 순위 정렬과 다르다고, 의미는 흩어짐 측정이라고, 그리고 비유는 점들이 얼마나 퍼졌는지 보는 자라고 설명했습니다.","실습 A반 4차 표본분산 설명에 대해 의미는 흩어짐 측정이라고, 주의점은 순위 정렬과 다르다고, 그리고 핵심 도움은 순위 정렬과 다르게 되면 아닐만이라고 설명했습니다."
dataset_ko_193_final,entity_simple_hard_test_os_concept_00103:final:0,entity_simple_hard_test_os_concept_00103,entity_simple_hard_test_os_concept_00103,True,same_source_sibling_facts,1,4,23,20,겨울 A반 2차 큐 설명 중 역할과 장점에 해당하는 내용만 답해줘.,"겨울 A반 2차 큐에 대해 역할은 작업을 순서대로 기다리게 한다고, 그리고 장점은 처리 순서를 명확하게 만든다고 설명했습니다.",True,,,,,False,False,0.8717948717948718,0.8205128205128205,0.4358974358974359,0.41025641025641024,True,True,3.49133879999863,3.473466499999631,,,,,question+passage,"겨울 A반 2차 큐에 대해 장점은 처리 순서를 명확하게 만든다고, 역할은 작업을 순서대로 기다리게 한다고, 그리고 주의점은 대기 시간이 길어질 수 있다고 설명했습니다.","겨울 A반 2차 큐에 대해 역할은 작업을 순서대로 기다리게 한다고, 장점은 처리 순서를 명확하게 만든다고, 그리고 역할은 작업을 순서대로 기다리게 한다고 설명입니다."
dataset_ko_194_final,entity_simple_hard_test_marketing_00082:final:0,entity_simple_hard_test_marketing_00082,entity_simple_hard_test_marketing_00082,True,same_source_sibling_facts,1,4,23,20,교수님이 가을 오전반 1차 스터디 모집의 보상과 대상을 어떻게 말했어?,"가을 오전반 1차 스터디 모집에 대해 보상은 우선 신청권이라고, 그리고 대상은 스터디 신청자라고 설명했습니다.",True,,,,,False,False,0.8484848484848484,0.6470588235294117,0.4242424242424242,0.32352941176470584,True,True,3.3668175999773666,3.8166300999582745,,,,,question+passage,"교수님이 가을 오전반 1차 스터디 모집에 대해 보상은 우선 신청권이라고, 핵심 채널은 학과 홈페이지라고, 그리고 대상은 스터디 신청자라고 설명했습니다.","교수님이 가을 오전반 1차 스터디 모집에 대해 보상은 우선 신청권이라고, 대상은 희망 학과 학점은율이 있다고, 조건은 신청자独有的 서명장 첨부라고 설명했습니다."
dataset_ko_195_final,entity_simple_hard_test_art_history_00376:final:0,entity_simple_hard_test_art_history_00376,entity_simple_hard_test_art_history_00376,True,same_source_sibling_facts,1,4,23,20,정규 4팀 4차 바로크 설명에서 비교 포인트와 비유만 알려줘.,"정규 4팀 4차 바로크에 대해 비교 포인트는 평면적 구도와 구분된다고, 그리고 비유는 무대 조명이 한 장면을 강조하는 방식이라고 설명했습니다.",True,,,,,False,False,0.878048780487805,0.878048780487805,0.4390243902439025,0.4390243902439025,True,True,3.8581831999472342,3.876909999991767,,,,,tie,"정규 4팀 4차 바로크에 대해 비교 포인트는 평면적 구도와 구분된다고, 비유는 무대 조명이 한 장면을 강조하는 방식이라고, 그리고 목적은 감정을 강하게 전달하는 것이라고 설명했습니다.","정규 4팀 4차 바로크에 대해 비교 포인트는 평면적 구도와 구분된다고, 비유는 무대 조명이 한 장면을 강조하는 방식이라고, 그리고 비유 구조는 계속 강조하는 방식이라고 설명했습니다."
dataset_ko_196_final,entity_simple_hard_test_os_concept_00196:final:0,entity_simple_hard_test_os_concept_00196,entity_simple_hard_test_os_concept_00196,True,same_source_sibling_facts,1,4,23,20,정규 오후반 2차 프로세스 설명에서 역할과 장점만 알려줘.,"정규 오후반 2차 프로세스에 대해 역할은 독립된 실행 공간을 가진다고, 그리고 장점은 서로 영향을 줄이는 데 도움이 된다고 설명했습니다.",True,,,,,False,False,0.923076923076923,0.923076923076923,0.4615384615384615,0.4615384615384615,True,True,3.736122400034219,3.677069000026677,,,,,tie,"정규 오후반 2차 프로세스 설명에 대해 장점은 서로 영향을 줄이는 데 도움이 된다고, 역할은 독립된 실행 공간을 가진다고, 그리고 비유는 독립된 식당이라고 설명했습니다.","정규 오후반 2차 프로세스에 대해 역할은 독립된 실행 공간을 가진다고, 비유는 독립된 식당이라고, 그리고 장점은 서로 영향을 줄이는 데 도움이 된다고 설명했습니다."
dataset_ko_197_final,entity_simple_hard_test_dessert_00026:final:0,entity_simple_hard_test_dessert_00026,entity_simple_hard_test_dessert_00026,True,same_source_sibling_facts,1,4,23,20,교수님이 정규 C반 1차 마카롱의 맛과 특징을 어떻게 말했어?,"정규 C반 1차 마카롱에 대해 맛은 부드럽고 진하다고, 그리고 특징은 겉은 바삭하고 속은 촉촉하다고 설명했습니다.",True,,,,,False,False,0.4827586206896552,0.8484848484848485,0.2413793103448276,0.42424242424242425,True,True,2.667925900022965,3.3344299999880604,,,,,passage-only,"교수님은 마카롱에 대해 색깔은 알록달록하다고, 맛은 부드럽고 진하다고, 그리고 비유는 작은 보석 상자라고 설명했습니다.","교수님이 정규 C반 1차 마카롱의 맛과 특징에 대해 맛이 부드럽고 진하다고, 그리고 특징이 겉은 바삭하고 속은 촉촉하다고 설명했습니다."
dataset_ko_198_final,entity_simple_hard_test_art_history_00352:final:0,entity_simple_hard_test_art_history_00352,entity_simple_hard_test_art_history_00352,True,same_source_sibling_facts,1,4,23,20,가을 2팀 4차 바로크 설명에서 목적과 핵심 특징만 알려줘.,"가을 2팀 4차 바로크에 대해 목적은 감정을 강하게 전달하는 것이라고, 그리고 핵심 특징은 극적 명암이라고 설명했습니다.",True,,,,,False,False,0.8421052631578948,0.5714285714285714,0.4210526315789474,0.2857142857142857,True,False,3.4009413000312634,3.237148399988655,,,,,question+passage,"가을 2팀 4차 바로크에 대해 핵심 특징은 극적 명암이라고, 비유는 무대 조명이 한 장면을 강조하는 방식이라고, 그리고 목적은 감정을 강하게 전달하는 것이라고 설명했습니다.",가을 2팀 4차 바로크에 대해 목적은 기본 시각化과分明하지不同的区别이다. 핵심 특징은 극적欢快와 차분하지 not를区别과 함께 하려는 방식이라고 설명했습니다.
dataset_ko_199_final,entity_simple_hard_test_dessert_00146:final:0,entity_simple_hard_test_dessert_00146,entity_simple_hard_test_dessert_00146,True,same_source_sibling_facts,1,4,23,20,교수님이 정규 1팀 2차 마카롱의 비유와 색깔을 어떻게 말했어?,"정규 1팀 2차 마카롱에 대해 비유는 작은 보석 상자라고, 그리고 색깔은 알록달록하다고 설명했습니다.",True,,,,,False,False,0.6428571428571429,0.5,0.32142857142857145,0.25,True,False,2.971503499953542,2.619838999991771,,,,,question+passage,"교수님에 대해 비유는 작은 보석 상자라고, 색깔은 겉은 바삭하고 속은 촉촉하다고, 그리고 색깔은 알록달록하다고 설명했습니다.","professor이 정규 1팀 2차 마카롱에 대해 비유는 오직 외형적으로는 알록달록 한다고, 그리고 그 이상의 복사는 원 객체입니다."
dataset_ko_200_final,entity_simple_hard_test_art_history_00304:final:0,entity_simple_hard_test_art_history_00304,entity_simple_hard_test_art_history_00304,True,same_source_sibling_facts,1,4,23,20,캡스톤 A반 4차 바로크 설명에서 핵심 특징과 목적만 알려줘.,"캡스톤 A반 4차 바로크에 대해 핵심 특징은 극적 명암이라고, 그리고 목적은 감정을 강하게 전달하는 것이라고 설명했습니다.",True,,,,,False,False,0.8421052631578948,0.5142857142857142,0.4210526315789474,0.2571428571428571,True,False,3.6568589999806136,3.318991600011941,,,,,question+passage,"캡스톤 A반 4차 바로크에 대해 핵심 특징은 극적 명암이라고, 비유는 무대 조명이 한 장면을 강조하는 방식이라고, 그리고 목적은 감정을 강하게 전달하는 것이라고 설명했습니다.","캡스톤 A반 4차 바로크 설명만 핵심 특징과이란 생각이 고해상도 그래픽이 같은 면에서 대전에 강한 방식이라고, 목적은 감정을 강하게 전달한다고 설명했습니다."
dataset_ko_201_final,entity_simple_hard_test_os_concept_00124:final:0,entity_simple_hard_test_os_concept_00124,entity_simple_hard_test_os_concept_00124,True,same_source_sibling_facts,1,4,23,20,캡스톤 C반 2차 프로세스 설명에서 비유와 주의점만 알려줘.,"캡스톤 C반 2차 프로세스에 대해 비유는 독립된 식당이라고, 그리고 주의점은 자원을 너무 많이 쓰면 느려질 수 있다고 설명했습니다.",True,,,,,False,False,0.9189189189189189,0.8717948717948718,0.45945945945945943,0.4358974358974359,True,True,3.6902877999818884,3.7309636999852955,,,,,tie,"캡스톤 C반 2차 프로세스 설명에 대해 비유는 독립된 식당이라고, 주의점은 자원을 너무 많이 쓰면 느려질 수 있다고, 그리고 역할은 독립된 식당이라고 설명했습니다.","캡스톤 C반 2차 프로세스에 대해 비유는 독립된 식당이라고, 주의점은 자원을 너무 많이 쓰면 느려질 수 있다고, 그리고 역할은 독립된 실행 공간을 가진다고 설명했습니다."
dataset_ko_202_final,entity_simple_hard_test_marketing_00297:final:0,entity_simple_hard_test_marketing_00297,entity_simple_hard_test_marketing_00297,True,same_source_sibling_facts,1,4,23,20,심화 오후반 3차 동아리 홍보에서 핵심 채널과 성과 지표를 함께 정리해줘.,"심화 오후반 3차 동아리 홍보에 대해 핵심 채널은 오픈채팅방이라고, 그리고 성과 지표는 참여율이라고 설명했습니다.",True,,,,,False,False,0.962962962962963,0.7647058823529412,0.4814814814814815,0.3823529411764706,True,True,2.622960400010925,3.37141469999915,,,,,question+passage,"심화 오후반 3차 동아리 홍보에 대해 핵심 채널은 오픈채팅방이라고, 성과 지표는 참여율이라고 설명했습니다.","심화 오후반 3차 동아리 홍보에 대해 핵심 채널은 게시판과 메일 리스트라고, 성과 지표는 참여율이라고, 그리고 보상은 추첨 당첨 상품이라고 설명했습니다."
dataset_ko_203_final,entity_simple_hard_test_dessert_00363:final:0,entity_simple_hard_test_dessert_00363,entity_simple_hard_test_dessert_00363,True,same_source_sibling_facts,1,4,23,20,겨울 3팀 4차 브라우니 설명 중 특징과 맛에 해당하는 내용만 답해줘.,"겨울 3팀 4차 브라우니에 대해 특징은 속이 촉촉하게 남는다고, 그리고 맛은 묵직하게 달콤하다고 설명했습니다.",True,,,,,False,False,0.9032258064516129,0.9032258064516129,0.45161290322580644,0.45161290322580644,True,True,3.880987099953927,3.5237532000173815,,,,,tie,"겨울 3팀 4차 브라우니에 대해 특징은 속이 촉촉하게 남는다고, 맛은 묵직하게 달콤하다고, 그리고 설명은 초콜렛을 압축한 케이크라고 설명했습니다.","겨울 3팀 4차 브라우니에 대해 특징은 속이 촉촉하게 남는다고, 맛은 묵직하게 달콤하다고, 그리고 색깔은 진한 갈색이라고 설명했습니다."
dataset_ko_204_final,entity_simple_hard_test_art_history_00089:final:0,entity_simple_hard_test_art_history_00089,entity_simple_hard_test_art_history_00089,True,same_source_sibling_facts,1,4,23,20,세미나 오전반 1차 입체주의에서 비교 포인트와 비유를 함께 정리해줘.,"세미나 오전반 1차 입체주의에 대해 비교 포인트는 단일 원근과 다르다고, 그리고 비유는 여러 방향에서 본 사물을 한 화면에 놓는 방식이라고 설명했습니다.",True,,,,,False,False,0.9047619047619047,0.9047619047619047,0.45238095238095233,0.45238095238095233,True,True,3.865538000012748,3.8315500000026077,,,,,tie,"세미나 오전반 1차 입체주의에 대해 비교 포인트는 단일 원근과 다르다고, 핵심 특징은 여러 시점이라고, 그리고 비유는 여러 방향에서 본 사물을 한 화면에 놓는 방식이라고 설명했습니다.","세미나 오전반 1차 입체주의에 대해 비교 포인트는 단일 원근과 다르다고, 핵심 특징은 여러 시점이라고, 그리고 비유는 여러 방향에서 본 사물을 한 화면에 놓는 방식이라고 설명했습니다."
dataset_ko_205_final,entity_simple_hard_test_art_history_00114:final:0,entity_simple_hard_test_art_history_00114,entity_simple_hard_test_art_history_00114,True,same_source_sibling_facts,1,4,23,20,교수님이 캡스톤 B반 2차 인상주의의 핵심 특징과 목적을 어떻게 말했어?,"캡스톤 B반 2차 인상주의에 대해 핵심 특징은 빛의 순간적인 인상이라고, 그리고 목적은 관찰 순간을 살리는 것이라고 설명했습니다.",True,,,,,False,False,0.46511627906976744,0.4666666666666667,0.23255813953488372,0.23333333333333334,False,False,4.436636600003112,2.456105200049933,,,,,tie,"캡스톤 B반 2차 인상주의에 대해 핵심 특징은 다양한 핵심 틀이 있을 것이라고, 핵심 특징은 정확한 정의를 향하는 것이라고, 그리고 비유는 햇빛이 흔들리는 수면에 비친 모습이라고 설명했습니다.",교수님이 캡스톤 B반 2차 인상주의의 핵심 특징을 관찰과 현지의 느낌과 비교 포인트로 말했습니다.
dataset_ko_206_final,entity_simple_hard_test_marketing_00154:final:0,entity_simple_hard_test_marketing_00154,entity_simple_hard_test_marketing_00154,True,same_source_sibling_facts,1,4,23,20,교수님이 캡스톤 2팀 2차 스터디 모집의 성과 지표와 핵심 채널을 어떻게 말했어?,"캡스톤 2팀 2차 스터디 모집에 대해 성과 지표는 완료율이라고, 그리고 핵심 채널은 학과 홈페이지라고 설명했습니다.",True,,,,,False,False,0.6666666666666666,0.8823529411764706,0.3333333333333333,0.4411764705882353,True,True,4.107360000023618,3.5496503000031225,,,,,passage-only,"교수님이 캡스톤 2팀 2차 스터디 모집의 성과 지표를 중심으로 핵심 채널은采访은 기본 단위라고, 대상은 스터디 신청자라고, 그리고 성과 지표는 완료율이라고 설명했습니다.","교수님의 캡스톤 2팀 2차 스터디 모집에 대해 성과 지표는 완료율이라고, 핵심 채널은 학과 홈페이지라고, 그리고 보상은 우선 신청권이라고 설명했습니다."
dataset_ko_207_final,entity_simple_hard_test_dessert_00218:final:0,entity_simple_hard_test_dessert_00218,entity_simple_hard_test_dessert_00218,True,same_source_sibling_facts,1,4,23,20,교수님이 실습 B반 3차 마카롱의 맛과 특징을 어떻게 말했어?,"실습 B반 3차 마카롱에 대해 맛은 부드럽고 진하다고, 그리고 특징은 겉은 바삭하고 속은 촉촉하다고 설명했습니다.",True,,,,,False,False,0.8823529411764706,0.7428571428571429,0.4411764705882353,0.37142857142857144,True,True,3.3551767999888398,3.861545899999328,,,,,question+passage,"실습 B반 3차 마카롱에 대해 맛은 부드럽고 진하다고, 특징은 겉은 바삭하고 속은 촉촉하다고, 그리고 비유는 작은 보석 상자라고 설명했습니다.","실습 B반 3차 마카롱의 맛과 특징: 맛이 부드럽고 진하다고, 비유가 익숙한 동물의 맛이라고, 그리고 특징이 겉은 바삭하고 속은 촉촉하다고 설명했습니다."
dataset_ko_208_final,entity_simple_hard_test_os_concept_00053:final:0,entity_simple_hard_test_os_concept_00053,entity_simple_hard_test_os_concept_00053,True,same_source_sibling_facts,1,4,23,20,겨울 2팀 1차 스레드에서 장점과 역할을 함께 정리해줘.,"겨울 2팀 1차 스레드에 대해 장점은 작업을 가볍게 나눌 수 있다고, 그리고 역할은 프로세스 안에서 작업을 나누어 실행한다고 설명했습니다.",True,,,,,False,False,0.7499999999999999,0.7647058823529411,0.37499999999999994,0.38235294117647056,True,True,3.442525199963711,2.5253832999733277,,,,,tie,"겨울 2팀 1차 스레드에 대해 장점은 작업을 가볍게 나눌 수 있다고, 역할은 프로세스 중에 사용된다고, 그리고 비유는 같은 식당 안에서 일하는 직원이라고 설명했습니다.","겨울 2팀 1차 스레드에 대해 장점은 작업을 가볍게 나눌 수 있다고, 역할은 특정 부분 작업을 가집니다.이라고 설명했습니다."
dataset_ko_209_final,entity_simple_hard_test_project_00084:final:0,entity_simple_hard_test_project_00084,entity_simple_hard_test_project_00084,True,same_source_sibling_facts,1,4,23,20,캡스톤 오전반 1차 최종 발표 설명에서 공유 위치와 마감만 알려줘.,"캡스톤 오전반 1차 최종 발표에 대해 공유 위치는 팀 노션 페이지라고, 그리고 마감은 다음 주 월요일 밤이라고 설명했습니다.",True,,,,,False,False,0.8648648648648648,0.7777777777777777,0.4324324324324324,0.38888888888888884,True,True,3.2765441000228748,3.3612162999925204,,,,,question+passage,"캡스톤 오전반 1차 최종 발표에 대해 공유 위치는 팀 노션 페이지라고, 마감은 다음 주 월요일 밤이라고, 그리고 공유 이유는 근거 제시 여부라고 설명했습니다.","캡스톤 오전반 1차 최종 발표 설명에 대해 공유 위치는 메타 네트워크에서 진행한다고, 마감은 다음 주 월요일 밤이라고, 그리고 담당은 기획 파트라고 설명했습니다."
dataset_ko_210_final,entity_simple_hard_test_dessert_00024:final:0,entity_simple_hard_test_dessert_00024,entity_simple_hard_test_dessert_00024,True,same_source_sibling_facts,1,4,23,20,캡스톤 C반 1차 초콜렛 설명에서 맛과 특징만 알려줘.,"캡스톤 C반 1차 초콜렛에 대해 맛은 달콤하다고, 그리고 특징은 입안에서 천천히 녹는다고 설명했습니다.",True,,,,,False,False,0.9285714285714286,0.9285714285714286,0.4642857142857143,0.4642857142857143,True,True,3.0358848000178114,3.04504649998853,,,,,tie,"캡스톤 C반 1차 초콜렛 설명에 대해 맛은 달콤하다고, 특징은 입안에서 천천히 녹는다고, 그리고 맛은 달콤하다고 설명했습니다.","캡스톤 C반 1차 초콜렛 설명에 대해 맛은 달콤하다고, 특징은 입안에서 천천히 녹는다고, 그리고 색깔은 검정색이라고 설명했습니다."
dataset_ko_211_final,entity_simple_hard_test_art_history_00161:final:0,entity_simple_hard_test_art_history_00161,entity_simple_hard_test_art_history_00161,True,same_source_sibling_facts,1,4,23,20,여름 3팀 2차 입체주의에서 목적과 핵심 특징을 함께 정리해줘.,"여름 3팀 2차 입체주의에 대해 목적은 대상을 새롭게 해석하는 것이라고, 그리고 핵심 특징은 여러 시점이라고 설명했습니다.",True,,,,,False,False,0.8205128205128205,0.6666666666666667,0.41025641025641024,0.33333333333333337,True,True,3.7896339000435546,3.334871400031261,,,,,question+passage,"여름 3팀 2차 입체주의에 대해 핵심 특징은 여러 시점이라고, 비유는 여러 방향에서 본 사물을 한 화면에 놓는 방식이라고, 그리고 목적은 대상을 새롭게 해석하는 것이라고 설명했습니다.","여름 3팀 2차 입체주의에 대해 목적은 행동을 수정하는 새로운 시각을 제공하는 것이라고, 핵심 특징은 단일 원근과 다르다고, 그리고 비교 포인트는 여러 시점이라고 설명했습니다."
dataset_ko_212_final,entity_simple_hard_test_marketing_00033:final:0,entity_simple_hard_test_marketing_00033,entity_simple_hard_test_marketing_00033,True,same_source_sibling_facts,1,4,23,20,겨울 D반 1차 동아리 홍보에서 대상과 보상을 함께 정리해줘.,"겨울 D반 1차 동아리 홍보에 대해 대상은 동아리 회원이라고, 그리고 보상은 굿즈 추첨권이라고 설명했습니다.",True,,,,,False,False,0.962962962962963,0.8,0.4814814814814815,0.4,True,True,2.1837558999541216,3.5942216999828815,,,,,question+passage,"겨울 D반 1차 동아리 홍보에 대해 대상은 동아리 회원이라고, 보상은 굿즈 추첨권이라고 설명했습니다.","겨울 D반 1차 동아리 홍보에 대해 대상은 동아리 회원이라고, 보상은 굿즈 추첨권이라고, 조건은 먼저 상을 받는다고, 그리고 결과는 점심 식사권이라고 설명했습니다."
dataset_ko_213_final,entity_simple_hard_test_art_history_00043:final:0,entity_simple_hard_test_art_history_00043,entity_simple_hard_test_art_history_00043,True,same_source_sibling_facts,1,4,23,20,겨울 1팀 1차 르네상스 설명 중 비유와 비교 포인트에 해당하는 내용만 답해줘.,"겨울 1팀 1차 르네상스에 대해 비유는 사람을 화면 중앙에 다시 세우는 방식이라고, 그리고 비교 포인트는 절대왕정 중심 설명과 다르다고 설명했습니다.",True,,,,,False,False,0.7906976744186046,0.761904761904762,0.3953488372093023,0.380952380952381,True,True,4.225005699961912,3.616820800001733,,,,,tie,"겨울 1팀 1차 르네상스 설명을 이해하는 방식은 사람을 화면 중앙에 다시 세우는 방식이라고, 목적은 사람의 가치를 드러내는 것이라고, 그리고 비교 포인트는 절대왕정 중심 설명과 다르다고 설명했습니다.","겨울 1팀 1차 르네상스에 대해 비유는 사람을 화면 중앙에 다시 세우는 방식이라고, 목적은 사람의 가치를 드러내는 것이라고, 그리고 비교 포인트에 해당하는 내용이라고 설명했습니다."
dataset_ko_214_final,entity_simple_hard_test_marketing_00394:final:0,entity_simple_hard_test_marketing_00394,entity_simple_hard_test_marketing_00394,True,same_source_sibling_facts,1,4,23,20,교수님이 캡스톤 오후반 4차 스터디 모집의 핵심 채널과 성과 지표를 어떻게 말했어?,"캡스톤 오후반 4차 스터디 모집에 대해 핵심 채널은 학과 홈페이지라고, 그리고 성과 지표는 완료율이라고 설명했습니다.",True,,,,,False,False,0.7142857142857142,0.8823529411764706,0.3571428571428571,0.4411764705882353,False,True,2.493544200027827,3.658198499993887,,,,,passage-only,교수님이 캡스톤 오후반 4차 스터디 모집의 핵심 채널을 성과 지표로 설정하는 이유을 설명했습니다.,"캡스톤 오후반 4차 스터디 모집에 대해 핵심 채널은 학과 홈페이지라고, 성과 지표는 완료율이라고, 그리고 핵심 채널은 학과 대시보드라고 설명했습니다."
dataset_ko_215_final,entity_simple_hard_test_statistics_00021:final:0,entity_simple_hard_test_statistics_00021,entity_simple_hard_test_statistics_00021,True,same_source_sibling_facts,1,4,23,20,여름 C반 1차 신뢰구간에서 의미와 주의점을 함께 정리해줘.,"여름 C반 1차 신뢰구간에 대해 의미는 모수 추정 범위라고, 그리고 주의점은 정답 하나를 보장하지 않는다고 설명했습니다.",True,,,,,False,False,0.8205128205128205,0.6153846153846153,0.41025641025641024,0.30769230769230765,True,True,3.6492023000027984,3.621352400048636,,,,,question+passage,"여름 C반 1차 신뢰구간에 대해 주의점은 정답 하나를 보장하지 않는다고, 의미는 모수 추정 범위라고, 그리고 비유는 정답이 있을 법한 범위를 그은 지도라고 설명했습니다.","여름 C반 1차 신뢰구간에 대해 의미는 모수 추정 범위라고, 주의점은 직접 데이터가 달라지는 범위가 아니라고, 그리고 의미와 주의점 모두 포함형 추정 범위라고 설명했습니다."
dataset_ko_216_final,entity_simple_hard_test_marketing_00296:final:0,entity_simple_hard_test_marketing_00296,entity_simple_hard_test_marketing_00296,True,same_source_sibling_facts,1,4,23,20,정규 오후반 3차 신입생 캠페인 설명에서 핵심 채널과 성과 지표만 알려줘.,"정규 오후반 3차 신입생 캠페인에 대해 핵심 채널은 인스타그램이라고, 그리고 성과 지표는 전환율이라고 설명했습니다.",True,,,,,False,False,0.7586206896551724,0.8666666666666666,0.3793103448275862,0.4333333333333333,True,True,3.3492776000057347,3.5573441999731585,,,,,passage-only,"정규 오후반 3차 신입생 캠페인 성과 지표만 알려주고 핵심 채널은 인스타그램이라고, 핵심 채널은 인스타그램이라고 설명했습니다.","정규 오후반 3차 신입생 캠페인 설명에서 핵심 채널은 인스타그램이라고, 성과 지표는 전환율이라고, 그리고 핵심 채널은 인스타그램이라고 설명했습니다."
dataset_ko_217_final,entity_simple_hard_test_marketing_00298:final:0,entity_simple_hard_test_marketing_00298,entity_simple_hard_test_marketing_00298,True,same_source_sibling_facts,1,4,23,20,교수님이 실습 오후반 3차 스터디 모집의 핵심 채널과 성과 지표를 어떻게 말했어?,"실습 오후반 3차 스터디 모집에 대해 핵심 채널은 학과 홈페이지라고, 그리고 성과 지표는 완료율이라고 설명했습니다.",True,,,,,False,False,0.5789473684210527,0.8571428571428571,0.2894736842105263,0.42857142857142855,False,True,3.915311800024938,3.9532163999974728,,,,,passage-only,교수님이 실습 오후반 3차 스터디 모집의 핵심 채널을 성과 지표로 설정하는 이유을 이해하는 큐브는 성과 지표에 대해 핵심 채널이 함양하는 결과 면으로 설명했습니다.,"교수님이 실습 오후반 3차 스터디 모집에 대해 핵심 채널은 학과 홈페이지라고, 성과 지표는 완료율이라고, 그리고 핵심 채널은 학과 브랜드라고 설명했습니다."
dataset_ko_218_final,entity_simple_hard_test_os_concept_00268:final:0,entity_simple_hard_test_os_concept_00268,entity_simple_hard_test_os_concept_00268,True,same_source_sibling_facts,1,4,23,20,실습 3팀 3차 프로세스 설명에서 주의점과 비유만 알려줘.,"실습 3팀 3차 프로세스에 대해 주의점은 자원을 너무 많이 쓰면 느려질 수 있다고, 그리고 비유는 독립된 식당이라고 설명했습니다.",True,,,,,False,False,0.8717948717948718,0.85,0.4358974358974359,0.425,True,True,3.8089831999968737,3.9776178000029176,,,,,tie,"실습 3팀 3차 프로세스 설명에 대해 주의점은 자원을 너무 많이 쓰면 느려질 수 있다고, 비유는 독립된 식당이라고, 그리고 역할은 독립된 실행 공간을 가진다고 설명했습니다.","실습 3팀 3차 프로세스 설명에 대해 주의점은 자원을 너무 많이 쓰면 느려질 수 있다고, 비유는 독립된 식당이라고, 그리고 비유의 장점은 독립된 실행 공간을 가진다고 설명했습니다."
dataset_ko_219_final,entity_simple_hard_test_project_00085:final:0,entity_simple_hard_test_project_00085,entity_simple_hard_test_project_00085,True,same_source_sibling_facts,1,4,23,20,파일럿 오전반 1차 백엔드 배포에서 공유 위치와 마감을 함께 정리해줘.,"파일럿 오전반 1차 백엔드 배포에 대해 공유 위치는 깃허브 이슈 탭이라고, 그리고 마감은 수요일 오후 다섯 시라고 설명했습니다.",True,,,,,False,False,0.9714285714285714,0.5294117647058824,0.4857142857142857,0.2647058823529412,True,False,2.798552199965343,3.1970023999456316,,,,,question+passage,"파일럿 오전반 1차 백엔드 배포에 대해 공유 위치는 깃허브 이슈 탭이라고, 마감은 수요일 오후 다섯 시라고 설명했습니다.","파일럿 오전반 1차 백엔드 배포에 대해 공유 위치는 README.md이라고, 공감대가 빠르게 잡히는 부분은 수�을 탈신고라고 설명한다고 설명했습니다."
dataset_ko_220_final,entity_simple_hard_test_art_history_00088:final:0,entity_simple_hard_test_art_history_00088,entity_simple_hard_test_art_history_00088,True,same_source_sibling_facts,1,4,23,20,실습 오전반 1차 바로크 설명에서 비교 포인트와 비유만 알려줘.,"실습 오전반 1차 바로크에 대해 비교 포인트는 평면적 구도와 구분된다고, 그리고 비유는 무대 조명이 한 장면을 강조하는 방식이라고 설명했습니다.",True,,,,,False,False,0.878048780487805,0.55,0.4390243902439025,0.275,True,False,3.878141900000628,3.9050206000101753,,,,,question+passage,"실습 오전반 1차 바로크에 대해 비교 포인트는 평면적 구도와 구분된다고, 비유는 무대 조명이 한 장면을 강조하는 방식이라고, 그리고 목적은 감정을 강하게 전달하는 것이라고 설명했습니다.","실습 오전반 1차 바로크 설명에 대해 비교 포인트는 같은 주제를 여러 angles에서_seen说道说道,区别在于비유는 상황을 더 명확하게 나타나는 방식이라고, 그리고 핵심 특징은 극적 명암이라고 설명했습니다."
dataset_ko_221_final,entity_simple_hard_test_art_history_00017:final:0,entity_simple_hard_test_art_history_00017,entity_simple_hard_test_art_history_00017,True,same_source_sibling_facts,1,4,23,20,심화 B반 1차 입체주의에서 핵심 특징과 목적을 함께 정리해줘.,"심화 B반 1차 입체주의에 대해 핵심 특징은 여러 시점이라고, 그리고 목적은 대상을 새롭게 해석하는 것이라고 설명했습니다.",True,,,,,False,False,0.8205128205128205,0.8,0.41025641025641024,0.4,True,True,3.7341171000152826,3.7796423999825493,,,,,tie,"심화 B반 1차 입체주의에 대해 핵심 특징은 여러 시점이라고, 비유는 여러 방향에서 본 사물을 한 화면에 놓는 방식이라고, 그리고 목적은 대상을 새롭게 해석하는 것이라고 설명했습니다.","심화 B반 1차 입체주의에 대해 핵심 특징은 여러 시점이라고, 목적은 대상을 새롭게 해석하는 것이라고, 그리고 심화 B반 1차 입체주의는 시점만 단일化 되는 것이라고 설명했습니다."
dataset_ko_222_final,entity_simple_hard_test_project_00039:final:0,entity_simple_hard_test_project_00039,entity_simple_hard_test_project_00039,True,same_source_sibling_facts,1,4,23,20,세미나 D반 1차 프론트엔드 점검 설명 중 마감과 공유 위치에 해당하는 내용만 답해줘.,"세미나 D반 1차 프론트엔드 점검에 대해 마감은 다음 달 첫째 주 화요일이라고, 그리고 공유 위치는 프로젝트 슬랙 채널이라고 설명했습니다.",True,,,,,False,False,0.9189189189189189,0.5454545454545455,0.45945945945945943,0.27272727272727276,True,False,4.090702300018165,4.940630299970508,,,,,question+passage,"세미나 D반 1차 프론트엔드 점검 설명에 대해 공유 위치는 프로젝트 슬랙 채널이라고, 담당은 프론트엔드 파트라고, 그리고 마감은 다음 달 첫째 주 화요일이라고 설명했습니다.","세미나 D반 1차 프론트엔드 점검에 대해 마감은 종료되지만, 공유 위치는 개인 드롭박스 채널이라고, 관리자 설명은 이해가 어려운데, 공유 내용은 사용자 차단이라고, 그리고 관리자 설명은 확인 기준은 사용자 차단이라고 설명했습니다."
dataset_ko_223_final,entity_simple_hard_test_os_concept_00295:final:0,entity_simple_hard_test_os_concept_00295,entity_simple_hard_test_os_concept_00295,True,same_source_sibling_facts,1,4,23,20,파일럿 오후반 3차 큐 설명 중 역할과 장점에 해당하는 내용만 답해줘.,"파일럿 오후반 3차 큐에 대해 역할은 작업을 순서대로 기다리게 한다고, 그리고 장점은 처리 순서를 명확하게 만든다고 설명했습니다.",True,,,,,False,False,0.8717948717948718,0.9189189189189189,0.4358974358974359,0.45945945945945943,True,True,3.6525428000022657,3.0975531000294723,,,,,tie,"파일럿 오후반 3차 큐에 대해 장점은 처리 순서를 명확하게 만든다고, 역할은 작업을 순서대로 기다리게 한다고, 그리고 주의점은 대기 시간이 길어질 수 있다고 설명했습니다.","파일럿 오후반 3차 큐에 대해 역할은 작업을 순서대로 기다리게 한다고, 장점은 처리 순서를 명확하게 만든다고, 그리고 사용 이유는 faster라고 설명했습니다."
dataset_ko_224_final,entity_simple_hard_test_os_concept_00223:final:0,entity_simple_hard_test_os_concept_00223,entity_simple_hard_test_os_concept_00223,True,same_source_sibling_facts,1,4,23,20,겨울 C반 3차 큐 설명 중 비유와 주의점에 해당하는 내용만 답해줘.,"겨울 C반 3차 큐에 대해 비유는 번호표를 뽑고 기다리는 줄이라고, 그리고 주의점은 대기 시간이 길어질 수 있다고 설명했습니다.",True,,,,,False,False,0.8717948717948718,0.6315789473684211,0.4358974358974359,0.31578947368421056,True,True,3.719326500024181,3.3259691999992356,,,,,question+passage,"겨울 C반 3차 큐에 대해 비유는 번호표를 뽑고 기다리는 줄이라고, 장점은 처리 순서를 명확하게 만든다고, 그리고 주의점은 대기 시간이 길어질 수 있다고 설명했습니다.","겨울 C반 3차 큐에 대해 비유는 선을 따는 작업을 담당한다고, 주의점은 대기 시간이 길어질 수 있다고, 그리고 결算是 다른 계정에 복사되는 값을 설명했다."
dataset_ko_225_final,entity_simple_hard_test_art_history_00208:final:0,entity_simple_hard_test_art_history_00208,entity_simple_hard_test_art_history_00208,True,same_source_sibling_facts,1,4,23,20,실습 A반 3차 바로크 설명에서 핵심 특징과 목적만 알려줘.,"실습 A반 3차 바로크에 대해 핵심 특징은 극적 명암이라고, 그리고 목적은 감정을 강하게 전달하는 것이라고 설명했습니다.",True,,,,,False,False,0.8421052631578948,0.7222222222222223,0.4210526315789474,0.36111111111111116,True,True,3.5430599999963306,3.229167099983897,,,,,question+passage,"실습 A반 3차 바로크에 대해 핵심 특징은 극적 명암이라고, 비유는 무대 조명이 한 장면을 강조하는 방식이라고, 그리고 목적은 감정을 강하게 전달하는 것이라고 설명했습니다.","실습 A반 3차 바로크 설명에 대해 핵심 특징은 극적 명암이라고, 목적은 실제 구색을 강조하는 것이라고, 그리고 핵심 특징은 극적 명암이라고 설명했습니다."
dataset_ko_226_final,entity_simple_hard_test_marketing_00107:final:0,entity_simple_hard_test_marketing_00107,entity_simple_hard_test_marketing_00107,True,same_source_sibling_facts,1,4,23,20,심화 A반 2차 멘토링 이벤트 설명 중 핵심 채널과 성과 지표에 해당하는 내용만 답해줘.,"심화 A반 2차 멘토링 이벤트에 대해 핵심 채널은 이메일 뉴스레터라고, 그리고 성과 지표는 재방문율이라고 설명했습니다.",True,,,,,False,False,0.7222222222222222,0.8235294117647058,0.3611111111111111,0.4117647058823529,True,True,3.847599499975331,3.6656925000133924,,,,,passage-only,"심화 A반 2차 멘토링 이벤트 설명에 대해 핵심 채널과 성과 지표는 재방문율이라고, 대상은 멘토링 참여 학생이라고, 그리고 성장 지표는 재방문 고객률이라고 설명했습니다.","심화 A반 2차 멘토링 이벤트에 대해 핵심 채널은 이메일 뉴스레터라고, 성과 지표는 참여율이라고, 그리고 확산 방식은 소셜 네트워king이라고 설명했습니다."
dataset_ko_227_final,entity_simple_hard_test_marketing_00226:final:0,entity_simple_hard_test_marketing_00226,entity_simple_hard_test_marketing_00226,True,same_source_sibling_facts,1,4,23,20,교수님이 정규 C반 3차 스터디 모집의 대상과 보상을 어떻게 말했어?,"정규 C반 3차 스터디 모집에 대해 대상은 스터디 신청자라고, 그리고 보상은 우선 신청권이라고 설명했습니다.",True,,,,,False,False,0.8484848484848484,0.9285714285714286,0.4242424242424242,0.4642857142857143,True,True,3.323547099949792,2.379593299992848,,,,,passage-only,"교수님이 정규 C반 3차 스터디 모집에 대해 대상은 스터디 신청자라고, 보상은 우선 신청권이라고, 그리고 핵심 채널은 학과 홈페이지라고 설명했습니다.","교수님이 정규 C반 3차 스터디 모집의 대상은 스터디 신청자라고, 그리고 보상은 우선 신청권이라고 설명했습니다."
dataset_ko_228_final,entity_simple_hard_test_statistics_00237:final:0,entity_simple_hard_test_statistics_00237,entity_simple_hard_test_statistics_00237,True,same_source_sibling_facts,1,4,23,20,심화 D반 3차 신뢰구간에서 비유와 활용을 함께 정리해줘.,"심화 D반 3차 신뢰구간에 대해 비유는 정답이 있을 법한 범위를 그은 지도라고, 그리고 활용은 추정의 불확실성을 설명할 때 쓴다고 설명했습니다.",True,,,,,False,False,0.8837209302325582,0.8837209302325582,0.4418604651162791,0.4418604651162791,True,True,3.9528317999793217,3.9313461999990977,,,,,tie,"심화 D반 3차 신뢰구간에 대해 비유는 정답이 있을 법한 범위를 그은 지도라고, 주의점은 정답 하나를 보장하지 않는다고, 그리고 활용은 추정의 불확실성을 설명할 때 쓴다고 설명했습니다.","심화 D반 3차 신뢰구간에 대해 비유는 정답이 있을 법한 범위를 그은 지도라고, 활용은 추정의 불확실성을 설명할 때 쓴다고, 그리고 특징은 정답 하나를 보장하지 않는다고 설명했습니다."
dataset_ko_229_final,entity_simple_hard_test_dessert_00123:final:0,entity_simple_hard_test_dessert_00123,entity_simple_hard_test_dessert_00123,True,same_source_sibling_facts,1,4,23,20,겨울 C반 2차 브라우니 설명 중 맛과 특징에 해당하는 내용만 답해줘.,"겨울 C반 2차 브라우니에 대해 맛은 묵직하게 달콤하다고, 그리고 특징은 속이 촉촉하게 남는다고 설명했습니다.",True,,,,,False,False,0.9032258064516129,0.8750000000000001,0.45161290322580644,0.43750000000000006,True,True,3.576761299977079,3.898272199963685,,,,,tie,"겨울 C반 2차 브라우니에 대해 맛은 묵직하게 달콤하다고, 특징은 속이 촉촉하게 남는다고, 그리고 맛은 묵직하게 달콤하다고 설명했습니다.","겨울 C반 2차 브라우니에 대해 맛은 묵직하게 달콤하다고, 설명은 5명에겐 달콤한 효과를 약속한다고, 그리고 특징은 속이 촉촉하게 남는다고 설명했습니다."
dataset_ko_230_final,entity_simple_hard_test_dessert_00337:final:0,entity_simple_hard_test_dessert_00337,entity_simple_hard_test_dessert_00337,True,same_source_sibling_facts,1,4,23,20,심화 D반 4차 솜사탕에서 비유와 색깔을 함께 정리해줘.,"심화 D반 4차 솜사탕에 대해 비유는 구름 같은 간식이라고, 그리고 색깔은 분홍색이라고 설명했습니다.",True,,,,,False,False,0.9600000000000001,0.6666666666666666,0.48000000000000004,0.3333333333333333,True,False,2.1573597000096925,2.199990199995227,,,,,question+passage,"심화 D반 4차 솜사탕에 대해 비유는 구름 같은 간식이라고, 색깔은 분홍색이라고 설명했습니다.",심화 D반 4차 솜사탕에 대해 비유는 아마자비를 놓고 비유는 구름 같은 새로운 클래스라고 설명했습니다.
dataset_ko_231_final,entity_simple_hard_test_marketing_00274:final:0,entity_simple_hard_test_marketing_00274,entity_simple_hard_test_marketing_00274,True,same_source_sibling_facts,1,4,23,20,교수님이 캡스톤 4팀 3차 스터디 모집의 보상과 대상을 어떻게 말했어?,"캡스톤 4팀 3차 스터디 모집에 대해 보상은 우선 신청권이라고, 그리고 대상은 스터디 신청자라고 설명했습니다.",True,,,,,False,False,0.8484848484848484,0.7272727272727273,0.4242424242424242,0.36363636363636365,True,True,3.550329900055658,3.4564646999933757,,,,,question+passage,"교수님이 캡스톤 4팀 3차 스터디 모집에 대해 보상은 우선 신청권이라고, 핵심 채널은 학과 홈페이지라고, 그리고 대상은 스터디 신청자라고 설명했습니다.","교수님 캡스톤 4팀 3차 스터디 모집에 대해 보상은 우선 신청권이라고, 대상은 high-likelihood themes이라고, 그리고 조건은 핵심 채널의 경계라고 설명했습니다."
dataset_ko_232_final,entity_simple_hard_test_statistics_00212:final:0,entity_simple_hard_test_statistics_00212,entity_simple_hard_test_statistics_00212,True,same_source_sibling_facts,1,4,23,20,가을 B반 3차 표본분산 설명에서 의미와 주의점만 알려줘.,"가을 B반 3차 표본분산에 대해 의미는 흩어짐 측정이라고, 그리고 주의점은 순위 정렬과 다르다고 설명했습니다.",True,,,,,False,False,0.8235294117647058,0.8484848484848484,0.4117647058823529,0.4242424242424242,True,True,3.5716409999877214,3.6659734999993816,,,,,tie,"가을 B반 3차 표본분산에 대해 주의점은 순위 정렬과 다르다고, 의미는 흩어짐 측정이라고, 그리고 비유는 점들이 얼마나 퍼졌는지 보는 자라고 설명했습니다.","가을 B반 3차 표본분산 표본분산 설명에 대해 의미는 흩어짐 측정이라고, 주의점은 순위 정렬과 다르다고, 그리고 활용은 데이터의 흩어짐 측정이라고 설명했습니다."
dataset_ko_233_final,entity_simple_hard_test_project_00038:final:0,entity_simple_hard_test_project_00038,entity_simple_hard_test_project_00038,True,same_source_sibling_facts,1,4,23,20,교수님이 실습 D반 1차 AI 모델 평가의 마감과 공유 위치를 어떻게 말했어?,"실습 D반 1차 AI 모델 평가에 대해 마감은 금요일 자정 전이라고, 그리고 공유 위치는 회의록 폴더라고 설명했습니다.",True,,,,,False,False,0.45714285714285713,0.6,0.22857142857142856,0.3,False,False,2.6993894000188448,3.8515766999917105,,,,,passage-only,"교수님의 AI 모델 평가의 마감 위치는 줄기가 시작인 not folder이라고, 공유 위치는 자료청주라고, 그리고 이름은 AI 파트라고 설명했습니다.","교수님이 실습 D반 1차 AI 모델 평가의 마감과 공유 위치를 설명하는 데 사용된 키워드는 “공유 위치”라고, 마감은 “마감 전”이라고, 그리고 위치는 “공유 위치”라고 설명했습니다."
dataset_ko_234_final,entity_simple_hard_test_project_00086:final:0,entity_simple_hard_test_project_00086,entity_simple_hard_test_project_00086,True,same_source_sibling_facts,1,4,23,20,교수님이 정규 오전반 1차 AI 모델 평가의 공유 위치와 마감을 어떻게 말했어?,"정규 오전반 1차 AI 모델 평가에 대해 공유 위치는 회의록 폴더라고, 그리고 마감은 금요일 자정 전이라고 설명했습니다.",True,,,,,False,False,0.7999999999999999,0.5882352941176471,0.39999999999999997,0.29411764705882354,True,False,3.6707470000255853,2.5203196000074968,,,,,question+passage,"교수님 정규 오전반 1차 AI 모델 평가의 공유 위치와 마감을 공유 위치은 회의록 폴더라고, 마감은 금요일 자정 전이라고, 그리고 확인 기준은 정답률이라고 설명했습니다.",교수님이 정규 오전반 1차 AI 모델 평가의 공유 위치와 마감은 공유 위치로 돌아가기 전에 수정해야 함을 설명했습니다.
dataset_ko_235_final,entity_simple_hard_test_marketing_00009:final:0,entity_simple_hard_test_marketing_00009,entity_simple_hard_test_marketing_00009,True,same_source_sibling_facts,1,4,23,20,세미나 A반 1차 동아리 홍보에서 핵심 채널과 성과 지표를 함께 정리해줘.,"세미나 A반 1차 동아리 홍보에 대해 핵심 채널은 오픈채팅방이라고, 그리고 성과 지표는 참여율이라고 설명했습니다.",True,,,,,False,False,0.962962962962963,0.8125000000000001,0.4814814814814815,0.40625000000000006,True,True,2.6134732000064105,3.191301700018812,,,,,question+passage,"세미나 A반 1차 동아리 홍보에 대해 핵심 채널은 오픈채팅방이라고, 성과 지표는 참여율이라고 설명했습니다.","세미나 A반 1차 동아리 홍보에 대해 핵심 채널은 서브 채널이라고, 성과 지표는 참여율이라고, 그리고 대상은 동아리 회원이라고 설명했습니다."
dataset_ko_236_final,entity_simple_hard_test_project_00180:final:0,entity_simple_hard_test_project_00180,entity_simple_hard_test_project_00180,True,same_source_sibling_facts,1,4,23,20,봄 오전반 2차 최종 발표 설명에서 공유 위치와 마감만 알려줘.,"봄 오전반 2차 최종 발표에 대해 공유 위치는 팀 노션 페이지라고, 그리고 마감은 다음 주 월요일 밤이라고 설명했습니다.",True,,,,,False,False,0.8571428571428571,0.8823529411764706,0.42857142857142855,0.4411764705882353,True,True,3.1487420999910682,2.8749803999671713,,,,,tie,"봄 오전반 2차 최종 발표에 대해 공유 위치는 팀 노션 페이지라고, 마감은 다음 주 월요일 밤이라고, 그리고 확인 기준은 근거 제시 여부라고 설명했습니다.","봄 오전반 2차 최종 발표 설명에 대해 공유 위치는 노션 페이지라고, 공유 위치는 메인 페이지라고, 그리고 마감은 다음 주 월요일 밤이라고 설명했습니다."
dataset_ko_237_final,entity_simple_hard_test_marketing_00251:final:0,entity_simple_hard_test_marketing_00251,entity_simple_hard_test_marketing_00251,True,same_source_sibling_facts,1,4,23,20,여름 2팀 3차 멘토링 이벤트 설명 중 성과 지표와 핵심 채널에 해당하는 내용만 답해줘.,"여름 2팀 3차 멘토링 이벤트에 대해 성과 지표는 재방문율이라고, 그리고 핵심 채널은 이메일 뉴스레터라고 설명했습니다.",True,,,,,False,False,0.8823529411764706,0.8333333333333333,0.4411764705882353,0.41666666666666663,True,True,3.8394677999895066,4.540849799988791,,,,,tie,"여름 2팀 3차 멘토링 이벤트 설명에 대해 핵심 채널은 이메일 뉴스레터라고, 대상은 멘토링 참여 학생이라고, 그리고 성과 지표는 재방문율이라고 설명했습니다.","여름 2팀 3차 멘토링 이벤트에 대해 성과 지표는 재방문율이라고, 핵심 채널은 이메일 뉴스레터라고, 그리고 핵심 채널의 연결요소는 이메일 뉴스레터 링크라고 설명했습니다."
dataset_ko_238_final,entity_simple_hard_test_project_00325:final:0,entity_simple_hard_test_project_00325,entity_simple_hard_test_project_00325,True,same_source_sibling_facts,1,4,23,20,파일럿 C반 4차 백엔드 배포에서 마감과 공유 위치를 함께 정리해줘.,"파일럿 C반 4차 백엔드 배포에 대해 마감은 수요일 오후 다섯 시라고, 그리고 공유 위치는 깃허브 이슈 탭이라고 설명했습니다.",True,,,,,False,False,0.923076923076923,0.7142857142857143,0.4615384615384615,0.35714285714285715,True,True,3.4864742000354454,3.5405146999983117,,,,,question+passage,"파일럿 C반 4차 백엔드 배포에 대해 공유 위치는 깃허브 이슈 탭이라고, 담당은 백엔드 팀이라고, 그리고 마감은 수요일 오후 다섯 시라고 설명했습니다.","파일럿 C반 4차 백엔드 배포에 대해 마감은 수요일 오후 다섯 시라고, 함께 정리해주는 공유 위치은 단일 페이지에 오류라고, 그리고 확인은 소스 코드 관리자라고 설명했습니다."
dataset_ko_239_final,entity_simple_hard_test_os_concept_00173:final:0,entity_simple_hard_test_os_concept_00173,entity_simple_hard_test_os_concept_00173,True,same_source_sibling_facts,1,4,23,20,겨울 4팀 2차 스레드에서 주의점과 비유를 함께 정리해줘.,"겨울 4팀 2차 스레드에 대해 주의점은 공유 자원 관리가 필요하다고, 그리고 비유는 같은 식당 안에서 일하는 직원이라고 설명했습니다.",True,,,,,False,False,0.8571428571428571,0.3902439024390244,0.42857142857142855,0.1951219512195122,True,False,3.8022820000187494,3.9659785000258125,,,,,question+passage,"겨울 4팀 2차 스레드에 대해 주의점은 공유 자원 관리가 필요하다고, 비유는 같은 식당 안에서 일하는 직원이라고, 그리고 역할은 프로세스 안에서 작업을 나누어 실행한다고 설명했습니다.","겨울 4팀 2차 스레드에 대해 생각이 여러 개인데, 가장 유용한 비유는 ‘코드 중에서의 움직임’이라고, 겨울이라고는 아니지 않다고, 그리고 중요성은 ‘작업과 함께하는 인물’이라고 설명했습니다."
dataset_ko_240_final,entity_simple_hard_test_marketing_00176:final:0,entity_simple_hard_test_marketing_00176,entity_simple_hard_test_marketing_00176,True,same_source_sibling_facts,1,4,23,20,정규 4팀 2차 신입생 캠페인 설명에서 보상과 대상만 알려줘.,"정규 4팀 2차 신입생 캠페인에 대해 보상은 커피 쿠폰이라고, 그리고 대상은 신입생이라고 설명했습니다.",True,,,,,False,False,0.896551724137931,0.3870967741935484,0.4482758620689655,0.1935483870967742,True,True,3.253754500008654,3.6343737000133842,,,,,question+passage,"정규 4팀 2차 신입생 캠페인에 대해 보상은 커피 쿠폰이라고, 대상은 신입생이라고, 그리고 성과 지표는 전환율이라고 설명했습니다.","정규 4팀 2차 신입생 캠페인 설명에서 보상이라고 하니 상금이라고, 대상이라고 하니 핵심 채널이라고, 그리고 대상이라고 하니 핵심 채널이라고 했습니다."
dataset_ko_241_final,entity_simple_hard_test_statistics_00381:final:0,entity_simple_hard_test_statistics_00381,entity_simple_hard_test_statistics_00381,True,same_source_sibling_facts,1,4,23,20,여름 오전반 4차 신뢰구간에서 활용과 비유를 함께 정리해줘.,"여름 오전반 4차 신뢰구간에 대해 활용은 추정의 불확실성을 설명할 때 쓴다고, 그리고 비유는 정답이 있을 법한 범위를 그은 지도라고 설명했습니다.",True,,,,,False,False,0.8837209302325582,0.6363636363636364,0.4418604651162791,0.3181818181818182,True,True,4.035556400020141,4.198696799983736,,,,,question+passage,"여름 오전반 4차 신뢰구간에 대해 비유는 정답이 있을 법한 범위를 그은 지도라고, 주의점은 정답 하나를 보장하지 않는다고, 그리고 활용은 추정의 불확실성을 설명할 때 쓴다고 설명했습니다.","여름 오전반 4차 신뢰구간에 대해 활용은 추정의 불확실성을 설명할 때 쓴다고, 비유는 숫자가 정해진 범위를 담는 상을 설명하는 단위라고, 그리고 활용은 추정의 일부를 보여주는 상이라고 설명했습니다."
dataset_ko_242_final,entity_simple_hard_test_dessert_00027:final:0,entity_simple_hard_test_dessert_00027,entity_simple_hard_test_dessert_00027,True,same_source_sibling_facts,1,4,23,20,심화 C반 1차 브라우니 설명 중 맛과 특징에 해당하는 내용만 답해줘.,"심화 C반 1차 브라우니에 대해 맛은 묵직하게 달콤하다고, 그리고 특징은 속이 촉촉하게 남는다고 설명했습니다.",True,,,,,False,False,0.9032258064516129,0.8750000000000001,0.45161290322580644,0.43750000000000006,True,True,3.5169146999833174,3.842964400013443,,,,,tie,"심화 C반 1차 브라우니에 대해 맛은 묵직하게 달콤하다고, 특징은 속이 촉촉하게 남는다고, 그리고 맛은 묵직하게 달콤하다고 설명했습니다.","심화 C반 1차 브라우니에 대해 맛은 묵직하게 달콤하다고, 비유는 초콜렛을 압축한 케이크라고, 그리고 특징은 속이 촉촉하게 남는다고 설명했습니다."
dataset_ko_243_final,entity_simple_hard_test_dessert_00025:final:0,entity_simple_hard_test_dessert_00025,entity_simple_hard_test_dessert_00025,True,same_source_sibling_facts,1,4,23,20,파일럿 C반 1차 솜사탕에서 맛과 특징을 함께 정리해줘.,"파일럿 C반 1차 솜사탕에 대해 맛은 가볍게 달콤하다고, 그리고 특징은 입에 닿으면 빠르게 사라진다고 설명했습니다.",True,,,,,False,False,0.8823529411764706,0.689655172413793,0.4411764705882353,0.3448275862068965,True,True,3.4172031999914907,2.7280123999807984,,,,,question+passage,"파일럿 C반 1차 솜사탕에 대해 맛은 가볍게 달콤하다고, 특징은 입에 닿으면 빠르게 사라진다고, 그리고 비유는 구름 같은 간식이라고 설명했습니다.","파일럿 C반 1차 솜사탕에 대해 맛은 가볍게 달콤하다고, 맛은 진하다고, 그리고 색깔은 분홍색이라고 설명했습니다."
dataset_ko_244_final,entity_simple_hard_test_project_00012:final:0,entity_simple_hard_test_project_00012,entity_simple_hard_test_project_00012,True,same_source_sibling_facts,1,4,23,20,가을 B반 1차 최종 발표 설명에서 담당과 확인 기준만 알려줘.,"가을 B반 1차 최종 발표에 대해 담당은 기획 파트라고, 그리고 확인 기준은 근거 제시 여부라고 설명했습니다.",True,,,,,False,False,0.888888888888889,0.7272727272727272,0.4444444444444445,0.3636363636363636,True,True,3.014063500042539,2.863974000036251,,,,,question+passage,"가을 B반 1차 최종 발표 설명에 대해 확인 기준은 근거 제시 여부라고, 공유 위치는 팀 노션 페이지라고, 그리고 담당은 기획 파트라고 설명했습니다.","가을 B반 1차 최종 발표 설명에 대해 담당은 기획 파트라고, 확인 기준은 타 기준과 차이점을 확인할 터직자 위치라고 설명했습니다."
dataset_ko_245_final,entity_simple_hard_test_art_history_00113:final:0,entity_simple_hard_test_art_history_00113,entity_simple_hard_test_art_history_00113,True,same_source_sibling_facts,1,4,23,20,겨울 B반 2차 입체주의에서 핵심 특징과 목적을 함께 정리해줘.,"겨울 B반 2차 입체주의에 대해 핵심 특징은 여러 시점이라고, 그리고 목적은 대상을 새롭게 해석하는 것이라고 설명했습니다.",True,,,,,False,False,0.8205128205128205,0.8205128205128205,0.41025641025641024,0.41025641025641024,True,True,3.7350892000249587,3.710985100013204,,,,,tie,"겨울 B반 2차 입체주의에 대해 핵심 특징은 여러 시점이라고, 비유는 여러 방향에서 본 사물을 한 화면에 놓는 방식이라고, 그리고 목적은 대상을 새롭게 해석하는 것이라고 설명했습니다.","겨울 B반 2차 입체주의에 대해 핵심 특징은 여러 시점이라고, 목적은 대상을 새롭게 해석하는 것이라고, 그리고 비유는 여러 방향에서 본 사물을 한 화면에 놓는 방식이라고 설명했습니다."
dataset_ko_246_final,entity_simple_hard_test_art_history_00355:final:0,entity_simple_hard_test_art_history_00355,entity_simple_hard_test_art_history_00355,True,same_source_sibling_facts,1,4,23,20,파일럿 2팀 4차 르네상스 설명 중 목적과 핵심 특징에 해당하는 내용만 답해줘.,"파일럿 2팀 4차 르네상스에 대해 목적은 사람의 가치를 드러내는 것이라고, 그리고 핵심 특징은 인문주의라고 설명했습니다.",True,,,,,False,False,0.8108108108108109,0.8108108108108109,0.40540540540540543,0.40540540540540543,True,True,3.8867357000126503,3.9458491999539547,,,,,tie,"파일럿 2팀 4차 르네상스에 대해 핵심 특징은 인문주의라고, 비유는 사람을 화면 중앙에 다시 세우는 방식이라고, 그리고 목적은 사람의 가치를 드러내는 것이라고 설명했습니다.","파일럿 2팀 4차 르네상스에 대해 목적은 사람의 가치를 드러내는 것이라고, 핵심 특징은 인문주의라고, 그리고 사용 방식은 직线에서 면에 영향을 드는 방식이라고 설명했습니다."
dataset_ko_247_final,entity_simple_hard_test_art_history_00065:final:0,entity_simple_hard_test_art_history_00065,entity_simple_hard_test_art_history_00065,True,same_source_sibling_facts,1,4,23,20,파일럿 3팀 1차 입체주의에서 목적과 핵심 특징을 함께 정리해줘.,"파일럿 3팀 1차 입체주의에 대해 목적은 대상을 새롭게 해석하는 것이라고, 그리고 핵심 특징은 여러 시점이라고 설명했습니다.",True,,,,,False,False,0.8205128205128205,0.9411764705882353,0.41025641025641024,0.47058823529411764,True,True,3.8749685999937356,2.850320399971679,,,,,passage-only,"파일럿 3팀 1차 입체주의에 대해 핵심 특징은 여러 시점이라고, 비유는 여러 방향에서 본 사물을 한 화면에 놓는 방식이라고, 그리고 목적은 대상을 새롭게 해석하는 것이라고 설명했습니다.","파일럿 3팀 1차 입체주의에 대해 목적은 대상을 새롭게 해석하는 것이라고, 핵심 특징은 여러 시점이라고, 그리고 핵심 구조라고 설명했습니다."
dataset_ko_248_final,entity_simple_hard_test_marketing_00249:final:0,entity_simple_hard_test_marketing_00249,entity_simple_hard_test_marketing_00249,True,same_source_sibling_facts,1,4,23,20,세미나 1팀 3차 동아리 홍보에서 성과 지표와 핵심 채널을 함께 정리해줘.,"세미나 1팀 3차 동아리 홍보에 대해 성과 지표는 참여율이라고, 그리고 핵심 채널은 오픈채팅방이라고 설명했습니다.",True,,,,,False,False,0.9032258064516129,0.7878787878787878,0.45161290322580644,0.3939393939393939,True,True,3.2683701000059955,3.6309786000056192,,,,,question+passage,"세미나 1팀 3차 동아리 홍보에 대해 핵심 채널은 오픈채팅방이라고, 대상은 동아리 회원이라고, 그리고 성과 지표는 참여율이라고 설명했습니다.","세미나 1팀 3차 동아리 홍보에 대해 성과 지표는 참여율이라고, 핵심 채널은 게시판과 채널 분석이라고, 그리고 보상은 굿즈 추첨권이라고 설명했습니다."
dataset_ko_249_final,entity_simple_hard_test_os_concept_00341:final:0,entity_simple_hard_test_os_concept_00341,entity_simple_hard_test_os_concept_00341,True,same_source_sibling_facts,1,4,23,20,여름 1팀 4차 스레드에서 장점과 역할을 함께 정리해줘.,"여름 1팀 4차 스레드에 대해 장점은 작업을 가볍게 나눌 수 있다고, 그리고 역할은 프로세스 안에서 작업을 나누어 실행한다고 설명했습니다.",True,,,,,False,False,0.7555555555555556,0.42857142857142855,0.3777777777777778,0.21428571428571427,True,False,4.013963799981866,7.608168299950194,,,,,question+passage,"여름 1팀 4차 스레드에 대해 장점은 작업을 가볍게 나눌 수 있다고, 역할은 프로세스 중에 사용된 자원을 가볍게 나눌 수 있다고, 그리고 보안이 같은 함수에 사용하는 작업을 나누어 실행한다고 설명했습니다.","여름 1팀 4차 스레드에 대해 주의점은 공유 자원 관리가 필요하다고, 역할은 프로세스 안에서 자원 조정을 담당한다고, 그리고 적정 사용 방식은 공유 자원 관리와 함께工作에分為而來而來說是分為而來而來說是分為而來而來說是分為而來而來說是分為而來而來說是分為而來而來說是分為而來而來說是分為而來而來說是"
dataset_ko_250_final,entity_simple_hard_test_art_history_00066:final:0,entity_simple_hard_test_art_history_00066,entity_simple_hard_test_art_history_00066,True,same_source_sibling_facts,1,4,23,20,교수님이 정규 3팀 1차 인상주의의 목적과 핵심 특징을 어떻게 말했어?,"정규 3팀 1차 인상주의에 대해 목적은 관찰 순간을 살리는 것이라고, 그리고 핵심 특징은 빛의 순간적인 인상이라고 설명했습니다.",True,,,,,False,False,0.717948717948718,0.7391304347826086,0.358974358974359,0.3695652173913043,True,True,3.7517875999910757,4.871355399955064,,,,,tie,"교수님이 정규 3팀 1차 인상주의에 대해 핵심 특징은 자유화라고, 비유는 햇빛이 흔들리는 수면에 비친 모습이라고, 그리고 목적은 관찰 순간을 살리는 것이라고 설명했습니다.","교수님이 정규 3팀 1차 인상주의의 목적과 핵심 특징을 어떻게 말했어?에 대해 목적은 관찰 순간을 살리는 것이라고, 비교 포인트는 정확한 윤곽보다 색감이 중요하다고, 그리고 핵심 특징은 빛의 순간적인 인상이라고 설명했습니다."
dataset_ko_251_final,entity_simple_hard_test_project_00399:final:0,entity_simple_hard_test_project_00399,entity_simple_hard_test_project_00399,True,same_source_sibling_facts,1,4,23,20,세미나 오후반 4차 프론트엔드 점검 설명 중 담당과 확인 기준에 해당하는 내용만 답해줘.,"세미나 오후반 4차 프론트엔드 점검에 대해 담당은 프론트엔드 파트라고, 그리고 확인 기준은 사용자 차단 여부라고 설명했습니다.",True,,,,,False,False,0.8648648648648648,0.888888888888889,0.4324324324324324,0.4444444444444445,True,True,3.9441747999517247,3.803945299994666,,,,,tie,"세미나 오후반 4차 프론트엔드 점검 설명에 대해 확인 기준은 사용자 차단 여부라고, 공유 위치는 프로젝트 슬랙 채널이라고, 그리고 담당은 프론트엔드 파트라고 설명했습니다.","세미나 오후반 4차 프론트엔드 점검에 대해 담당은 프론트엔드 파트라고, 마감은 다음 달 첫째 주 화요일이라고, 그리고 확인 기준은 사용자 차단 여부라고 설명했습니다."
dataset_ko_252_final,entity_simple_hard_test_project_00108:final:0,entity_simple_hard_test_project_00108,entity_simple_hard_test_project_00108,True,same_source_sibling_facts,1,4,23,20,실습 A반 2차 최종 발표 설명에서 담당과 확인 기준만 알려줘.,"실습 A반 2차 최종 발표에 대해 담당은 기획 파트라고, 그리고 확인 기준은 근거 제시 여부라고 설명했습니다.",True,,,,,False,False,0.888888888888889,0.967741935483871,0.4444444444444445,0.4838709677419355,True,True,2.9892878000391647,2.3470542000140995,,,,,passage-only,"실습 A반 2차 최종 발표에 대해 확인 기준은 근거 제시 여부라고, 공유 위치는 팀 노션 페이지라고, 그리고 담당은 기획 파트라고 설명했습니다.","실습 A반 2차 최종 발표 설명에 대해 담당은 기획 파트라고, 확인 기준은 근거 제시 여부라고 설명했습니다."
dataset_ko_253_final,entity_simple_hard_test_statistics_00215:final:0,entity_simple_hard_test_statistics_00215,entity_simple_hard_test_statistics_00215,True,same_source_sibling_facts,1,4,23,20,파일럿 B반 3차 회귀분석 설명 중 의미와 주의점에 해당하는 내용만 답해줘.,"파일럿 B반 3차 회귀분석에 대해 의미는 관계의 경향 설명이라고, 그리고 주의점은 모든 원인을 증명하지는 않는다고 설명했습니다.",True,,,,,False,False,0.8648648648648648,0.8205128205128205,0.4324324324324324,0.41025641025641024,True,True,3.506198499992024,3.979943500016816,,,,,tie,"파일럿 B반 3차 회귀분석에 대해 주의점은 모든 원인을 증명하지는 않는다고, 활용은 예측 경향을 설명할 때 쓴다고, 그리고 의미는 관계의 경향 설명이라고 설명했습니다.","파일럿 B반 3차 회귀분석 설명에 대해 의미는 관계의 경향 설명이라고, 주의점은 모든 원인을 증명하지는 않는다고, 그리고 비유는 흩어진 점 사이에 길을 그어 보는 일이라고 설명했습니다."
dataset_ko_254_final,entity_simple_hard_test_statistics_00214:final:0,entity_simple_hard_test_statistics_00214,entity_simple_hard_test_statistics_00214,True,same_source_sibling_facts,1,4,23,20,교수님이 캡스톤 B반 3차 상관계수의 의미와 주의점을 어떻게 말했어?,"캡스톤 B반 3차 상관계수에 대해 의미는 선형 관계 강도라고, 그리고 주의점은 원인 증명을 뜻하지 않는다고 설명했습니다.",True,,,,,False,False,0.8108108108108109,0.761904761904762,0.40540540540540543,0.380952380952381,True,True,3.9780910999979824,4.495730100024957,,,,,tie,"교수님이 캡스톤 B반 3차 상관계수의 의미은 선형 관계 강도라고, 주의점은 원인 증명을 뜻하지 않는다고, 그리고 비유는 두 변수의 움직임을 비교하는 나침반이라고 설명했습니다.","교수님이 캡스톤 B반 3차 상관계수의 의미와 주의점을 어떻게 말했어?에 대해 주의점은 원인 증명을 뜻하지 않는다고, 의미는 선형 관계 강도라고, 그리고 문제는 원인 증명을 뜻하지 않는다고 설명했습니다."
dataset_ko_255_final,entity_simple_hard_test_statistics_00358:final:0,entity_simple_hard_test_statistics_00358,entity_simple_hard_test_statistics_00358,True,same_source_sibling_facts,1,4,23,20,교수님이 실습 2팀 4차 상관계수의 주의점과 의미를 어떻게 말했어?,"실습 2팀 4차 상관계수에 대해 주의점은 원인 증명을 뜻하지 않는다고, 그리고 의미는 선형 관계 강도라고 설명했습니다.",True,,,,,False,False,0.8108108108108109,0.4666666666666667,0.40540540540540543,0.23333333333333334,True,False,3.944375300023239,2.1523387000197545,,,,,question+passage,"교수님이 실습 2팀 4차 상관계수의 주의점은 원인 증명을 뜻하지 않는다고, 의미는 선형 관계 강도라고, 그리고 비유는 두 변수의 움직임을 비교하는 나침반이라고 설명했습니다.",교수님�이 실습 2팀 4차 상관계수의 주의점과 의미를 설명하시면 다음과 같은 의의가 있을 것이라고 설명했습니다.
dataset_ko_256_final,entity_simple_hard_test_art_history_00163:final:0,entity_simple_hard_test_art_history_00163,entity_simple_hard_test_art_history_00163,True,same_source_sibling_facts,1,4,23,20,겨울 3팀 2차 르네상스 설명 중 목적과 핵심 특징에 해당하는 내용만 답해줘.,"겨울 3팀 2차 르네상스에 대해 목적은 사람의 가치를 드러내는 것이라고, 그리고 핵심 특징은 인문주의라고 설명했습니다.",True,,,,,False,False,0.8108108108108109,0.9090909090909091,0.40540540540540543,0.45454545454545453,True,True,3.787827600026503,3.349092600052245,,,,,passage-only,"겨울 3팀 2차 르네상스에 대해 핵심 특징은 인문주의라고, 비유는 사람을 화면 중앙에 다시 세우는 방식이라고, 그리고 목적은 사람의 가치를 드러내는 것이라고 설명했습니다.","겨울 3팀 2차 르네상스에 대해 목적은 사람의 가치를 드러내는 것이라고, 핵심 특징은 인문주의라고, 그리고 격인 명사는 인문주의자라고 설명했습니다."
dataset_ko_257_final,entity_simple_hard_test_dessert_00194:final:0,entity_simple_hard_test_dessert_00194,entity_simple_hard_test_dessert_00194,True,same_source_sibling_facts,1,4,23,20,교수님이 캡스톤 오후반 2차 마카롱의 색깔과 비유를 어떻게 말했어?,"캡스톤 오후반 2차 마카롱에 대해 색깔은 알록달록하다고, 그리고 비유는 작은 보석 상자라고 설명했습니다.",True,,,,,False,False,0.787878787878788,0.896551724137931,0.393939393939394,0.4482758620689655,True,True,4.039935800014064,3.0077903000055812,,,,,passage-only,"교수님이 캡스톤 오후반 2차 마카롱의 색깔에 대해 비유는 작은 보석 상자라고, 특징은 겉은 바삭하고 속은 촉촉하다고, 그리고 색깔은 알록달록하다고 설명했습니다.","캡스톤 오후반 2차 마카롱에 대해 색깔은 알록달록하다고, 비유는 작은 보석 상자라고, 그리고 혼합은 부드럽고 진하다고 설명했습니다."
dataset_ko_258_final,entity_simple_hard_test_marketing_00129:final:0,entity_simple_hard_test_marketing_00129,entity_simple_hard_test_marketing_00129,True,same_source_sibling_facts,1,4,23,20,세미나 C반 2차 동아리 홍보에서 대상과 보상을 함께 정리해줘.,"세미나 C반 2차 동아리 홍보에 대해 대상은 동아리 회원이라고, 그리고 보상은 굿즈 추첨권이라고 설명했습니다.",True,,,,,False,False,0.962962962962963,0.8235294117647058,0.4814814814814815,0.4117647058823529,True,True,2.3598137999651954,3.4349686999921687,,,,,question+passage,"세미나 C반 2차 동아리 홍보에 대해 대상은 동아리 회원이라고, 보상은 굿즈 추첨권이라고 설명했습니다.","세미나 C반 2차 동아리 홍보에 대해 대상은 동아리 회원이라고, 보상은 굿즈 추첨권이라고, 조건은 참여를 받는다고, 그리고 성과 지표는 참여율이라고 설명했습니다."
dataset_ko_259_final,entity_simple_hard_test_dessert_00288:final:0,entity_simple_hard_test_dessert_00288,entity_simple_hard_test_dessert_00288,True,same_source_sibling_facts,1,4,23,20,실습 오전반 3차 초콜렛 설명에서 색깔과 비유만 알려줘.,"실습 오전반 3차 초콜렛에 대해 색깔은 검정색이라고, 그리고 비유는 작은 선물 상자라고 설명했습니다.",True,,,,,False,False,0.8387096774193548,0.6896551724137931,0.4193548387096774,0.3448275862068966,True,True,3.134973100037314,3.0579084000200965,,,,,question+passage,"실습 오전반 3차 초콜렛 설명에 대해 비유는 세계 작은 선물 상자라고, 특징은 입안에서 천천히 녹는다고, 그리고 색깔은 검정색이라고 설명했습니다.","실습 오전반 3차 초콜렛에 대해 색깔은 검정색이라고, 비유는 다르게 보여서의icolor이라고, 그리고 특징은 입안에서 천천히 변화한다고 설명했습니다."
dataset_ko_260_final,entity_simple_hard_test_dessert_00315:final:0,entity_simple_hard_test_dessert_00315,entity_simple_hard_test_dessert_00315,True,same_source_sibling_facts,1,4,23,20,파일럿 B반 4차 브라우니 설명 중 맛과 특징에 해당하는 내용만 답해줘.,"파일럿 B반 4차 브라우니에 대해 맛은 묵직하게 달콤하다고, 그리고 특징은 속이 촉촉하게 남는다고 설명했습니다.",True,,,,,False,False,0.9032258064516129,0.8750000000000001,0.45161290322580644,0.43750000000000006,True,True,3.631145599996671,3.889563200005796,,,,,tie,"파일럿 B반 4차 브라우니에 대해 맛은 묵직하게 달콤하다고, 특징은 속이 촉촉하게 남는다고, 그리고 맛은 묵직하게 달콤하다고 설명했습니다.","파일럿 B반 4차 브라우니에 대해 맛은 묵직하게 달콤하다고, 비유는 초콜렛을 압축한 케이크라고, 그리고 특징은 속이 촉촉하게 남는다고 설명했습니다."
dataset_ko_261_final,entity_simple_hard_test_project_00206:final:0,entity_simple_hard_test_project_00206,entity_simple_hard_test_project_00206,True,same_source_sibling_facts,1,4,23,20,교수님이 정규 A반 3차 AI 모델 평가의 담당과 확인 기준을 어떻게 말했어?,"정규 A반 3차 AI 모델 평가에 대해 담당은 AI 파트라고, 그리고 확인 기준은 정답률이라고 설명했습니다.",True,,,,,False,False,0.7567567567567568,0.7428571428571429,0.3783783783783784,0.37142857142857144,True,True,3.5920659999828786,3.0315934999962337,,,,,tie,"교수님이 정규 A반 3차 AI 모델 평가의 담당과 확인 기준을 공유 위치는 회의록 폴더라고, 담당은 AI 파트라고, 그리고 확인 기준은 정답률이라고 설명했습니다.","교수님 정규 A반 3차 AI 모델 평가에 대해 담당은 AI 파트라고, 확인 기준은 정답률을 설명했다고, 그리고 담당은 AI 파트라고 설명했다."
dataset_ko_262_final,entity_simple_hard_test_marketing_00106:final:0,entity_simple_hard_test_marketing_00106,entity_simple_hard_test_marketing_00106,True,same_source_sibling_facts,1,4,23,20,교수님이 정규 A반 2차 스터디 모집의 핵심 채널과 성과 지표를 어떻게 말했어?,"정규 A반 2차 스터디 모집에 대해 핵심 채널은 학과 홈페이지라고, 그리고 성과 지표는 완료율이라고 설명했습니다.",True,,,,,False,False,0.7741935483870969,0.8823529411764706,0.38709677419354843,0.4411764705882353,True,True,3.205441099999007,3.349602300033439,,,,,passage-only,"교수님이 정규 A반 2차 스터디 모집의 핵심 채널을 성과 지표로는 완료율이라고, 핵심 채널은 학과 홈페이지라고 설명했습니다.","교수님이 정규 A반 2차 스터디 모집에 대해 핵심 채널은 학과 홈페이지라고, 성과 지표는 완료율이라고, 그리고 보상은 우선 신청권이라고 설명했습니다."
dataset_ko_263_final,entity_simple_hard_test_art_history_00211:final:0,entity_simple_hard_test_art_history_00211,entity_simple_hard_test_art_history_00211,True,same_source_sibling_facts,1,4,23,20,여름 B반 3차 르네상스 설명 중 핵심 특징과 목적에 해당하는 내용만 답해줘.,"여름 B반 3차 르네상스에 대해 핵심 특징은 인문주의라고, 그리고 목적은 사람의 가치를 드러내는 것이라고 설명했습니다.",True,,,,,False,False,0.9655172413793104,0.9090909090909091,0.4827586206896552,0.45454545454545453,True,True,2.573834099981468,3.4925647000200115,,,,,question+passage,"여름 B반 3차 르네상스에 대해 핵심 특징은 인문주의라고, 목적은 사람의 가치를 드러내는 것이라고 설명했습니다.","여름 B반 3차 르네상스에 대해 핵심 특징은 인문주의라고, 목적은 사람의 가치를 드러내는 것이라고, 그리고 학문적 중차대분류는 인문주의라고 설명했습니다."
dataset_ko_264_final,entity_simple_hard_test_dessert_00168:final:0,entity_simple_hard_test_dessert_00168,entity_simple_hard_test_dessert_00168,True,same_source_sibling_facts,1,4,23,20,실습 3팀 2차 초콜렛 설명에서 특징과 맛만 알려줘.,"실습 3팀 2차 초콜렛에 대해 특징은 입안에서 천천히 녹는다고, 그리고 맛은 달콤하다고 설명했습니다.",True,,,,,False,False,0.8666666666666666,0.9285714285714286,0.4333333333333333,0.4642857142857143,True,True,3.1258446000283584,2.966130000015255,,,,,passage-only,"실습 3팀 2차 초콜렛 설명에 대해 특징은 입안에서 천천히 녹는다고, 맛은 달콤하다고, 그리고 비유는 작은 선물 상자라고 설명했습니다.","실습 3팀 2차 초콜렛에 대해 특징은 입안에서 천천히 녹는다고, 맛은 달콤하다고, 그리고 색깔은 검정색이라고 설명했습니다."
dataset_ko_265_final,entity_simple_hard_test_project_00324:final:0,entity_simple_hard_test_project_00324,entity_simple_hard_test_project_00324,True,same_source_sibling_facts,1,4,23,20,캡스톤 C반 4차 최종 발표 설명에서 마감과 공유 위치만 알려줘.,"캡스톤 C반 4차 최종 발표에 대해 마감은 다음 주 월요일 밤이라고, 그리고 공유 위치는 팀 노션 페이지라고 설명했습니다.",True,,,,,False,False,0.8648648648648648,0.967741935483871,0.4324324324324324,0.4838709677419355,True,True,3.204280400008429,2.4642503000213765,,,,,passage-only,"캡스톤 C반 4차 최종 발표에 대해 공유 위치는 팀 노션 페이지라고, 마감은 다음 주 월요일 밤이라고, 그리고 확인 기준은 근거 제시 여부라고 설명했습니다.","캡스톤 C반 4차 최종 발표 설명에 대해 마감은 다음 주 월요일 밤이라고, 공유 위치는 팀 노션 페이지라고 설명했습니다."
dataset_ko_266_final,entity_simple_hard_test_os_concept_00366:final:0,entity_simple_hard_test_os_concept_00366,entity_simple_hard_test_os_concept_00366,True,same_source_sibling_facts,1,4,23,20,교수님이 정규 3팀 4차 캐시의 주의점과 비유를 어떻게 말했어?,"정규 3팀 4차 캐시에 대해 주의점은 오래된 정보가 남을 수 있다고, 그리고 비유는 책상 위에 올려둔 책이라고 설명했습니다.",True,,,,,False,False,0.85,0.8292682926829268,0.425,0.4146341463414634,True,True,3.863431599980686,4.081192700017709,,,,,tie,"professor가 정규 3팀 4차 캐시에 대해 비유는 책상 위에 올려둔 책이라고, 장점은 반복 접근을 빠르게 만든다고, 그리고 주의점은 오래된 정보가 남을 수 있다고 설명했습니다.","교수님이 정규 3팀 4차 캐시에 대해 주의점은 오래된 정보가 남을 수 있다고, 비유는 책상 위에 올려둔 책이라고, 그리고 역할은 자주 쓰는 책을 가까이 둔다고 설명했습니다."
dataset_ko_267_final,entity_simple_hard_test_art_history_00210:final:0,entity_simple_hard_test_art_history_00210,entity_simple_hard_test_art_history_00210,True,same_source_sibling_facts,1,4,23,20,교수님이 봄 B반 3차 인상주의의 핵심 특징과 목적을 어떻게 말했어?,"봄 B반 3차 인상주의에 대해 핵심 특징은 빛의 순간적인 인상이라고, 그리고 목적은 관찰 순간을 살리는 것이라고 설명했습니다.",True,,,,,False,False,0.425531914893617,0.3333333333333333,0.2127659574468085,0.16666666666666666,False,False,5.524856299976818,2.6258665999630466,,,,,question+passage,"봄 B반 3차 인상주의에 대해 핵심 특징은 왕의 목적에요. 이 생각은 봄 B반 3차 인상주의에 대해 핵심 특징은 왕의 예방자라고, 핵심 특점은 예전에 자신을 부도nantive 특징이라고, 그리고 목적은 관리 투명성을 중요하게 생각하는 것이라고 설명했습니다.",봄 B반 3차 인상주의의 핵심 특징을 교수님이 말하는 봄과 비슷하게 보이는 부분은 원형의 반달형 영상입니다.
dataset_ko_268_final,entity_simple_hard_test_project_00087:final:0,entity_simple_hard_test_project_00087,entity_simple_hard_test_project_00087,True,same_source_sibling_facts,1,4,23,20,심화 오전반 1차 프론트엔드 점검 설명 중 공유 위치와 마감에 해당하는 내용만 답해줘.,"심화 오전반 1차 프론트엔드 점검에 대해 공유 위치는 프로젝트 슬랙 채널이라고, 그리고 마감은 다음 달 첫째 주 화요일이라고 설명했습니다.",True,,,,,False,False,0.9696969696969697,0.9189189189189189,0.48484848484848486,0.45945945945945943,True,True,3.245184400002472,3.9405201000045054,,,,,question+passage,"심화 오전반 1차 프론트엔드 점검 설명에 대해 공유 위치는 프로젝트 슬랙 채널이라고, 마감은 다음 달 첫째 주 화요일이라고 설명했습니다.","심화 오전반 1차 프론트엔드 점검에 대해 공유 위치는 프로젝트 슬랙 채널이라고, 마감은 다음 달 첫째 주 화요일이라고, 그리고 책임은 프론트엔드 파트라고 설명했습니다."
dataset_ko_269_final,entity_simple_hard_test_dessert_00193:final:0,entity_simple_hard_test_dessert_00193,entity_simple_hard_test_dessert_00193,True,same_source_sibling_facts,1,4,23,20,겨울 오후반 2차 솜사탕에서 색깔과 비유를 함께 정리해줘.,"겨울 오후반 2차 솜사탕에 대해 색깔은 분홍색이라고, 그리고 비유는 구름 같은 간식이라고 설명했습니다.",True,,,,,False,False,0.9600000000000001,0.8387096774193548,0.48000000000000004,0.4193548387096774,True,True,2.188503800018225,3.314268100017216,,,,,question+passage,"겨울 오후반 2차 솜사탕에 대해 색깔은 분홍색이라고, 비유는 구름 같은 간식이라고 설명했습니다.","겨울 오후반 2차 솜사탕에 대해 색깔은 분홍색이라고, 비유는 구름 같은 간식이라고, 그리고 특징은 입에 닿으면 빠르게 사라진다고 설명했습니다."
dataset_ko_270_final,entity_simple_hard_test_statistics_00310:final:0,entity_simple_hard_test_statistics_00310,entity_simple_hard_test_statistics_00310,True,same_source_sibling_facts,1,4,23,20,교수님이 봄 B반 4차 상관계수의 의미와 주의점을 어떻게 말했어?,"봄 B반 4차 상관계수에 대해 의미는 선형 관계 강도라고, 그리고 주의점은 원인 증명을 뜻하지 않는다고 설명했습니다.",True,,,,,False,False,0.5238095238095238,0.8108108108108109,0.2619047619047619,0.40540540540540543,True,True,4.96973239997169,3.7373608999769203,,,,,passage-only,"professor의 4차 상관계수의 의미은 원인 증명을 뜻하지 않는다고, 주의점은 원인 증명을 뜻하지 않는다고, 그리고 비유는 두 변수의 움직임을 비교하는 나침반이라고, 그리고 의미은 관계 강도를 빠르게 살필 때 쓴다고 설명했습니다.","봄 B반 4차 상관계수에 대해 의미는 선형 관계 강도라고, 주의점은 원인 증명을 뜻하지 않는다고, 그리고 활용은 변수 관계 강도를 빠르게 살필 때 쓴다고 설명했습니다."
dataset_ko_271_final,entity_simple_hard_test_art_history_00112:final:0,entity_simple_hard_test_art_history_00112,entity_simple_hard_test_art_history_00112,True,same_source_sibling_facts,1,4,23,20,가을 B반 2차 바로크 설명에서 핵심 특징과 목적만 알려줘.,"가을 B반 2차 바로크에 대해 핵심 특징은 극적 명암이라고, 그리고 목적은 감정을 강하게 전달하는 것이라고 설명했습니다.",True,,,,,False,False,0.8421052631578948,0.717948717948718,0.4210526315789474,0.358974358974359,True,True,3.565852200030349,3.41093740001088,,,,,question+passage,"가을 B반 2차 바로크에 대해 핵심 특징은 극적 명암이라고, 비유는 무대 조명이 한 장면을 강조하는 방식이라고, 그리고 목적은 감정을 강하게 전달하는 것이라고 설명했습니다.","가을 B반 2차 바로크 설명에 대해 핵심 특징은 극적 명암 효과라고, 목적은 실제 의미를 강하게 전달하는 것이라고, 그리고 핵심 특징은 극적 명암 효과라고 설명했습니다."
dataset_ko_272_final,entity_simple_hard_test_marketing_00224:final:0,entity_simple_hard_test_marketing_00224,entity_simple_hard_test_marketing_00224,True,same_source_sibling_facts,1,4,23,20,캡스톤 C반 3차 신입생 캠페인 설명에서 대상과 보상만 알려줘.,"캡스톤 C반 3차 신입생 캠페인에 대해 대상은 신입생이라고, 그리고 보상은 커피 쿠폰이라고 설명했습니다.",True,,,,,False,False,0.896551724137931,0.7272727272727274,0.4482758620689655,0.3636363636363637,True,True,3.4867357999901287,4.285302400006913,,,,,question+passage,"캡스톤 C반 3차 신입생 캠페인에 대해 대상은 신입생이라고, 보상은 커피 쿠폰이라고, 그리고 핵심 채널은 인스타그램이라고 설명했습니다.","캡스톤 C반 3차 신입생 캠페인 설명에서 대상과 보상만 알려줬다고 하니, 핵심 채널은 신입생이라고, 보상은 커피 쿠폰이라고, 그리고 성과 지표는 전환율이라고 설명했습니다."
dataset_ko_273_final,entity_simple_hard_test_os_concept_00246:final:0,entity_simple_hard_test_os_concept_00246,entity_simple_hard_test_os_concept_00246,True,same_source_sibling_facts,1,4,23,20,교수님이 정규 1팀 3차 캐시의 장점과 역할을 어떻게 말했어?,"정규 1팀 3차 캐시에 대해 장점은 반복 접근을 빠르게 만든다고, 그리고 역할은 자주 쓰는 정보를 가까이 둔다고 설명했습니다.",True,,,,,False,False,0.8571428571428571,0.8571428571428571,0.42857142857142855,0.42857142857142855,True,True,4.2024561000289395,4.211153000011109,,,,,tie,"교수님이 정규 1팀 3차 캐시에 대해 장점은 반복 접근을 빠르게 만든다고, 역할은 자주 쓰는 정보를 가까이 둔다고, 그리고 비유는 책상 위에 올려둔 책이라고 설명했습니다.","교수님의 정규 1팀 3차 캐시에 대해 장점은 반복 접근을 빠르게 만든다고, 역할은 자주 쓰는 정보를 가까이 둔다고, 그리고 비유는 책상 위에 올려둔 책이라고 설명했습니다."
dataset_ko_274_final,entity_simple_hard_test_statistics_00380:final:0,entity_simple_hard_test_statistics_00380,entity_simple_hard_test_statistics_00380,True,same_source_sibling_facts,1,4,23,20,봄 오전반 4차 표본분산 설명에서 활용과 비유만 알려줘.,"봄 오전반 4차 표본분산에 대해 활용은 데이터 변동성을 볼 때 쓴다고, 그리고 비유는 점들이 얼마나 퍼졌는지 보는 자라고 설명했습니다.",True,,,,,False,False,0.888888888888889,0.8421052631578948,0.4444444444444445,0.4210526315789474,True,True,3.6121439999551512,4.073964700044598,,,,,tie,"봄 오전반 4차 표본분산에 대해 비유는 점들이 얼마나 퍼졌는지 보는 자라고, 주의점은 순위 정렬과 다르다고, 그리고 활용은 데이터 변동성을 볼 때 쓴다고 설명했습니다.","봄 오전반 4차 표본분산 표본분산 설명에 대해 활용은 데이터 변동성을 볼 때 쓴다고, 비유는 점들이 얼마나 퍼졌는지 보는 자라고, 그리고 개념은 수포의 정도를 평衡量으로 변환한다고 설명했습니다."
dataset_ko_275_final,entity_simple_hard_test_statistics_00236:final:0,entity_simple_hard_test_statistics_00236,entity_simple_hard_test_statistics_00236,True,same_source_sibling_facts,1,4,23,20,정규 D반 3차 표본분산 설명에서 비유와 활용만 알려줘.,"정규 D반 3차 표본분산에 대해 비유는 점들이 얼마나 퍼졌는지 보는 자라고, 그리고 활용은 데이터 변동성을 볼 때 쓴다고 설명했습니다.",True,,,,,False,False,0.9696969696969697,0.8947368421052632,0.48484848484848486,0.4473684210526316,True,True,2.854869199974928,3.6780399000272155,,,,,question+passage,"정규 D반 3차 표본분산에 대해 비유는 점들이 얼마나 퍼졌는지 보는 자라고, 활용은 데이터 변동성을 볼 때 쓴다고 설명했습니다.","정규 D반 3차 표본분산 설명에 대해 비유는 점들이 얼마나 퍼졌는지 보는 자라고, 주의점은 순위 정렬과 다르다고, 그리고 활용은 데이터 변동성을 볼 때 쓴다고 설명했습니다."
dataset_ko_276_final,entity_simple_hard_test_marketing_00153:final:0,entity_simple_hard_test_marketing_00153,entity_simple_hard_test_marketing_00153,True,same_source_sibling_facts,1,4,23,20,겨울 2팀 2차 동아리 홍보에서 성과 지표와 핵심 채널을 함께 정리해줘.,"겨울 2팀 2차 동아리 홍보에 대해 성과 지표는 참여율이라고, 그리고 핵심 채널은 오픈채팅방이라고 설명했습니다.",True,,,,,False,False,0.9032258064516129,0.23188405797101444,0.45161290322580644,0.11594202898550722,True,True,3.1981118000112474,7.624334499996621,,,,,question+passage,"겨울 2팀 2차 동아리 홍보에 대해 핵심 채널은 오픈채팅방이라고, 대상은 동아리 회원이라고, 그리고 성과 지표는 참여율이라고 설명했습니다.",겨울 2팀 2차 동아리 홍보에 대해 성과 지표는 참여율과 성과 지표 간율을 제공하는 곳에 대한 정보를 구분하는 카테고리에 제공하는 곳에 대한 정보를 구분하는 비율을 제공하는 곳에 대한 정보를 구분하는 비율을 제공하는 곳에 대한 정보를 제공하는 곳에 대한 정보를 제공하는 곳에 대한 정보를 제공하는 곳에 대한 정보를 제공하는 곳에 대한 정보를 제공하는 곳에 대한 정보를 제공하는 �
dataset_ko_277_final,entity_simple_hard_test_marketing_00032:final:0,entity_simple_hard_test_marketing_00032,entity_simple_hard_test_marketing_00032,True,same_source_sibling_facts,1,4,23,20,가을 D반 1차 신입생 캠페인 설명에서 대상과 보상만 알려줘.,"가을 D반 1차 신입생 캠페인에 대해 대상은 신입생이라고, 그리고 보상은 커피 쿠폰이라고 설명했습니다.",True,,,,,False,False,0.896551724137931,0.7272727272727274,0.4482758620689655,0.3636363636363637,True,True,3.4447088000015356,4.072344499989413,,,,,question+passage,"가을 D반 1차 신입생 캠페인에 대해 대상은 신입생이라고, 보상은 커피 쿠폰이라고, 그리고 핵심 채널은 인스타그램이라고 설명했습니다.","가을 D반 1차 신입생 캠페인 설명에서 대상과 보상만 알려줬다고 하니, 반응 지점은 신입생이라고, 성과 지표는 전환율이라고, 그리고 보상은 커피 쿠폰이라고 설명했습니다."
dataset_ko_278_final,entity_simple_hard_test_marketing_00081:final:0,entity_simple_hard_test_marketing_00081,entity_simple_hard_test_marketing_00081,True,same_source_sibling_facts,1,4,23,20,여름 오전반 1차 동아리 홍보에서 보상과 대상을 함께 정리해줘.,"여름 오전반 1차 동아리 홍보에 대해 보상은 굿즈 추첨권이라고, 그리고 대상은 동아리 회원이라고 설명했습니다.",True,,,,,False,False,0.8461538461538461,0.6875000000000001,0.4230769230769231,0.34375000000000006,True,True,2.16624910000246,3.487594900012482,,,,,question+passage,"여름 오전반 1차 동아리 홍보에 대해 대상은 참여율이라고, 보상은 굿즈 추첨권이라고 설명했습니다.","여름 오전반 1차 동아리 홍보에 대해 보상은 굿즈 추첨권이라고, 핵심 채널은 오픈채팅방이라고, 대상은 질러给了는지 알지 못한다고 설명했습니다."
dataset_ko_279_final,entity_simple_hard_test_dessert_00362:final:0,entity_simple_hard_test_dessert_00362,entity_simple_hard_test_dessert_00362,True,same_source_sibling_facts,1,4,23,20,교수님이 가을 3팀 4차 마카롱의 특징과 맛을 어떻게 말했어?,"가을 3팀 4차 마카롱에 대해 특징은 겉은 바삭하고 속은 촉촉하다고, 그리고 맛은 부드럽고 진하다고 설명했습니다.",True,,,,,False,False,0.9090909090909091,0.8000000000000002,0.45454545454545453,0.4000000000000001,True,True,3.710386000049766,3.283739799982868,,,,,question+passage,"교수님이 가을 3팀 4차 마카롱에 대해 특징은 겉은 바삭하고 속은 촉촉하다고, 색깔은 알록달록하다고, 그리고 맛은 부드럽고 진하다고 설명했습니다.","학점은닉제 마카롱에 대해 특징은 겉은 바삭하고 속은 촉촉하다고, 맛은 부드럽고 진하다고, 그리고 색깔은 알록달록하다고 설명했습니다."
dataset_ko_280_final,entity_simple_hard_test_marketing_00345:final:0,entity_simple_hard_test_marketing_00345,entity_simple_hard_test_marketing_00345,True,same_source_sibling_facts,1,4,23,20,파일럿 1팀 4차 동아리 홍보에서 성과 지표와 핵심 채널을 함께 정리해줘.,"파일럿 1팀 4차 동아리 홍보에 대해 성과 지표는 참여율이라고, 그리고 핵심 채널은 오픈채팅방이라고 설명했습니다.",True,,,,,False,False,0.9032258064516129,0.5555555555555556,0.45161290322580644,0.2777777777777778,True,True,3.2525334000238217,4.151586699998006,,,,,question+passage,"파일럿 1팀 4차 동아리 홍보에 대해 핵심 채널은 오픈채팅방이라고, 대상은 동아리 회원이라고, 그리고 성과 지표는 참여율이라고 설명했습니다.",파일럿 1팀 4차 동아리 홍보에 대해 성과 지표는 참여율과 성과 지표 채널은 서식 채널을 설명한 핵심 채널을 보유하고 답변을 주는 채널로 전달할 예정입니다.
dataset_ko_281_final,entity_simple_hard_test_os_concept_00125:final:0,entity_simple_hard_test_os_concept_00125,entity_simple_hard_test_os_concept_00125,True,same_source_sibling_facts,1,4,23,20,파일럿 C반 2차 스레드에서 비유와 주의점을 함께 정리해줘.,"파일럿 C반 2차 스레드에 대해 비유는 같은 식당 안에서 일하는 직원이라고, 그리고 주의점은 공유 자원 관리가 필요하다고 설명했습니다.",True,,,,,False,False,0.8571428571428571,0.39999999999999997,0.42857142857142855,0.19999999999999998,True,False,3.785126799950376,3.6810157000436448,,,,,question+passage,"파일럿 C반 2차 스레드에 대해 비유는 같은 식당 안에서 일하는 직원이라고, 주의점은 공유 자원 관리가 필요하다고, 그리고 역할은 프로세스 안에서 작업을 나누어 실행한다고 설명했습니다.","파일럿 C반 2차 스레드에 대해 비유는 동영상을 나누는 기준으로 생각해질 수 있습니다. 주의점은 반영에 difficoltà가 있음이라고, 주의점은 작업을 더 정확하게 하기 위해 있다고 설명했습니다."
dataset_ko_282_final,entity_simple_hard_test_marketing_00083:final:0,entity_simple_hard_test_marketing_00083,entity_simple_hard_test_marketing_00083,True,same_source_sibling_facts,1,4,23,20,겨울 오전반 1차 멘토링 이벤트 설명 중 보상과 대상에 해당하는 내용만 답해줘.,"겨울 오전반 1차 멘토링 이벤트에 대해 보상은 포인트 500점이라고, 그리고 대상은 멘토링 참여 학생이라고 설명했습니다.",True,,,,,False,False,0.9090909090909091,0.8823529411764706,0.45454545454545453,0.4411764705882353,True,True,3.4791365999844857,3.882219900027849,,,,,tie,"겨울 오전반 1차 멘토링 이벤트에 대해 보상은 포인트 500점이라고, 대상은 멘토링 참여 학생이라고, 그리고 성과 지표는 재방문율이라고 설명했습니다.","겨울 오전반 1차 멘토링 이벤트에 대해 보상은 포인트 500점이라고, 핵심 채널은 이메일 뉴스레터라고, 그리고 대상은 멘토링 참여 학생이라고 설명했습니다."
dataset_ko_283_final,entity_simple_hard_test_art_history_00064:final:0,entity_simple_hard_test_art_history_00064,entity_simple_hard_test_art_history_00064,True,same_source_sibling_facts,1,4,23,20,캡스톤 3팀 1차 바로크 설명에서 목적과 핵심 특징만 알려줘.,"캡스톤 3팀 1차 바로크에 대해 목적은 감정을 강하게 전달하는 것이라고, 그리고 핵심 특징은 극적 명암이라고 설명했습니다.",True,,,,,False,False,0.8421052631578948,0.5625,0.4210526315789474,0.28125,True,False,3.695490699959919,3.018883000011556,,,,,question+passage,"캡스톤 3팀 1차 바로크에 대해 핵심 특징은 극적 명암이라고, 비유는 무대 조명이 한 장면을 강조하는 방식이라고, 그리고 목적은 감정을 강하게 전달하는 것이라고 설명했습니다.","캡스톤 3팀 1차 바로크 설명에 대해 목적은 기본 사용 목적이었다., 핵심 특징은 핵심 내용이 한 곳이 구ocusedifferentiation이었다.했습니다.라고 설명했습니다."
dataset_ko_284_final,entity_simple_hard_test_project_00327:final:0,entity_simple_hard_test_project_00327,entity_simple_hard_test_project_00327,True,same_source_sibling_facts,1,4,23,20,심화 C반 4차 프론트엔드 점검 설명 중 마감과 공유 위치에 해당하는 내용만 답해줘.,"심화 C반 4차 프론트엔드 점검에 대해 마감은 다음 달 첫째 주 화요일이라고, 그리고 공유 위치는 프로젝트 슬랙 채널이라고 설명했습니다.",True,,,,,False,False,0.9189189189189189,0.46808510638297873,0.45945945945945943,0.23404255319148937,True,False,4.022474199999124,4.5480850000167266,,,,,question+passage,"심화 C반 4차 프론트엔드 점검 설명에 대해 공유 위치는 프로젝트 슬랙 채널이라고, 담당은 프론트엔드 파트라고, 그리고 마감은 다음 달 첫째 주 화요일이라고 설명했습니다.","심화 C반 4차 프론트엔드 점검에 대해 마감은 마감 후 공유 위치는 개인 좌석 안전 채널에 톡방 주소 추가라고, 설명은 이해하는 부분이 permission denied 에 대한 설명이라고, 그리고 확인 기준은 사용자 차단 여부라고 설명했습니다."
dataset_ko_285_final,entity_simple_hard_test_os_concept_00390:final:0,entity_simple_hard_test_os_concept_00390,entity_simple_hard_test_os_concept_00390,True,same_source_sibling_facts,1,4,23,20,교수님이 봄 오후반 4차 캐시의 역할과 장점을 어떻게 말했어?,"봄 오후반 4차 캐시에 대해 역할은 자주 쓰는 정보를 가까이 둔다고, 그리고 장점은 반복 접근을 빠르게 만든다고 설명했습니다.",True,,,,,False,False,0.6,0.85,0.3,0.425,True,True,4.070398300013039,4.2520355000160635,,,,,passage-only,"professor의 봄 오후반 4차 캐시에 대해 주의점은 오래된 정보가 남을 수 있다고, 역할은 자주 쓰는 정보를 가까이 둔다고, 그리고 비유는 책상 위에 올려둔 책이라고 설명했습니다.","교수님이 봄 오후반 4차 캐시에 대해 역할은 자주 쓰는 정보를 가까이 둔다고, 장점은 반복 접근을 빠르게 만든다고, 그리고 비유는 책상 위에 올려둔 책이라고 설명했습니다."
dataset_ko_286_final,entity_simple_hard_test_statistics_00118:final:0,entity_simple_hard_test_statistics_00118,entity_simple_hard_test_statistics_00118,True,same_source_sibling_facts,1,4,23,20,교수님이 실습 B반 2차 상관계수의 의미와 주의점을 어떻게 말했어?,"실습 B반 2차 상관계수에 대해 의미는 선형 관계 강도라고, 그리고 주의점은 원인 증명을 뜻하지 않는다고 설명했습니다.",True,,,,,False,False,0.8108108108108109,0.38709677419354843,0.40540540540540543,0.19354838709677422,True,False,3.85751750000054,2.7864398999954574,,,,,question+passage,"교수님이 실습 B반 2차 상관계수의 의미은 선형 관계 강도라고, 주의점은 원인 증명을 뜻하지 않는다고, 그리고 비유는 두 변수의 움직임을 비교하는 나침반이라고 설명했습니다.","교수님이 실습 B반 2차 상관계수의 의미와 주의점을 설명하시고, 성질 설명과 달라진 점을 비교하는 다른 사용意图로 설명합니당."
dataset_ko_287_final,entity_simple_hard_test_dessert_00290:final:0,entity_simple_hard_test_dessert_00290,entity_simple_hard_test_dessert_00290,True,same_source_sibling_facts,1,4,23,20,교수님이 봄 오후반 3차 마카롱의 색깔과 비유를 어떻게 말했어?,"봄 오후반 3차 마카롱에 대해 색깔은 알록달록하다고, 그리고 비유는 작은 보석 상자라고 설명했습니다.",True,,,,,False,False,0.3846153846153846,0.8148148148148148,0.1923076923076923,0.4074074074074074,True,True,3.1727148999925703,3.1882387999794446,,,,,passage-only,"교수님과 마카롱의 특징은 겉은 바삭하고 속은 촉촉하다고, 색깔은 알록달록하다고, 그리고 맛은 부드럽고 진하다고 설명했습니다.","professor's 3차 마카롱에 대해 색깔은 알록달록하다고, 비유는 작은 보석 상자라고, 그리고 결晶은 부드럽고 빛나는 블루고정이라고 설명했습니다."
dataset_ko_288_final,entity_simple_hard_test_project_00276:final:0,entity_simple_hard_test_project_00276,entity_simple_hard_test_project_00276,True,same_source_sibling_facts,1,4,23,20,정규 4팀 3차 최종 발표 설명에서 공유 위치와 마감만 알려줘.,"정규 4팀 3차 최종 발표에 대해 공유 위치는 팀 노션 페이지라고, 그리고 마감은 다음 주 월요일 밤이라고 설명했습니다.",True,,,,,False,False,0.8648648648648648,0.5641025641025642,0.4324324324324324,0.2820512820512821,True,False,3.2615632999804802,3.1532659999793395,,,,,question+passage,"정규 4팀 3차 최종 발표 설명에 대해 공유 위치는 팀 노션 페이지라고, 마감은 다음 주 월요일 밤이라고, 그리고 확인 기준은 근거 제시 여부라고 설명했습니다.","정규 4팀 3차 최종 발표 설명에 대해 공유 위치는 메인 발표 영역을 통해, 공유 위치는 다른 사람과 공유하는 곳이라고, 그리고 마감은 확 인지 시간이라고 설명했습니다."
dataset_ko_289_final,entity_simple_hard_test_art_history_00209:final:0,entity_simple_hard_test_art_history_00209,entity_simple_hard_test_art_history_00209,True,same_source_sibling_facts,1,4,23,20,세미나 A반 3차 입체주의에서 핵심 특징과 목적을 함께 정리해줘.,"세미나 A반 3차 입체주의에 대해 핵심 특징은 여러 시점이라고, 그리고 목적은 대상을 새롭게 해석하는 것이라고 설명했습니다.",True,,,,,False,False,0.8205128205128205,0.8205128205128205,0.41025641025641024,0.41025641025641024,True,True,3.805458099988755,3.7941485000192188,,,,,tie,"세미나 A반 3차 입체주의에 대해 핵심 특징은 여러 시점이라고, 비유는 여러 방향에서 본 사물을 한 화면에 놓는 방식이라고, 그리고 목적은 대상을 새롭게 해석하는 것이라고 설명했습니다.","세미나 A반 3차 입체주의에 대해 핵심 특징은 여러 시점이라고, 목적은 대상을 새롭게 해석하는 것이라고, 그리고 비유는 여러 방향에서 본 사물을 한 화면에 놓는 방식이라고 설명했습니다."
dataset_ko_290_final,entity_simple_hard_test_project_00373:final:0,entity_simple_hard_test_project_00373,entity_simple_hard_test_project_00373,True,same_source_sibling_facts,1,4,23,20,겨울 4팀 4차 백엔드 배포에서 공유 위치와 마감을 함께 정리해줘.,"겨울 4팀 4차 백엔드 배포에 대해 공유 위치는 깃허브 이슈 탭이라고, 그리고 마감은 수요일 오후 다섯 시라고 설명했습니다.",True,,,,,False,False,0.9714285714285714,0.7692307692307692,0.4857142857142857,0.3846153846153846,True,True,2.7542992000235245,3.635792399989441,,,,,question+passage,"겨울 4팀 4차 백엔드 배포에 대해 공유 위치는 깃허브 이슈 탭이라고, 마감은 수요일 오후 다섯 시라고 설명했습니다.","겨울 4팀 4차 백엔드 배포에 대해 공유 위치는 커스텀 링크의 저장소라고, 담당은 백엔드 팀이라고, 그리고 마감은 수요일 오후 다섯 시라고 설명했습니다."
dataset_ko_291_final,entity_simple_hard_test_art_history_00136:final:0,entity_simple_hard_test_art_history_00136,entity_simple_hard_test_art_history_00136,True,same_source_sibling_facts,1,4,23,20,정규 D반 2차 바로크 설명에서 비유와 비교 포인트만 알려줘.,"정규 D반 2차 바로크에 대해 비유는 무대 조명이 한 장면을 강조하는 방식이라고, 그리고 비교 포인트는 평면적 구도와 구분된다고 설명했습니다.",True,,,,,False,False,0.878048780487805,0.9,0.4390243902439025,0.45,True,True,3.7947309999726713,3.812410899961833,,,,,tie,"정규 D반 2차 바로크에 대해 비유는 무대 조명이 한 장면을 강조하는 방식이라고, 목적은 감정을 강하게 전달하는 것이라고, 그리고 비교 포인트는 평면적 구도와 구분된다고 설명했습니다.","정규 D반 2차 바로크 설명에 대해 비유는 무대 조명이 한 장면을 강조하는 방식이라고, 비유의 목적은 믿음을 이긴다고, 그리고 비교 포인트는 평면적 구도와 구분된다고 설명했습니다."
dataset_ko_292_final,entity_simple_hard_test_os_concept_00055:final:0,entity_simple_hard_test_os_concept_00055,entity_simple_hard_test_os_concept_00055,True,same_source_sibling_facts,1,4,23,20,파일럿 2팀 1차 큐 설명 중 장점과 역할에 해당하는 내용만 답해줘.,"파일럿 2팀 1차 큐에 대해 장점은 처리 순서를 명확하게 만든다고, 그리고 역할은 작업을 순서대로 기다리게 한다고 설명했습니다.",True,,,,,False,False,0.9696969696969697,0.8717948717948718,0.48484848484848486,0.4358974358974359,True,True,2.669683800020721,3.5962862000451423,,,,,question+passage,"파일럿 2팀 1차 큐에 대해 장점은 처리 순서를 명확하게 만든다고, 역할은 작업을 순서대로 기다리게 한다고 설명했습니다.","파일럿 2팀 1차 큐에 대해 장점은 처리 순서를 명확하게 만든다고, 역할은 작업을 순서대로 기다리게 한다고, 그리고 주의점은 대기 시간이 길어질 수 있다고 설명했습니다."
dataset_ko_293_final,entity_simple_hard_test_marketing_00105:final:0,entity_simple_hard_test_marketing_00105,entity_simple_hard_test_marketing_00105,True,same_source_sibling_facts,1,4,23,20,파일럿 A반 2차 동아리 홍보에서 핵심 채널과 성과 지표를 함께 정리해줘.,"파일럿 A반 2차 동아리 홍보에 대해 핵심 채널은 오픈채팅방이라고, 그리고 성과 지표는 참여율이라고 설명했습니다.",True,,,,,False,False,0.962962962962963,0.7878787878787878,0.4814814814814815,0.3939393939393939,True,True,2.6337751999963075,3.366255100001581,,,,,question+passage,"파일럿 A반 2차 동아리 홍보에 대해 핵심 채널은 오픈채팅방이라고, 성과 지표는 참여율이라고 설명했습니다.","파일럿 A반 2차 동아리 홍보에 대해 핵심 채널은 게시판과 이메일이라고, 성과 지표는 참여율이라고, 그리고 보상은 추첨 당첨 상품이라고 설명했습니다."
dataset_ko_294_final,entity_simple_hard_test_dessert_00050:final:0,entity_simple_hard_test_dessert_00050,entity_simple_hard_test_dessert_00050,True,same_source_sibling_facts,1,4,23,20,교수님이 봄 2팀 1차 마카롱의 비유와 색깔을 어떻게 말했어?,"봄 2팀 1차 마카롱에 대해 비유는 작은 보석 상자라고, 그리고 색깔은 알록달록하다고 설명했습니다.",True,,,,,False,False,0.888888888888889,0.6153846153846153,0.4444444444444445,0.30769230769230765,True,True,2.8434745999984443,3.022230899950955,,,,,question+passage,"봄 2팀 1차 마카롱에 대해 비유는 작은 보석 상자라고, 색깔은 알록달록하다고, 그리고 맛은 부드럽고 진하다고 설명했습니다.","봄 2팀 1차 마카롱의 비유는 구差异化한 간식이라고, 색깔은 알록달록하다고, 그리고 그림만 보기만 해도 맛있을 거라고 설명했습니다."
dataset_ko_295_final,entity_simple_hard_test_art_history_00281:final:0,entity_simple_hard_test_art_history_00281,entity_simple_hard_test_art_history_00281,True,same_source_sibling_facts,1,4,23,20,여름 오전반 3차 입체주의에서 비교 포인트와 비유를 함께 정리해줘.,"여름 오전반 3차 입체주의에 대해 비교 포인트는 단일 원근과 다르다고, 그리고 비유는 여러 방향에서 본 사물을 한 화면에 놓는 방식이라고 설명했습니다.",True,,,,,False,False,0.761904761904762,0.8372093023255814,0.380952380952381,0.4186046511627907,True,True,3.756710599991493,3.7652615000260994,,,,,passage-only,"여름 오전반 3차 입체주의에 대해 비유는 여러 방향에서 본 사물을 한 화면에 놓는 방식이라고, 목적은 대상을 새롭게 해석하는 것이라고, 그리고 비교 포인트는 여러 시점이라고 설명했습니다.","여름 오전반 3차 입체주의에 대해 비교 포인트는 단일 원근과 다르다고, 핵심 특징은 여러 시점이라고, 그리고 비유는 여러 시점看待하는 사물을 한 화면에 놓는 방식이라고 설명했습니다."
dataset_ko_296_final,entity_simple_hard_test_dessert_00314:final:0,entity_simple_hard_test_dessert_00314,entity_simple_hard_test_dessert_00314,True,same_source_sibling_facts,1,4,23,20,교수님이 캡스톤 B반 4차 마카롱의 맛과 특징을 어떻게 말했어?,"캡스톤 B반 4차 마카롱에 대해 맛은 부드럽고 진하다고, 그리고 특징은 겉은 바삭하고 속은 촉촉하다고 설명했습니다.",True,,,,,False,False,0.8,0.4444444444444445,0.4,0.22222222222222224,True,False,4.2307593000005,2.2118410999537446,,,,,question+passage,"교수님이 캡스톤 B반 4차 마카롱의 맛과 특징을 설명하는 단어는 겉은 바삭하고 속은 촉촉하다고, 색깔은 알록달록하다고, 그리고 맛은 부드럽고 진하다고 설명했습니다.",캡스톤 B반 4차 마카롱의 맛과 특징: 진한 맛과 부드럽고 익은 특징을 말합니다.
dataset_ko_297_final,entity_simple_hard_test_statistics_00093:final:0,entity_simple_hard_test_statistics_00093,entity_simple_hard_test_statistics_00093,True,same_source_sibling_facts,1,4,23,20,겨울 오후반 1차 신뢰구간에서 활용과 비유를 함께 정리해줘.,"겨울 오후반 1차 신뢰구간에 대해 활용은 추정의 불확실성을 설명할 때 쓴다고, 그리고 비유는 정답이 있을 법한 범위를 그은 지도라고 설명했습니다.",True,,,,,False,False,0.8837209302325582,0.6500000000000001,0.4418604651162791,0.32500000000000007,True,True,4.03407990001142,3.8916621999815106,,,,,question+passage,"겨울 오후반 1차 신뢰구간에 대해 비유는 정답이 있을 법한 범위를 그은 지도라고, 주의점은 정답 하나를 보장하지 않는다고, 그리고 활용은 추정의 불확실성을 설명할 때 쓴다고 설명했습니다.","겨울 오후반 1차 신뢰구간에 대해 활용은 추정의 불확실성을 설명할 때 쓴다고, 비유는 숫자로 끝나는 추정의 한 부분이라고, 그리고 의미는 모수 추정의 한 면이라고 설명했습니다."
dataset_ko_298_final,entity_simple_hard_test_project_00255:final:0,entity_simple_hard_test_project_00255,entity_simple_hard_test_project_00255,True,same_source_sibling_facts,1,4,23,20,파일럿 2팀 3차 프론트엔드 점검 설명 중 확인 기준과 담당에 해당하는 내용만 답해줘.,"파일럿 2팀 3차 프론트엔드 점검에 대해 확인 기준은 사용자 차단 여부라고, 그리고 담당은 프론트엔드 파트라고 설명했습니다.",True,,,,,False,False,0.9411764705882353,0.6341463414634146,0.47058823529411764,0.3170731707317073,True,True,3.142970399989281,4.5790584000060335,,,,,question+passage,"파일럿 2팀 3차 프론트엔드 점검 설명에 대해 확인 기준은 사용자 차단 여부라고, 담당은 프론트엔드 파트라고, 그리고 확인 방법이라고 설명했습니다.","파일럿 2팀 3차 프론트엔드 점검에 대해 확인 기준은 맞는 곳을 공유하는 부서는 프론트엔드 파트라고, 담당은 프론트엔드 파트라고, 그리고 담당 부서는 협의 방식은 개인 기준이라고 설명했습니다."
dataset_ko_299_final,entity_simple_hard_test_dessert_00386:final:0,entity_simple_hard_test_dessert_00386,entity_simple_hard_test_dessert_00386,True,same_source_sibling_facts,1,4,23,20,교수님이 정규 오전반 4차 마카롱의 색깔과 비유를 어떻게 말했어?,"정규 오전반 4차 마카롱에 대해 색깔은 알록달록하다고, 그리고 비유는 작은 보석 상자라고 설명했습니다.",True,,,,,False,False,0.8125000000000001,0.41666666666666663,0.40625000000000006,0.20833333333333331,True,False,3.6527047000126913,2.1368834000313655,,,,,question+passage,"교수님은 정규 오전반 4차 마카롱에 대해 색깔은 알록달록하다고, 비유는 작은 보석 상자라고, 그리고 특징은 겉은 바삭하고 속은 촉촉하다고 설명했습니다.",교수님이 정규 오전반 4차 마카롱의 색깔을 말하는 데 사용하는 단어와 의미 설명을 알려드립니다.
dataset_ko_300_final,entity_simple_hard_test_statistics_00164:final:0,entity_simple_hard_test_statistics_00164,entity_simple_hard_test_statistics_00164,True,same_source_sibling_facts,1,4,23,20,캡스톤 3팀 2차 표본분산 설명에서 주의점과 의미만 알려줘.,"캡스톤 3팀 2차 표본분산에 대해 주의점은 순위 정렬과 다르다고, 그리고 의미는 흩어짐 측정이라고 설명했습니다.",True,,,,,False,False,0.8235294117647058,0.8235294117647058,0.4117647058823529,0.4117647058823529,True,True,3.693478300003335,3.770530400041025,,,,,tie,"캡스톤 3팀 2차 표본분산에 대해 주의점은 순위 정렬과 다르다고, 의미는 흩어짐 측정이라고, 그리고 비유는 점들이 얼마나 퍼졌는지 보는 자라고 설명했습니다.","캡스톤 3팀 2차 표본분산 설명에 대해 주의점은 순위 정렬과 다르다고, 의미는 흩어짐 측정이라고, 그리고 비유는 점들이 얼마나 퍼졌는지 보는 자라고 설명했습니다."
dataset_ko_301_final,entity_simple_hard_test_marketing_00201:final:0,entity_simple_hard_test_marketing_00201,entity_simple_hard_test_marketing_00201,True,same_source_sibling_facts,1,4,23,20,여름 A반 3차 동아리 홍보에서 핵심 채널과 성과 지표를 함께 정리해줘.,"여름 A반 3차 동아리 홍보에 대해 핵심 채널은 오픈채팅방이라고, 그리고 성과 지표는 참여율이라고 설명했습니다.",True,,,,,False,False,0.962962962962963,0.8125000000000001,0.4814814814814815,0.40625000000000006,True,True,2.6075795000069775,3.1467216999735683,,,,,question+passage,"여름 A반 3차 동아리 홍보에 대해 핵심 채널은 오픈채팅방이라고, 성과 지표는 참여율이라고 설명했습니다.","여름 A반 3차 동아리 홍보에 대해 핵심 채널은 서브 채널이라고, 성과 지표는 참여율이라고, 그리고 대상은 동아리 회원이라고 설명했습니다."
dataset_ko_302_final,entity_simple_hard_test_statistics_00213:final:0,entity_simple_hard_test_statistics_00213,entity_simple_hard_test_statistics_00213,True,same_source_sibling_facts,1,4,23,20,겨울 B반 3차 신뢰구간에서 의미와 주의점을 함께 정리해줘.,"겨울 B반 3차 신뢰구간에 대해 의미는 모수 추정 범위라고, 그리고 주의점은 정답 하나를 보장하지 않는다고 설명했습니다.",True,,,,,False,False,0.8205128205128205,0.8108108108108109,0.41025641025641024,0.40540540540540543,True,True,3.646706599975005,3.5596424999530427,,,,,tie,"겨울 B반 3차 신뢰구간에 대해 주의점은 정답 하나를 보장하지 않는다고, 의미는 모수 추정 범위라고, 그리고 비유는 정답이 있을 법한 범위를 그은 지도라고 설명했습니다.","겨울 B반 3차 신뢰구간에 대해 의미는 모수 추정 범위라고, 주의점은 정답 한 개를 보장하지 않는다고, 그리고 활용은 추정의 불확실성을 설명할 때 쓴다고 설명했습니다."
dataset_ko_303_final,entity_simple_hard_test_dessert_00075:final:0,entity_simple_hard_test_dessert_00075,entity_simple_hard_test_dessert_00075,True,same_source_sibling_facts,1,4,23,20,파일럿 4팀 1차 브라우니 설명 중 특징과 맛에 해당하는 내용만 답해줘.,"파일럿 4팀 1차 브라우니에 대해 특징은 속이 촉촉하게 남는다고, 그리고 맛은 묵직하게 달콤하다고 설명했습니다.",True,,,,,False,False,0.8750000000000001,0.9032258064516129,0.43750000000000006,0.45161290322580644,True,True,3.869192900019698,3.584912799997255,,,,,tie,"파일럿 4팀 1차 브라우니에 대해 특징은 속이 촉촉하게 남는다고, 맛은 묵직하게 달콤하다고, 그리고 보조품은 속을 촉촉하게 남는다고 설명했습니다.","파일럿 4팀 1차 브라우니에 대해 특징은 속이 촉촉하게 남는다고, 맛은 묵직하게 달콤하다고, 그리고 색깔은 진한 갈색이라고 설명했습니다."
dataset_ko_304_final,entity_simple_hard_test_dessert_00265:final:0,entity_simple_hard_test_dessert_00265,entity_simple_hard_test_dessert_00265,True,same_source_sibling_facts,1,4,23,20,파일럿 3팀 3차 솜사탕에서 특징과 맛을 함께 정리해줘.,"파일럿 3팀 3차 솜사탕에 대해 특징은 입에 닿으면 빠르게 사라진다고, 그리고 맛은 가볍게 달콤하다고 설명했습니다.",True,,,,,False,False,0.8823529411764706,0.5,0.4411764705882353,0.25,True,False,3.562313999980688,3.2051852000295185,,,,,question+passage,"파일럿 3팀 3차 솜사탕에 대해 특징은 입에 닿으면 빠르게 사라진다고, 맛은 가볍게 달콤하다고, 그리고 비유는 구름 같은 간식이라고 설명했습니다.","파일럿 3팀 3차 솜사탕에 대해 특징이라고 하면与众不同的 부분이라고, 맛이라고 하면 시원하게 달콤하다고, 그리고 색깔이라고 하면 분홍색이라고 설명했습니다."
dataset_ko_305_final,entity_simple_hard_test_project_00278:final:0,entity_simple_hard_test_project_00278,entity_simple_hard_test_project_00278,True,same_source_sibling_facts,1,4,23,20,교수님이 실습 4팀 3차 AI 모델 평가의 공유 위치와 마감을 어떻게 말했어?,"실습 4팀 3차 AI 모델 평가에 대해 공유 위치는 회의록 폴더라고, 그리고 마감은 금요일 자정 전이라고 설명했습니다.",True,,,,,False,False,0.8648648648648648,0.7692307692307693,0.4324324324324324,0.38461538461538464,True,True,3.2929658999782987,3.61708280001767,,,,,question+passage,"교수님 실습 4팀 3차 AI 모델 평가의 공유 위치는 회의록 폴더라고, 마감은 금요일 자정 전이라고, 그리고 확인 기준은 정답률이라고 설명했습니다.","실습 4팀 3차 AI 모델 평가에 대해 공유 위치는 커널에 담당자로 표시할 예정이라고, 마감은 금요일 자정 전이라고, 그리고 확인 기준은 정답률이라고 설명했습니다."
dataset_ko_306_final,entity_simple_hard_test_art_history_00282:final:0,entity_simple_hard_test_art_history_00282,entity_simple_hard_test_art_history_00282,True,same_source_sibling_facts,1,4,23,20,교수님이 가을 오전반 3차 인상주의의 비교 포인트와 비유를 어떻게 말했어?,"가을 오전반 3차 인상주의에 대해 비교 포인트는 정확한 윤곽보다 색감이 중요하다고, 그리고 비유는 햇빛이 흔들리는 수면에 비친 모습이라고 설명했습니다.",True,,,,,False,False,0.43478260869565216,0.25806451612903225,0.21739130434782608,0.12903225806451613,False,False,4.287159400002565,7.223941900010686,,,,,question+passage,"교수님이 가을 오전반 3차 인상주의의 비교 포인트를 설명하는 이유는 관찰 순간을 살리는 것이라고, 핵심 특징은 비유가 중요하다고, 그리고 비유가 독일을 2%에 가능한한 closeing이 look 하는 것이라고 설명했습니다.","교수님이 가을 오전반 3차 인상주의의 비교 포인트와 비유를 말할 때의 형광펜의 위치와 비유를 말할 때의 포인트와 비교할 특징이라고, 학생们的 눈으로 보는 세계의 포인트와 비유를 말할 때의 형광펜의 위치와 비교할 특징이라고, 학생们的 눈으로 보는 세계의 포인트와 비유를 말할 때의 형광펜의 위치와 비교할 특징이라고 설명했습니다."
dataset_ko_307_final,entity_simple_hard_test_os_concept_00293:final:0,entity_simple_hard_test_os_concept_00293,entity_simple_hard_test_os_concept_00293,True,same_source_sibling_facts,1,4,23,20,겨울 오후반 3차 스레드에서 역할과 장점을 함께 정리해줘.,"겨울 오후반 3차 스레드에 대해 역할은 프로세스 안에서 작업을 나누어 실행한다고, 그리고 장점은 작업을 가볍게 나눌 수 있다고 설명했습니다.",True,,,,,False,False,0.878048780487805,0.7567567567567567,0.4390243902439025,0.37837837837837834,True,False,3.7205297999898903,3.620281099982094,,,,,question+passage,"겨울 오후반 3차 스레드에 대해 장점은 작업을 가볍게 나눌 수 있다고, 주의점은 공유 자원 관리가 필요하다고, 그리고 역할은 프로세스 안에서 작업을 나누어 실행한다고 설명했습니다.","겨울 오후반 3차 스레드에 대해 역할은 프로세스를 나누어 실행한다고, 장점은 작업을 더精细地进行이라고, 그리고 겨울이라고는 땅과 작업을 더 강하게 묶는다고 설명했습니다."
dataset_ko_308_final,entity_simple_hard_test_art_history_00019:final:0,entity_simple_hard_test_art_history_00019,entity_simple_hard_test_art_history_00019,True,same_source_sibling_facts,1,4,23,20,세미나 B반 1차 르네상스 설명 중 핵심 특징과 목적에 해당하는 내용만 답해줘.,"세미나 B반 1차 르네상스에 대해 핵심 특징은 인문주의라고, 그리고 목적은 사람의 가치를 드러내는 것이라고 설명했습니다.",True,,,,,False,False,0.9655172413793104,0.6666666666666667,0.4827586206896552,0.33333333333333337,True,False,2.6186426000203937,1.8623093000496738,,,,,question+passage,"세미나 B반 1차 르네상스에 대해 핵심 특징은 인문주의라고, 목적은 사람의 가치를 드러내는 것이라고 설명했습니다.",세미나 B반 1차 르네상스에 대해 핵심 특징과 목적을 설명하겠습니당
dataset_ko_309_final,entity_simple_hard_test_project_00253:final:0,entity_simple_hard_test_project_00253,entity_simple_hard_test_project_00253,True,same_source_sibling_facts,1,4,23,20,겨울 2팀 3차 백엔드 배포에서 확인 기준과 담당을 함께 정리해줘.,"겨울 2팀 3차 백엔드 배포에 대해 확인 기준은 오류 발생률이라고, 그리고 담당은 백엔드 팀이라고 설명했습니다.",True,,,,,False,False,0.9655172413793104,0.6829268292682926,0.4827586206896552,0.3414634146341463,True,True,2.458859600010328,4.11015890003182,,,,,question+passage,"겨울 2팀 3차 백엔드 배포에 대해 확인 기준은 오류 발생률이라고, 담당은 백엔드 팀이라고 설명했습니다.","겨울 2팀 3차 백엔드 배포에 대해 확인 기준은 오류 발생률을 함께 보고할 수 있음을 설명하고, 담당은 백엔드 팀이라고, 그리고 확인 기준은 오류 발생률을 함께 보고할 수 있이라고 설명했습니다."
dataset_ko_310_final,entity_simple_hard_test_marketing_00321:final:0,entity_simple_hard_test_marketing_00321,entity_simple_hard_test_marketing_00321,True,same_source_sibling_facts,1,4,23,20,여름 C반 4차 동아리 홍보에서 대상과 보상을 함께 정리해줘.,"여름 C반 4차 동아리 홍보에 대해 대상은 동아리 회원이라고, 그리고 보상은 굿즈 추첨권이라고 설명했습니다.",True,,,,,False,False,0.962962962962963,0.8235294117647058,0.4814814814814815,0.4117647058823529,True,True,2.2780715000117198,3.4101959000108764,,,,,question+passage,"여름 C반 4차 동아리 홍보에 대해 대상은 동아리 회원이라고, 보상은 굿즈 추첨권이라고 설명했습니다.","여름 C반 4차 동아리 홍보에 대해 대상은 동아리 회원이라고, 보상은 굿즈 추첨권이라고, 조건은 청구비가 있다고, 그리고 결과는 성과 지표라고 설명했습니다."
dataset_ko_311_final,entity_simple_hard_test_statistics_00166:final:0,entity_simple_hard_test_statistics_00166,entity_simple_hard_test_statistics_00166,True,same_source_sibling_facts,1,4,23,20,교수님이 정규 3팀 2차 상관계수의 주의점과 의미를 어떻게 말했어?,"정규 3팀 2차 상관계수에 대해 주의점은 원인 증명을 뜻하지 않는다고, 그리고 의미는 선형 관계 강도라고 설명했습니다.",True,,,,,False,False,0.8108108108108109,0.4666666666666667,0.40540540540540543,0.23333333333333334,True,False,3.899583199992776,2.199911499978043,,,,,question+passage,"교수님이 정규 3팀 2차 상관계수의 주의점은 원인 증명을 뜻하지 않는다고, 의미는 선형 관계 강도라고, 그리고 비유는 두 변수의 움직임을 비교하는 나침반이라고 설명했습니다.",교수님이 정규 3팀 2차 상관계수의 주의점과 의미를 설명하시면 다음과 같은 의의가 있을 것이라고 설명했습니다.
dataset_ko_312_final,entity_simple_hard_test_project_00326:final:0,entity_simple_hard_test_project_00326,entity_simple_hard_test_project_00326,True,same_source_sibling_facts,1,4,23,20,교수님이 정규 C반 4차 AI 모델 평가의 마감과 공유 위치를 어떻게 말했어?,"정규 C반 4차 AI 모델 평가에 대해 마감은 금요일 자정 전이라고, 그리고 공유 위치는 회의록 폴더라고 설명했습니다.",True,,,,,False,False,0.625,0.6,0.3125,0.3,True,False,2.59112549998099,3.9226202000281774,,,,,tie,"교수님의 마감 기간은 금요일 자정 전이라고, 공유 위치는 회의록 폴더라고, 그리고 확인 기준은 정답률이라고 설명했습니다.","교수님이 정규 C반 4차 AI 모델 평가의 마감과 공유 위치를 설명하는 데 사용된 키워드는 “공유 위치”라고, 마감은 “마감 전”이라고, 그리고 공유 위치는 “공유”라고 설명했습니다."
dataset_ko_313_final,entity_simple_hard_test_art_history_00353:final:0,entity_simple_hard_test_art_history_00353,entity_simple_hard_test_art_history_00353,True,same_source_sibling_facts,1,4,23,20,겨울 2팀 4차 입체주의에서 목적과 핵심 특징을 함께 정리해줘.,"겨울 2팀 4차 입체주의에 대해 목적은 대상을 새롭게 해석하는 것이라고, 그리고 핵심 특징은 여러 시점이라고 설명했습니다.",True,,,,,False,False,0.7317073170731707,0.6842105263157896,0.36585365853658536,0.3421052631578948,True,True,4.08584489999339,2.959779200027697,,,,,tie,"겨울 2팀 4차 입체주의에 대해 핵심 특징은 여러 방향에서 본 사물을 한 화면에 놓는 방식이라고, 목적은 대상을 새롭게 해석하는 것이라고, 그리고 비교 포인트는 단일 원근과 다르다고 설명했습니다.","겨울 2팀 4차 입체주의에 대해 목적은 행동을 수정하는 새로운 기준을 제공하는 것이라고, 핵심 특징은 여러 시점이라고, 그리고 구분은 다른 현재 위치라고 설명했습니다."
dataset_ko_314_final,entity_simple_hard_test_os_concept_00271:final:0,entity_simple_hard_test_os_concept_00271,entity_simple_hard_test_os_concept_00271,True,same_source_sibling_facts,1,4,23,20,여름 4팀 3차 큐 설명 중 주의점과 비유에 해당하는 내용만 답해줘.,"여름 4팀 3차 큐에 대해 주의점은 대기 시간이 길어질 수 있다고, 그리고 비유는 번호표를 뽑고 기다리는 줄이라고 설명했습니다.",True,,,,,False,False,0.8717948717948718,0.558139534883721,0.4358974358974359,0.2790697674418605,True,True,3.7459621999878436,4.760816499998327,,,,,question+passage,"여름 4팀 3차 큐에 대해 비유는 번호표를 뽑고 기다리는 줄이라고, 장점은 처리 순서를 명확하게 만든다고, 그리고 주의점은 대기 시간이 길어질 수 있다고 설명했습니다.","여름 4팀 3차 큐에 대해 주의점은memcached에 저장하면 됩니다. 중앙에 놓고 생각이 간다리가 있다고, 비유는 번호표를 뽑고 기다리는 줄에 추가한다고, 그리고 역할은 작업을 순서대로 기다리게 한다고 설명했습니다."
dataset_ko_315_final,entity_simple_hard_test_statistics_00286:final:0,entity_simple_hard_test_statistics_00286,entity_simple_hard_test_statistics_00286,True,same_source_sibling_facts,1,4,23,20,교수님이 정규 오전반 3차 상관계수의 활용과 비유를 어떻게 말했어?,"정규 오전반 3차 상관계수에 대해 활용은 관계 강도를 빠르게 살필 때 쓴다고, 그리고 비유는 두 변수의 움직임을 비교하는 나침반이라고 설명했습니다.",True,,,,,False,False,0.6842105263157895,0.411764705882353,0.34210526315789475,0.2058823529411765,True,False,3.9157735999906436,2.845010099990759,,,,,question+passage,"교수님이 설명한 비유는 두 변수의 움직임을 비교하는 나침반이라고, 주의점은 원인 증명을 뜻하지 않는다고, 그리고 활용은 관계 강도를 빠르게 살필 때 쓴다고 설명했습니다.",교수님이 정규 오전반 3차 상관계수의 활용과 비유를 설명하시면 간주하는 것입니다. 특정 현상을 나타내는 강도가 된 것이라고 설명하시겠어.
dataset_ko_316_final,entity_simple_hard_test_dessert_00312:final:0,entity_simple_hard_test_dessert_00312,entity_simple_hard_test_dessert_00312,True,same_source_sibling_facts,1,4,23,20,가을 B반 4차 초콜렛 설명에서 맛과 특징만 알려줘.,"가을 B반 4차 초콜렛에 대해 맛은 달콤하다고, 그리고 특징은 입안에서 천천히 녹는다고 설명했습니다.",True,,,,,False,False,0.7647058823529412,0.9285714285714286,0.3823529411764706,0.4642857142857143,True,True,3.9378536000149325,2.974928200012073,,,,,passage-only,"가을 B반 4차 초콜렛 설명에 대해 맛은 달콤하다고, 특징은 입안에서 천천히 녹는다고, 그리고 보존 기간은 ume powder(음료수 상주希望(호시)condsent를 가지고 있다고 설명했습니다.","가을 B반 4차 초콜렛 설명에 대해 맛은 달콤하다고, 특징은 입안에서 천천히 녹는다고, 그리고 색깔은 검정색이라고 설명했습니다."
dataset_ko_317_final,entity_simple_hard_test_dessert_00144:final:0,entity_simple_hard_test_dessert_00144,entity_simple_hard_test_dessert_00144,True,same_source_sibling_facts,1,4,23,20,캡스톤 1팀 2차 초콜렛 설명에서 비유와 색깔만 알려줘.,"캡스톤 1팀 2차 초콜렛에 대해 비유는 작은 선물 상자라고, 그리고 색깔은 검정색이라고 설명했습니다.",True,,,,,False,False,0.9600000000000001,0.9285714285714286,0.48000000000000004,0.4642857142857143,True,True,2.1909342000144534,2.665227099962067,,,,,tie,"캡스톤 1팀 2차 초콜렛 설명에 대해 비유는 작은 선물 상자라고, 색깔은 검정색이라고 설명했습니다.","캡스톤 1팀 2차 초콜렛에 대해 비유는 작은 선물 상자라고, 색깔은 검정색이라고, 그리고 색감은lightly transparent이라고 설명했습니다."
dataset_ko_318_final,entity_simple_hard_test_marketing_00128:final:0,entity_simple_hard_test_marketing_00128,entity_simple_hard_test_marketing_00128,True,same_source_sibling_facts,1,4,23,20,실습 C반 2차 신입생 캠페인 설명에서 대상과 보상만 알려줘.,"실습 C반 2차 신입생 캠페인에 대해 대상은 신입생이라고, 그리고 보상은 커피 쿠폰이라고 설명했습니다.",True,,,,,False,False,0.896551724137931,0.6666666666666667,0.4482758620689655,0.33333333333333337,True,True,3.44334080000408,1.7224597000167705,,,,,question+passage,"실습 C반 2차 신입생 캠페인에 대해 대상은 신입생이라고, 보상은 커피 쿠폰이라고, 그리고 핵심 채널은 인스타그램이라고 설명했습니다.",실습 C반 2차 신입생 캠페인 설명에서 대상과 보상만 알려줬습니다.
dataset_ko_319_final,entity_simple_hard_test_project_00135:final:0,entity_simple_hard_test_project_00135,entity_simple_hard_test_project_00135,True,same_source_sibling_facts,1,4,23,20,파일럿 D반 2차 프론트엔드 점검 설명 중 마감과 공유 위치에 해당하는 내용만 답해줘.,"파일럿 D반 2차 프론트엔드 점검에 대해 마감은 다음 달 첫째 주 화요일이라고, 그리고 공유 위치는 프로젝트 슬랙 채널이라고 설명했습니다.",True,,,,,False,False,0.9189189189189189,0.5116279069767442,0.45945945945945943,0.2558139534883721,True,False,4.091695500013884,4.1742781000211835,,,,,question+passage,"파일럿 D반 2차 프론트엔드 점검 설명에 대해 공유 위치는 프로젝트 슬랙 채널이라고, 담당은 프론트엔드 파트라고, 그리고 마감은 다음 달 첫째 주 화요일이라고 설명했습니다.","파일럿 D반 2차 프론트엔드 점검에 대해 마감은 종료되지만 공유 위치는 개인 드롭박스 엔드 사용자 정보에 해당하는 내용이라고, 확인 기준은 사용자 차단 여부라고, 그리고 공유 링크라고 설명했습니다."
dataset_ko_320_final,entity_simple_hard_test_art_history_00091:final:0,entity_simple_hard_test_art_history_00091,entity_simple_hard_test_art_history_00091,True,same_source_sibling_facts,1,4,23,20,여름 오후반 1차 르네상스 설명 중 비교 포인트와 비유에 해당하는 내용만 답해줘.,"여름 오후반 1차 르네상스에 대해 비교 포인트는 절대왕정 중심 설명과 다르다고, 그리고 비유는 사람을 화면 중앙에 다시 세우는 방식이라고 설명했습니다.",True,,,,,False,False,0.9268292682926829,0.9268292682926829,0.46341463414634143,0.46341463414634143,True,True,3.8946479000151157,3.9244206000003032,,,,,tie,"여름 오후반 1차 르네상스에 대해 비교 포인트는 절대왕정 중심 설명과 다르다고, 핵심 특징은 인문주의라고, 그리고 비유는 사람을 화면 중앙에 다시 세우는 방식이라고 설명했습니다.","여름 오후반 1차 르네상스에 대해 비교 포인트는 절대왕정 중심 설명과 다르다고, 비유는 사람을 화면 중앙에 다시 세우는 방식이라고, 그리고 핵심 특징은 인문주의라고 설명했습니다."
dataset_ko_321_final,entity_simple_hard_test_art_history_00307:final:0,entity_simple_hard_test_art_history_00307,entity_simple_hard_test_art_history_00307,True,same_source_sibling_facts,1,4,23,20,심화 A반 4차 르네상스 설명 중 핵심 특징과 목적에 해당하는 내용만 답해줘.,"심화 A반 4차 르네상스에 대해 핵심 특징은 인문주의라고, 그리고 목적은 사람의 가치를 드러내는 것이라고 설명했습니다.",True,,,,,False,False,0.9655172413793104,0.9090909090909091,0.4827586206896552,0.45454545454545453,True,True,2.584694999968633,3.2045952000189573,,,,,question+passage,"심화 A반 4차 르네상스에 대해 핵심 특징은 인문주의라고, 목적은 사람의 가치를 드러내는 것이라고 설명했습니다.","심화 A반 4차 르네상스에 대해 핵심 특징과 목적을 설명했다고, 핵심은 인문주의라고, 그리고 목적은 사람의 가치를 드러내는 것이라고 설명했습니다."
dataset_ko_322_final,entity_simple_hard_test_os_concept_00006:final:0,entity_simple_hard_test_os_concept_00006,entity_simple_hard_test_os_concept_00006,True,same_source_sibling_facts,1,4,23,20,교수님이 정규 A반 1차 캐시의 역할과 장점을 어떻게 말했어?,"정규 A반 1차 캐시에 대해 역할은 자주 쓰는 정보를 가까이 둔다고, 그리고 장점은 반복 접근을 빠르게 만든다고 설명했습니다.",True,,,,,False,False,0.619047619047619,0.8571428571428571,0.3095238095238095,0.42857142857142855,True,True,4.045707900018897,4.157369900029153,,,,,passage-only,"교수님이 정규 A반 1차 캐시에 대해 주의점은 오래된 정보가 남을 수 있다고, 역할은 자주 쓰는 정보를 가까이 둔다고, 그리고 비유는 책상 위에 올려둔 책이라고 설명했습니다.","교수님의 정규 A반 1차 캐시에 대해 역할은 자주 쓰는 정보를 가까이 둔다고, 장점은 반복 접근을 빠르게 만든다고, 그리고 비유는 책상 위에 올려둔 책이라고 설명했습니다."
dataset_ko_323_final,entity_simple_hard_test_statistics_00189:final:0,entity_simple_hard_test_statistics_00189,entity_simple_hard_test_statistics_00189,True,same_source_sibling_facts,1,4,23,20,세미나 오전반 2차 신뢰구간에서 활용과 비유를 함께 정리해줘.,"세미나 오전반 2차 신뢰구간에 대해 활용은 추정의 불확실성을 설명할 때 쓴다고, 그리고 비유는 정답이 있을 법한 범위를 그은 지도라고 설명했습니다.",True,,,,,False,False,0.8837209302325582,0.9047619047619047,0.4418604651162791,0.45238095238095233,True,True,4.078748200030532,3.922977299953345,,,,,tie,"세미나 오전반 2차 신뢰구간에 대해 비유는 정답이 있을 법한 범위를 그은 지도라고, 주의점은 정답 하나를 보장하지 않는다고, 그리고 활용은 추정의 불확실성을 설명할 때 쓴다고 설명했습니다.","세미나 오전반 2차 신뢰구간에 대해 활용은 추정의 불확실성을 설명할 때 쓴다고, 비유는 정답이 있을 법한 범위를 그은 지도라고, 그리고 의미는 모수 추정의 한 종류라고 설명했습니다."
dataset_ko_324_final,entity_simple_hard_test_art_history_00016:final:0,entity_simple_hard_test_art_history_00016,entity_simple_hard_test_art_history_00016,True,same_source_sibling_facts,1,4,23,20,정규 B반 1차 바로크 설명에서 핵심 특징과 목적만 알려줘.,"정규 B반 1차 바로크에 대해 핵심 특징은 극적 명암이라고, 그리고 목적은 감정을 강하게 전달하는 것이라고 설명했습니다.",True,,,,,False,False,0.8421052631578948,0.5945945945945946,0.4210526315789474,0.2972972972972973,True,True,3.560728999960702,3.39110350003466,,,,,question+passage,"정규 B반 1차 바로크에 대해 핵심 특징은 극적 명암이라고, 비유는 무대 조명이 한 장면을 강조하는 방식이라고, 그리고 목적은 감정을 강하게 전달하는 것이라고 설명했습니다.","정규 B반 1차 바로크 설명에 대해 핵심 특징은 극적 명암으로 주의를 끌 said를 설명이라고比喻认为”라고, 그리고 목적은 기존 인트로와 다른 새로운 면이라고 설명했습니다."
dataset_ko_325_final,entity_simple_hard_test_os_concept_00364:final:0,entity_simple_hard_test_os_concept_00364,entity_simple_hard_test_os_concept_00364,True,same_source_sibling_facts,1,4,23,20,캡스톤 3팀 4차 프로세스 설명에서 주의점과 비유만 알려줘.,"캡스톤 3팀 4차 프로세스에 대해 주의점은 자원을 너무 많이 쓰면 느려질 수 있다고, 그리고 비유는 독립된 식당이라고 설명했습니다.",True,,,,,False,False,0.8717948717948718,0.7272727272727272,0.4358974358974359,0.3636363636363636,True,True,3.8725619000033475,4.481292699987534,,,,,question+passage,"캡스톤 3팀 4차 프로세스 설명에 대해 주의점은 자원을 너무 많이 쓰면 느려질 수 있다고, 비유는 독립된 식당이라고, 그리고 역할은 독립된 실행 공간을 가진다고 설명했습니다.","캡스톤 3팀 4차 프로세스에 대해 주의점은 자원을 너무 많이 쓰면 느려질 수 있다고, 비유는 혼자 달아보는 거처럼 독립된 실행 공간을 가진다고, 그리고 비유는 독립된 실행 공간을 가진다고 설명했습니다."
dataset_ko_326_final,entity_simple_hard_test_os_concept_00365:final:0,entity_simple_hard_test_os_concept_00365,entity_simple_hard_test_os_concept_00365,True,same_source_sibling_facts,1,4,23,20,파일럿 3팀 4차 스레드에서 주의점과 비유를 함께 정리해줘.,"파일럿 3팀 4차 스레드에 대해 주의점은 공유 자원 관리가 필요하다고, 그리고 비유는 같은 식당 안에서 일하는 직원이라고 설명했습니다.",True,,,,,False,False,0.8571428571428571,0.2631578947368421,0.42857142857142855,0.13157894736842105,True,False,3.8593716000323184,3.0829375999746844,,,,,question+passage,"파일럿 3팀 4차 스레드에 대해 주의점은 공유 자원 관리가 필요하다고, 비유는 같은 식당 안에서 일하는 직원이라고, 그리고 역할은 프로세스 안에서 작업을 나누어 실행한다고 설명했습니다.","파일럿 3팀 4차 스레드에 대해 생각이 여러 개인데, 가장 명확하지는 않지만 그 필요性은 작업이 연속적으로 진행되는 부분이 있음을 설명하기 어려운 부분입니다."
dataset_ko_327_final,entity_simple_hard_test_dessert_00145:final:0,entity_simple_hard_test_dessert_00145,entity_simple_hard_test_dessert_00145,True,same_source_sibling_facts,1,4,23,20,파일럿 1팀 2차 솜사탕에서 비유와 색깔을 함께 정리해줘.,"파일럿 1팀 2차 솜사탕에 대해 비유는 구름 같은 간식이라고, 그리고 색깔은 분홍색이라고 설명했습니다.",True,,,,,False,False,0.8125000000000001,0.5806451612903226,0.40625000000000006,0.2903225806451613,True,False,3.2666019999887794,3.278826800000388,,,,,question+passage,"파일럿 1팀 2차 솜사탕에 대해 색깔은 분홍색이라고, 의미는 구름 같은 간식이라고, 그리고 비유는 구름 같은 간식을 타고 온다고 설명했습니다.","파일럿 1팀 2차 솜사탕에 대해 비유는 멤버적误分类可能有所不同이라고, 색깔은 분별력에 대한 예라고, 그리고 설명은 여러 장에 걸쳐 줄이라고 설명했습니다."
dataset_ko_328_final,entity_simple_hard_test_statistics_00020:final:0,entity_simple_hard_test_statistics_00020,entity_simple_hard_test_statistics_00020,True,same_source_sibling_facts,1,4,23,20,봄 C반 1차 표본분산 설명에서 의미와 주의점만 알려줘.,"봄 C반 1차 표본분산에 대해 의미는 흩어짐 측정이라고, 그리고 주의점은 순위 정렬과 다르다고 설명했습니다.",True,,,,,False,False,0.8125000000000001,0.8666666666666666,0.40625000000000006,0.4333333333333333,True,True,3.4818759000045247,3.6018095999606885,,,,,passage-only,"봄 C반 1차 표본분산에 대해 주의점은 순위 정렬과 다르다고, 의미는 흩어짐 측정이라고, 그리고 비유는 점들이 얼마나 퍼졌는지 보는 자라고 설명했습니다.","봄 C반 1차 표본분산 설명에 대해 의미는 흩어짐 측정이라고, 주의점은 순위 정렬과 다르다고, 그리고 활용은 데이터의 흩어짐 측정이라고 설명했습니다."
dataset_ko_329_final,entity_simple_hard_test_marketing_00299:final:0,entity_simple_hard_test_marketing_00299,entity_simple_hard_test_marketing_00299,True,same_source_sibling_facts,1,4,23,20,세미나 오후반 3차 멘토링 이벤트 설명 중 핵심 채널과 성과 지표에 해당하는 내용만 답해줘.,"세미나 오후반 3차 멘토링 이벤트에 대해 핵심 채널은 이메일 뉴스레터라고, 그리고 성과 지표는 재방문율이라고 설명했습니다.",True,,,,,False,False,0.7428571428571429,0.8235294117647058,0.37142857142857144,0.4117647058823529,True,True,3.988151300000027,3.6632392999599688,,,,,passage-only,"세미나 오후반 3차 멘토링 이벤트 설명에 대해 핵심 채널은 홈레스트 기록하는 고객이라고, 핵심 성과 지표는 재방문율이라고, 그리고 보상은 포인트 500점이라고 설명했습니다.","세미나 오후반 3차 멘토링 이벤트에 대해 핵심 채널은 이메일 뉴스레터라고, 성과 지표는 참여율이라고, 그리고 확산 방식은 소셜 미디어라고 설명했습니다."
dataset_ko_330_final,entity_simple_hard_test_statistics_00140:final:0,entity_simple_hard_test_statistics_00140,entity_simple_hard_test_statistics_00140,True,same_source_sibling_facts,1,4,23,20,봄 1팀 2차 표본분산 설명에서 비유와 활용만 알려줘.,"봄 1팀 2차 표본분산에 대해 비유는 점들이 얼마나 퍼졌는지 보는 자라고, 그리고 활용은 데이터 변동성을 볼 때 쓴다고 설명했습니다.",True,,,,,False,False,0.967741935483871,0.888888888888889,0.4838709677419355,0.4444444444444445,True,True,2.8557571999845095,3.6778325000195764,,,,,question+passage,"봄 1팀 2차 표본분산에 대해 비유는 점들이 얼마나 퍼졌는지 보는 자라고, 활용은 데이터 변동성을 볼 때 쓴다고 설명했습니다.","봄 1팀 2차 표본분산 설명에 대해 비유는 점들이 얼마나 퍼졌는지 보는 자라고, 주의점은 순위 정렬과 다르다고, 그리고 활용은 데이터 변동성을 볼 때 쓴다고 설명했습니다."
dataset_ko_331_final,entity_simple_hard_test_marketing_00248:final:0,entity_simple_hard_test_marketing_00248,entity_simple_hard_test_marketing_00248,True,same_source_sibling_facts,1,4,23,20,실습 1팀 3차 신입생 캠페인 설명에서 성과 지표와 핵심 채널만 알려줘.,"실습 1팀 3차 신입생 캠페인에 대해 성과 지표는 전환율이라고, 그리고 핵심 채널은 인스타그램이라고 설명했습니다.",True,,,,,False,False,0.962962962962963,0.4,0.4814814814814815,0.2,True,True,2.7950328000006266,7.570319099992048,,,,,question+passage,"실습 1팀 3차 신입생 캠페인 설명에 대해 핵심 채널은 인스타그램이라고, 성과 지표는 전환율이라고 설명했습니다.","실습 1팀 3차 신입생 캠페인 설명에서 성과 지표와 핵심 채널만 알려줬다고 하면 과제가 신입생 캠페인인거고 결과 지표가 커버징 gap이야기라고 했다고 하고, 핵심 채널이 인스타그램이라고 했다고 한다고 explain하라면 성과 지표는 커버징 gap이라고, 핵심 채널이 인스타그램이라고 핸들링 gap이 커진"
dataset_ko_332_final,entity_simple_hard_test_project_00398:final:0,entity_simple_hard_test_project_00398,entity_simple_hard_test_project_00398,True,same_source_sibling_facts,1,4,23,20,교수님이 실습 오후반 4차 AI 모델 평가의 담당과 확인 기준을 어떻게 말했어?,"실습 오후반 4차 AI 모델 평가에 대해 담당은 AI 파트라고, 그리고 확인 기준은 정답률이라고 설명했습니다.",True,,,,,False,False,0.5806451612903225,0.7647058823529413,0.29032258064516125,0.3823529411764707,True,True,2.93700939998962,3.4785282000084408,,,,,passage-only,"교수님의 AI 모델 평가의 담당과 확인 기준은 정답을 기준이라고, 메일 첫 부분이라고, 그리고 확인 기준은 정답률이라고 설명했습니다.","실습 오후반 4차 AI 모델 평가에 대해 담당은 AI 파트라고, 확인 기준은 정답률을 설명하지만 확실한 side는 반품 대상이라고 설명했습니다."
dataset_ko_333_final,entity_simple_hard_test_statistics_00311:final:0,entity_simple_hard_test_statistics_00311,entity_simple_hard_test_statistics_00311,True,same_source_sibling_facts,1,4,23,20,여름 B반 4차 회귀분석 설명 중 의미와 주의점에 해당하는 내용만 답해줘.,"여름 B반 4차 회귀분석에 대해 의미는 관계의 경향 설명이라고, 그리고 주의점은 모든 원인을 증명하지는 않는다고 설명했습니다.",True,,,,,False,False,0.56,0.8205128205128205,0.28,0.41025641025641024,False,True,1.5650009000091814,3.9092137000407092,,,,,passage-only,여름 B반 4차 회귀분석 설명 중 의미는 주의점에 해당하는 내용이라고 설명했습니다.,"여름 B반 4차 회귀분석 설명에 대해 의미는 관계의 경향 설명이라고, 주의점은 모든 원인을 증명하지는 않는다고, 그리고 비유는 흩어진 점 사이에 길을 그어 보는 일이라고 설명했습니다."
dataset_ko_334_final,entity_simple_hard_test_art_history_00138:final:0,entity_simple_hard_test_art_history_00138,entity_simple_hard_test_art_history_00138,True,same_source_sibling_facts,1,4,23,20,교수님이 실습 D반 2차 인상주의의 비유와 비교 포인트를 어떻게 말했어?,"실습 D반 2차 인상주의에 대해 비유는 햇빛이 흔들리는 수면에 비친 모습이라고, 그리고 비교 포인트는 정확한 윤곽보다 색감이 중요하다고 설명했습니다.",True,,,,,False,False,0.6666666666666666,0.7500000000000001,0.3333333333333333,0.37500000000000006,True,True,3.7661077000084333,3.7355629000230692,,,,,passage-only,"실습 D반 2차 인상주의에 대해 비유는 정확한 윤곽보다 색감이 중요하다고, 목적은 관찰 순간을 살리는 것이라고, 그리고 비교 포인트는 정확한 인상보다 색감이 중요하다고 설명했습니다.","실습 D반 2차 인상주의에 대해 비유는 햇빛이 흔들리는 수면에 비친 모습이라고, 비유의 포인트는 관찰과 비교의 포인트라고, 그리고 목적은 관찰의 중요성이라고 설명했습니다."
dataset_ko_335_final,entity_simple_hard_test_project_00375:final:0,entity_simple_hard_test_project_00375,entity_simple_hard_test_project_00375,True,same_source_sibling_facts,1,4,23,20,파일럿 4팀 4차 프론트엔드 점검 설명 중 공유 위치와 마감에 해당하는 내용만 답해줘.,"파일럿 4팀 4차 프론트엔드 점검에 대해 공유 위치는 프로젝트 슬랙 채널이라고, 그리고 마감은 다음 달 첫째 주 화요일이라고 설명했습니다.",True,,,,,False,False,0.9696969696969697,0.9189189189189189,0.48484848484848486,0.45945945945945943,True,True,3.303674900031183,3.9519642000086606,,,,,question+passage,"파일럿 4팀 4차 프론트엔드 점검 설명에 대해 공유 위치는 프로젝트 슬랙 채널이라고, 마감은 다음 달 첫째 주 화요일이라고 설명했습니다.","파일럿 4팀 4차 프론트엔드 점검에 대해 공유 위치는 프로젝트 슬랙 채널이라고, 마감은 다음 달 첫째 주 화요일이라고, 그리고 책임은 프론트엔드 파트라고 설명했습니다."
dataset_ko_336_final,entity_simple_hard_test_os_concept_00100:final:0,entity_simple_hard_test_os_concept_00100,entity_simple_hard_test_os_concept_00100,True,same_source_sibling_facts,1,4,23,20,봄 A반 2차 프로세스 설명에서 역할과 장점만 알려줘.,"봄 A반 2차 프로세스에 대해 역할은 독립된 실행 공간을 가진다고, 그리고 장점은 서로 영향을 줄이는 데 도움이 된다고 설명했습니다.",True,,,,,False,False,0.8292682926829268,0.8205128205128205,0.4146341463414634,0.41025641025641024,True,True,4.02941010001814,3.592673000006471,,,,,tie,"봄 A반 2차 프로세스 설명에 대해 장점은 서로 영향을 줄이는 데 도움이 된다고, 주의점은 자원을 너무 많이 쓰면 느려질 수 있다고, 그리고 역할은 독립된 실행 공간을 가진다고 설명했습니다.","봄 A반 2차 프로세스에 대해 역할은 독립된 실행 공간을 가진다고, 장점은 서로 영향을 줄이는 데 도움이 된다고, 마지막ly 예는 독립된 실행 공간을 가진다고 설명했습니다."
dataset_ko_337_final,entity_simple_hard_test_marketing_00152:final:0,entity_simple_hard_test_marketing_00152,entity_simple_hard_test_marketing_00152,True,same_source_sibling_facts,1,4,23,20,가을 2팀 2차 신입생 캠페인 설명에서 성과 지표와 핵심 채널만 알려줘.,"가을 2팀 2차 신입생 캠페인에 대해 성과 지표는 전환율이라고, 그리고 핵심 채널은 인스타그램이라고 설명했습니다.",True,,,,,False,False,0.9032258064516129,0.5714285714285714,0.45161290322580644,0.2857142857142857,True,True,3.610584400012158,5.105604400043376,,,,,question+passage,"가을 2팀 2차 신입생 캠페인에 대해 핵심 채널은 인스타그램이라고, 성과 지표는 전환율이라고, 그리고 보상은 커피 쿠폰이라고 설명했습니다.","가을 2팀 2차 신입생 캠페인 설명에서 성과 지표와 핵심 채널만 알려주는 이유는 높은 전환율을 설명할 수 있을 뿐만 아니라, 광고 집중領域에 대해 설명할 것이라고, 그리고 핵심 채널로 유도되는 지점이라고 설명했습니다."
dataset_ko_338_final,entity_simple_hard_test_os_concept_00245:final:0,entity_simple_hard_test_os_concept_00245,entity_simple_hard_test_os_concept_00245,True,same_source_sibling_facts,1,4,23,20,파일럿 1팀 3차 스레드에서 장점과 역할을 함께 정리해줘.,"파일럿 1팀 3차 스레드에 대해 장점은 작업을 가볍게 나눌 수 있다고, 그리고 역할은 프로세스 안에서 작업을 나누어 실행한다고 설명했습니다.",True,,,,,False,False,0.8571428571428571,0.6857142857142857,0.42857142857142855,0.34285714285714286,True,True,3.727651299966965,2.671795599977486,,,,,question+passage,"파일럿 1팀 3차 스레드에 대해 장점은 작업을 가볍게 나눌 수 있다고, 역할은 프로세스 안에서 작업을 나누어 실행한다고, 그리고 비유는 같은 식당 안에서 일하는 직원이라고 설명했습니다.","파일럿 1팀 3차 스레드에 대해 장점은 작업을 가볍게 나눌 수 있다고, 역할은 특정 부분 작업을 가집니다에 대해 설명을 추가했습니다."
dataset_ko_339_final,entity_simple_hard_test_os_concept_00343:final:0,entity_simple_hard_test_os_concept_00343,entity_simple_hard_test_os_concept_00343,True,same_source_sibling_facts,1,4,23,20,겨울 1팀 4차 큐 설명 중 장점과 역할에 해당하는 내용만 답해줘.,"겨울 1팀 4차 큐에 대해 장점은 처리 순서를 명확하게 만든다고, 그리고 역할은 작업을 순서대로 기다리게 한다고 설명했습니다.",True,,,,,False,False,0.8717948717948718,0.8717948717948718,0.4358974358974359,0.4358974358974359,True,True,3.5431541000143625,3.550584100012202,,,,,tie,"겨울 1팀 4차 큐에 대해 장점은 처리 순서를 명확하게 만든다고, 역할은 작업을 순서대로 기다리게 한다고, 그리고 주의점은 대기 시간이 길어질 수 있다고 설명했습니다.","겨울 1팀 4차 큐에 대해 장점은 처리 순서를 명확하게 만든다고, 역할은 작업을 순서대로 기다리게 한다고, 그리고 주의점은 대기 시간이 길어질 수 있다고 설명했습니다."
dataset_ko_340_final,entity_simple_hard_test_marketing_00202:final:0,entity_simple_hard_test_marketing_00202,entity_simple_hard_test_marketing_00202,True,same_source_sibling_facts,1,4,23,20,교수님이 가을 A반 3차 스터디 모집의 핵심 채널과 성과 지표를 어떻게 말했어?,"가을 A반 3차 스터디 모집에 대해 핵심 채널은 학과 홈페이지라고, 그리고 성과 지표는 완료율이라고 설명했습니다.",True,,,,,False,False,0.6875,0.8571428571428571,0.34375,0.42857142857142855,True,True,3.3858204999705777,3.6484822999918833,,,,,passage-only,"가을 A반 3차 스터디 모집의 핵심 채널이란 소통窗口(부분)이라고, 성과 지표는 완료율이라고, 그리고 대상은 스터디 신청자라고 설명했습니다.","교수님의 가을 A반 3차 스터디 모집에 대해 핵심 채널은 학과 홈페이지라고, 성과 지표는 완료율이라고, 그리고 핵심 채널은 학과 연구진이라고 설명했습니다."
dataset_ko_341_final,entity_simple_hard_test_project_00348:final:0,entity_simple_hard_test_project_00348,entity_simple_hard_test_project_00348,True,same_source_sibling_facts,1,4,23,20,실습 1팀 4차 최종 발표 설명에서 확인 기준과 담당만 알려줘.,"실습 1팀 4차 최종 발표에 대해 확인 기준은 근거 제시 여부라고, 그리고 담당은 기획 파트라고 설명했습니다.",True,,,,,False,False,0.888888888888889,0.6666666666666667,0.4444444444444445,0.33333333333333337,True,True,3.0758868000120856,3.501508300018031,,,,,question+passage,"실습 1팀 4차 최종 발표 설명에 대해 확인 기준은 근거 제시 여부라고, 공유 위치는 팀 노션 페이지라고, 그리고 담당은 기획 파트라고 설명했습니다.","실습 1팀 4차 최종 발표 설명에 대해 확인 기준은 확인 기준 공유 위치는 팀 노션 페이지라고, 담당은 기획 파트라고, 그리고 마감은 다음 주 월요일 밤이라고 설명했습니다."
dataset_ko_342_final,entity_simple_hard_test_project_00229:final:0,entity_simple_hard_test_project_00229,entity_simple_hard_test_project_00229,True,same_source_sibling_facts,1,4,23,20,세미나 C반 3차 백엔드 배포에서 마감과 공유 위치를 함께 정리해줘.,"세미나 C반 3차 백엔드 배포에 대해 마감은 수요일 오후 다섯 시라고, 그리고 공유 위치는 깃허브 이슈 탭이라고 설명했습니다.",True,,,,,False,False,0.923076923076923,0.65,0.4615384615384615,0.325,True,True,3.48031070001889,3.4301372000481933,,,,,question+passage,"세미나 C반 3차 백엔드 배포에 대해 공유 위치는 깃허브 이슈 탭이라고, 담당은 백엔드 팀이라고, 그리고 마감은 수요일 오후 다섯 시라고 설명했습니다.","세미나 C반 3차 백엔드 배포에 대해 마감은 수요일 오후 다섯 시라고, 함께 정리해주는 곳은 프로젝트 페이지라고, 그리고 확인 기준은 오류 발생률이라고 설명했습니다."
dataset_ko_343_final,entity_simple_hard_test_statistics_00165:final:0,entity_simple_hard_test_statistics_00165,entity_simple_hard_test_statistics_00165,True,same_source_sibling_facts,1,4,23,20,파일럿 3팀 2차 신뢰구간에서 주의점과 의미를 함께 정리해줘.,"파일럿 3팀 2차 신뢰구간에 대해 주의점은 정답 하나를 보장하지 않는다고, 그리고 의미는 모수 추정 범위라고 설명했습니다.",True,,,,,False,False,0.8648648648648648,0.7317073170731707,0.4324324324324324,0.36585365853658536,True,True,3.6852880000369623,3.9604729000129737,,,,,question+passage,"파일럿 3팀 2차 신뢰구간에 대해 주의점은 정답 하나를 보장하지 않는다고, 의미는 모수 추정 범위라고, 그리고 비유는 정답이 100명을 초과하는 법이라고 설명했습니다.","파일럿 3팀 2차 신뢰구간에 대해 주의점은 정답 하나를 보장하지 않는다고, 의미는 모수 추정을 강화하지 않는다고, 그리고 비유는 정답 하나를 보장하지 않는 이유를 설명할 때 쓴다고 설명했습니다."
dataset_ko_344_final,entity_simple_hard_test_marketing_00104:final:0,entity_simple_hard_test_marketing_00104,entity_simple_hard_test_marketing_00104,True,same_source_sibling_facts,1,4,23,20,캡스톤 A반 2차 신입생 캠페인 설명에서 핵심 채널과 성과 지표만 알려줘.,"캡스톤 A반 2차 신입생 캠페인에 대해 핵심 채널은 인스타그램이라고, 그리고 성과 지표는 전환율이라고 설명했습니다.",True,,,,,False,False,0.7999999999999999,0.896551724137931,0.39999999999999997,0.4482758620689655,True,True,3.406688400020357,3.2640896000084467,,,,,passage-only,"캡스톤 A반 2차 신입생 캠페인의 핵심 채널만 알려고, 성과 지표는 전환율이라고, 그리고 보상은 커피 쿠폰이라고 설명했습니다.","캡스톤 A반 2차 신입생 캠페인 설명에서 핵심 채널은 인스타그램이라고, 성과 지표는 전환율이라고, 그리고 대상은 신입생이라고 설명했습니다."
dataset_ko_345_final,entity_simple_hard_test_art_history_00377:final:0,entity_simple_hard_test_art_history_00377,entity_simple_hard_test_art_history_00377,True,same_source_sibling_facts,1,4,23,20,심화 4팀 4차 입체주의에서 비교 포인트와 비유를 함께 정리해줘.,"심화 4팀 4차 입체주의에 대해 비교 포인트는 단일 원근과 다르다고, 그리고 비유는 여러 방향에서 본 사물을 한 화면에 놓는 방식이라고 설명했습니다.",True,,,,,False,False,0.9047619047619047,0.7,0.45238095238095233,0.35,True,True,3.7749343999894336,3.1634117999929003,,,,,question+passage,"심화 4팀 4차 입체주의에 대해 비교 포인트는 단일 원근과 다르다고, 핵심 특징은 여러 시점이라고, 그리고 비유는 여러 방향에서 본 사물을 한 화면에 놓는 방식이라고 설명했습니다.","심화 4팀 4차 입체주의에 대해 비교 포인트는 단일 원근과 다르다고, 비유는 여러 시점이라고, 그리고 비교 포인트는 단일 중심이 되는 모형이라고 설명했습니다."
dataset_ko_346_final,entity_simple_hard_test_marketing_00057:final:0,entity_simple_hard_test_marketing_00057,entity_simple_hard_test_marketing_00057,True,same_source_sibling_facts,1,4,23,20,심화 2팀 1차 동아리 홍보에서 성과 지표와 핵심 채널을 함께 정리해줘.,"심화 2팀 1차 동아리 홍보에 대해 성과 지표는 참여율이라고, 그리고 핵심 채널은 오픈채팅방이라고 설명했습니다.",True,,,,,False,False,0.9032258064516129,0.3902439024390244,0.45161290322580644,0.1951219512195122,True,True,3.207777400035411,4.99153070000466,,,,,question+passage,"심화 2팀 1차 동아리 홍보에 대해 핵심 채널은 오픈채팅방이라고, 대상은 동아리 회원이라고, 그리고 성과 지표는 참여율이라고 설명했습니다.",심화 2팀 1차 동아리 홍보에 대해 성과 지표는 참여율과 성과 지표 간 측정 지표와 비교해 성과 평가 요소와 비교 사유와 보상과 비교해 일반권한과 관련된 봅니aczekhenova.com에 대해 요청권한과 설명과 비교해요?
dataset_ko_347_final,entity_simple_hard_test_dessert_00195:final:0,entity_simple_hard_test_dessert_00195,entity_simple_hard_test_dessert_00195,True,same_source_sibling_facts,1,4,23,20,파일럿 오후반 2차 브라우니 설명 중 색깔과 비유에 해당하는 내용만 답해줘.,"파일럿 오후반 2차 브라우니에 대해 색깔은 진한 갈색이라고, 그리고 비유는 초콜렛을 압축한 케이크라고 설명했습니다.",True,,,,,False,False,0.8750000000000001,0.9032258064516129,0.43750000000000006,0.45161290322580644,True,True,3.8101874999701977,3.7589669000008143,,,,,tie,"파일럿 오후반 2차 브라우니에 대해 색깔은 진한 갈색이라고, 비유는 초콜렛을 압축한 케이크라고, 그리고 특징은 속이 촉촉하게 남는다고 설명했습니다.","파일럿 오후반 2차 브라우니에 대해 색깔은 진한 갈색이라고, 비유는 초콜렛을 압축한 케이크라고, 그리고 맛은 묵직하게 달콤하다고 설명했습니다."
dataset_ko_348_final,entity_simple_hard_test_os_concept_00174:final:0,entity_simple_hard_test_os_concept_00174,entity_simple_hard_test_os_concept_00174,True,same_source_sibling_facts,1,4,23,20,교수님이 캡스톤 4팀 2차 캐시의 주의점과 비유를 어떻게 말했어?,"캡스톤 4팀 2차 캐시에 대해 주의점은 오래된 정보가 남을 수 있다고, 그리고 비유는 책상 위에 올려둔 책이라고 설명했습니다.",True,,,,,False,False,0.85,0.8095238095238095,0.425,0.40476190476190477,True,True,4.1317908999626525,4.334063799993601,,,,,tie,"교수님이 캡스톤 4팀 2차 캐시에 대해 비유는 책상 위에 올려둔 책이라고, 장점은 반복 접근을 빠르게 만든다고, 그리고 주의점은 오래된 정보가 남을 수 있다고 설명했습니다.","교수님이 캡스톤 4팀 2차 캐시에 대해 주의점은 오래된 정보가 남을 수 있다고, 비유는 책상 위에 올려둔 책이라고, 그리고 역할은 자주 쓰는 책을 옆에 두는 방식이라고 설명했습니다."
dataset_ko_349_final,entity_simple_hard_test_statistics_00238:final:0,entity_simple_hard_test_statistics_00238,entity_simple_hard_test_statistics_00238,True,same_source_sibling_facts,1,4,23,20,교수님이 실습 D반 3차 상관계수의 비유와 활용을 어떻게 말했어?,"실습 D반 3차 상관계수에 대해 비유는 두 변수의 움직임을 비교하는 나침반이라고, 그리고 활용은 관계 강도를 빠르게 살필 때 쓴다고 설명했습니다.",True,,,,,False,False,0.6842105263157895,0.7804878048780488,0.34210526315789475,0.3902439024390244,True,True,3.9168213000521064,4.191829399962444,,,,,passage-only,"교수님이 설명한 비유는 두 변수의 움직임을 비교하는 나침반이라고, 주의점은 원인 증명을 뜻하지 않는다고, 그리고 활용은 관계 강도를 빠르게 살필 때 쓴다고 설명했습니다.","교수님이 실습 D반 3차 상관계수의 비유와 활용을 어떻게 말했��라고 설명하고 비유는 두 변수의 움직임을 비교하는 나침반이라고, 활용은 관계 강도를 빠르게 살필 때 쓴다고 설명했습니다."
dataset_ko_350_final,entity_simple_hard_test_dessert_00266:final:0,entity_simple_hard_test_dessert_00266,entity_simple_hard_test_dessert_00266,True,same_source_sibling_facts,1,4,23,20,교수님이 정규 3팀 3차 마카롱의 특징과 맛을 어떻게 말했어?,"정규 3팀 3차 마카롱에 대해 특징은 겉은 바삭하고 속은 촉촉하다고, 그리고 맛은 부드럽고 진하다고 설명했습니다.",True,,,,,False,False,0.8000000000000002,0.8571428571428571,0.4000000000000001,0.42857142857142855,True,True,3.29976429999806,4.0808912999928,,,,,passage-only,"교수님은 마카롱에 대해 특징은 겉은 바삭하고 속은 촉촉하다고, 색깔은 알록달록하다고, 그리고 맛은 부드럽고 진하다고 설명했습니다.","교수님이 정규 3팀 3차 마카롱의 특징과 맛에 대해 특징은 겉은 바삭하고 속은 촉촉하다고, 맛은 부드럽고 진하다고, 그리고 색깔은 알록달록하다고 설명했습니다."
dataset_ko_351_final,entity_simple_hard_test_project_00013:final:0,entity_simple_hard_test_project_00013,entity_simple_hard_test_project_00013,True,same_source_sibling_facts,1,4,23,20,겨울 B반 1차 백엔드 배포에서 담당과 확인 기준을 함께 정리해줘.,"겨울 B반 1차 백엔드 배포에 대해 담당은 백엔드 팀이라고, 그리고 확인 기준은 오류 발생률이라고 설명했습니다.",True,,,,,False,False,0.8571428571428571,0.7368421052631579,0.42857142857142855,0.3684210526315789,True,True,3.290008099982515,3.981832800025586,,,,,question+passage,"겨울 B반 1차 백엔드 배포에 대해 확인 기준은 오류 발생률이라고, 공유 위치는 깃허브 이슈 탭이라고, 그리고 담당은 백엔드 팀이라고 설명했습니다.","겨울 B반 1차 백엔드 배포에 대해 담당은 백엔드 팀이라고, 마감은 수요일 오후 다섯 시라고, 그리고 확인 기준은 오류 종류가 스토리지 및 오류 보고서라고 설명했습니다."
dataset_ko_352_final,entity_simple_hard_test_os_concept_00388:final:0,entity_simple_hard_test_os_concept_00388,entity_simple_hard_test_os_concept_00388,True,same_source_sibling_facts,1,4,23,20,실습 오전반 4차 프로세스 설명에서 역할과 장점만 알려줘.,"실습 오전반 4차 프로세스에 대해 역할은 독립된 실행 공간을 가진다고, 그리고 장점은 서로 영향을 줄이는 데 도움이 된다고 설명했습니다.",True,,,,,False,False,0.8372093023255813,0.7906976744186047,0.41860465116279066,0.39534883720930236,True,True,4.200557000003755,4.1643650000332855,,,,,tie,"실습 오전반 4차 프로세스 설명에 대해 장점은 서로 영향을 줄이는 데 도움이 된다고, 주의점은 자원을 너무 많이 쓰면 느려질 수 있다고, 그리고 역할은 독립된 실행 공간을 가진다고 설명했습니다.","실습 오전반 4차 프로세스에 대해 역할은 독립된 실행 공간을 가진다고, 장점은 서로 영향을 줄이는 데 도움이 된다고, 마지막ly 예는 식당의 경우에 한계는 독립된 실행 공간이라고 설명했습니다."
dataset_ko_353_final,entity_simple_hard_test_os_concept_00148:final:0,entity_simple_hard_test_os_concept_00148,entity_simple_hard_test_os_concept_00148,True,same_source_sibling_facts,1,4,23,20,실습 1팀 2차 프로세스 설명에서 장점과 역할만 알려줘.,"실습 1팀 2차 프로세스에 대해 장점은 서로 영향을 줄이는 데 도움이 된다고, 그리고 역할은 독립된 실행 공간을 가진다고 설명했습니다.",True,,,,,False,False,0.8372093023255813,0.7222222222222222,0.41860465116279066,0.3611111111111111,True,True,4.2096285999869,3.6885581000242382,,,,,question+passage,"실습 1팀 2차 프로세스 설명에 대해 장점은 서로 영향을 줄이는 데 도움이 된다고, 주의점은 자원을 너무 많이 쓰면 느려질 수 있다고, 그리고 역할은 독립된 실행 공간을 가진다고 설명했습니다.","실습 1팀 2차 프로세스에 대해 장점은 더精细且效率の高い 프로세스를 가진다고, 역할은 독립된 실행 공간을 가진다고, 그리고 비유는 독립된 식당이라고 설명했습니다."
dataset_ko_354_final,entity_simple_hard_test_marketing_00346:final:0,entity_simple_hard_test_marketing_00346,entity_simple_hard_test_marketing_00346,True,same_source_sibling_facts,1,4,23,20,교수님이 정규 1팀 4차 스터디 모집의 성과 지표와 핵심 채널을 어떻게 말했어?,"정규 1팀 4차 스터디 모집에 대해 성과 지표는 완료율이라고, 그리고 핵심 채널은 학과 홈페이지라고 설명했습니다.",True,,,,,False,False,0.5116279069767441,0.8823529411764706,0.25581395348837205,0.4411764705882353,False,True,4.697149600018747,3.3218892000149935,,,,,passage-only,"교수님이 정규 1팀 4차 스터디 모집의 성과 지표를 중심으로 하는 모델은 순서 배정이다 said, 핵심 채널은 질문자의 전체 예측값이라고, 보상은 우선 신청권이라고, 그리고 핵심 채널은 전체 반응자라고 설명했습니다.","교수님의 정규 1팀 4차 스터디 모집에 대해 성과 지표는 완료율이라고, 핵심 채널은 학과 홈페이지라고, 그리고 보상은 우선 신청권이라고 설명했습니다."
dataset_ko_355_final,entity_simple_hard_test_statistics_00188:final:0,entity_simple_hard_test_statistics_00188,entity_simple_hard_test_statistics_00188,True,same_source_sibling_facts,1,4,23,20,실습 오전반 2차 표본분산 설명에서 활용과 비유만 알려줘.,"실습 오전반 2차 표본분산에 대해 활용은 데이터 변동성을 볼 때 쓴다고, 그리고 비유는 점들이 얼마나 퍼졌는지 보는 자라고 설명했습니다.",True,,,,,False,False,0.8947368421052632,0.7317073170731708,0.4473684210526316,0.3658536585365854,True,True,3.6987029999727383,4.110318400023971,,,,,question+passage,"실습 오전반 2차 표본분산에 대해 비유는 점들이 얼마나 퍼졌는지 보는 자라고, 주의점은 순위 정렬과 다르다고, 그리고 활용은 데이터 변동성을 볼 때 쓴다고 설명했습니다.","실습 오전반 2차 표본분산 설명에 대해 활용은 데이터의 분산을 재construct하는 방법 중 하나라고, 비유는 점들이 얼마나 퍼졌는지 보는 자라고, 그리고 개념은 값들의 퍼짐을 재construct하는某种방법이라고 설명했습니다."
dataset_ko_356_final,entity_simple_hard_test_dessert_00171:final:0,entity_simple_hard_test_dessert_00171,entity_simple_hard_test_dessert_00171,True,same_source_sibling_facts,1,4,23,20,여름 4팀 2차 브라우니 설명 중 특징과 맛에 해당하는 내용만 답해줘.,"여름 4팀 2차 브라우니에 대해 특징은 속이 촉촉하게 남는다고, 그리고 맛은 묵직하게 달콤하다고 설명했습니다.",True,,,,,False,False,0.9032258064516129,0.9032258064516129,0.45161290322580644,0.45161290322580644,True,True,3.648489699990023,3.4939476999570616,,,,,tie,"여름 4팀 2차 브라우니에 대해 특징은 속이 촉촉하게 남는다고, 맛은 묵직하게 달콤하다고, 그리고 설명은 입에あ용하는 광고라고 설명했습니다.","여름 4팀 2차 브라우니에 대해 특징은 속이 촉촉하게 남는다고, 맛은 묵직하게 달콤하다고, 그리고 색깔은 진한 갈색이라고 설명했습니다."
dataset_ko_357_final,entity_simple_hard_test_statistics_00261:final:0,entity_simple_hard_test_statistics_00261,entity_simple_hard_test_statistics_00261,True,same_source_sibling_facts,1,4,23,20,여름 3팀 3차 신뢰구간에서 주의점과 의미를 함께 정리해줘.,"여름 3팀 3차 신뢰구간에 대해 주의점은 정답 하나를 보장하지 않는다고, 그리고 의미는 모수 추정 범위라고 설명했습니다.",True,,,,,False,False,0.8648648648648648,0.7317073170731707,0.4324324324324324,0.36585365853658536,True,True,3.543022999947425,3.816566599998623,,,,,question+passage,"여름 3팀 3차 신뢰구간에 대해 주의점은 정답 하나를 보장하지 않는다고, 의미는 모수 추정 범위라고, 그리고 비유는 정답이 1명을 보장하지 않는다고 설명했습니다.","여름 3팀 3차 신뢰구간에 대해 주의점은 정답 하나를 보장하지 않는다고, 의미는 모수 추정을 강조하지 않는다고, 그리고 비유는 정답 하나를 보장하지 않는 이유를 설명할 때 쓴다고 설명했습니다."
dataset_ko_358_final,entity_simple_hard_test_os_concept_00028:final:0,entity_simple_hard_test_os_concept_00028,entity_simple_hard_test_os_concept_00028,True,same_source_sibling_facts,1,4,23,20,실습 C반 1차 프로세스 설명에서 비유와 주의점만 알려줘.,"실습 C반 1차 프로세스에 대해 비유는 독립된 식당이라고, 그리고 주의점은 자원을 너무 많이 쓰면 느려질 수 있다고 설명했습니다.",True,,,,,False,False,0.8717948717948718,0.8947368421052632,0.4358974358974359,0.4473684210526316,True,True,3.757219100021757,3.609045799996238,,,,,tie,"실습 C반 1차 프로세스 설명에 대해 비유는 독립된 식당이라고, 주의점은 자원을 너무 많이 쓰면 느려질 수 있다고, 그리고 역할은 독립된 실행 공간을 가진다고 설명했습니다.","실습 C반 1차 프로세스 설명에 대해 비유는 독립된 식당이라고, 주의점은 자원을 너무 많이 쓰면 느려질 수 있다고, 그리고 역할은 독립된 실행 공간이라고 설명했습니다."
dataset_ko_359_final,entity_simple_hard_test_dessert_00048:final:0,entity_simple_hard_test_dessert_00048,entity_simple_hard_test_dessert_00048,True,same_source_sibling_facts,1,4,23,20,실습 1팀 1차 초콜렛 설명에서 비유와 색깔만 알려줘.,"실습 1팀 1차 초콜렛에 대해 비유는 작은 선물 상자라고, 그리고 색깔은 검정색이라고 설명했습니다.",True,,,,,False,False,0.9600000000000001,0.7142857142857142,0.48000000000000004,0.3571428571428571,True,True,2.1494490999612026,2.620445199951064,,,,,question+passage,"실습 1팀 1차 초콜렛 설명에 대해 비유는 작은 선물 상자라고, 색깔은 검정색이라고 설명했습니다.","실습 1팀 1차 초콜렛에 대해 비유는 천공적 설명이라고, 색깔은 모두 검정색이라고, 그리고 색감은 단색이라고 설명했습니다."
dataset_ko_360_final,entity_simple_hard_test_marketing_00371:final:0,entity_simple_hard_test_marketing_00371,entity_simple_hard_test_marketing_00371,True,same_source_sibling_facts,1,4,23,20,여름 4팀 4차 멘토링 이벤트 설명 중 보상과 대상에 해당하는 내용만 답해줘.,"여름 4팀 4차 멘토링 이벤트에 대해 보상은 포인트 500점이라고, 그리고 대상은 멘토링 참여 학생이라고 설명했습니다.",True,,,,,False,False,0.8823529411764706,0.8823529411764706,0.4411764705882353,0.4411764705882353,True,True,4.031515900045633,3.9397747000330128,,,,,tie,"여름 4팀 4차 멘토링 이벤트 설명에 대해 핵심 채널은 이메일 뉴스레터라고, 대상은 멘토링 참여 학생이라고, 그리고 보상은 포인트 500점이라고 설명했습니다.","여름 4팀 4차 멘토링 이벤트에 대해 보상은 포인트 500점이라고, 핵심 채널은 이메일 뉴스레터라고, 그리고 대상은 멘토링 참여 학생이라고 설명했습니다."
dataset_ko_361_final,entity_simple_hard_test_art_history_00306:final:0,entity_simple_hard_test_art_history_00306,entity_simple_hard_test_art_history_00306,True,same_source_sibling_facts,1,4,23,20,교수님이 정규 A반 4차 인상주의의 핵심 특징과 목적을 어떻게 말했어?,"정규 A반 4차 인상주의에 대해 핵심 특징은 빛의 순간적인 인상이라고, 그리고 목적은 관찰 순간을 살리는 것이라고 설명했습니다.",True,,,,,False,False,0.5,0.8205128205128205,0.25,0.41025641025641024,True,True,3.3227054000017233,3.696401299966965,,,,,passage-only,"교수님의 핵심 특징은 인상주의의 개인적 목적이라고, 비유는 햇빛이 흔들리는 수면에 비친 모습이라고, 그리고 주 idea는 관찰 순간을 살리는 것이라고 설명했습니다.","교수님이 정규 A반 4차 인상주의의 핵심 특징을 정의하고 비유는 빛의 순간적인 인상이라고, 목적은 관찰 순간을 살리는 것이라고, 그리고 핵심 특징은 인상이라고 설명했습니다."
dataset_ko_362_final,entity_simple_hard_test_os_concept_00222:final:0,entity_simple_hard_test_os_concept_00222,entity_simple_hard_test_os_concept_00222,True,same_source_sibling_facts,1,4,23,20,교수님이 가을 C반 3차 캐시의 비유와 주의점을 어떻게 말했어?,"가을 C반 3차 캐시에 대해 비유는 책상 위에 올려둔 책이라고, 그리고 주의점은 오래된 정보가 남을 수 있다고 설명했습니다.",True,,,,,False,False,0.9411764705882353,0.6842105263157895,0.47058823529411764,0.34210526315789475,True,True,2.86234669998521,4.0365240999963135,,,,,question+passage,"교수님이 가을 C반 3차 캐시에 대해 비유는 책상 위에 올려둔 책이라고, 주의점은 오래된 정보가 남을 수 있다고 설명했습니다.","교수님의 C반 3차 캐시에 대해 비유는 책상 위에 올려둔 책이라고, 주의점은 반복된 정보가 빠르게Become popular이라고, 그리고 핵심은 정보가 빠르게 올라감이라고 설명했습니다."
dataset_ko_363_final,entity_simple_hard_test_dessert_00216:final:0,entity_simple_hard_test_dessert_00216,entity_simple_hard_test_dessert_00216,True,same_source_sibling_facts,1,4,23,20,정규 B반 3차 초콜렛 설명에서 맛과 특징만 알려줘.,"정규 B반 3차 초콜렛에 대해 맛은 달콤하다고, 그리고 특징은 입안에서 천천히 녹는다고 설명했습니다.",True,,,,,False,False,0.7857142857142856,0.9285714285714286,0.3928571428571428,0.4642857142857143,True,True,2.8721638999995776,2.99501529999543,,,,,passage-only,"정규 B반 3차 초콜렛 설명에 대해 주의점은 입안에서 천천히 녹는다고, 그리고 특징은 입안에서 천천히 녹는다고 설명했습니다.","정규 B반 3차 초콜렛 설명에 대해 맛은 달콤하다고, 특징은 입안에서 천천히 녹는다고, 그리고 색깔은 검정색이라고 설명했습니다."
dataset_ko_364_final,entity_simple_hard_test_statistics_00069:final:0,entity_simple_hard_test_statistics_00069,entity_simple_hard_test_statistics_00069,True,same_source_sibling_facts,1,4,23,20,세미나 3팀 1차 신뢰구간에서 주의점과 의미를 함께 정리해줘.,"세미나 3팀 1차 신뢰구간에 대해 주의점은 정답 하나를 보장하지 않는다고, 그리고 의미는 모수 추정 범위라고 설명했습니다.",True,,,,,False,False,0.8421052631578948,0.8421052631578948,0.4210526315789474,0.4210526315789474,True,True,3.446856199996546,3.6369897999684326,,,,,tie,"세미나 3팀 1차 신뢰구간에 대해 주의점은 정답 하나를 보장하지 않는다고, 의미는 모수 추정 범위라고, 그리고 비유는 정답 하나를 보장하지 않는 법이라고 설명했습니다.","세미나 3팀 1차 신뢰구간에 대해 주의점은 정답 하나를 보장하지 않는다고, 의미는 모수 추정 범위라고, 그리고 차이가 큰 데이터가 있으면 진실을 보장하지 않는다고 설명했습니다."
dataset_ko_365_final,entity_simple_hard_test_os_concept_00244:final:0,entity_simple_hard_test_os_concept_00244,entity_simple_hard_test_os_concept_00244,True,same_source_sibling_facts,1,4,23,20,캡스톤 1팀 3차 프로세스 설명에서 장점과 역할만 알려줘.,"캡스톤 1팀 3차 프로세스에 대해 장점은 서로 영향을 줄이는 데 도움이 된다고, 그리고 역할은 독립된 실행 공간을 가진다고 설명했습니다.",True,,,,,False,False,0.8372093023255813,0.55,0.41860465116279066,0.275,True,False,4.205752199981362,4.271683699975256,,,,,question+passage,"캡스톤 1팀 3차 프로세스 설명에 대해 장점은 서로 영향을 줄이는 데 도움이 된다고, 주의점은 자원을 너무 많이 쓰면 느려질 수 있다고, 그리고 역할은 독립된 실행 공간을 가진다고 설명했습니다.","캡스톤 1팀 3차 프로세스에 대해 장점은 자원을 줄여 노동강도를 낮춘다고, 역할은 독립된 실행이 더 빠르고 결과가 없지 않다고, 그리고 비유는 독립된 식당이라고 설명했습니다."
dataset_ko_366_final,entity_simple_hard_test_project_00303:final:0,entity_simple_hard_test_project_00303,entity_simple_hard_test_project_00303,True,same_source_sibling_facts,1,4,23,20,겨울 A반 4차 프론트엔드 점검 설명 중 담당과 확인 기준에 해당하는 내용만 답해줘.,"겨울 A반 4차 프론트엔드 점검에 대해 담당은 프론트엔드 파트라고, 그리고 확인 기준은 사용자 차단 여부라고 설명했습니다.",True,,,,,False,False,0.8648648648648648,0.888888888888889,0.4324324324324324,0.4444444444444445,True,True,3.8288791000377387,3.660297700029332,,,,,tie,"겨울 A반 4차 프론트엔드 점검 설명에 대해 확인 기준은 사용자 차단 여부라고, 공유 위치는 프로젝트 슬랙 채널이라고, 그리고 담당은 프론트엔드 파트라고 설명했습니다.","겨울 A반 4차 프론트엔드 점검에 대해 담당은 프론트엔드 파트라고, 마감은 다음 달 첫째 주 화요일이라고, 그리고 확인 기준은 사용자 차단 여부라고 설명했습니다."
dataset_ko_367_final,entity_simple_hard_test_project_00109:final:0,entity_simple_hard_test_project_00109,entity_simple_hard_test_project_00109,True,same_source_sibling_facts,1,4,23,20,세미나 A반 2차 백엔드 배포에서 담당과 확인 기준을 함께 정리해줘.,"세미나 A반 2차 백엔드 배포에 대해 담당은 백엔드 팀이라고, 그리고 확인 기준은 오류 발생률이라고 설명했습니다.",True,,,,,False,False,0.8571428571428571,0.7000000000000001,0.42857142857142855,0.35000000000000003,True,True,3.3328787999926135,4.207506499951705,,,,,question+passage,"세미나 A반 2차 백엔드 배포에 대해 확인 기준은 오류 발생률이라고, 공유 위치는 깃허브 이슈 탭이라고, 그리고 담당은 백엔드 팀이라고 설명했습니다.","세미나 A반 2차 백엔드 배포에 대해 담당은 백엔드 팀이라고, 마감은 수요일 오후 다섯 시라고, 그리고 확인 기준은 오류 종류가 스토리지 규칙에 따라 재요청 기준이라고 설명했습니다."
dataset_ko_368_final,entity_simple_hard_test_project_00182:final:0,entity_simple_hard_test_project_00182,entity_simple_hard_test_project_00182,True,same_source_sibling_facts,1,4,23,20,교수님이 가을 오전반 2차 AI 모델 평가의 공유 위치와 마감을 어떻게 말했어?,"가을 오전반 2차 AI 모델 평가에 대해 공유 위치는 회의록 폴더라고, 그리고 마감은 금요일 자정 전이라고 설명했습니다.",True,,,,,False,False,0.8421052631578947,0.41025641025641024,0.42105263157894735,0.20512820512820512,True,False,3.2759101999690756,3.592059899994638,,,,,question+passage,"가을 오전반 2차 AI 모델 평가의 공유 위치와 마감은 금요일 자정 전이라고, 확인 기준은 정답률이라고, 그리고 공유 위치는 회의록 폴더라고 설명했습니다.","교수님이 가을 오일반 2차 AI 모델 평가의 공유 위치와 마감은 공유 위치로 돌아가서 수정합니다., 24시간 후에 모든 학생들에게 재發放합니다. was를 참고해 주세요."
dataset_ko_369_final,entity_simple_hard_test_art_history_00331:final:0,entity_simple_hard_test_art_history_00331,entity_simple_hard_test_art_history_00331,True,same_source_sibling_facts,1,4,23,20,여름 D반 4차 르네상스 설명 중 비유와 비교 포인트에 해당하는 내용만 답해줘.,"여름 D반 4차 르네상스에 대해 비유는 사람을 화면 중앙에 다시 세우는 방식이라고, 그리고 비교 포인트는 절대왕정 중심 설명과 다르다고 설명했습니다.",True,,,,,False,False,0.7906976744186046,0.761904761904762,0.3953488372093023,0.380952380952381,True,True,4.152465200051665,3.674474300001748,,,,,tie,"여름 D반 4차 르네상스 설명을 이해하는 방식은 사람을 화면 중앙에 다시 세우는 방식이라고, 목적은 사람의 가치를 드러내는 것이라고, 그리고 비교 포인트는 절대왕정 중심 설명과 다르다고 설명했습니다.","여름 D반 4차 르네상스에 대해 비유는 사람을 화면 중앙에 다시 세우는 방식이라고, 목적은 사람의 가치를 드러내는 것이라고, 그리고 비교 포인트에 해당하는 것이라고 설명했습니다."
dataset_ko_370_final,entity_simple_hard_test_project_00351:final:0,entity_simple_hard_test_project_00351,entity_simple_hard_test_project_00351,True,same_source_sibling_facts,1,4,23,20,여름 2팀 4차 프론트엔드 점검 설명 중 확인 기준과 담당에 해당하는 내용만 답해줘.,"여름 2팀 4차 프론트엔드 점검에 대해 확인 기준은 사용자 차단 여부라고, 그리고 담당은 프론트엔드 파트라고 설명했습니다.",True,,,,,False,False,0.9411764705882353,0.6341463414634146,0.47058823529411764,0.3170731707317073,True,True,3.113545000029262,5.506890799966641,,,,,question+passage,"여름 2팀 4차 프론트엔드 점검 설명에 대해 확인 기준은 사용자 차단 여부라고, 담당은 프론트엔드 파트라고, 그리고 확인 방법이라고 설명했습니다.","여름 2팀 4차 프론트엔드 점검에 대해 확인 기준은 잘못分類(分類: 클래스ificaiton: )에 해당하고, 담당은 프론트엔드 파트라고, 종류는 프로젝트 파일 구분(프로젝트: 협업: ) 공간이라고, 그리고 담당은 프론트엔드 파트라고 설명했습니다."
dataset_ko_371_final,entity_simple_hard_test_statistics_00167:final:0,entity_simple_hard_test_statistics_00167,entity_simple_hard_test_statistics_00167,True,same_source_sibling_facts,1,4,23,20,심화 3팀 2차 회귀분석 설명 중 주의점과 의미에 해당하는 내용만 답해줘.,"심화 3팀 2차 회귀분석에 대해 주의점은 모든 원인을 증명하지는 않는다고, 그리고 의미는 관계의 경향 설명이라고 설명했습니다.",True,,,,,False,False,0.7894736842105263,0.4666666666666667,0.39473684210526316,0.23333333333333334,True,False,3.933346999983769,2.163890299969353,,,,,question+passage,"심화 3팀 2차 회귀분석 설명 중 의미는 관계의 경향 설명이라고, 비유는 흩어진 점 사이에 길을 그어 보는 일이라고, 그리고 주의점은 모든 원인을 증명하지는 않는다고 설명했습니다.",심화 3팀 2차 회귀분석 설명 중 주의점과 의미에 대해 summarizes JSON JSON으로 생성하는 의미에 대해 설명하시면요.
dataset_ko_372_final,entity_simple_hard_test_statistics_00382:final:0,entity_simple_hard_test_statistics_00382,entity_simple_hard_test_statistics_00382,True,same_source_sibling_facts,1,4,23,20,교수님이 가을 오전반 4차 상관계수의 활용과 비유를 어떻게 말했어?,"가을 오전반 4차 상관계수에 대해 활용은 관계 강도를 빠르게 살필 때 쓴다고, 그리고 비유는 두 변수의 움직임을 비교하는 나침반이라고 설명했습니다.",True,,,,,False,False,0.6153846153846153,0.5116279069767442,0.30769230769230765,0.2558139534883721,True,False,3.902804000012111,4.585243300010916,,,,,question+passage,"교수님이 가을 오전반 4차 상관계수의 의미는 선형 관계 강도라고, 비유는 두 변수의 움직임을 비교하는 나침반이라고, 그리고 주의점은 원인 증명을 뜻하지 않는다고 설명했습니다.","교수님이 가을 오전반 4차 상관계수의 활용과 비유를 설명하시면 간다. 개념을 강조하는 데 사용하는 도구라고, 두 변수의 움직임을 비교하는 방식이 있다고, 그리고 비유는 빠른 설명을 돕기 위한 도구라고 설명했습니다."
dataset_ko_373_final,entity_simple_hard_test_art_history_00259:final:0,entity_simple_hard_test_art_history_00259,entity_simple_hard_test_art_history_00259,True,same_source_sibling_facts,1,4,23,20,세미나 2팀 3차 르네상스 설명 중 목적과 핵심 특징에 해당하는 내용만 답해줘.,"세미나 2팀 3차 르네상스에 대해 목적은 사람의 가치를 드러내는 것이라고, 그리고 핵심 특징은 인문주의라고 설명했습니다.",True,,,,,False,False,0.8108108108108109,0.9090909090909091,0.40540540540540543,0.45454545454545453,True,True,3.8459292000043206,3.3107720999978483,,,,,passage-only,"세미나 2팀 3차 르네상스에 대해 핵심 특징은 인문주의라고, 비유는 사람을 화면 중앙에 다시 세우는 방식이라고, 그리고 목적은 사람의 가치를 드러내는 것이라고 설명했습니다.","세미나 2팀 3차 르네상스에 대해 목적은 사람의 가치를 드러내는 것이라고, 핵심 특징은 인문주의라고, 그리고 핵심 개념은 인문주의라고 설명했습니다."
dataset_ko_374_final,entity_simple_hard_test_statistics_00383:final:0,entity_simple_hard_test_statistics_00383,entity_simple_hard_test_statistics_00383,True,same_source_sibling_facts,1,4,23,20,겨울 오전반 4차 회귀분석 설명 중 활용과 비유에 해당하는 내용만 답해줘.,"겨울 오전반 4차 회귀분석에 대해 활용은 예측 경향을 설명할 때 쓴다고, 그리고 비유는 흩어진 점 사이에 길을 그어 보는 일이라고 설명했습니다.",True,,,,,False,False,0.8571428571428571,0.6666666666666667,0.42857142857142855,0.33333333333333337,True,True,4.2087494999868795,3.666540200007148,,,,,question+passage,"겨울 오전반 4차 회귀분석 설명 중 비유는 흩어진 점 사이에 길을 그어 보는 일이라고, 주의점은 모든 원인을 증명하지는 않는다고, 그리고 활용은 예측 경향을 설명할 때 쓴다고 설명했습니다.","겨울 오전반 4차 회귀분석 설명에 대해 활용은 예측 경향을 설명할 때 쓴다고, 비유는 곡선을 던질 때 쓴다고, 그리고 중 활용은 데이터를 색인하는 방법이라고 설명했습니다."
dataset_ko_375_final,entity_simple_hard_test_marketing_00225:final:0,entity_simple_hard_test_marketing_00225,entity_simple_hard_test_marketing_00225,True,same_source_sibling_facts,1,4,23,20,파일럿 C반 3차 동아리 홍보에서 대상과 보상을 함께 정리해줘.,"파일럿 C반 3차 동아리 홍보에 대해 대상은 동아리 회원이라고, 그리고 보상은 굿즈 추첨권이라고 설명했습니다.",True,,,,,False,False,0.962962962962963,0.7878787878787878,0.4814814814814815,0.3939393939393939,True,True,2.3215481999795884,3.8663518999819644,,,,,question+passage,"파일럿 C반 3차 동아리 홍보에 대해 대상은 동아리 회원이라고, 보상은 굿즈 추첨권이라고 설명했습니다.","파일럿 C반 3차 동아리 홍보에 대해 대상은 동아리 회원이라고, 보상은 굿즈 추첨권이라고, 조건은 청구 기호라고, 핵심 채널은 오픈채팅방이라고 설명했습니다."
dataset_ko_376_final,entity_simple_hard_test_marketing_00177:final:0,entity_simple_hard_test_marketing_00177,entity_simple_hard_test_marketing_00177,True,same_source_sibling_facts,1,4,23,20,심화 4팀 2차 동아리 홍보에서 보상과 대상을 함께 정리해줘.,"심화 4팀 2차 동아리 홍보에 대해 보상은 굿즈 추첨권이라고, 그리고 대상은 동아리 회원이라고 설명했습니다.",True,,,,,False,False,0.75,0.7741935483870968,0.375,0.3870967741935484,True,True,2.9530957999522798,3.5352018999983557,,,,,tie,"심화 4팀 2차 동아리 홍보에 대해 보상은 참여자가 받는 대상은 동아리 회원이라고, 그리고 보상의 기준은 참여가 멋진가라고 설명했습니다.","심화 4팀 2차 동아리 홍보에 대해 보상은 굿즈 추첨권이라고, 핵심 채널은 오픈채팅방이라고, 그리고 대상은 서방화합 찬스권이라고 설명했습니다."
dataset_ko_377_final,entity_simple_hard_test_statistics_00022:final:0,entity_simple_hard_test_statistics_00022,entity_simple_hard_test_statistics_00022,True,same_source_sibling_facts,1,4,23,20,교수님이 가을 C반 1차 상관계수의 의미와 주의점을 어떻게 말했어?,"가을 C반 1차 상관계수에 대해 의미는 선형 관계 강도라고, 그리고 주의점은 원인 증명을 뜻하지 않는다고 설명했습니다.",True,,,,,False,False,0.8108108108108109,0.375,0.40540540540540543,0.1875,True,False,3.860027499962598,2.95351419999497,,,,,question+passage,"교수님이 가을 C반 1차 상관계수의 의미은 선형 관계 강도라고, 주의점은 원인 증명을 뜻하지 않는다고, 그리고 비유는 두 변수의 움직임을 비교하는 나침반이라고 설명했습니다.","교수님이 가을 C반 1차 상관계수의 의미와 주의점을 설명하시고, 해당 과목과의 비유는 반의 성격을 강조하는 간증과 유사합니다."
dataset_ko_378_final,entity_simple_hard_test_marketing_00130:final:0,entity_simple_hard_test_marketing_00130,entity_simple_hard_test_marketing_00130,True,same_source_sibling_facts,1,4,23,20,교수님이 봄 D반 2차 스터디 모집의 대상과 보상을 어떻게 말했어?,"봄 D반 2차 스터디 모집에 대해 대상은 스터디 신청자라고, 그리고 보상은 우선 신청권이라고 설명했습니다.",True,,,,,False,False,0.8666666666666666,0.7272727272727274,0.4333333333333333,0.3636363636363637,True,True,3.0380510999821126,3.686899399966933,,,,,question+passage,"봄 D반 2차 스터디 모집에 대해 대상은 스터디 신청자라고, 보상은 우선 신청권이라고, 그리고 핵심 채널은 학과 홈페이지라고 설명했습니다.","교수님이 봄 D반 2차 스터디 모집에 대해 대상은 스터디 모집에 참여하는 학생이라고, 보상은 우선 신청권이라고, 그리고 핵심 채널은 학과 홈페이지라고 설명했습니다."
dataset_ko_379_final,entity_simple_hard_test_os_concept_00052:final:0,entity_simple_hard_test_os_concept_00052,entity_simple_hard_test_os_concept_00052,True,same_source_sibling_facts,1,4,23,20,가을 2팀 1차 프로세스 설명에서 장점과 역할만 알려줘.,"가을 2팀 1차 프로세스에 대해 장점은 서로 영향을 줄이는 데 도움이 된다고, 그리고 역할은 독립된 실행 공간을 가진다고 설명했습니다.",True,,,,,False,False,0.8372093023255813,0.6341463414634146,0.41860465116279066,0.3170731707317073,True,True,4.126593399967533,3.8191914000199176,,,,,question+passage,"가을 2팀 1차 프로세스 설명에 대해 장점은 서로 영향을 줄이는 데 도움이 된다고, 주의점은 자원을 너무 많이 쓰면 느려질 수 있다고, 그리고 역할은 독립된 실행 공간을 가진다고 설명했습니다.","가을 2팀 1차 프로세스에 대해 장점은 자원을 효율적으로 관리한다고, 주의점은 자원을 너무 많이 쓰면 느려질 수 있다고, 그리고 역할은 독립된 실행 공간을 가진다고 설명했습니다."
dataset_ko_380_final,entity_simple_hard_test_marketing_00344:final:0,entity_simple_hard_test_marketing_00344,entity_simple_hard_test_marketing_00344,True,same_source_sibling_facts,1,4,23,20,캡스톤 1팀 4차 신입생 캠페인 설명에서 성과 지표와 핵심 채널만 알려줘.,"캡스톤 1팀 4차 신입생 캠페인에 대해 성과 지표는 전환율이라고, 그리고 핵심 채널은 인스타그램이라고 설명했습니다.",True,,,,,False,False,0.962962962962963,0.6153846153846153,0.4814814814814815,0.30769230769230765,True,True,2.7724130999995396,4.920407900004648,,,,,question+passage,"캡스톤 1팀 4차 신입생 캠페인에 대해 핵심 채널은 인스타그램이라고, 성과 지표는 전환율이라고 설명했습니다.","캡스톤 1팀 4차 신입생 캠페인 설명에서 성과 지표와 핵심 채널만 알려줬다고 하면, 결과 지표는 퀘스트 그래프라고, 핵심 채널은 인스타그램이라고, 그리고 하위 메커니zm은 정보 전달 경로라고 설명했습니다."
dataset_ko_381_final,entity_simple_hard_test_statistics_00190:final:0,entity_simple_hard_test_statistics_00190,entity_simple_hard_test_statistics_00190,True,same_source_sibling_facts,1,4,23,20,교수님이 봄 오후반 2차 상관계수의 활용과 비유를 어떻게 말했어?,"봄 오후반 2차 상관계수에 대해 활용은 관계 강도를 빠르게 살필 때 쓴다고, 그리고 비유는 두 변수의 움직임을 비교하는 나침반이라고 설명했습니다.",True,,,,,False,False,0.7906976744186047,0.8947368421052632,0.39534883720930236,0.4473684210526316,True,True,4.966306200018153,3.8372936999658123,,,,,passage-only,"교수님이 봄 오후반 2차 상관계수의 활용을 설명한 것에 대해 비유는 두 변수의 움직임을 비교하는 나침반이라고, 주의점은 원인 증명을 뜻하지 않는다고, 그리고 활용은 관계 강도를 빠르게 살필 때 쓴다고 설명했습니다.","봄 오후반 2차 상관계수에 대해 활용은 관계 강도를 빠르게 살필 때 쓴다고, 비유는 두 변수의 움직임을 비교하는 나침반이라고, 그리고 의미는 선형 관계 강도라고 설명했습니다."
dataset_ko_382_final,entity_simple_hard_test_marketing_00273:final:0,entity_simple_hard_test_marketing_00273,entity_simple_hard_test_marketing_00273,True,same_source_sibling_facts,1,4,23,20,겨울 4팀 3차 동아리 홍보에서 보상과 대상을 함께 정리해줘.,"겨울 4팀 3차 동아리 홍보에 대해 보상은 굿즈 추첨권이라고, 그리고 대상은 동아리 회원이라고 설명했습니다.",True,,,,,False,False,0.6451612903225806,0.7741935483870968,0.3225806451612903,0.3870967741935484,False,True,3.396383999963291,3.390778800006956,,,,,passage-only,"겨울 4팀 3차 동아리 홍보에 대해 보상은 참여자가 받는 대상은 기대감을 줄 수 있을까라고, 그리고 핵심 채널은 오픈채팅방이라고 설명했습니다.","겨울 4팀 3차 동아리 홍보에 대해 보상은 굿즈 추첨권이라고, 핵심 채널은 오픈채팅방이라고, 그리고 대상은 유니콘 구분이라고 설명했습니다."
dataset_ko_383_final,entity_simple_hard_test_project_00181:final:0,entity_simple_hard_test_project_00181,entity_simple_hard_test_project_00181,True,same_source_sibling_facts,1,4,23,20,여름 오전반 2차 백엔드 배포에서 공유 위치와 마감을 함께 정리해줘.,"여름 오전반 2차 백엔드 배포에 대해 공유 위치는 깃허브 이슈 탭이라고, 그리고 마감은 수요일 오후 다섯 시라고 설명했습니다.",True,,,,,False,False,0.9714285714285714,0.5555555555555556,0.4857142857142857,0.2777777777777778,True,False,2.727688900020439,3.1007241000188515,,,,,question+passage,"여름 오전반 2차 백엔드 배포에 대해 공유 위치는 깃허브 이슈 탭이라고, 마감은 수요일 오후 다섯 시라고 설명했습니다.","여름 오전반 2차 백엔드 배포에 대해 공유 위치는 README.md이라고, 공유 공감은 GitHub 帖子이라고, 그리고 담당은 백엔드 팀이라고 설명했습니다."
dataset_ko_384_final,entity_simple_hard_test_dessert_00242:final:0,entity_simple_hard_test_dessert_00242,entity_simple_hard_test_dessert_00242,True,same_source_sibling_facts,1,4,23,20,교수님이 가을 1팀 3차 마카롱의 비유와 색깔을 어떻게 말했어?,"가을 1팀 3차 마카롱에 대해 비유는 작은 보석 상자라고, 그리고 색깔은 알록달록하다고 설명했습니다.",True,,,,,False,False,0.7741935483870968,0.6428571428571429,0.3870967741935484,0.32142857142857145,True,True,3.5543889999971725,2.886494699981995,,,,,question+passage,"교수님이 가을 1팀 3차 마카롱의 비유는 작은 보석 상자라고, 특징은 겉은 바삭하고 속은 촉촉하다고, 그리고 색깔은 알록달록하다고 설명했습니다.","가을 1팀 3차 마카롱의 비유는 구差异化한 간식이라고, 색깔은 알록달록하다고, 그리고 그림이 구ocused한 목적을 가지고 있다고 설명했습니다."
dataset_ko_385_final,entity_simple_hard_test_os_concept_00340:final:0,entity_simple_hard_test_os_concept_00340,entity_simple_hard_test_os_concept_00340,True,same_source_sibling_facts,1,4,23,20,봄 1팀 4차 프로세스 설명에서 장점과 역할만 알려줘.,"봄 1팀 4차 프로세스에 대해 장점은 서로 영향을 줄이는 데 도움이 된다고, 그리고 역할은 독립된 실행 공간을 가진다고 설명했습니다.",True,,,,,False,False,0.8292682926829268,0.3846153846153846,0.4146341463414634,0.1923076923076923,True,False,4.117752999998629,2.250185899960343,,,,,question+passage,"봄 1팀 4차 프로세스 설명에 대해 장점은 서로 영향을 줄이는 데 도움이 된다고, 주의점은 자원을 너무 많이 쓰면 느려질 수 있다고, 그리고 역할은 독립된 실행 공간을 가진다고 설명했습니다.","봄 1팀 4차 프로세스에 대해 장점은 자원을 더精细地控制と安全をphrase_as()=""control as""라고 설명했다."
dataset_ko_386_final,entity_simple_hard_test_dessert_00099:final:0,entity_simple_hard_test_dessert_00099,entity_simple_hard_test_dessert_00099,True,same_source_sibling_facts,1,4,23,20,세미나 오후반 1차 브라우니 설명 중 색깔과 비유에 해당하는 내용만 답해줘.,"세미나 오후반 1차 브라우니에 대해 색깔은 진한 갈색이라고, 그리고 비유는 초콜렛을 압축한 케이크라고 설명했습니다.",True,,,,,False,False,0.8750000000000001,0.9032258064516129,0.43750000000000006,0.45161290322580644,True,True,3.84360350004863,3.764979300030973,,,,,tie,"세미나 오후반 1차 브라우니에 대해 비유는 초콜렛을 압축한 케이크라고, 특징은 속이 촉촉하게 남는다고, 그리고 색깔은 진한 갈색이라고 설명했습니다.","세미나 오후반 1차 브라우니에 대해 색깔은 진한 갈색이라고, 비유는 초콜렛을 압축한 케이크라고, 그리고 맛은 묵직하게 달콤하다고 설명했습니다."
dataset_ko_387_final,entity_simple_hard_test_marketing_00203:final:0,entity_simple_hard_test_marketing_00203,entity_simple_hard_test_marketing_00203,True,same_source_sibling_facts,1,4,23,20,겨울 A반 3차 멘토링 이벤트 설명 중 핵심 채널과 성과 지표에 해당하는 내용만 답해줘.,"겨울 A반 3차 멘토링 이벤트에 대해 핵심 채널은 이메일 뉴스레터라고, 그리고 성과 지표는 재방문율이라고 설명했습니다.",True,,,,,False,False,0.7222222222222222,0.8823529411764706,0.3611111111111111,0.4411764705882353,True,True,3.8563102000043727,3.8458733999868855,,,,,passage-only,"겨울 A반 3차 멘토링 이벤트 설명에 대해 핵심 채널과 성과 지표는 재방문율이라고, 대상은 멘토링 참여 학생이라고, 그리고 성장 지표는 재방문 고객률이라고 설명했습니다.","겨울 A반 3차 멘토링 이벤트에 대해 핵심 채널은 이메일 뉴스레터라고, 성과 지표는 재방문율이라고, 그리고 확산 채널은 이메일 링크라고 설명했습니다."
dataset_ko_388_final,entity_simple_hard_test_marketing_00395:final:0,entity_simple_hard_test_marketing_00395,entity_simple_hard_test_marketing_00395,True,same_source_sibling_facts,1,4,23,20,파일럿 오후반 4차 멘토링 이벤트 설명 중 핵심 채널과 성과 지표에 해당하는 내용만 답해줘.,"파일럿 오후반 4차 멘토링 이벤트에 대해 핵심 채널은 이메일 뉴스레터라고, 그리고 성과 지표는 재방문율이라고 설명했습니다.",True,,,,,False,False,0.7428571428571429,0.8823529411764706,0.37142857142857144,0.4411764705882353,True,True,3.9404563999851234,3.942908399971202,,,,,passage-only,"파일럿 오후반 4차 멘토링 이벤트 설명에 대해 핵심 채널과 성과 지표는 재방문율이라고, 대상은 멘토링 참여 학생이라고, 그리고 성장 지표는 재방문율이라고 설명했습니다.","파일럿 오후반 4차 멘토링 이벤트에 대해 핵심 채널은 이메일 뉴스레터라고, 성과 지표는 재방문율이라고, 그리고 확산 채널은 이메일 메시지라고 설명했습니다."
dataset_ko_389_final,entity_simple_hard_test_marketing_00155:final:0,entity_simple_hard_test_marketing_00155,entity_simple_hard_test_marketing_00155,True,same_source_sibling_facts,1,4,23,20,파일럿 2팀 2차 멘토링 이벤트 설명 중 성과 지표와 핵심 채널에 해당하는 내용만 답해줘.,"파일럿 2팀 2차 멘토링 이벤트에 대해 성과 지표는 재방문율이라고, 그리고 핵심 채널은 이메일 뉴스레터라고 설명했습니다.",True,,,,,False,False,0.8823529411764706,0.8333333333333333,0.4411764705882353,0.41666666666666663,True,True,3.912566799961496,4.604208100005053,,,,,tie,"파일럿 2팀 2차 멘토링 이벤트 설명에 대해 핵심 채널은 이메일 뉴스레터라고, 대상은 멘토링 참여 학생이라고, 그리고 성과 지표는 재방문율이라고 설명했습니다.","파일럿 2팀 2차 멘토링 이벤트에 대해 성과 지표는 재방문율이라고, 핵심 채널은 이메일 뉴스레터라고, 그리고 핵심 채널의 연결요소는 이메일 뉴스레터 링크라고 설명했습니다."
dataset_ko_390_final,entity_simple_hard_test_project_00231:final:0,entity_simple_hard_test_project_00231,entity_simple_hard_test_project_00231,True,same_source_sibling_facts,1,4,23,20,여름 D반 3차 프론트엔드 점검 설명 중 마감과 공유 위치에 해당하는 내용만 답해줘.,"여름 D반 3차 프론트엔드 점검에 대해 마감은 다음 달 첫째 주 화요일이라고, 그리고 공유 위치는 프로젝트 슬랙 채널이라고 설명했습니다.",True,,,,,False,False,0.9189189189189189,0.4347826086956522,0.45945945945945943,0.2173913043478261,True,False,4.01227290002862,4.838327299978118,,,,,question+passage,"여름 D반 3차 프론트엔드 점검 설명에 대해 공유 위치는 프로젝트 슬랙 채널이라고, 담당은 프론트엔드 파트라고, 그리고 마감은 다음 달 첫째 주 화요일이라고 설명했습니다.","여름 D반 3차 프론트엔드 점검에 대해 마감은 종료되지만, 공유 위치는 개인 드롭박스 경로에 따라 담당은 프론트엔드 파트라고, 설명은 사용자 차단에 대처하는 방법이라고, 그리고 확인 기준은 사용자 차단에 대한 이유로 설명했다."
dataset_ko_391_final,entity_simple_hard_test_marketing_00010:final:0,entity_simple_hard_test_marketing_00010,entity_simple_hard_test_marketing_00010,True,same_source_sibling_facts,1,4,23,20,교수님이 봄 B반 1차 스터디 모집의 핵심 채널과 성과 지표를 어떻게 말했어?,"봄 B반 1차 스터디 모집에 대해 핵심 채널은 학과 홈페이지라고, 그리고 성과 지표는 완료율이라고 설명했습니다.",True,,,,,False,False,0.8461538461538461,0.8484848484848484,0.4230769230769231,0.4242424242424242,True,True,2.4109821999445558,3.4936432000249624,,,,,tie,"봄 B반 1차 스터디 모집의 핵심 채널이면 학과 홈페이지라고, 성과 지표는 완료율이라고 설명했습니다.","봄 B반 1차 스터디 모집에 대해 핵심 채널은 학과 홈페이지라고, 성과 지표는 완료율이라고, 그리고 핵심 채널 링크는 학과 홈페이지라고 설명했습니다."
dataset_ko_392_final,entity_simple_hard_test_os_concept_00077:final:0,entity_simple_hard_test_os_concept_00077,entity_simple_hard_test_os_concept_00077,True,same_source_sibling_facts,1,4,23,20,심화 4팀 1차 스레드에서 주의점과 비유를 함께 정리해줘.,"심화 4팀 1차 스레드에 대해 주의점은 공유 자원 관리가 필요하다고, 그리고 비유는 같은 식당 안에서 일하는 직원이라고 설명했습니다.",True,,,,,False,False,0.8571428571428571,0.34146341463414637,0.42857142857142855,0.17073170731707318,True,False,3.7931981000001542,3.605309899954591,,,,,question+passage,"심화 4팀 1차 스레드에 대해 주의점은 공유 자원 관리가 필요하다고, 비유는 같은 식당 안에서 일하는 직원이라고, 그리고 역할은 프로세스 안에서 작업을 나누어 실행한다고 설명했습니다.","심화 4팀 1차 스레드에 대해 생각이 여러 개인데, 주의점으로는 작업이 연속되지는 않는다고, 그리고 라인 구분이 명확하지 않다고, 그리고 추후 논의를 같이 가진다고 설명했습니다."
dataset_ko_393_final,entity_simple_hard_test_os_concept_00247:final:0,entity_simple_hard_test_os_concept_00247,entity_simple_hard_test_os_concept_00247,True,same_source_sibling_facts,1,4,23,20,심화 1팀 3차 큐 설명 중 장점과 역할에 해당하는 내용만 답해줘.,"심화 1팀 3차 큐에 대해 장점은 처리 순서를 명확하게 만든다고, 그리고 역할은 작업을 순서대로 기다리게 한다고 설명했습니다.",True,,,,,False,False,0.9696969696969697,0.8717948717948718,0.48484848484848486,0.4358974358974359,True,True,2.620376800012309,3.57727629999863,,,,,question+passage,"심화 1팀 3차 큐에 대해 장점은 처리 순서를 명확하게 만든다고, 역할은 작업을 순서대로 기다리게 한다고 설명했습니다.","심화 1팀 3차 큐에 대해 장점은 처리 순서를 명확하게 만든다고, 역할은 작업을 순서대로 기다리게 한다고, 그리고 주의점은 대기 시간이 길어질 수 있다고 설명했습니다."
dataset_ko_394_final,entity_simple_hard_test_art_history_00232:final:0,entity_simple_hard_test_art_history_00232,entity_simple_hard_test_art_history_00232,True,same_source_sibling_facts,1,4,23,20,가을 D반 3차 바로크 설명에서 비유와 비교 포인트만 알려줘.,"가을 D반 3차 바로크에 대해 비유는 무대 조명이 한 장면을 강조하는 방식이라고, 그리고 비교 포인트는 평면적 구도와 구분된다고 설명했습니다.",True,,,,,False,False,0.878048780487805,0.823529411764706,0.4390243902439025,0.411764705882353,True,True,3.776027999992948,2.8597309999749996,,,,,question+passage,"가을 D반 3차 바로크에 대해 비유는 무대 조명이 한 장면을 강조하는 방식이라고, 목적은 감정을 강하게 전달하는 것이라고, 그리고 비교 포인트는 평면적 구도와 구분된다고 설명했습니다.","가을 D반 3차 바로크 설명에 대해 비유는 무대 조명이 한 장면을 강조하는 방식이라고, 비교의 포인트는 극적真적 의미라고 설명했습니다."
dataset_ko_395_final,entity_simple_hard_test_dessert_00219:final:0,entity_simple_hard_test_dessert_00219,entity_simple_hard_test_dessert_00219,True,same_source_sibling_facts,1,4,23,20,세미나 B반 3차 브라우니 설명 중 맛과 특징에 해당하는 내용만 답해줘.,"세미나 B반 3차 브라우니에 대해 맛은 묵직하게 달콤하다고, 그리고 특징은 속이 촉촉하게 남는다고 설명했습니다.",True,,,,,False,False,0.9032258064516129,0.8750000000000001,0.45161290322580644,0.43750000000000006,True,True,3.6149879000149667,3.8832600999739952,,,,,tie,"세미나 B반 3차 브라우니에 대해 맛은 묵직하게 달콤하다고, 특징은 속이 촉촉하게 남는다고, 그리고 맛은 묵직하게 달콤하다고 설명했습니다.","세미나 B반 3차 브라우니에 대해 맛은 묵직하게 달콤하다고, 비유는 초콜렛을 압축한 케이크라고, 그리고 특징은 속이 촉촉하게 남는다고 설명했습니다."
dataset_ko_396_final,entity_simple_hard_test_statistics_00191:final:0,entity_simple_hard_test_statistics_00191,entity_simple_hard_test_statistics_00191,True,same_source_sibling_facts,1,4,23,20,여름 오후반 2차 회귀분석 설명 중 활용과 비유에 해당하는 내용만 답해줘.,"여름 오후반 2차 회귀분석에 대해 활용은 예측 경향을 설명할 때 쓴다고, 그리고 비유는 흩어진 점 사이에 길을 그어 보는 일이라고 설명했습니다.",True,,,,,False,False,0.8571428571428571,0.6500000000000001,0.42857142857142855,0.32500000000000007,True,True,4.217883700039238,3.678915800002869,,,,,question+passage,"여름 오후반 2차 회귀분석 설명 중 비유는 흩어진 점 사이에 길을 그어 보는 일이라고, 주의점은 모든 원인을 증명하지는 않는다고, 그리고 활용은 예측 경향을 설명할 때 쓴다고 설명했습니다.","여름 오후반 2차 회귀분석 설명에 대해 활용은 예측 경향을 설명할 때 쓴다고, 비유는 직선으로 그어진道路라고, 그리고 주의점은 모든 원인을 증명하지는 않는다고 설명했습니다."
dataset_ko_397_final,entity_simple_hard_test_project_00159:final:0,entity_simple_hard_test_project_00159,entity_simple_hard_test_project_00159,True,same_source_sibling_facts,1,4,23,20,세미나 2팀 2차 프론트엔드 점검 설명 중 확인 기준과 담당에 해당하는 내용만 답해줘.,"세미나 2팀 2차 프론트엔드 점검에 대해 확인 기준은 사용자 차단 여부라고, 그리고 담당은 프론트엔드 파트라고 설명했습니다.",True,,,,,False,False,0.888888888888889,0.6842105263157896,0.4444444444444445,0.3421052631578948,True,True,3.858984699996654,3.987704399973154,,,,,question+passage,"세미나 2팀 2차 프론트엔드 점검 설명에 대해 확인 기준은 사용자 차단 여부라고, 담당은 프론트엔드 파트라고, 그리고 마감은 다음 달 첫째 주 화요일이라고 설명했습니다.","세미나 2팀 2차 프론트엔드 점검에 대해 확인 기준은 확인 해체 상태가 슬랙 채널로 전달된다고, 담당은 프론트엔드 파트라고, 그리고 담당은 신청 페이지라고 설명했습니다."
dataset_ko_398_final,entity_simple_hard_test_marketing_00368:final:0,entity_simple_hard_test_marketing_00368,entity_simple_hard_test_marketing_00368,True,same_source_sibling_facts,1,4,23,20,실습 3팀 4차 신입생 캠페인 설명에서 보상과 대상만 알려줘.,"실습 3팀 4차 신입생 캠페인에 대해 보상은 커피 쿠폰이라고, 그리고 대상은 신입생이라고 설명했습니다.",True,,,,,False,False,0.9600000000000001,0.6666666666666667,0.48000000000000004,0.33333333333333337,True,True,2.6617287999833934,1.8370495000272058,,,,,question+passage,"실습 3팀 4차 신입생 캠페인 설명에 대해 보상은 커피 쿠폰이라고, 대상은 신입생이라고 설명했습니다.",실습 3팀 4차 신입생 캠페인 설명에서 보상과 대상만 알려줬다고 함.
dataset_ko_399_final,entity_simple_hard_test_project_00204:final:0,entity_simple_hard_test_project_00204,entity_simple_hard_test_project_00204,True,same_source_sibling_facts,1,4,23,20,캡스톤 A반 3차 최종 발표 설명에서 담당과 확인 기준만 알려줘.,"캡스톤 A반 3차 최종 발표에 대해 담당은 기획 파트라고, 그리고 확인 기준은 근거 제시 여부라고 설명했습니다.",True,,,,,False,False,0.888888888888889,0.967741935483871,0.4444444444444445,0.4838709677419355,True,True,3.0516383000067435,2.3902845000266097,,,,,passage-only,"캡스톤 A반 3차 최종 발표에 대해 확인 기준은 근거 제시 여부라고, 공유 위치는 팀 노션 페이지라고, 그리고 담당은 기획 파트라고 설명했습니다.","캡스톤 A반 3차 최종 발표 설명에 대해 담당은 기획 파트라고, 확인 기준은 근거 제시 여부라고 설명했습니다."
