case,source_id,root_source_id,merge_group_source_id,same_source_merge,merge_policy,merge_group_qas,merged_passage_count,qp_layer,ponly_layer,question,expected,recall_at_k,direct_normalized_em,no_memory_normalized_em,direct_answer_token_f1,no_memory_answer_token_f1,qp_normalized_em,ponly_normalized_em,qp_answer_token_f1,ponly_answer_token_f1,qp_qa_score,ponly_qa_score,qp_mergeprag_hit,ponly_mergeprag_hit,qp_inference_time_s,ponly_inference_time_s,qp_loss,ponly_loss,qp_phrase_loss,ponly_phrase_loss,pairwise_winner,qp_answer,ponly_answer
dataset_ko_0_final,entity_simple_hard_test_dessert_00339:final:0,entity_simple_hard_test_dessert_00339,entity_simple_hard_test_dessert_00339,True,same_source_sibling_facts,1,4,23,20,세미나 D반 4차 브라우니 설명 중 비유와 색깔에 해당하는 내용만 답해줘.,"세미나 D반 4차 브라우니에 대해 비유는 초콜렛을 압축한 케이크라고, 그리고 색깔은 진한 갈색이라고 설명했습니다.",True,,,,,False,False,0.8750000000000001,0.9032258064516129,0.43750000000000006,0.45161290322580644,True,True,4.319799399992917,3.69892749999417,,,,,tie,"세미나 D반 4차 브라우니에 대해 색깔은 진한 갈색이라고, 비유는 초콜렛을 압축한 케이크라고, 그리고 특징은 속이 촉촉하게 남는다고 설명했습니다.","세미나 D반 4차 브라우니에 대해 비유는 초콜렛을 압축한 케이크라고, 색깔은 진한 갈색이라고, 그리고 맛은 묵직하게 달콤하다고 설명했습니다."
dataset_ko_1_final,entity_simple_hard_test_marketing_00370:final:0,entity_simple_hard_test_marketing_00370,entity_simple_hard_test_marketing_00370,True,same_source_sibling_facts,1,4,23,20,교수님이 봄 4팀 4차 스터디 모집의 보상과 대상을 어떻게 말했어?,"봄 4팀 4차 스터디 모집에 대해 보상은 우선 신청권이라고, 그리고 대상은 스터디 신청자라고 설명했습니다.",True,,,,,False,False,0.7333333333333334,0.6428571428571429,0.3666666666666667,0.32142857142857145,True,True,3.380676399974618,2.8923348000389524,,,,,question+passage,"교수님이 봄 4팀 4차 스터디 모집에 대해 대상은 완료율이라고, 핵심 채널은 학과 홈페이지라고, 그리고 보상은 우선 신청권이라고 설명했습니다.","봄 4팀 4차 스터디 모집에 대해 보상은 우선 신청권을 말하고, 대상은 핵심 채널에서 알리기로 했다고 설명했습니다."
dataset_ko_2_final,entity_simple_hard_test_statistics_00141:final:0,entity_simple_hard_test_statistics_00141,entity_simple_hard_test_statistics_00141,True,same_source_sibling_facts,1,4,23,20,여름 1팀 2차 신뢰구간에서 비유와 활용을 함께 정리해줘.,"여름 1팀 2차 신뢰구간에 대해 비유는 정답이 있을 법한 범위를 그은 지도라고, 그리고 활용은 추정의 불확실성을 설명할 때 쓴다고 설명했습니다.",True,,,,,False,False,0.9047619047619047,0.8837209302325582,0.45238095238095233,0.4418604651162791,True,True,3.9148151999688707,4.099231800006237,,,,,tie,"여름 1팀 2차 신뢰구간에 대해 비유는 정답이 있을 법한 범위를 그은 지도라고, 활용은 추정의 불확실성을 설명할 때 쓴다고, 그리고 의미는 모수 추정 범위라고 설명했습니다.","여름 1팀 2차 신뢰구간에 대해 비유는 정답이 있을 법한 범위를 그은 지도라고, 활용은 추정의 불확실성을 설명할 때 쓴다고, 그리고 주의점은 정답 하나를 보장하지 않는다고 설명했습니다."
dataset_ko_3_final,entity_simple_hard_test_dessert_00049:final:0,entity_simple_hard_test_dessert_00049,entity_simple_hard_test_dessert_00049,True,same_source_sibling_facts,1,4,23,20,세미나 1팀 1차 솜사탕에서 비유와 색깔을 함께 정리해줘.,"세미나 1팀 1차 솜사탕에 대해 비유는 구름 같은 간식이라고, 그리고 색깔은 분홍색이라고 설명했습니다.",True,,,,,False,False,0.896551724137931,0.7857142857142856,0.4482758620689655,0.3928571428571428,True,False,3.0480541000142694,2.8248132999869995,,,,,question+passage,"세미나 1팀 1차 솜사탕에 대해 비유는 구름 같은 간식이라고, 색깔은 분홍색이라고, 그리고 맛은 가볍게 달콤하다고 설명했습니다.","세미나 1팀 1차 솜사탕에 대해 비유는 구름 같은 새로운 이미지라고, 색깔은 파란색이라고, 그리고 설명은 간결하다고 설명했습니다."
dataset_ko_4_final,entity_simple_hard_test_project_00205:final:0,entity_simple_hard_test_project_00205,entity_simple_hard_test_project_00205,True,same_source_sibling_facts,1,4,23,20,파일럿 A반 3차 백엔드 배포에서 담당과 확인 기준을 함께 정리해줘.,"파일럿 A반 3차 백엔드 배포에 대해 담당은 백엔드 팀이라고, 그리고 확인 기준은 오류 발생률이라고 설명했습니다.",True,,,,,False,False,0.7027027027027029,0.7878787878787877,0.3513513513513514,0.39393939393939387,True,True,3.7400723000173457,3.1894774999818765,,,,,passage-only,"파일럿 A반 3차 백엔드 배포에 대해 확인 기준을 다음과 몇 줄을 담당을 설명이라고, 담당은 백엔드 팀이라고, 그리고 마감은 수요일 오후 다섯 시라고 설명했습니다.","파일럿 A반 3차 백엔드 배포에 대해 담당은 백엔드 팀이라고, 확인 기준은 오류 종류가 승인자 승인 취소 오류라고 설명했습니다."
dataset_ko_5_final,entity_simple_hard_test_art_history_00187:final:0,entity_simple_hard_test_art_history_00187,entity_simple_hard_test_art_history_00187,True,same_source_sibling_facts,1,4,23,20,심화 오전반 2차 르네상스 설명 중 비교 포인트와 비유에 해당하는 내용만 답해줘.,"심화 오전반 2차 르네상스에 대해 비교 포인트는 절대왕정 중심 설명과 다르다고, 그리고 비유는 사람을 화면 중앙에 다시 세우는 방식이라고 설명했습니다.",True,,,,,False,False,0.8837209302325582,0.9047619047619047,0.4418604651162791,0.45238095238095233,True,True,4.137084599991795,3.8214692999608815,,,,,tie,"심화 오전반 2차 르네상스에 대해 비유는 사람을 화면 중앙에 다시 세우는 방식이라고, 목적은 사람의 가치를 드러내는 것이라고, 그리고 비교 포인트는 절대왕정 중심 설명과 다르다고 설명했습니다.","심화 오전반 2차 르네상스에 대해 비교 포인트는 절대왕정 중심 설명과 다르다고, 비유은 사람을 화면 중앙에 다시 세우는 방식이라고, 그리고 비유은 인간 가치 설명이라고 설명했습니다."
dataset_ko_6_final,entity_simple_hard_test_os_concept_00054:final:0,entity_simple_hard_test_os_concept_00054,entity_simple_hard_test_os_concept_00054,True,same_source_sibling_facts,1,4,23,20,교수님이 캡스톤 2팀 1차 캐시의 장점과 역할을 어떻게 말했어?,"캡스톤 2팀 1차 캐시에 대해 장점은 반복 접근을 빠르게 만든다고, 그리고 역할은 자주 쓰는 정보를 가까이 둔다고 설명했습니다.",True,,,,,False,False,0.6486486486486486,0.8571428571428571,0.3243243243243243,0.42857142857142855,True,True,3.6691789999604225,4.445779200003017,,,,,passage-only,"교수님이 캡스톤 2팀 1차 캐시의 장점이라고, 역할은 자주 쓰는 정보를 가까이 둔다고, 그리고 비유는 책상 위에 올려둔 책이라고 설명했습니다.","교수님의 캡스톤 2팀 1차 캐시에 대해 장점은 반복 접근을 빠르게 만든다고, 역할은 자주 쓰는 정보를 가까이 둔다고, 그리고 비유는 책상 위에 올려둔 책이라고 설명했습니다."
dataset_ko_7_final,entity_simple_hard_test_dessert_00098:final:0,entity_simple_hard_test_dessert_00098,entity_simple_hard_test_dessert_00098,True,same_source_sibling_facts,1,4,23,20,교수님이 실습 오후반 1차 마카롱의 색깔과 비유를 어떻게 말했어?,"실습 오후반 1차 마카롱에 대해 색깔은 알록달록하다고, 그리고 비유는 작은 보석 상자라고 설명했습니다.",True,,,,,False,False,0.787878787878788,0.6896551724137931,0.393939393939394,0.3448275862068966,True,True,3.9278064999962226,3.003505500033498,,,,,question+passage,"교수님이 실습 오후반 1차 마카롱의 색깔에 대해 색깔은 알록달록하다고, 비유는 작은 보석 상자라고, 그리고 특징은 겉은 바삭하고 속은 촉촉하다고 설명했습니다.","실습 오후반 1차 마카롱의 색깔에 대해 진실은 알록달록하다고, 비유는 맛이 진하고 부드럽다고, 그리고 오일을 추가한다고 설명했습니다."
dataset_ko_8_final,entity_simple_hard_test_dessert_00169:final:0,entity_simple_hard_test_dessert_00169,entity_simple_hard_test_dessert_00169,True,same_source_sibling_facts,1,4,23,20,세미나 3팀 2차 솜사탕에서 특징과 맛을 함께 정리해줘.,"세미나 3팀 2차 솜사탕에 대해 특징은 입에 닿으면 빠르게 사라진다고, 그리고 맛은 가볍게 달콤하다고 설명했습니다.",True,,,,,False,False,0.8823529411764706,0.9375,0.4411764705882353,0.46875,True,True,3.6452317999792285,3.5152396999765188,,,,,passage-only,"세미나 3팀 2차 솜사탕에 대해 특징은 입에 닿으면 빠르게 사라진다고, 맛은 가볍게 달콤하다고, 그리고 비유는 구름 같은 간식이라고 설명했습니다.","세미나 3팀 2차 솜사탕에 대해 특징은 입에 닿으면 빠르게 사라진다고, 맛은 가볍게 달콤하다고, 그리고 색깔은 분홍색이라고 설명했습니다."
dataset_ko_9_final,entity_simple_hard_test_dessert_00387:final:0,entity_simple_hard_test_dessert_00387,entity_simple_hard_test_dessert_00387,True,same_source_sibling_facts,1,4,23,20,심화 오전반 4차 브라우니 설명 중 색깔과 비유에 해당하는 내용만 답해줘.,"심화 오전반 4차 브라우니에 대해 색깔은 진한 갈색이라고, 그리고 비유는 초콜렛을 압축한 케이크라고 설명했습니다.",True,,,,,False,False,0.8750000000000001,0.9032258064516129,0.43750000000000006,0.45161290322580644,True,True,3.8433132999925874,3.7043980000307783,,,,,tie,"심화 오전반 4차 브라우니에 대해 색깔은 진한 갈색이라고, 비유는 초콜렛을 압축한 케이크라고, 그리고 특징은 속이 촉촉하게 남는다고 설명했습니다.","심화 오전반 4차 브라우니에 대해 색깔은 진한 갈색이라고, 비유는 초콜렛을 압축한 케이크라고, 그리고 맛은 묵직하게 달콤하다고 설명했습니다."
dataset_ko_10_final,entity_simple_hard_test_art_history_00379:final:0,entity_simple_hard_test_art_history_00379,entity_simple_hard_test_art_history_00379,True,same_source_sibling_facts,1,4,23,20,세미나 4팀 4차 르네상스 설명 중 비교 포인트와 비유에 해당하는 내용만 답해줘.,"세미나 4팀 4차 르네상스에 대해 비교 포인트는 절대왕정 중심 설명과 다르다고, 그리고 비유는 사람을 화면 중앙에 다시 세우는 방식이라고 설명했습니다.",True,,,,,False,False,0.8837209302325582,0.9268292682926829,0.4418604651162791,0.46341463414634143,True,True,4.018318800022826,4.033044999989215,,,,,tie,"세미나 4팀 4차 르네상스에 대해 비유는 사람을 화면 중앙에 다시 세우는 방식이라고, 주점은 중점을 다시 세우는 것이라고, 그리고 비교 포인트는 절대왕정 중심 설명과 다르다고 설명했습니다.","세미나 4팀 4차 르네상스에 대해 비교 포인트는 절대왕정 중심 설명과 다르다고, 핵심 특징은 인문주의라고, 그리고 비유는 사람을 화면 중앙에 다시 세우는 방식이라고 설명했습니다."
dataset_ko_11_final,entity_simple_hard_test_os_concept_00101:final:0,entity_simple_hard_test_os_concept_00101,entity_simple_hard_test_os_concept_00101,True,same_source_sibling_facts,1,4,23,20,여름 A반 2차 스레드에서 역할과 장점을 함께 정리해줘.,"여름 A반 2차 스레드에 대해 역할은 프로세스 안에서 작업을 나누어 실행한다고, 그리고 장점은 작업을 가볍게 나눌 수 있다고 설명했습니다.",True,,,,,False,False,0.878048780487805,0.85,0.4390243902439025,0.425,True,True,3.68892980000237,3.297975099994801,,,,,tie,"여름 A반 2차 스레드에 대해 장점은 작업을 가볍게 나눌 수 있다고, 주의점은 공유 자원 관리가 필요하다고, 그리고 역할은 프로세스 안에서 작업을 나누어 실행한다고 설명했습니다.","여름 A반 2차 스레드에 대해 역할은 작업을 나누어 실행한다고, 장점은 작업을 가볍게 나눌 수 있다고, 그리고 비유는 같은 식당 안에서 일하는 직원이라고 설명했습니다."
dataset_ko_12_final,entity_simple_hard_test_art_history_00184:final:0,entity_simple_hard_test_art_history_00184,entity_simple_hard_test_art_history_00184,True,same_source_sibling_facts,1,4,23,20,캡스톤 오전반 2차 바로크 설명에서 비교 포인트와 비유만 알려줘.,"캡스톤 오전반 2차 바로크에 대해 비교 포인트는 평면적 구도와 구분된다고, 그리고 비유는 무대 조명이 한 장면을 강조하는 방식이라고 설명했습니다.",True,,,,,False,False,0.9,0.878048780487805,0.45,0.4390243902439025,True,True,3.985135699971579,4.065918100008275,,,,,tie,"캡스톤 오전반 2차 바로크 설명에 대해 비교 포인트는 평면적 구도와 구분된다고, 비유는 무대 조명이 한 장면을 강조하는 방식이라고, 그리고 핵심 특징은 극적 명암이라고 설명했습니다.","캡스톤 오전반 2차 바로크에 대해 비교 포인트는 평면적 구도와 구분된다고, 비유는 무대 조명이 한 장면을 강조하는 방식이라고, 그리고 비유 특징은 극적 명암과 구분된다고 설명했습니다."
dataset_ko_13_final,entity_simple_hard_test_dessert_00051:final:0,entity_simple_hard_test_dessert_00051,entity_simple_hard_test_dessert_00051,True,same_source_sibling_facts,1,4,23,20,여름 2팀 1차 브라우니 설명 중 비유와 색깔에 해당하는 내용만 답해줘.,"여름 2팀 1차 브라우니에 대해 비유는 초콜렛을 압축한 케이크라고, 그리고 색깔은 진한 갈색이라고 설명했습니다.",True,,,,,False,False,0.8750000000000001,0.8750000000000001,0.43750000000000006,0.43750000000000006,True,True,3.8651088000042364,3.9112326000467874,,,,,tie,"여름 2팀 1차 브라우니에 대해 색깔은 진한 갈색이라고, 비유는 초콜렛을 압축한 케이크라고, 그리고 특징은 속이 촉촉하게 남는다고 설명했습니다.","여름 2팀 1차 브라우니에 대해 비유는 초콜렛을 압축한 케이크라고, 특징은 속이 촉촉하게 남는다고, 그리고 색깔은 진한 갈색이라고 설명했습니다."
dataset_ko_14_final,entity_simple_hard_test_statistics_00357:final:0,entity_simple_hard_test_statistics_00357,entity_simple_hard_test_statistics_00357,True,same_source_sibling_facts,1,4,23,20,심화 2팀 4차 신뢰구간에서 주의점과 의미를 함께 정리해줘.,"심화 2팀 4차 신뢰구간에 대해 주의점은 정답 하나를 보장하지 않는다고, 그리고 의미는 모수 추정 범위라고 설명했습니다.",True,,,,,False,False,0.8648648648648648,0.8205128205128205,0.4324324324324324,0.41025641025641024,True,True,3.5627805999829434,3.6771234999760054,,,,,tie,"심화 2팀 4차 신뢰구간에 대해 주의점은 정답 하나를 보장하지 않는다고, 의미는 모수 추정 범위라고, 그리고 비유는 정답이 1개를 보장하지 않는다고 설명했습니다.","심화 2팀 4차 신뢰구간에 대해 주의점은 정답 하나를 보장하지 않는다고, 의미는 모수 추정 범위라고, 그리고 비유는 정답이 있을 법한 범위를 그은 지도라고 설명했습니다."
dataset_ko_15_final,entity_simple_hard_test_marketing_00322:final:0,entity_simple_hard_test_marketing_00322,entity_simple_hard_test_marketing_00322,True,same_source_sibling_facts,1,4,23,20,교수님이 가을 C반 4차 스터디 모집의 대상과 보상을 어떻게 말했어?,"가을 C반 4차 스터디 모집에 대해 대상은 스터디 신청자라고, 그리고 보상은 우선 신청권이라고 설명했습니다.",True,,,,,False,False,0.8484848484848484,0.6857142857142857,0.4242424242424242,0.34285714285714286,True,False,3.3157923000399023,3.466533500002697,,,,,question+passage,"교수님이 가을 C반 4차 스터디 모집에 대해 대상은 스터디 신청자라고, 보상은 우선 신청권이라고, 그리고 핵심 채널은 학과 홈페이지라고 설명했습니다.","가을 C반 4차 스터디 모집에 대해 대상은 스터디 구划 영역과 결과评价指标이라고, 보상은 우선 신청 순서라고, 그리고 핵심 채널은 학과 홈페이지라고 설명했습니다."
dataset_ko_16_final,entity_simple_hard_test_os_concept_00389:final:0,entity_simple_hard_test_os_concept_00389,entity_simple_hard_test_os_concept_00389,True,same_source_sibling_facts,1,4,23,20,세미나 오전반 4차 스레드에서 역할과 장점을 함께 정리해줘.,"세미나 오전반 4차 스레드에 대해 역할은 프로세스 안에서 작업을 나누어 실행한다고, 그리고 장점은 작업을 가볍게 나눌 수 있다고 설명했습니다.",True,,,,,False,False,0.8292682926829269,0.3448275862068966,0.41463414634146345,0.1724137931034483,True,False,3.7561186000239104,1.687964999990072,,,,,question+passage,"세미나 오전반 4차 스레드에서 역할은 프로세스 안에서 작업을 나누어 실행한다고, 비유는 같은 식당 안에서 일하는 직원이라고, 그리고 장점은 작업을 가볍게 나눌 수 있다고 설명했습니다.",세미나 오전반 4차 스레드에 대해 책임은 부분적으로 넘어 comes와 함께 설명을 제공했습니다.
dataset_ko_17_final,entity_simple_hard_test_marketing_00056:final:0,entity_simple_hard_test_marketing_00056,entity_simple_hard_test_marketing_00056,True,same_source_sibling_facts,1,4,23,20,정규 2팀 1차 신입생 캠페인 설명에서 성과 지표와 핵심 채널만 알려줘.,"정규 2팀 1차 신입생 캠페인에 대해 성과 지표는 전환율이라고, 그리고 핵심 채널은 인스타그램이라고 설명했습니다.",True,,,,,False,False,0.5581395348837208,0.9333333333333333,0.2790697674418604,0.4666666666666667,True,True,5.8109509000205435,3.341896799975075,,,,,passage-only,"정규 2팀 1차 신입생 캠페인 성과 지표가 주는 정보가 있고, 핵심 채널이란 대상이 채널 영상 측면에서의 성과를 보장하는 채널이라고, 핵심 채널 채널 메인 채널이라고, 그리고 성과 지표는 전환율이라고 설명했습니다.","정규 2팀 1차 신입생 캠페인에 대해 성과 지표는 전환율이라고, 핵심 채널은 인스타그램이라고, 그리고 대상은 신입생이라고 설명했습니다."
dataset_ko_18_final,entity_simple_hard_test_project_00133:final:0,entity_simple_hard_test_project_00133,entity_simple_hard_test_project_00133,True,same_source_sibling_facts,1,4,23,20,겨울 D반 2차 백엔드 배포에서 마감과 공유 위치를 함께 정리해줘.,"겨울 D반 2차 백엔드 배포에 대해 마감은 수요일 오후 다섯 시라고, 그리고 공유 위치는 깃허브 이슈 탭이라고 설명했습니다.",True,,,,,False,False,0.923076923076923,0.8947368421052632,0.4615384615384615,0.4473684210526316,True,True,3.4914045000332408,3.423719100013841,,,,,tie,"겨울 D반 2차 백엔드 배포에 대해 공유 위치는 깃허브 이슈 탭이라고, 담당은 백엔드 팀이라고, 그리고 마감은 수요일 오후 다섯 시라고 설명했습니다.","겨울 D반 2차 백엔드 배포에 대해 담당은 백엔드 팀이라고, 마감은 수요일 오후 다섯 시라고, 공유 위치는 깃허브 이슈 탭이라고 설명했습니다."
dataset_ko_19_final,entity_simple_hard_test_project_00110:final:0,entity_simple_hard_test_project_00110,entity_simple_hard_test_project_00110,True,same_source_sibling_facts,1,4,23,20,교수님이 봄 B반 2차 AI 모델 평가의 담당과 확인 기준을 어떻게 말했어?,"봄 B반 2차 AI 모델 평가에 대해 담당은 AI 파트라고, 그리고 확인 기준은 정답률이라고 설명했습니다.",True,,,,,False,False,0.962962962962963,0.742857142857143,0.4814814814814815,0.3714285714285715,True,True,2.121854600030929,3.4575712000369094,,,,,question+passage,"봄 B반 2차 AI 모델 평가에 대해 담당은 AI 파트라고, 확인 기준은 정답률이라고 설명했습니다.","봄 B반 2차 AI 모델 평가에 대해 담당은 AI 파트라고, 확인 기준은 정답률을 기준으로 이해했다고, 그리고 확인 기준은 정답률을 기준으로 설명했다고 설명했습니다."
dataset_ko_20_final,entity_simple_hard_test_statistics_00285:final:0,entity_simple_hard_test_statistics_00285,entity_simple_hard_test_statistics_00285,True,same_source_sibling_facts,1,4,23,20,파일럿 오전반 3차 신뢰구간에서 활용과 비유를 함께 정리해줘.,"파일럿 오전반 3차 신뢰구간에 대해 활용은 추정의 불확실성을 설명할 때 쓴다고, 그리고 비유는 정답이 있을 법한 범위를 그은 지도라고 설명했습니다.",True,,,,,False,False,0.8837209302325582,0.9047619047619047,0.4418604651162791,0.45238095238095233,True,True,4.165523600007873,3.9465154000208713,,,,,tie,"파일럿 오전반 3차 신뢰구간에 대해 비유는 정답이 있을 법한 범위를 그은 지도라고, 주의점은 정답 하나를 보장하지 않는다고, 그리고 활용은 추정의 불확실성을 설명할 때 쓴다고 설명했습니다.","파일럿 오전반 3차 신뢰구간에 대해 활용은 추정의 불확실성을 설명할 때 쓴다고, 비유는 정답이 있을 법한 범위를 그은 지도라고, 그리고 의미는 모수 추정의 하나라고 설명했습니다."
dataset_ko_21_final,entity_simple_hard_test_marketing_00178:final:0,entity_simple_hard_test_marketing_00178,entity_simple_hard_test_marketing_00178,True,same_source_sibling_facts,1,4,23,20,교수님이 실습 4팀 2차 스터디 모집의 보상과 대상을 어떻게 말했어?,"실습 4팀 2차 스터디 모집에 대해 보상은 우선 신청권이라고, 그리고 대상은 스터디 신청자라고 설명했습니다.",True,,,,,False,False,0.8750000000000001,0.5714285714285714,0.43750000000000006,0.2857142857142857,True,False,3.1926395000191405,3.6714269000221975,,,,,question+passage,"교수님 실습 4팀 2차 스터디 모집에 대해 대상은 스터디 신청자라고, 성과 지표는 완료율이라고, 그리고 보상은 우선 신청권이라고 설명했습니다.","교수님의 실습 4팀 2차 스터디 모집에 대해 보상은 우선 신청 순서권이라고, 대상은 핵심 채널로 놓고, 조건은 학과 홈페이지에서 확인할 수 있다고 설명했습니다."
dataset_ko_22_final,entity_simple_hard_test_statistics_00071:final:0,entity_simple_hard_test_statistics_00071,entity_simple_hard_test_statistics_00071,True,same_source_sibling_facts,1,4,23,20,여름 4팀 1차 회귀분석 설명 중 주의점과 의미에 해당하는 내용만 답해줘.,"여름 4팀 1차 회귀분석에 대해 주의점은 모든 원인을 증명하지는 않는다고, 그리고 의미는 관계의 경향 설명이라고 설명했습니다.",True,,,,,False,False,0.5423728813559322,0.5161290322580646,0.2711864406779661,0.2580645161290323,True,False,7.321042299969122,2.93725540000014,,,,,tie,"여름 4팀 1차 회귀분석 설명 중 주의점은 관찰 숫자의 의미가 설명된 의미가 약하다고, but 의미는 관계의 경향 설명이라고, 그리고 비유는 흩어진 점 사이에 길을 그어 보는 일이라고, 그리고 회귀분석에 대해 주의점은 모든 원인을 증명하지는 않는다고, but 설명은 관계의 경향을 설명할 때 쓴다고, 그리고 의미는 관계의 경향 설명이라고 설명했습니다.","여름 4팀 1차 회귀분석 설명 중 주의점과 의미에 대해 것은 설명의 측면에서 중요성을 설명하는 것이라고, 설명의 맥락이라고, analogy이라고 설명했습니다."
dataset_ko_23_final,entity_simple_hard_test_project_00374:final:0,entity_simple_hard_test_project_00374,entity_simple_hard_test_project_00374,True,same_source_sibling_facts,1,4,23,20,교수님이 캡스톤 4팀 4차 AI 모델 평가의 공유 위치와 마감을 어떻게 말했어?,"캡스톤 4팀 4차 AI 모델 평가에 대해 공유 위치는 회의록 폴더라고, 그리고 마감은 금요일 자정 전이라고 설명했습니다.",True,,,,,False,False,0.7804878048780487,0.8333333333333333,0.39024390243902435,0.41666666666666663,True,True,4.069584799988661,2.9497851000051014,,,,,passage-only,"교수님이 캡스톤 4팀 4차 AI 모델 평가의 공유 위치와 알려진 대로 마감은 금요일 자정 전이라고, 확인 기준은 정답률이라고, 그리고 공유 위치는 회의록 폴더라고 설명했습니다.","캡스톤 4팀 4차 AI 모델 평가에 대해 공유 위치는 커널 페이지라고, 마감은 금요일 자정 전이라고, 그리고는 확인 기준이라고 설명했습니다."
dataset_ko_24_final,entity_simple_hard_test_os_concept_00199:final:0,entity_simple_hard_test_os_concept_00199,entity_simple_hard_test_os_concept_00199,True,same_source_sibling_facts,1,4,23,20,세미나 오후반 2차 큐 설명 중 역할과 장점에 해당하는 내용만 답해줘.,"세미나 오후반 2차 큐에 대해 역할은 작업을 순서대로 기다리게 한다고, 그리고 장점은 처리 순서를 명확하게 만든다고 설명했습니다.",True,,,,,False,False,0.7555555555555554,0.8205128205128205,0.3777777777777777,0.41025641025641024,True,True,4.853992099990137,3.7919717999757268,,,,,passage-only,"세미나 오후반 2차 큐에 대해 장점은 처리 순서를 명확하게 만든다고, 역할은 작업을 순서대로 기다리게 한다고, 그리고 비유는 번호표를 뽑고 기다리는 줄이라고, 그리고 주의점은 대기 시간이 길어질 수 있다고 설명했습니다.","세미나 오후반 2차 큐 설명에 대해 역할은 작업을 순서대로 기다리게 한다고, 장점은 처리 순서를 명확하게 만든다고, 그리고 예는 계산 결과를 순서대로 기다리게 한다고 설명했습니다."
dataset_ko_25_final,entity_simple_hard_test_art_history_00018:final:0,entity_simple_hard_test_art_history_00018,entity_simple_hard_test_art_history_00018,True,same_source_sibling_facts,1,4,23,20,교수님이 실습 B반 1차 인상주의의 핵심 특징과 목적을 어떻게 말했어?,"실습 B반 1차 인상주의에 대해 핵심 특징은 빛의 순간적인 인상이라고, 그리고 목적은 관찰 순간을 살리는 것이라고 설명했습니다.",True,,,,,False,False,0.6666666666666666,0.5,0.3333333333333333,0.25,True,False,4.035036499961279,4.2011520999949425,,,,,question+passage,"교수님이 실습 B반 1차 인상주의에 대해 핵심 특징은 해석에 대한 신념이 있다고, 비유는 햇빛이 흔들리는 수면에 비친 모습이라고, 그리고 목적은 관찰 순간을 살리는 것이라고 설명했습니다.","교수님이 실습 B반 1차 인상주의의 핵심 특징을 입장을 중심으로 한 인상과 비교해 봤다고, 목적은 핵심 인상인 체계적인 인상과 다르다고, 그리고 핵심 특징은太快한 인상이라고 설명했습니다."
dataset_ko_26_final,entity_simple_hard_test_art_history_00185:final:0,entity_simple_hard_test_art_history_00185,entity_simple_hard_test_art_history_00185,True,same_source_sibling_facts,1,4,23,20,파일럿 오전반 2차 입체주의에서 비교 포인트와 비유를 함께 정리해줘.,"파일럿 오전반 2차 입체주의에 대해 비교 포인트는 단일 원근과 다르다고, 그리고 비유는 여러 방향에서 본 사물을 한 화면에 놓는 방식이라고 설명했습니다.",True,,,,,False,False,0.8837209302325582,0.7777777777777778,0.4418604651162791,0.3888888888888889,True,True,4.029608300013933,2.7165867000003345,,,,,question+passage,"파일럿 오전반 2차 입체주의에 대해 비유는 여러 방향에서 본 사물을 한 화면에 놓는 방식이라고, 목적은 대상을 새롭게 해석하는 것이라고, 그리고 비교 포인트는 단일 원근과 다르다고 설명했습니다.","파일럿 오전반 2차 입체주의에 대해 비교 포인트는 단일 원근과 다르다고, 비유는 여러 시점이라고, 그리고 비유 형식이라고 설명했습니다."
dataset_ko_27_final,entity_simple_hard_test_marketing_00080:final:0,entity_simple_hard_test_marketing_00080,entity_simple_hard_test_marketing_00080,True,same_source_sibling_facts,1,4,23,20,봄 오전반 1차 신입생 캠페인 설명에서 보상과 대상만 알려줘.,"봄 오전반 1차 신입생 캠페인에 대해 보상은 커피 쿠폰이라고, 그리고 대상은 신입생이라고 설명했습니다.",True,,,,,False,False,0.888888888888889,0.631578947368421,0.4444444444444445,0.3157894736842105,True,True,3.5831744999741204,1.752407599997241,,,,,question+passage,"봄 오전반 1차 신입생 캠페인 설명에 대해 대상은 신입생이라고, 보상은 커피 쿠폰이라고, 그리고 핵심 채널은 인스타그램이라고 설명했습니다.",봄 오전반 1차 신입생 캠페인 설명에서 보상과 대상만 알려줍니다.
dataset_ko_28_final,entity_simple_hard_test_art_history_00162:final:0,entity_simple_hard_test_art_history_00162,entity_simple_hard_test_art_history_00162,True,same_source_sibling_facts,1,4,23,20,교수님이 가을 3팀 2차 인상주의의 목적과 핵심 특징을 어떻게 말했어?,"가을 3팀 2차 인상주의에 대해 목적은 관찰 순간을 살리는 것이라고, 그리고 핵심 특징은 빛의 순간적인 인상이라고 설명했습니다.",True,,,,,False,False,0.6511627906976744,0.7317073170731708,0.3255813953488372,0.3658536585365854,True,True,4.285619399975985,4.169056099955924,,,,,passage-only,"교수님이 가을 3팀 2차 인상주의에 대해 핵심 특징은 이해하는 사람에 대한 신뢰가 필요하다고, 비유는 햇빛이 흔들리는 수면에 비친 모습이라고, 그리고 목적은 관찰 순간을 살리는 것이라고 설명했습니다.","교수님의 가을 3팀 2차 인상주의의 목적은 관찰 순간을 살리는 것이라고, 핵심 특징은 빛의 순간적인 인상주의 이해라고, 그리고 비교 포인트는 정확한 윤곽보다 색감이 중요하다고 설명했습니다."
dataset_ko_29_final,entity_simple_hard_test_statistics_00143:final:0,entity_simple_hard_test_statistics_00143,entity_simple_hard_test_statistics_00143,True,same_source_sibling_facts,1,4,23,20,겨울 1팀 2차 회귀분석 설명 중 비유와 활용에 해당하는 내용만 답해줘.,"겨울 1팀 2차 회귀분석에 대해 비유는 흩어진 점 사이에 길을 그어 보는 일이라고, 그리고 활용은 예측 경향을 설명할 때 쓴다고 설명했습니다.",True,,,,,False,False,0.8837209302325582,0.36363636363636365,0.4418604651162791,0.18181818181818182,True,False,4.338241299963556,2.2152896000188775,,,,,question+passage,"겨울 1팀 2차 회귀분석 설명에 대해 비유는 흩어진 점 사이에 길을 그어 보는 일이라고, 활용은 예측 경향을 설명할 때 쓴다고, 그리고 주의점은 모든 원인을 증명하지는 않는다고 설명했습니다.",겨울 1팀 2차 회귀분석 설명 중 비유와 활용에 해당하는 내용만 답해주는 이유는 이해의 방법을 설명하기 때문입니다.
dataset_ko_30_final,entity_simple_hard_test_project_00372:final:0,entity_simple_hard_test_project_00372,entity_simple_hard_test_project_00372,True,same_source_sibling_facts,1,4,23,20,가을 4팀 4차 최종 발표 설명에서 공유 위치와 마감만 알려줘.,"가을 4팀 4차 최종 발표에 대해 공유 위치는 팀 노션 페이지라고, 그리고 마감은 다음 주 월요일 밤이라고 설명했습니다.",True,,,,,False,False,0.967741935483871,0.8125,0.4838709677419355,0.40625,True,True,2.4937460999935865,2.3499065000214614,,,,,question+passage,"가을 4팀 4차 최종 발표 설명에 대해 공유 위치는 팀 노션 페이지라고, 마감은 다음 주 월요일 밤이라고 설명했습니다.","가을 4팀 4차 최종 발표 설명에 대해 공유 위치는 share point library로, 마감은 다음 주 월요일 밤이라고 설명했습니다."
dataset_ko_31_final,entity_simple_hard_test_os_concept_00269:final:0,entity_simple_hard_test_os_concept_00269,entity_simple_hard_test_os_concept_00269,True,same_source_sibling_facts,1,4,23,20,세미나 3팀 3차 스레드에서 주의점과 비유를 함께 정리해줘.,"세미나 3팀 3차 스레드에 대해 주의점은 공유 자원 관리가 필요하다고, 그리고 비유는 같은 식당 안에서 일하는 직원이라고 설명했습니다.",True,,,,,False,False,0.878048780487805,0.7499999999999999,0.4390243902439025,0.37499999999999994,True,True,3.674480800051242,3.5935949999839067,,,,,question+passage,"세미나 3팀 3차 스레드에 대해 비유는 같은 식당 안에서 일하는 직원이라고, 장점은 작업을 가볍게 나눌 수 있다고, 그리고 주의점은 공유 자원 관리가 필요하다고 설명했습니다.","세미나 3팀 3차 스레드에 대해 주의점은 공유 자원 관리가 필요하다고, 비유는 식당 안에서 작업을 시작한다고, 그리고 장점은 작업을 가볍게 나눌 수 있다고 설명했습니다."
dataset_ko_32_final,entity_simple_hard_test_marketing_00347:final:0,entity_simple_hard_test_marketing_00347,entity_simple_hard_test_marketing_00347,True,same_source_sibling_facts,1,4,23,20,심화 1팀 4차 멘토링 이벤트 설명 중 성과 지표와 핵심 채널에 해당하는 내용만 답해줘.,"심화 1팀 4차 멘토링 이벤트에 대해 성과 지표는 재방문율이라고, 그리고 핵심 채널은 이메일 뉴스레터라고 설명했습니다.",True,,,,,False,False,0.8823529411764706,0.8571428571428571,0.4411764705882353,0.42857142857142855,True,True,3.9302612000028603,4.498258900013752,,,,,tie,"심화 1팀 4차 멘토링 이벤트 설명에 대해 핵심 채널은 이메일 뉴스레터라고, 성과 지표는 재방문율이라고, 그리고 대상은 멘토링 참여 학생이라고 설명했습니다.","심화 1팀 4차 멘토링 이벤트에 대해 성과 지표는 재방문율이라고, 핵심 채널은 이메일 뉴스레터라고, 그리고 핵심 채널의 연결고리는 블로그 카테고리라고 설명했습니다."
dataset_ko_33_final,entity_simple_hard_test_dessert_00336:final:0,entity_simple_hard_test_dessert_00336,entity_simple_hard_test_dessert_00336,True,same_source_sibling_facts,1,4,23,20,정규 D반 4차 초콜렛 설명에서 비유와 색깔만 알려줘.,"정규 D반 4차 초콜렛에 대해 비유는 작은 선물 상자라고, 그리고 색깔은 검정색이라고 설명했습니다.",True,,,,,False,False,0.8666666666666666,0.8387096774193548,0.4333333333333333,0.4193548387096774,True,True,3.1018373999977484,3.1807511000079103,,,,,tie,"정규 D반 4차 초콜렛 설명에 대해 비유는 작은 선물 상자라고, 색깔은 검정색이라고, 그리고 특징은 입안에서 천천히 녹는다고 설명했습니다.","정규 D반 4차 초콜렛에 대해 비유는 작은 선물 상자라고, 색깔은 검정색이라고, 그리고 주목할 점은 입안에서 천천히 녹는다고 설명했습니다."
dataset_ko_34_final,entity_simple_hard_test_os_concept_00319:final:0,entity_simple_hard_test_os_concept_00319,entity_simple_hard_test_os_concept_00319,True,same_source_sibling_facts,1,4,23,20,세미나 B반 4차 큐 설명 중 비유와 주의점에 해당하는 내용만 답해줘.,"세미나 B반 4차 큐에 대해 비유는 번호표를 뽑고 기다리는 줄이라고, 그리고 주의점은 대기 시간이 길어질 수 있다고 설명했습니다.",True,,,,,False,False,0.8717948717948718,0.8717948717948718,0.4358974358974359,0.4358974358974359,True,True,3.817875499953516,3.865218700026162,,,,,tie,"세미나 B반 4차 큐에 대해 비유는 번호표를 뽑고 기다리는 줄이라고, 장점은 처리 순서를 명확하게 만든다고, 그리고 주의점은 대기 시간이 길어질 수 있다고 설명했습니다.","세미나 B반 4차 큐에 대해 비유는 번호표를 뽑고 기다리는 줄이라고, 주의점은 대기 시간이 길어질 수 있다고, 그리고 목적은 작업을 순서대로 진행할 때 유용하다고 설명했습니다."
dataset_ko_35_final,entity_simple_hard_test_art_history_00234:final:0,entity_simple_hard_test_art_history_00234,entity_simple_hard_test_art_history_00234,True,same_source_sibling_facts,1,4,23,20,교수님이 캡스톤 D반 3차 인상주의의 비유와 비교 포인트를 어떻게 말했어?,"캡스톤 D반 3차 인상주의에 대해 비유는 햇빛이 흔들리는 수면에 비친 모습이라고, 그리고 비교 포인트는 정확한 윤곽보다 색감이 중요하다고 설명했습니다.",True,,,,,False,False,0.8636363636363636,0.37037037037037035,0.4318181818181818,0.18518518518518517,True,False,4.528957600006834,1.770391300029587,,,,,question+passage,"교수님이 캡스톤 D반 3차 인상주의에 대해 비유는 햇빛이 흔들리는 수면에 비친 모습이라고, 목적은 관찰 순간을 살리는 것이라고, 그리고 비교 포인트는 정확한 윤곽보다 색감이 중요하다고 설명했습니다.",교수님이 캡스톤 D반 3차 인상주의의 비유를 말씀드렸다고요 said.
dataset_ko_36_final,entity_simple_hard_test_art_history_00186:final:0,entity_simple_hard_test_art_history_00186,entity_simple_hard_test_art_history_00186,True,same_source_sibling_facts,1,4,23,20,교수님이 정규 오전반 2차 인상주의의 비교 포인트와 비유를 어떻게 말했어?,"정규 오전반 2차 인상주의에 대해 비교 포인트는 정확한 윤곽보다 색감이 중요하다고, 그리고 비유는 햇빛이 흔들리는 수면에 비친 모습이라고 설명했습니다.",True,,,,,False,False,0.8636363636363636,0.6976744186046512,0.4318181818181818,0.3488372093023256,True,True,4.33303729997715,4.620479300036095,,,,,question+passage,"교수님이 정규 오전반 2차 인상주의에 대해 비유는 햇빛이 흔들리는 수면에 비친 모습이라고, 목적은 관찰 순간을 살리는 것이라고, 그리고 비교 포인트는 정확한 윤곽보다 색감이 중요하다고 설명했습니다.","교수님의 정규 오전반 2차 인상주의의 비교 포인트와 비유는 햇빛이 흔들리는 수면에 비친 모습이라고, 주목할 대상인 '비유' 부분이라고, 그리고 '정확한 대상'은 객체의 '주목할 부분'이라고 설명했습니다."
dataset_ko_37_final,entity_simple_hard_test_project_00063:final:0,entity_simple_hard_test_project_00063,entity_simple_hard_test_project_00063,True,same_source_sibling_facts,1,4,23,20,겨울 3팀 1차 프론트엔드 점검 설명 중 확인 기준과 담당에 해당하는 내용만 답해줘.,"겨울 3팀 1차 프론트엔드 점검에 대해 확인 기준은 사용자 차단 여부라고, 그리고 담당은 프론트엔드 파트라고 설명했습니다.",True,,,,,False,False,0.888888888888889,0.8666666666666666,0.4444444444444445,0.4333333333333333,True,True,3.8503640000126325,2.5780579000129364,,,,,tie,"겨울 3팀 1차 프론트엔드 점검 설명에 대해 확인 기준은 사용자 차단 여부라고, 담당은 프론트엔드 파트라고, 그리고 마감은 다음 달 첫째 주 화요일이라고 설명했습니다.",겨울 3팀 1차 프론트엔드 점검 확인 기준은 사용자 차단 여부와 담당은 프론트엔드 파트라고 설명했습니다.
dataset_ko_38_final,entity_simple_hard_test_marketing_00034:final:0,entity_simple_hard_test_marketing_00034,entity_simple_hard_test_marketing_00034,True,same_source_sibling_facts,1,4,23,20,교수님이 캡스톤 D반 1차 스터디 모집의 대상과 보상을 어떻게 말했어?,"캡스톤 D반 1차 스터디 모집에 대해 대상은 스터디 신청자라고, 그리고 보상은 우선 신청권이라고 설명했습니다.",True,,,,,False,False,0.8484848484848484,0.75,0.4242424242424242,0.375,True,True,3.459888899989892,3.259299299970735,,,,,question+passage,"교수님이 캡스톤 D반 1차 스터디 모집에 대해 대상은 스터디 신청자라고, 보상은 우선 신청권이라고, 그리고 핵심 채널은 학과 홈페이지라고 설명했습니다.","캡스톤 D반 1차 스터디 모집에 대해 대상은 캡스톤 D반 학생이라고, 보상은 우선 신청권이라고, 그리고 성과 지표는 완료율이라고 설명했습니다."
dataset_ko_39_final,entity_simple_hard_test_os_concept_00318:final:0,entity_simple_hard_test_os_concept_00318,entity_simple_hard_test_os_concept_00318,True,same_source_sibling_facts,1,4,23,20,교수님이 실습 B반 4차 캐시의 비유와 주의점을 어떻게 말했어?,"실습 B반 4차 캐시에 대해 비유는 책상 위에 올려둔 책이라고, 그리고 주의점은 오래된 정보가 남을 수 있다고 설명했습니다.",True,,,,,False,False,0.8205128205128205,0.7272727272727272,0.41025641025641024,0.3636363636363636,True,True,3.838473799987696,2.774326500017196,,,,,question+passage,"교수님이 실습 B반 4차 캐시의 비유는 책상 위에 올려둔 책이라고, 장점은 반복 접근을 빠르게 만든다고, 그리고 주의점은 오래된 정보가 남을 수 있다고 설명했습니다.","교수님의 실습 B반 4차 캐시에 대해 비유는 책상 위에 올려둔 책이라고, 주의점은 오래된 경험에 관하여 설명했다."
dataset_ko_40_final,entity_simple_hard_test_art_history_00280:final:0,entity_simple_hard_test_art_history_00280,entity_simple_hard_test_art_history_00280,True,same_source_sibling_facts,1,4,23,20,봄 오전반 3차 바로크 설명에서 비교 포인트와 비유만 알려줘.,"봄 오전반 3차 바로크에 대해 비교 포인트는 평면적 구도와 구분된다고, 그리고 비유는 무대 조명이 한 장면을 강조하는 방식이라고 설명했습니다.",True,,,,,False,False,0.8717948717948718,0.8947368421052632,0.4358974358974359,0.4473684210526316,True,True,3.854369600012433,3.833511599979829,,,,,tie,"봄 오전반 3차 바로크에 대해 비유는 무대 조명이 한 장면을 강조하는 방식이라고, 목적은 감정을 강하게 전달하는 것이라고, 그리고 비교 포인트는 평면적 구도와 구분된다고 설명했습니다.","봄 오전반 3차 바로크에 대해 비교 포인트는 평면적 구도와 구분된다고, 핵심 특징은 극적 명암이라고, 그리고 비유는 무대 조명이 한 장면을 강조하는 방식이라고 설명했습니다."
dataset_ko_41_final,entity_simple_hard_test_marketing_00250:final:0,entity_simple_hard_test_marketing_00250,entity_simple_hard_test_marketing_00250,True,same_source_sibling_facts,1,4,23,20,교수님이 봄 2팀 3차 스터디 모집의 성과 지표와 핵심 채널을 어떻게 말했어?,"봄 2팀 3차 스터디 모집에 대해 성과 지표는 완료율이라고, 그리고 핵심 채널은 학과 홈페이지라고 설명했습니다.",True,,,,,False,False,0.8666666666666666,0.5945945945945946,0.4333333333333333,0.2972972972972973,True,False,3.2246626000269316,4.5641820000018924,,,,,question+passage,"봄 2팀 3차 스터디 모집의 성과 지표는 완료율이라고, 핵심 채널은 학과 홈페이지라고, 그리고 대상은 스터디 신청자라고 설명했습니다.","봄 2팀 3차 스터디 모집에 대해 성과 지표는 새로운 채널로 간주합니다. 그리고 핵심 채널은 온라인으로 전달됩니다, 마지막으로 보상은 우선 순위가 높은 채널에 주어집니다.라고 설명했습니다."
dataset_ko_42_final,entity_simple_hard_test_project_00036:final:0,entity_simple_hard_test_project_00036,entity_simple_hard_test_project_00036,True,same_source_sibling_facts,1,4,23,20,정규 D반 1차 최종 발표 설명에서 마감과 공유 위치만 알려줘.,"정규 D반 1차 최종 발표에 대해 마감은 다음 주 월요일 밤이라고, 그리고 공유 위치는 팀 노션 페이지라고 설명했습니다.",True,,,,,False,False,0.8823529411764706,0.8648648648648648,0.4411764705882353,0.4324324324324324,True,True,2.764879699971061,3.2627466000267304,,,,,tie,"정규 D반 1차 최종 발표에 대해 마감과 공유 위치를 공유 위치는 팀 노션 페이지라고, 마감은 다음 주 월요일 밤이라고 설명했습니다.","정규 D반 1차 최종 발표 설명에 대해 마감은 다음 주 월요일 밤이라고, 공유 위치는 팀 노션 페이지라고, 그리고 확인 기준은 근거 제시 여부라고 설명했습니다."
dataset_ko_43_final,entity_simple_hard_test_project_00157:final:0,entity_simple_hard_test_project_00157,entity_simple_hard_test_project_00157,True,same_source_sibling_facts,1,4,23,20,심화 2팀 2차 백엔드 배포에서 확인 기준과 담당을 함께 정리해줘.,"심화 2팀 2차 백엔드 배포에 대해 확인 기준은 오류 발생률이라고, 그리고 담당은 백엔드 팀이라고 설명했습니다.",True,,,,,False,False,0.6875,0.9655172413793104,0.34375,0.4827586206896552,True,True,3.099006000033114,2.4609855999588035,,,,,passage-only,심화 2팀 2차 백엔드 배포에 대해 확인 기준을 아래 몇 줄을 쓰고 설명을 아래 넣고 담당은 백엔드 팀이라고 추가했습니다.,"심화 2팀 2차 백엔드 배포에 대해 확인 기준은 오류 발생률이라고, 담당은 백엔드 팀이라고 설명했습니다."
dataset_ko_44_final,entity_simple_hard_test_os_concept_00317:final:0,entity_simple_hard_test_os_concept_00317,entity_simple_hard_test_os_concept_00317,True,same_source_sibling_facts,1,4,23,20,심화 B반 4차 스레드에서 비유와 주의점을 함께 정리해줘.,"심화 B반 4차 스레드에 대해 비유는 같은 식당 안에서 일하는 직원이라고, 그리고 주의점은 공유 자원 관리가 필요하다고 설명했습니다.",True,,,,,False,False,0.878048780487805,0.5161290322580646,0.4390243902439025,0.2580645161290323,True,False,3.5394307000096887,2.228134000033606,,,,,question+passage,"심화 B반 4차 스레드에 대해 비유는 같은 식당 안에서 일하는 직원이라고, 장점은 작업을 가볍게 나눌 수 있다고, 그리고 주의점은 공유 자원 관리가 필요하다고 설명했습니다.","심화 B반 4차 스레드에 대해 책임은 부분적으로是에 해당, 그리고 비유는吃饭的时候想到的을 가지는 부분이라고 설명했습니다."
dataset_ko_45_final,entity_simple_hard_test_statistics_00119:final:0,entity_simple_hard_test_statistics_00119,entity_simple_hard_test_statistics_00119,True,same_source_sibling_facts,1,4,23,20,세미나 B반 2차 회귀분석 설명 중 의미와 주의점에 해당하는 내용만 답해줘.,"세미나 B반 2차 회귀분석에 대해 의미는 관계의 경향 설명이라고, 그리고 주의점은 모든 원인을 증명하지는 않는다고 설명했습니다.",True,,,,,False,False,0.8648648648648648,0.4800000000000001,0.4324324324324324,0.24000000000000005,True,False,3.4900974999764003,1.7978606999968179,,,,,question+passage,"세미나 B반 2차 회귀분석 설명에 대해 주의점은 모든 원인을 증명하지는 않는다고, 활용은 예측 경향을 설명할 때 쓴다고, 그리고 의미는 관계의 경향 설명이라고 설명했습니다.",세미나 B반 2차 회귀분석 설명 중 의미와 주의점에 해당하는 내용만 답해줬습니다.
dataset_ko_46_final,entity_simple_hard_test_art_history_00139:final:0,entity_simple_hard_test_art_history_00139,entity_simple_hard_test_art_history_00139,True,same_source_sibling_facts,1,4,23,20,세미나 D반 2차 르네상스 설명 중 비유와 비교 포인트에 해당하는 내용만 답해줘.,"세미나 D반 2차 르네상스에 대해 비유는 사람을 화면 중앙에 다시 세우는 방식이라고, 그리고 비교 포인트는 절대왕정 중심 설명과 다르다고 설명했습니다.",True,,,,,False,False,0.8837209302325582,0.8837209302325582,0.4418604651162791,0.4418604651162791,True,True,4.036283699970227,4.124200900027063,,,,,tie,"세미나 D반 2차 르네상스에 대해 비유는 사람을 화면 중앙에 다시 세우는 방식이라고, 주점은 중점을 다시 세우는 것이라고, 그리고 비교 포인트는 절대왕정 중심 설명과 다르다고 설명했습니다.","세미나 D반 2차 르네상스에 대해 비유는 사람을 화면 중앙에 다시 세우는 방식이라고, 목적은 사람의 가치를 드러내는 것이라고, 그리고 비교 포인트는 절대왕정 중심 설명과 다르다고 설명했습니다."
dataset_ko_47_final,entity_simple_hard_test_project_00277:final:0,entity_simple_hard_test_project_00277,entity_simple_hard_test_project_00277,True,same_source_sibling_facts,1,4,23,20,심화 4팀 3차 백엔드 배포에서 공유 위치와 마감을 함께 정리해줘.,"심화 4팀 3차 백엔드 배포에 대해 공유 위치는 깃허브 이슈 탭이라고, 그리고 마감은 수요일 오후 다섯 시라고 설명했습니다.",True,,,,,False,False,0.9714285714285714,0.7272727272727272,0.4857142857142857,0.3636363636363636,True,True,2.751515800016932,2.654401699954178,,,,,question+passage,"심화 4팀 3차 백엔드 배포에 대해 공유 위치는 깃허브 이슈 탭이라고, 마감은 수요일 오후 다섯 시라고 설명했습니다.","심화 4팀 3차 백엔드 배포에 대해 담당은 백엔드 팀이라고, 마감은 수요일 오후 다섯 시라고 설명했습니다."
dataset_ko_48_final,entity_simple_hard_test_project_00252:final:0,entity_simple_hard_test_project_00252,entity_simple_hard_test_project_00252,True,same_source_sibling_facts,1,4,23,20,가을 2팀 3차 최종 발표 설명에서 확인 기준과 담당만 알려줘.,"가을 2팀 3차 최종 발표에 대해 확인 기준은 근거 제시 여부라고, 그리고 담당은 기획 파트라고 설명했습니다.",True,,,,,False,False,0.8421052631578948,0.5945945945945946,0.4210526315789474,0.2972972972972973,True,False,3.4193973999936134,3.2396509000100195,,,,,question+passage,"가을 2팀 3차 최종 발표에 대해 확인 기준과 담당은 기획 파트라고, 마감은 다음 주 월요일 밤이라고, 그리고 확인 기준은 근거 제시 여부라고 설명했습니다.","가을 2팀 3차 최종 발표 설명에 대해 확인 기준은 근거 요청이라고, 담당은 교수와 학생 사이의, 그리고 성과는 문제 제기 담당과 협의에 기 Con"
dataset_ko_49_final,entity_simple_hard_test_project_00350:final:0,entity_simple_hard_test_project_00350,entity_simple_hard_test_project_00350,True,same_source_sibling_facts,1,4,23,20,교수님이 봄 2팀 4차 AI 모델 평가의 확인 기준과 담당을 어떻게 말했어?,"봄 2팀 4차 AI 모델 평가에 대해 확인 기준은 정답률이라고, 그리고 담당은 AI 파트라고 설명했습니다.",True,,,,,False,False,0.8666666666666666,0.7222222222222223,0.4333333333333333,0.36111111111111116,True,True,2.7116210000240244,3.4909620999824256,,,,,question+passage,"봄 2팀 4차 AI 모델 평가의 확인 기준은 정답률이라고, 담당은 AI 파트라고, 그리고 확인 기준은 정답률이라고 설명했습니다.","봄 2팀 4차 AI 모델 평가에 대해 확인 기준은 정답률을 설명하며 담당은 수학팀이라고, 완료 기준은 확인 중이라고, 그리고 전달 경로는 AI 파트라고 설명했습니다."
dataset_ko_50_final,entity_simple_hard_test_os_concept_00078:final:0,entity_simple_hard_test_os_concept_00078,entity_simple_hard_test_os_concept_00078,True,same_source_sibling_facts,1,4,23,20,교수님이 실습 4팀 1차 캐시의 주의점과 비유를 어떻게 말했어?,"실습 4팀 1차 캐시에 대해 주의점은 오래된 정보가 남을 수 있다고, 그리고 비유는 책상 위에 올려둔 책이라고 설명했습니다.",True,,,,,False,False,0.8292682926829268,0.8292682926829268,0.4146341463414634,0.4146341463414634,True,True,4.188099300023168,3.9517445000237785,,,,,tie,"교수님이 실습 4팀 1차 캐시의 주의점에 대해 비유는 책상 위에 올려둔 책이라고, 장점은 반복 접근을 빠르게 만든다고, 그리고 주의점은 오래된 정보가 남을 수 있다고 설명했습니다.","교수님의 실습 4팀 1차 캐시에 대해 주의점은 오래된 정보가 남을 수 있다고, 비유는 책상 위에 올려둔 책이라고, 그리고 장점은 반복 접근 정보를 가까이 둔다고 설명했습니다."
dataset_ko_51_final,entity_simple_hard_test_project_00397:final:0,entity_simple_hard_test_project_00397,entity_simple_hard_test_project_00397,True,same_source_sibling_facts,1,4,23,20,심화 오후반 4차 백엔드 배포에서 담당과 확인 기준을 함께 정리해줘.,"심화 오후반 4차 백엔드 배포에 대해 담당은 백엔드 팀이라고, 그리고 확인 기준은 오류 발생률이라고 설명했습니다.",True,,,,,False,False,0.7428571428571429,0.6875,0.37142857142857144,0.34375,True,True,3.3592635999666527,3.1134496000013314,,,,,question+passage,"심화 오후반 4차 백엔드 배포에 대해 확인 기준을 다음과 몇 줄이라고, 담당은 백엔드 팀이라고, 그리고 마감은 수요일 오후 다섯 시라고 설명했습니다.","심화 오후반 4차 백엔드 배포에 대해 담당은 백엔드 팀이라고, 확인 기준은 기존에 백엔드 팀에게 이 파일을 확인했다고 설명했다."
dataset_ko_52_final,entity_simple_hard_test_dessert_00241:final:0,entity_simple_hard_test_dessert_00241,entity_simple_hard_test_dessert_00241,True,same_source_sibling_facts,1,4,23,20,여름 1팀 3차 솜사탕에서 비유와 색깔을 함께 정리해줘.,"여름 1팀 3차 솜사탕에 대해 비유는 구름 같은 간식이라고, 그리고 색깔은 분홍색이라고 설명했습니다.",True,,,,,False,False,0.896551724137931,0.6470588235294118,0.4482758620689655,0.3235294117647059,True,False,3.0406650999793783,3.676188200013712,,,,,question+passage,"여름 1팀 3차 솜사탕에 대해 비유는 구름 같은 간식이라고, 색깔은 분홍색이라고, 그리고 맛은 가볍게 달콤하다고 설명했습니다.","여름 1팀 3차 솜사탕에 대해 비유는 구름 같은 새로운 아이라고, 색깔은 진한 초코처럼 깔끔하다고, 그리고 특징은 입에 닿으면 빠르게 사라진다고 설명했습니다."
dataset_ko_53_final,entity_simple_hard_test_project_00300:final:0,entity_simple_hard_test_project_00300,entity_simple_hard_test_project_00300,True,same_source_sibling_facts,1,4,23,20,봄 A반 4차 최종 발표 설명에서 담당과 확인 기준만 알려줘.,"봄 A반 4차 최종 발표에 대해 담당은 기획 파트라고, 그리고 확인 기준은 근거 제시 여부라고 설명했습니다.",True,,,,,False,False,0.8823529411764706,0.5555555555555556,0.4411764705882353,0.2777777777777778,True,False,3.127707100007683,3.4864533999934793,,,,,question+passage,"봄 A반 4차 최종 발표 설명에 대해 확인 기준은 근거 제시 여부라고, 담당은 기획 파트라고, 그리고 마감은 다음 주 월요일 밤이라고 설명했습니다.","봄 A반 4차 최종 발표 설명 확인 기준으로 새로운 관점 제시 여부라고, 반론 항목으로 잘못된 주장이라고, 그리고 종결로 봉사자와 후기 담당자에게 설명 요청이라고 설명했습니다."
dataset_ko_54_final,entity_simple_hard_test_project_00111:final:0,entity_simple_hard_test_project_00111,entity_simple_hard_test_project_00111,True,same_source_sibling_facts,1,4,23,20,여름 B반 2차 프론트엔드 점검 설명 중 담당과 확인 기준에 해당하는 내용만 답해줘.,"여름 B반 2차 프론트엔드 점검에 대해 담당은 프론트엔드 파트라고, 그리고 확인 기준은 사용자 차단 여부라고 설명했습니다.",True,,,,,False,False,0.888888888888889,0.888888888888889,0.4444444444444445,0.4444444444444445,True,True,3.808614799985662,3.748439299990423,,,,,tie,"여름 B반 2차 프론트엔드 점검 설명에 대해 확인 기준은 사용자 차단 여부라고, 담당은 프론트엔드 파트라고, 그리고 마감은 다음 달 첫째 주 화요일이라고 설명했습니다.","여름 B반 2차 프론트엔드 점검에 대해 담당은 프론트엔드 파트라고, 확인 기준은 사용자 차단 여부라고, 그리고 마감은 다음 달 첫째 주 화요일이라고 설명했습니다."
dataset_ko_55_final,entity_simple_hard_test_statistics_00046:final:0,entity_simple_hard_test_statistics_00046,entity_simple_hard_test_statistics_00046,True,same_source_sibling_facts,1,4,23,20,교수님이 정규 1팀 1차 상관계수의 비유와 활용을 어떻게 말했어?,"정규 1팀 1차 상관계수에 대해 비유는 두 변수의 움직임을 비교하는 나침반이라고, 그리고 활용은 관계 강도를 빠르게 살필 때 쓴다고 설명했습니다.",True,,,,,False,False,0.8292682926829269,0.46153846153846156,0.41463414634146345,0.23076923076923078,True,False,4.734770999988541,1.6309785000048578,,,,,question+passage,"교수님이 정규 1팀 1차 상관계수를形容은 관계 강도를 빠르게 살필 때 쓴다고, 비유는 두 변수의 움직임을 비교하는 나침반이라고, 그리고 활용은 관계 강도를 빠르게 살필 때 쓴다고 설명했습니다.",교수님이 정규 1팀 1차 상관계수의 비유와 활용을 설명하시나요.'
dataset_ko_56_final,entity_simple_hard_test_art_history_00040:final:0,entity_simple_hard_test_art_history_00040,entity_simple_hard_test_art_history_00040,True,same_source_sibling_facts,1,4,23,20,봄 1팀 1차 바로크 설명에서 비유와 비교 포인트만 알려줘.,"봄 1팀 1차 바로크에 대해 비유는 무대 조명이 한 장면을 강조하는 방식이라고, 그리고 비교 포인트는 평면적 구도와 구분된다고 설명했습니다.",True,,,,,False,False,0.8717948717948718,0.7317073170731708,0.4358974358974359,0.3658536585365854,True,True,3.8686509000253864,4.050521500001196,,,,,question+passage,"봄 1팀 1차 바로크에 대해 비유는 무대 조명이 한 장면을 강조하는 방식이라고, 목적은 감정을 강하게 전달하는 것이라고, 그리고 비교 포인트는 평면적 구도와 구분된다고 설명했습니다.","봄 1팀 1차 바로크에 대해 비유는 무대 조명이 한 장면을 강조하는 방식이라고, 비유적 구도가 단일 전경 구도로 보인다고, 그리고 비교 포인트는 극적 명암으로 생각될 said라고 설명했습니다."
dataset_ko_57_final,entity_simple_hard_test_statistics_00023:final:0,entity_simple_hard_test_statistics_00023,entity_simple_hard_test_statistics_00023,True,same_source_sibling_facts,1,4,23,20,겨울 C반 1차 회귀분석 설명 중 의미와 주의점에 해당하는 내용만 답해줘.,"겨울 C반 1차 회귀분석에 대해 의미는 관계의 경향 설명이라고, 그리고 주의점은 모든 원인을 증명하지는 않는다고 설명했습니다.",True,,,,,False,False,0.631578947368421,0.6153846153846153,0.3157894736842105,0.30769230769230765,True,True,3.7535645000170916,3.9782022000290453,,,,,tie,"겨울 C반 1차 회귀분석에 대해 설명은 아래와 같은 의미와 주의점을 담을 때 쓴다고, 활용은 예측 경향을 설명할 때 쓴다고, 그리고 의미는 관계의 경향 설명이라고 설명했습니다.","겨울 C반 1차 회귀분석 설명 중 의미와 주의점에 대해 설명은 관계의 경향 설명이라고, 의미는 관계의 경향 설명이라고, 그리고 비유는 흩어진 점 사이에 길을 그어 보는 일이라고 설명했습니다."
dataset_ko_58_final,entity_simple_hard_test_statistics_00335:final:0,entity_simple_hard_test_statistics_00335,entity_simple_hard_test_statistics_00335,True,same_source_sibling_facts,1,4,23,20,파일럿 D반 4차 회귀분석 설명 중 비유와 활용에 해당하는 내용만 답해줘.,"파일럿 D반 4차 회귀분석에 대해 비유는 흩어진 점 사이에 길을 그어 보는 일이라고, 그리고 활용은 예측 경향을 설명할 때 쓴다고 설명했습니다.",True,,,,,False,False,0.8837209302325582,0.42857142857142855,0.4418604651162791,0.21428571428571427,True,False,4.218140100012533,1.6910157999955118,,,,,question+passage,"파일럿 D반 4차 회귀분석에 대해 비유는 흩어진 점 사이에 길을 그어 보는 일이라고, 활용은 예측 경향을 설명할 때 쓴다고, 그리고 주의점은 모든 원인을 증명하지는 않는다고 설명했습니다.",파일럿 D반 4차 회귀분석 설명 중 비유와 활용에 해당하는 내용만 답해줘.
dataset_ko_59_final,entity_simple_hard_test_os_concept_00198:final:0,entity_simple_hard_test_os_concept_00198,entity_simple_hard_test_os_concept_00198,True,same_source_sibling_facts,1,4,23,20,교수님이 실습 오후반 2차 캐시의 역할과 장점을 어떻게 말했어?,"실습 오후반 2차 캐시에 대해 역할은 자주 쓰는 정보를 가까이 둔다고, 그리고 장점은 반복 접근을 빠르게 만든다고 설명했습니다.",True,,,,,False,False,0.619047619047619,0.6111111111111112,0.3095238095238095,0.3055555555555556,True,False,4.339500299945939,3.671885400020983,,,,,tie,"교수님이 실습 오후반 2차 캐시의 역할에 대해 주의점은 반복 접근을 빠르게 만든다고, 비유는 책상 위에 올려둔 책이라고, 그리고 장점은 반복 접근을 빠르게 만든다고 설명했습니다.",교수님의 실습 오후반 2차 캐시에 대해 역할은 자주 쓰는 정보를 빠르게 만드는을 설명해요. 장점은 정보를 빠르게 만드는을 강조합니다.
dataset_ko_60_final,entity_simple_hard_test_dessert_00192:final:0,entity_simple_hard_test_dessert_00192,entity_simple_hard_test_dessert_00192,True,same_source_sibling_facts,1,4,23,20,가을 오후반 2차 초콜렛 설명에서 색깔과 비유만 알려줘.,"가을 오후반 2차 초콜렛에 대해 색깔은 검정색이라고, 그리고 비유는 작은 선물 상자라고 설명했습니다.",True,,,,,False,False,0.8666666666666666,0.7142857142857142,0.4333333333333333,0.3571428571428571,True,True,3.1425067000091076,2.980269599996973,,,,,question+passage,"가을 오후반 2차 초콜렛 설명에 대해 색깔은 검정색이라고, 비유는 작은 선물 상자라고, 그리고 특징은 입안에서 천천히 녹는다고 설명했습니다.","가을 오후반 2차 초콜렛에 대해 색깔은 검정색이라고, 비유는 입안에 녹는 하수구라고, 그리고 맛은 달콤하다고 설명했습니다."
dataset_ko_61_final,entity_simple_hard_test_dessert_00074:final:0,entity_simple_hard_test_dessert_00074,entity_simple_hard_test_dessert_00074,True,same_source_sibling_facts,1,4,23,20,교수님이 캡스톤 4팀 1차 마카롱의 특징과 맛을 어떻게 말했어?,"캡스톤 4팀 1차 마카롱에 대해 특징은 겉은 바삭하고 속은 촉촉하다고, 그리고 맛은 부드럽고 진하다고 설명했습니다.",True,,,,,False,False,0.625,0.9375,0.3125,0.46875,True,True,3.91300980001688,3.5378854000009596,,,,,passage-only,"교수님이 캡스톤 4팀 1차 마카롱의 특징을 색깔이 짙고 맛이 뚜렷하다고, 색깔은 알록달록하다고, 그리고 맛은 부드럽고 진하다고 설명했습니다.","캡스톤 4팀 1차 마카롱에 대해 특징은 겉은 바삭하고 속은 촉촉하다고, 맛은 부드럽고 진하다고, 그리고 색깔은 알록달록하다고 설명했습니다."
dataset_ko_62_final,entity_simple_hard_test_project_00061:final:0,entity_simple_hard_test_project_00061,entity_simple_hard_test_project_00061,True,same_source_sibling_facts,1,4,23,20,여름 3팀 1차 백엔드 배포에서 확인 기준과 담당을 함께 정리해줘.,"여름 3팀 1차 백엔드 배포에 대해 확인 기준은 오류 발생률이라고, 그리고 담당은 백엔드 팀이라고 설명했습니다.",True,,,,,False,False,0.7222222222222222,0.6428571428571429,0.3611111111111111,0.32142857142857145,True,True,3.768801899976097,2.0517716000322253,,,,,question+passage,"여름 3팀 1차 백엔드 배포에 대해 확인 기준을 담당은 백엔드 팀이라고, 공유 위치는 깃허브 이슈 탭이라고, 그리고 담당은 백엔드 팀이라고 설명했습니다.",여름 3팀 1차 백엔드 배포에 대해 확인 기준은 오류 발생률을 함께 정리해줄 수 있습니다.
dataset_ko_63_final,entity_simple_hard_test_statistics_00092:final:0,entity_simple_hard_test_statistics_00092,entity_simple_hard_test_statistics_00092,True,same_source_sibling_facts,1,4,23,20,가을 오후반 1차 표본분산 설명에서 활용과 비유만 알려줘.,"가을 오후반 1차 표본분산에 대해 활용은 데이터 변동성을 볼 때 쓴다고, 그리고 비유는 점들이 얼마나 퍼졌는지 보는 자라고 설명했습니다.",True,,,,,False,False,0.8947368421052632,0.8717948717948718,0.4473684210526316,0.4358974358974359,True,True,3.7258939999737777,4.0689765000133775,,,,,tie,"가을 오후반 1차 표본분산에 대해 비유는 점들이 얼마나 퍼졌는지 보는 자라고, 주의점은 순위 정렬과 다르다고, 그리고 활용은 데이터 변동성을 볼 때 쓴다고 설명했습니다.","가을 오후반 1차 표본분산 표본분산 설명에 대해 활용은 데이터 변동성을 볼 때 쓴다고, 비유는 점들이 얼마나 퍼졌는지 보는 자라고, 그리고 주의점은 순위 정렬과 다르다고 설명했습니다."
dataset_ko_64_final,entity_simple_hard_test_marketing_00272:final:0,entity_simple_hard_test_marketing_00272,entity_simple_hard_test_marketing_00272,True,same_source_sibling_facts,1,4,23,20,가을 4팀 3차 신입생 캠페인 설명에서 보상과 대상만 알려줘.,"가을 4팀 3차 신입생 캠페인에 대해 보상은 커피 쿠폰이라고, 그리고 대상은 신입생이라고 설명했습니다.",True,,,,,False,False,0.896551724137931,0.896551724137931,0.4482758620689655,0.4482758620689655,True,True,3.6075084999902174,3.5525247000041418,,,,,tie,"가을 4팀 3차 신입생 캠페인 설명에 대해 대상은 신입생이라고, 보상은 커피 쿠폰이라고, 그리고 핵심 채널은 인스타그램이라고 설명했습니다.","가을 4팀 3차 신입생 캠페인에 대해 보상은 커피 쿠폰이라고, 대상은 신입생이라고, 그리고 핵심 채널은 인스타그램이라고 설명했습니다."
dataset_ko_65_final,entity_simple_hard_test_art_history_00256:final:0,entity_simple_hard_test_art_history_00256,entity_simple_hard_test_art_history_00256,True,same_source_sibling_facts,1,4,23,20,정규 2팀 3차 바로크 설명에서 목적과 핵심 특징만 알려줘.,"정규 2팀 3차 바로크에 대해 목적은 감정을 강하게 전달하는 것이라고, 그리고 핵심 특징은 극적 명암이라고 설명했습니다.",True,,,,,False,False,0.8421052631578948,0.5365853658536586,0.4210526315789474,0.2682926829268293,True,False,3.6821945999981835,4.015045700012706,,,,,question+passage,"정규 2팀 3차 바로크에 대해 핵심 특징은 극적 명암이라고, 비유는 무대 조명이 한 장면을 강조하는 방식이라고, 그리고 목적은 감정을 강하게 전달하는 것이라고 설명했습니다.","정규 2팀 3차 바로크에 대해 목적은 청취한 원문의 주제를 강조하는 방법 중에 가장 강하게 전달되는 방식이라고, 비교 포인트가酣畅无比이라고, 그리고 핵심 특징이 강조되는 방식이라고 설명했습니다."
dataset_ko_66_final,entity_simple_hard_test_dessert_00170:final:0,entity_simple_hard_test_dessert_00170,entity_simple_hard_test_dessert_00170,True,same_source_sibling_facts,1,4,23,20,교수님이 봄 4팀 2차 마카롱의 특징과 맛을 어떻게 말했어?,"봄 4팀 2차 마카롱에 대해 특징은 겉은 바삭하고 속은 촉촉하다고, 그리고 맛은 부드럽고 진하다고 설명했습니다.",True,,,,,False,False,0.8666666666666666,0.8750000000000001,0.4333333333333333,0.43750000000000006,True,True,3.7304070999962278,3.801783200004138,,,,,tie,"교수님이 봄 4팀 2차 마카롱의 특징은 겉은 바삭하고 속은 촉촉하다고, 색깔은 알록달록하다고, 그리고 맛은 부드럽고 진하다고 설명했습니다.","봄 4팀 2차 마카롱의 특징과 맛에 대해 특징은 겉은 바삭하고 속은 촉촉하다고, 맛은 부드럽고 진하다고, 그리고 색깔은 알록달록하다고 설명했습니다."
dataset_ko_67_final,entity_simple_hard_test_project_00230:final:0,entity_simple_hard_test_project_00230,entity_simple_hard_test_project_00230,True,same_source_sibling_facts,1,4,23,20,교수님이 봄 D반 3차 AI 모델 평가의 마감과 공유 위치를 어떻게 말했어?,"봄 D반 3차 AI 모델 평가에 대해 마감은 금요일 자정 전이라고, 그리고 공유 위치는 회의록 폴더라고 설명했습니다.",True,,,,,False,False,0.9333333333333333,0.4,0.4666666666666667,0.2,True,False,2.407592600036878,5.403814900026191,,,,,question+passage,"봄 D반 3차 AI 모델 평가의 마감은 금요일 자정 전이라고, 공유 위치는 회의록 폴더라고 설명했습니다.","봄 D반 3차 AI 모델 평가 마감과 공유 위치는 공유 위치로 설정되어야 하므로 확인 기준이 정답률이라고, 2023년 5월 31일 전까지 정답률 차이가 커서 반还款이 빠른 쪽이라고, 그리고 담당자에게 반还款이 오지 않는다고 설명했다."
dataset_ko_68_final,entity_simple_hard_test_marketing_00320:final:0,entity_simple_hard_test_marketing_00320,entity_simple_hard_test_marketing_00320,True,same_source_sibling_facts,1,4,23,20,봄 C반 4차 신입생 캠페인 설명에서 대상과 보상만 알려줘.,"봄 C반 4차 신입생 캠페인에 대해 대상은 신입생이라고, 그리고 보상은 커피 쿠폰이라고 설명했습니다.",True,,,,,False,False,0.64,0.888888888888889,0.32,0.4444444444444445,True,True,2.7067699000472203,3.172757799969986,,,,,passage-only,"봄 C반 4차 신입생 캠페인 보상이란 무엇과 관련, 대상은 신입생이라고, 그리고 성과 지표는 전환율이라고 설명했습니다.","봄 C반 4차 신입생 캠페인에 대해 대상은 신입생이라고, 보상은 커피 쿠폰이라고, 그리고 성과 지표는 전환율이라고 설명했습니다."
dataset_ko_69_final,entity_simple_hard_test_os_concept_00007:final:0,entity_simple_hard_test_os_concept_00007,entity_simple_hard_test_os_concept_00007,True,same_source_sibling_facts,1,4,23,20,심화 A반 1차 큐 설명 중 역할과 장점에 해당하는 내용만 답해줘.,"심화 A반 1차 큐에 대해 역할은 작업을 순서대로 기다리게 한다고, 그리고 장점은 처리 순서를 명확하게 만든다고 설명했습니다.",True,,,,,False,False,0.6153846153846153,0.8205128205128205,0.30769230769230765,0.41025641025641024,True,True,3.8190149999572895,3.541576999996323,,,,,passage-only,"심화 A반 1차 큐에 대해 주의점은 대기 시간이 길어질 수 있다고, 역할은 작업을 순서대로 기다리게 한다고, 그리고 비유는 번호표를 뽑고 기다리는 줄이라고 설명했습니다.","심화 A반 1차 큐에 대해 역할은 작업을 순서대로 기다리게 한다고, 장점은 처리 순서를 명확하게 만든다고, 그리고 역할은 작업을 순서대로 기다리게 한다고 설명이다."
dataset_ko_70_final,entity_simple_hard_test_project_00037:final:0,entity_simple_hard_test_project_00037,entity_simple_hard_test_project_00037,True,same_source_sibling_facts,1,4,23,20,심화 D반 1차 백엔드 배포에서 마감과 공유 위치를 함께 정리해줘.,"심화 D반 1차 백엔드 배포에 대해 마감은 수요일 오후 다섯 시라고, 그리고 공유 위치는 깃허브 이슈 탭이라고 설명했습니다.",True,,,,,False,False,0.923076923076923,0.8947368421052632,0.4615384615384615,0.4473684210526316,True,True,3.5236688000150025,3.4207243000273593,,,,,tie,"심화 D반 1차 백엔드 배포에 대해 공유 위치는 깃허브 이슈 탭이라고, 담당은 백엔드 팀이라고, 그리고 마감은 수요일 오후 다섯 시라고 설명했습니다.","심화 D반 1차 백엔드 배포에 대해 담당은 백엔드 팀이라고, 마감은 수요일 오후 다섯 시라고, 공유 위치는 깃허브 이슈 탭이라고 설명했습니다."
dataset_ko_71_final,entity_simple_hard_test_statistics_00334:final:0,entity_simple_hard_test_statistics_00334,entity_simple_hard_test_statistics_00334,True,same_source_sibling_facts,1,4,23,20,교수님이 캡스톤 D반 4차 상관계수의 비유와 활용을 어떻게 말했어?,"캡스톤 D반 4차 상관계수에 대해 비유는 두 변수의 움직임을 비교하는 나침반이라고, 그리고 활용은 관계 강도를 빠르게 살필 때 쓴다고 설명했습니다.",True,,,,,False,False,0.85,0.9142857142857143,0.425,0.45714285714285713,True,True,4.24097119999351,3.6028038000222296,,,,,passage-only,"교수님이 캡스톤 D반 4차 상관계수의 비유는 두 변수의 움직임을 비교하는 나침반이라고, 활용은 관계 강도를 빠르게 살필 때 쓴다고, 그리고 의미는 선형 관계 강도라고 설명했습니다.","교수님이 캡스톤 D반 4차 상관계수의 비유는 두 변수의 움직임을 비교하는 나침반이라고, 활용은 관계 강도를 빠르게 살필 때 쓴다고 설명했습니다."
dataset_ko_72_final,entity_simple_hard_test_statistics_00239:final:0,entity_simple_hard_test_statistics_00239,entity_simple_hard_test_statistics_00239,True,same_source_sibling_facts,1,4,23,20,세미나 D반 3차 회귀분석 설명 중 비유와 활용에 해당하는 내용만 답해줘.,"세미나 D반 3차 회귀분석에 대해 비유는 흩어진 점 사이에 길을 그어 보는 일이라고, 그리고 활용은 예측 경향을 설명할 때 쓴다고 설명했습니다.",True,,,,,False,False,0.5625,0.42857142857142855,0.28125,0.21428571428571427,False,False,2.302151000010781,1.6807915000244975,,,,,question+passage,"세미나 D반 3차 회귀분석 설명에 대해 비유는 관계의 경향 설명이라고, 활용은 예측 경향 설명에 해당합니다.",세미나 D반 3차 회귀분석 설명 중 비유와 활용에 해당하는 내용만 답해줘.
dataset_ko_73_final,entity_simple_hard_test_marketing_00008:final:0,entity_simple_hard_test_marketing_00008,entity_simple_hard_test_marketing_00008,True,same_source_sibling_facts,1,4,23,20,실습 A반 1차 신입생 캠페인 설명에서 핵심 채널과 성과 지표만 알려줘.,"실습 A반 1차 신입생 캠페인에 대해 핵심 채널은 인스타그램이라고, 그리고 성과 지표는 전환율이라고 설명했습니다.",True,,,,,False,False,0.6285714285714286,0.9333333333333333,0.3142857142857143,0.4666666666666667,False,True,4.024083699972834,3.2756108999601565,,,,,passage-only,"실습 A반 1차 신입생 캠페인 성과 지표만 알려주면 핵심 채널이 될 수 있다고, 핵심 채널은 성과 지표로 보상할 수 있다고, 그리고 대상은 신입생이라고 설명했습니다.","실습 A반 1차 신입생 캠페인에 대해 핵심 채널은 인스타그램이라고, 성과 지표는 전환율이라고, 그리고 대상은 신입생이라고 설명했습니다."
dataset_ko_74_final,entity_simple_hard_test_os_concept_00127:final:0,entity_simple_hard_test_os_concept_00127,entity_simple_hard_test_os_concept_00127,True,same_source_sibling_facts,1,4,23,20,심화 C반 2차 큐 설명 중 비유와 주의점에 해당하는 내용만 답해줘.,"심화 C반 2차 큐에 대해 비유는 번호표를 뽑고 기다리는 줄이라고, 그리고 주의점은 대기 시간이 길어질 수 있다고 설명했습니다.",True,,,,,False,False,0.8717948717948718,0.8205128205128205,0.4358974358974359,0.41025641025641024,True,True,3.7247847000253387,3.791623900004197,,,,,question+passage,"심화 C반 2차 큐에 대해 비유는 번호표를 뽑고 기다리는 줄이라고, 장점은 처리 순서를 명확하게 만든다고, 그리고 주의점은 대기 시간이 길어질 수 있다고 설명했습니다.","심화 C반 2차 큐에 대해 비유는 번호표를 뽑고 기다리는 줄이라고, 주의점은 대기 시간이 길어질 수 있다고, 그리고 주의점은 대기 시간이 길어질 수 있다고 설명했다."
dataset_ko_75_final,entity_simple_hard_test_project_00302:final:0,entity_simple_hard_test_project_00302,entity_simple_hard_test_project_00302,True,same_source_sibling_facts,1,4,23,20,교수님이 가을 A반 4차 AI 모델 평가의 담당과 확인 기준을 어떻게 말했어?,"가을 A반 4차 AI 모델 평가에 대해 담당은 AI 파트라고, 그리고 확인 기준은 정답률이라고 설명했습니다.",True,,,,,False,False,0.9655172413793104,0.7567567567567568,0.4827586206896552,0.3783783783783784,True,True,2.184371799987275,3.4711363000096753,,,,,question+passage,"가을 A반 4차 AI 모델 평가에 대해 담당은 AI 파트라고, 확인 기준은 정답률이라고 설명했습니다.","교수님�이 가을 A반 4차 AI 모델 평가에 대해 담당은 AI 파트라고, 확인 기준은 정답률을 기준으로 설명했다고, 그리고 기간은 금요일 자정 전이라고 설명했습니다."
dataset_ko_76_final,entity_simple_hard_test_os_concept_00030:final:0,entity_simple_hard_test_os_concept_00030,entity_simple_hard_test_os_concept_00030,True,same_source_sibling_facts,1,4,23,20,교수님이 봄 D반 1차 캐시의 비유와 주의점을 어떻게 말했어?,"봄 D반 1차 캐시에 대해 비유는 책상 위에 올려둔 책이라고, 그리고 주의점은 오래된 정보가 남을 수 있다고 설명했습니다.",True,,,,,False,False,0.8421052631578948,0.8571428571428572,0.4210526315789474,0.4285714285714286,True,True,3.749086499970872,3.5214259999920614,,,,,tie,"봄 D반 1차 캐시에 대해 비유는 책상 위에 올려둔 책이라고, 주의점은 오래된 정보가 남을 수 있다고, 그리고 역할은 자주 쓰는 정보를 가까이 둔다고 설명했습니다.","교수님의 D반 1차 캐시는 정보를 빠르게 만드는다고, 비유는 책상 위에 올려둔 책이라고, 그리고 주의점은 오래된 정보가 남을 수 있다고 설명했습니다."
dataset_ko_77_final,entity_simple_hard_test_marketing_00393:final:0,entity_simple_hard_test_marketing_00393,entity_simple_hard_test_marketing_00393,True,same_source_sibling_facts,1,4,23,20,겨울 오후반 4차 동아리 홍보에서 핵심 채널과 성과 지표를 함께 정리해줘.,"겨울 오후반 4차 동아리 홍보에 대해 핵심 채널은 오픈채팅방이라고, 그리고 성과 지표는 참여율이라고 설명했습니다.",True,,,,,False,False,0.9032258064516129,0.8571428571428571,0.45161290322580644,0.42857142857142855,True,True,3.2342950999736786,2.74909190001199,,,,,tie,"겨울 오후반 4차 동아리 홍보에 대해 핵심 채널은 오픈채팅방이라고, 성과 지표는 참여율이라고, 그리고 대상은 동아리 회원이라고 설명했습니다.","겨울 오후반 4차 동아리 홍보에 대해 핵심 채널은 티처 채널이라고, 성과 지표는 참여율이라고 설명했습니다."
dataset_ko_78_final,entity_simple_hard_test_art_history_00233:final:0,entity_simple_hard_test_art_history_00233,entity_simple_hard_test_art_history_00233,True,same_source_sibling_facts,1,4,23,20,겨울 D반 3차 입체주의에서 비유와 비교 포인트를 함께 정리해줘.,"겨울 D반 3차 입체주의에 대해 비유는 여러 방향에서 본 사물을 한 화면에 놓는 방식이라고, 그리고 비교 포인트는 단일 원근과 다르다고 설명했습니다.",True,,,,,False,False,0.8837209302325582,0.5945945945945946,0.4418604651162791,0.2972972972972973,True,False,3.938456000003498,2.937424600007944,,,,,question+passage,"겨울 D반 3차 입체주의에 대해 비유는 여러 방향에서 본 사물을 한 화면에 놓는 방식이라고, 목적은 대상을 새롭게 해석하는 것이라고, 그리고 비교 포인트는 단일 원근과 다르다고 설명했습니다.","겨울 D반 3차 입체주의에 대해 비유는 단일 경로로而非단일으로, 정의와完全不同이라고, 그리고 비교 포인트는 성과를 초과하는 것이라고 설명했습니다."
dataset_ko_79_final,entity_simple_hard_test_os_concept_00076:final:0,entity_simple_hard_test_os_concept_00076,entity_simple_hard_test_os_concept_00076,True,same_source_sibling_facts,1,4,23,20,정규 4팀 1차 프로세스 설명에서 주의점과 비유만 알려줘.,"정규 4팀 1차 프로세스에 대해 주의점은 자원을 너무 많이 쓰면 느려질 수 있다고, 그리고 비유는 독립된 식당이라고 설명했습니다.",True,,,,,False,False,0.7619047619047621,0.7999999999999999,0.38095238095238104,0.39999999999999997,True,True,4.209379500010982,4.035275499976706,,,,,tie,"정규 4팀 1차 프로세스 설명에 대해 비유는 독립된 실행 공간을 가진다고, 장점은 서로 영향을 줄이는 데 도움이 된다고, 그리고 주의점은 자원을 너무 많이 쓰면 느려질 수 있다고 설명했습니다.","정규 4팀 1차 프로세스에 대해 주의점은 자원을 너무 많이 쓰면 느려질 수 있다고, 비유는 먹을 때 맥을 빼먹는다고, 그리고 역할은 독립된 실행 공간을 가진다고 설명했습니다."
dataset_ko_80_final,entity_simple_hard_test_art_history_00328:final:0,entity_simple_hard_test_art_history_00328,entity_simple_hard_test_art_history_00328,True,same_source_sibling_facts,1,4,23,20,실습 C반 4차 바로크 설명에서 비유와 비교 포인트만 알려줘.,"실습 C반 4차 바로크에 대해 비유는 무대 조명이 한 장면을 강조하는 방식이라고, 그리고 비교 포인트는 평면적 구도와 구분된다고 설명했습니다.",True,,,,,False,False,0.6666666666666666,0.7692307692307692,0.3333333333333333,0.3846153846153846,True,True,3.6517331000068225,3.9033593999920413,,,,,passage-only,"실습 C반 4차 바로크 설명에 대해 비유는 평면적 구도와 구분된다고, 목적은 감정을 강하게 전달하는 것이라고, 그리고 비교 포인트는 평면적 구도와 구분된다고 설명했습니다.","실습 C반 4차 바로크에 대해 비유는 무대 조명이 한 장면을 강조하는 방식이라고, 비유적 구도가_continuous_transition이라고, 그리고 비교 포인트는 차분한 집중과 구분된 강조가-overlap이라고 설명했습니다."
dataset_ko_81_final,entity_simple_hard_test_statistics_00309:final:0,entity_simple_hard_test_statistics_00309,entity_simple_hard_test_statistics_00309,True,same_source_sibling_facts,1,4,23,20,세미나 A반 4차 신뢰구간에서 의미와 주의점을 함께 정리해줘.,"세미나 A반 4차 신뢰구간에 대해 의미는 모수 추정 범위라고, 그리고 주의점은 정답 하나를 보장하지 않는다고 설명했습니다.",True,,,,,False,False,0.8648648648648648,0.7027027027027026,0.4324324324324324,0.3513513513513513,True,True,3.5526357000344433,3.2955167000181973,,,,,question+passage,"세미나 A반 4차 신뢰구간에 대해 주의점은 정답 하나를 보장하지 않는다고, 활용은 추정의 불확실성을 설명할 때 쓴다고, 그리고 의미는 모수 추정 범위라고 설명했습니다.","세미나 A반 4차 신뢰구간에 대해 의미는 모수 추정 범위라고, 주의점은 정답이 있을 때 내기帮助给予了保证라고, 그리고 추가 정보는 classical inference의 확장이라고 설명했습니다."
dataset_ko_82_final,entity_simple_hard_test_marketing_00179:final:0,entity_simple_hard_test_marketing_00179,entity_simple_hard_test_marketing_00179,True,same_source_sibling_facts,1,4,23,20,세미나 4팀 2차 멘토링 이벤트 설명 중 보상과 대상에 해당하는 내용만 답해줘.,"세미나 4팀 2차 멘토링 이벤트에 대해 보상은 포인트 500점이라고, 그리고 대상은 멘토링 참여 학생이라고 설명했습니다.",True,,,,,False,False,0.9090909090909091,0.8823529411764706,0.45454545454545453,0.4411764705882353,True,True,3.6400646999827586,4.026388900005259,,,,,tie,"세미나 4팀 2차 멘토링 이벤트 설명에 대해 보상은 포인트 500점이라고, 대상은 멘토링 참여 학생이라고, 그리고 성과 지표는 재방문율이라고 설명했습니다.","세미나 4팀 2차 멘토링 이벤트에 대해 보상은 포인트 500점이라고, 핵심 채널은 이메일 뉴스레터라고, 그리고 대상은 멘토링 참여 학생이라고 설명했습니다."
dataset_ko_83_final,entity_simple_hard_test_statistics_00068:final:0,entity_simple_hard_test_statistics_00068,entity_simple_hard_test_statistics_00068,True,same_source_sibling_facts,1,4,23,20,실습 3팀 1차 표본분산 설명에서 주의점과 의미만 알려줘.,"실습 3팀 1차 표본분산에 대해 주의점은 순위 정렬과 다르다고, 그리고 의미는 흩어짐 측정이라고 설명했습니다.",True,,,,,False,False,0.8235294117647058,0.5454545454545454,0.4117647058823529,0.2727272727272727,True,False,3.7308987000142224,1.5681665999582037,,,,,question+passage,"실습 3팀 1차 표본분산 설명에 대해 주의점은 순위 정렬과 다르다고, 의미는 흩어짐 측정이라고, 그리고 비유는 점들이 얼마나 퍼졌는지 보는 자라고 설명했습니다.",실습 3팀 1차 표본분산 설명에서 주의점과 의미만 알려 줄겠습니다.
dataset_ko_84_final,entity_simple_hard_test_project_00279:final:0,entity_simple_hard_test_project_00279,entity_simple_hard_test_project_00279,True,same_source_sibling_facts,1,4,23,20,세미나 4팀 3차 프론트엔드 점검 설명 중 공유 위치와 마감에 해당하는 내용만 답해줘.,"세미나 4팀 3차 프론트엔드 점검에 대해 공유 위치는 프로젝트 슬랙 채널이라고, 그리고 마감은 다음 달 첫째 주 화요일이라고 설명했습니다.",True,,,,,False,False,0.4347826086956522,0.6829268292682927,0.2173913043478261,0.34146341463414637,False,True,1.2857057000510395,4.193381700024474,,,,,passage-only,세미나 4팀 3차 프론트엔드 점검 설명입니다.,"세미나 4팀 3차 프론트엔드 점검에 대해 공유 위치는 노트북 공유을 기준으로 설정된 곳이라고, 마감은 다음 달 첫째 주 화요일이라고, 그리고 확인 기준은 사용자 차단 여부라고 설명했습니다."
dataset_ko_85_final,entity_simple_hard_test_dessert_00243:final:0,entity_simple_hard_test_dessert_00243,entity_simple_hard_test_dessert_00243,True,same_source_sibling_facts,1,4,23,20,겨울 1팀 3차 브라우니 설명 중 비유와 색깔에 해당하는 내용만 답해줘.,"겨울 1팀 3차 브라우니에 대해 비유는 초콜렛을 압축한 케이크라고, 그리고 색깔은 진한 갈색이라고 설명했습니다.",True,,,,,False,False,0.8750000000000001,0.9032258064516129,0.43750000000000006,0.45161290322580644,True,True,3.856783800001722,3.7353801000281237,,,,,tie,"겨울 1팀 3차 브라우니에 대해 비유는 초콜렛을 압축한 케이크라고, 색깔은 진한 갈색이라고, 그리고 특징은 속이 촉촉하게 남는다고 설명했습니다.","겨울 1팀 3차 브라우니에 대해 비유는 초콜렛을 압축한 케이크라고, 색깔은 진한 갈색이라고, 그리고 맛은 묵직하게 달콤하다고 설명했습니다."
dataset_ko_86_final,entity_simple_hard_test_os_concept_00126:final:0,entity_simple_hard_test_os_concept_00126,entity_simple_hard_test_os_concept_00126,True,same_source_sibling_facts,1,4,23,20,교수님이 정규 C반 2차 캐시의 비유와 주의점을 어떻게 말했어?,"정규 C반 2차 캐시에 대해 비유는 책상 위에 올려둔 책이라고, 그리고 주의점은 오래된 정보가 남을 수 있다고 설명했습니다.",True,,,,,False,False,0.8292682926829268,0.7222222222222222,0.4146341463414634,0.3611111111111111,True,True,4.079799099999946,3.408767400018405,,,,,question+passage,"교수님이 정규 C반 2차 캐시에 대해 비유는 책상 위에 올려둔 책이라고, 주의점은 오래된 정보가 남을 수 있다고, 그리고 역할은 자주 쓰는 정보를 가까이 둔다고 설명했습니다.","교수님의 C반 2차 캐시는 메모리에 정보가 남을 수 있다고, 비유는 책상 위에临时저장고라고, 그리고 주의점은 오래된 정보가 남을 수 있다고 설명했습니다."
dataset_ko_87_final,entity_simple_hard_test_dessert_00122:final:0,entity_simple_hard_test_dessert_00122,entity_simple_hard_test_dessert_00122,True,same_source_sibling_facts,1,4,23,20,교수님이 가을 C반 2차 마카롱의 맛과 특징을 어떻게 말했어?,"가을 C반 2차 마카롱에 대해 맛은 부드럽고 진하다고, 그리고 특징은 겉은 바삭하고 속은 촉촉하다고 설명했습니다.",True,,,,,False,False,0.8000000000000002,0.48,0.4000000000000001,0.24,True,False,3.2549932000110857,1.9273245999938808,,,,,question+passage,"교수님이 가을 C반의 맛은 부드럽고 진하다고, 특징은 겉은 바삭하고 속은 촉촉하다고, 그리고 색깔은 알록달록하다고 설명했습니다.",교수님이 가을 C반 2차 마카롱의 맛과 특징을 진하게 달콤하다고 설명했습니다.
dataset_ko_88_final,entity_simple_hard_test_marketing_00011:final:0,entity_simple_hard_test_marketing_00011,entity_simple_hard_test_marketing_00011,True,same_source_sibling_facts,1,4,23,20,여름 B반 1차 멘토링 이벤트 설명 중 핵심 채널과 성과 지표에 해당하는 내용만 답해줘.,"여름 B반 1차 멘토링 이벤트에 대해 핵심 채널은 이메일 뉴스레터라고, 그리고 성과 지표는 재방문율이라고 설명했습니다.",True,,,,,False,False,0.4444444444444444,0.9375,0.2222222222222222,0.46875,False,True,6.759565200016368,3.4722287000040524,,,,,passage-only,"여름 B반 1차 멘토링 이벤트 설명에 대해 핵심 채널이 overlap 하면 성과 지표는 다른 방향으로 가는가 보는 거라고, 그리고 핵심 채널은 다른 방향에 대해 서비스가 가능하다고, 그리고 보상은 포인트 500점이라고, 그리고 채널은 멘토링 가는 방향이라고, 그리고 보상은 포인트 500점이라고 설명했습니다.","여름 B반 1차 멘토링 이벤트에 대해 핵심 채널은 이메일 뉴스레터라고, 성과 지표는 재방문율이라고, 그리고 차선 관리체제라고 설명했습니다."
dataset_ko_89_final,entity_simple_hard_test_project_00228:final:0,entity_simple_hard_test_project_00228,entity_simple_hard_test_project_00228,True,same_source_sibling_facts,1,4,23,20,실습 C반 3차 최종 발표 설명에서 마감과 공유 위치만 알려줘.,"실습 C반 3차 최종 발표에 대해 마감은 다음 주 월요일 밤이라고, 그리고 공유 위치는 팀 노션 페이지라고 설명했습니다.",True,,,,,False,False,0.8823529411764706,0.967741935483871,0.4411764705882353,0.4838709677419355,True,True,2.7836029999889433,2.4248546000453644,,,,,passage-only,"실습 C반 3차 최종 발표에 대해 마감과 공유 위치를 공유 위치는 팀 노션 페이지라고, 마감은 다음 주 월요일 밤이라고 설명했습니다.","실습 C반 3차 최종 발표 설명에 대해 마감은 다음 주 월요일 밤이라고, 공유 위치는 팀 노션 페이지라고 설명했습니다."
dataset_ko_90_final,entity_simple_hard_test_dessert_00120:final:0,entity_simple_hard_test_dessert_00120,entity_simple_hard_test_dessert_00120,True,same_source_sibling_facts,1,4,23,20,봄 C반 2차 초콜렛 설명에서 맛과 특징만 알려줘.,"봄 C반 2차 초콜렛에 대해 맛은 달콤하다고, 그리고 특징은 입안에서 천천히 녹는다고 설명했습니다.",True,,,,,False,False,0.923076923076923,0.8571428571428571,0.4615384615384615,0.42857142857142855,True,True,2.9625319000333548,3.014699199993629,,,,,question+passage,"봄 C반 2차 초콜렛 설명에 대해 맛은 달콤하다고, 특징은 입안에서 천천히 녹는다고, 그리고 맛은 달콤하다고 설명했습니다.","봄 C반 2차 초콜렛 설명에 대해 맛은 달콤하다고, 특징은 입안에서 천천히 녹는다고, 그리고 비유는 작은 선물 상자라고 설명했습니다."
dataset_ko_91_final,entity_simple_hard_test_marketing_00131:final:0,entity_simple_hard_test_marketing_00131,entity_simple_hard_test_marketing_00131,True,same_source_sibling_facts,1,4,23,20,여름 D반 2차 멘토링 이벤트 설명 중 대상과 보상에 해당하는 내용만 답해줘.,"여름 D반 2차 멘토링 이벤트에 대해 대상은 멘토링 참여 학생이라고, 그리고 보상은 포인트 500점이라고 설명했습니다.",True,,,,,False,False,0.8823529411764706,0.6486486486486486,0.4411764705882353,0.3243243243243243,True,True,3.949682699982077,4.5071706000017,,,,,question+passage,"여름 D반 2차 멘토링 이벤트에 대해 대상은 멘토링 참여 학생이라고, 보상은 포인트 500점이라고, 그리고 핵심 채널은 이메일 뉴스레터라고 설명했습니다.","여름 D반 2차 멘토링 이벤트에 대해 대상은 신청자, 성과 지표는 재방문율, 보상은 포인트 500점이라고, 핵심 채널은 이메일 뉴스레터라고, 그리고 거래 내역이라고 설명했습니다."
dataset_ko_92_final,entity_simple_hard_test_art_history_00067:final:0,entity_simple_hard_test_art_history_00067,entity_simple_hard_test_art_history_00067,True,same_source_sibling_facts,1,4,23,20,심화 3팀 1차 르네상스 설명 중 목적과 핵심 특징에 해당하는 내용만 답해줘.,"심화 3팀 1차 르네상스에 대해 목적은 사람의 가치를 드러내는 것이라고, 그리고 핵심 특징은 인문주의라고 설명했습니다.",True,,,,,False,False,0.8108108108108109,0.5882352941176471,0.40540540540540543,0.29411764705882354,True,False,3.850933799985796,3.151301699981559,,,,,question+passage,"심화 3팀 1차 르네상스에 대해 핵심 특징은 인문주의라고, 비유는 사람을 화면 중앙에 다시 세우는 방식이라고, 그리고 목적은 사람의 가치를 드러내는 것이라고 설명했습니다.","심화 3팀 1차 르네상스에 대해 목적과 핵심 특징은 강조하는 내용이라고, 비교 포인트는 대상과 같다고, 그리고 사용 목적은 교육이라고 설명했습니다."
dataset_ko_93_final,entity_simple_hard_test_project_00207:final:0,entity_simple_hard_test_project_00207,entity_simple_hard_test_project_00207,True,same_source_sibling_facts,1,4,23,20,심화 A반 3차 프론트엔드 점검 설명 중 담당과 확인 기준에 해당하는 내용만 답해줘.,"심화 A반 3차 프론트엔드 점검에 대해 담당은 프론트엔드 파트라고, 그리고 확인 기준은 사용자 차단 여부라고 설명했습니다.",True,,,,,False,False,0.888888888888889,0.7222222222222223,0.4444444444444445,0.36111111111111116,True,True,3.9107816999894567,4.055829000019003,,,,,question+passage,"심화 A반 3차 프론트엔드 점검 설명에 대해 확인 기준은 사용자 차단 여부라고, 담당과 설명은 프론트엔드 파트라고, 그리고 마감은 다음 달 첫째 주 화요일이라고 설명했습니다.","심화 A반 3차 프론트엔드 점검 중 확인 기준에 대해 담당은 프론트엔드 파트라고, 마감은 다음 달 첫째 주 화요일이라고, 그리고 담당은 프론트엔드 파트라고 설명했습니다."
dataset_ko_94_final,entity_simple_hard_test_statistics_00260:final:0,entity_simple_hard_test_statistics_00260,entity_simple_hard_test_statistics_00260,True,same_source_sibling_facts,1,4,23,20,봄 3팀 3차 표본분산 설명에서 주의점과 의미만 알려줘.,"봄 3팀 3차 표본분산에 대해 주의점은 순위 정렬과 다르다고, 그리고 의미는 흩어짐 측정이라고 설명했습니다.",True,,,,,False,False,0.8125000000000001,0.8571428571428571,0.40625000000000006,0.42857142857142855,True,True,3.6248789000092074,3.124508099979721,,,,,tie,"봄 3팀 3차 표본분산에 대해 주의점은 순위 정렬과 다르다고, 의미는 흩어짐 측정이라고, 그리고 비유는 점들이 얼마나 퍼졌는지 보는 자라고 설명했습니다.","봄 3팀 3차 표본분산 설명에 대해 주의점은 순위 정렬과 다르다고, 의미는 흩어짐 측정이라고, summary 설명은 단순화된 방법이라고 설명했습니다."
dataset_ko_95_final,entity_simple_hard_test_project_00301:final:0,entity_simple_hard_test_project_00301,entity_simple_hard_test_project_00301,True,same_source_sibling_facts,1,4,23,20,여름 A반 4차 백엔드 배포에서 담당과 확인 기준을 함께 정리해줘.,"여름 A반 4차 백엔드 배포에 대해 담당은 백엔드 팀이라고, 그리고 확인 기준은 오류 발생률이라고 설명했습니다.",True,,,,,False,False,0.7428571428571429,0.7777777777777778,0.37142857142857144,0.3888888888888889,True,True,3.218875400023535,3.6094007000210695,,,,,tie,"여름 A반 4차 백엔드 배포에 대해 확인 기준을 다음과 몇 칸이라고, 담당은 백엔드 팀이라고, 그리고 마감은 수요일 오후 다섯 시라고 설명했습니다.","여름 A반 4차 백엔드 배포에 대해 담당은 백엔드 팀이라고, 확인 기준은 오류 종류가 승인자 변경이라고, 그리고 배포는 수주 후속 과정이라고 설명했습니다."
dataset_ko_96_final,entity_simple_hard_test_dessert_00000:final:0,entity_simple_hard_test_dessert_00000,entity_simple_hard_test_dessert_00000,True,same_source_sibling_facts,1,4,23,20,봄 A반 1차 초콜렛 설명에서 색깔과 비유만 알려줘.,"봄 A반 1차 초콜렛에 대해 색깔은 검정색이라고, 그리고 비유는 작은 선물 상자라고 설명했습니다.",True,,,,,False,False,0.8571428571428571,0.75,0.42857142857142855,0.375,True,True,3.0062532000010833,2.557617299957201,,,,,question+passage,"봄 A반 1차 초콜렛 설명에 대해 색깔은 검정색이라고, 비유는 작은 선물 상자라고, 그리고 특징은 입안에서 천천히 녹는다고 설명했습니다.","봄 A반 1차 초콜렛 설명에 대해 색깔은 검정색이라고, 비유는 상품인이라고, 그리고 맛은 달콤하다고 설명했습니다."
dataset_ko_97_final,entity_simple_hard_test_dessert_00291:final:0,entity_simple_hard_test_dessert_00291,entity_simple_hard_test_dessert_00291,True,same_source_sibling_facts,1,4,23,20,여름 오후반 3차 브라우니 설명 중 색깔과 비유에 해당하는 내용만 답해줘.,"여름 오후반 3차 브라우니에 대해 색깔은 진한 갈색이라고, 그리고 비유는 초콜렛을 압축한 케이크라고 설명했습니다.",True,,,,,False,False,0.8750000000000001,0.9032258064516129,0.43750000000000006,0.45161290322580644,True,True,3.764284399978351,3.716440899996087,,,,,tie,"여름 오후반 3차 브라우니에 대해 색깔은 진한 갈색이라고, 비유는 초콜렛을 압축한 케이크라고, 그리고 특징은 속이 촉촉하게 남는다고 설명했습니다.","여름 오후반 3차 브라우니에 대해 색깔은 진한 갈색이라고, 비유는 초콜렛을 압축한 케이크라고, 그리고 맛은 묵직하게 달콤하다고 설명했습니다."
dataset_ko_98_final,entity_simple_hard_test_dessert_00121:final:0,entity_simple_hard_test_dessert_00121,entity_simple_hard_test_dessert_00121,True,same_source_sibling_facts,1,4,23,20,여름 C반 2차 솜사탕에서 맛과 특징을 함께 정리해줘.,"여름 C반 2차 솜사탕에 대해 맛은 가볍게 달콤하다고, 그리고 특징은 입에 닿으면 빠르게 사라진다고 설명했습니다.",True,,,,,False,False,0.9375,0.9375,0.46875,0.46875,True,True,3.393992400029674,3.3182124000159092,,,,,tie,"여름 C반 2차 솜사탕에 대해 맛은 가볍게 달콤하다고, 특징은 입에 닿으면 빠르게 사라진다고, 그리고 색깔은 분홍색이라고 설명했습니다.","여름 C반 2차 솜사탕에 대해 맛은 가볍게 달콤하다고, 특징은 입에 닿으면 빠르게 사라진다고, 그리고 색깔은 분홍색이라고 설명했습니다."
dataset_ko_99_final,entity_simple_hard_test_os_concept_00175:final:0,entity_simple_hard_test_os_concept_00175,entity_simple_hard_test_os_concept_00175,True,same_source_sibling_facts,1,4,23,20,파일럿 4팀 2차 큐 설명 중 주의점과 비유에 해당하는 내용만 답해줘.,"파일럿 4팀 2차 큐에 대해 주의점은 대기 시간이 길어질 수 있다고, 그리고 비유는 번호표를 뽑고 기다리는 줄이라고 설명했습니다.",True,,,,,False,False,0.8717948717948718,0.8717948717948718,0.4358974358974359,0.4358974358974359,True,True,3.83778549998533,3.9289459999999963,,,,,tie,"파일럿 4팀 2차 큐에 대해 비유는 번호표를 뽑고 기다리는 줄이라고, 장점은 처리 순서를 명확하게 만든다고, 그리고 주의점은 대기 시간이 길어질 수 있다고 설명했습니다.","파일럿 4팀 2차 큐에 대해 주의점은 대기 시간이 길어질 수 있다고, 비유는 번호표를 뽑고 기다리는 줄이라고, 그리고 역할은 작업을 순서대로 기다리게 한다고 설명했습니다."
dataset_ko_100_final,entity_simple_hard_test_statistics_00356:final:0,entity_simple_hard_test_statistics_00356,entity_simple_hard_test_statistics_00356,True,same_source_sibling_facts,1,4,23,20,정규 2팀 4차 표본분산 설명에서 주의점과 의미만 알려줘.,"정규 2팀 4차 표본분산에 대해 주의점은 순위 정렬과 다르다고, 그리고 의미는 흩어짐 측정이라고 설명했습니다.",True,,,,,False,False,0.8235294117647058,0.962962962962963,0.4117647058823529,0.4814814814814815,True,True,3.66424819995882,2.581356099981349,,,,,passage-only,"정규 2팀 4차 표본분산에 대해 주의점은 순위 정렬과 다르다고, 의미는 흩어짐 측정이라고, 그리고 비유는 점들이 얼마나 퍼졌는지 보는 자라고 설명했습니다.","정규 2팀 4차 표본분산 설명에 대해 주의점은 순위 정렬과 다르다고, 의미는 흩어짐 측정이라고 설명했습니다."
dataset_ko_101_final,entity_simple_hard_test_statistics_00332:final:0,entity_simple_hard_test_statistics_00332,entity_simple_hard_test_statistics_00332,True,same_source_sibling_facts,1,4,23,20,가을 D반 4차 표본분산 설명에서 비유와 활용만 알려줘.,"가을 D반 4차 표본분산에 대해 비유는 점들이 얼마나 퍼졌는지 보는 자라고, 그리고 활용은 데이터 변동성을 볼 때 쓴다고 설명했습니다.",True,,,,,False,False,0.8947368421052632,0.7647058823529412,0.4473684210526316,0.3823529411764706,True,True,3.6898142999853007,3.009276899974793,,,,,question+passage,"가을 D반 4차 표본분산에 대해 비유는 점들이 얼마나 퍼졌는지 보는 자라고, 활용은 데이터 변동성을 볼 때 쓴다고, 그리고 주의점은 순위 정렬과 다르다고 설명했습니다.","가을 D반 4차 표본분산 설명에 대해 비유는 점들이 얼마나 퍼졌는지 보는 자라고, 활용은 데이터 정규화로 변환하는지 보는지로 설명합니다."
dataset_ko_102_final,entity_simple_hard_test_marketing_00200:final:0,entity_simple_hard_test_marketing_00200,entity_simple_hard_test_marketing_00200,True,same_source_sibling_facts,1,4,23,20,봄 A반 3차 신입생 캠페인 설명에서 핵심 채널과 성과 지표만 알려줘.,"봄 A반 3차 신입생 캠페인에 대해 핵심 채널은 인스타그램이라고, 그리고 성과 지표는 전환율이라고 설명했습니다.",True,,,,,False,False,0.7500000000000001,0.9285714285714286,0.37500000000000006,0.4642857142857143,True,True,2.450881799974013,3.201542700000573,,,,,passage-only,"봄 A반 3차 신입생 캠페인의 핵심 채널이고 성과 지표는 전환율이라고, respectively로 설명했습니다.","봄 A반 3차 신입생 캠페인에 대해 핵심 채널은 인스타그램이라고, 성과 지표는 전환율이라고, 그리고 대상은 신입생이라고 설명했습니다."
dataset_ko_103_final,entity_simple_hard_test_os_concept_00004:final:0,entity_simple_hard_test_os_concept_00004,entity_simple_hard_test_os_concept_00004,True,same_source_sibling_facts,1,4,23,20,캡스톤 A반 1차 프로세스 설명에서 역할과 장점만 알려줘.,"캡스톤 A반 1차 프로세스에 대해 역할은 독립된 실행 공간을 가진다고, 그리고 장점은 서로 영향을 줄이는 데 도움이 된다고 설명했습니다.",True,,,,,False,False,0.923076923076923,0.923076923076923,0.4615384615384615,0.4615384615384615,True,True,3.7865415000123903,3.7071706000133418,,,,,tie,"캡스톤 A반 1차 프로세스 설명에 대해 장점은 서로 영향을 줄이는 데 도움이 된다고, 역할은 독립된 실행 공간을 가진다고, 그리고 비유는 독립된 식당이라고 설명했습니다.","캡스톤 A반 1차 프로세스에 대해 역할은 독립된 실행 공간을 가진다고, 장점은 서로 영향을 줄이는 데 도움이 된다고, 그리고 비유는 독립된 식당이라고 설명했습니다."
dataset_ko_104_final,entity_simple_hard_test_os_concept_00079:final:0,entity_simple_hard_test_os_concept_00079,entity_simple_hard_test_os_concept_00079,True,same_source_sibling_facts,1,4,23,20,세미나 4팀 1차 큐 설명 중 주의점과 비유에 해당하는 내용만 답해줘.,"세미나 4팀 1차 큐에 대해 주의점은 대기 시간이 길어질 수 있다고, 그리고 비유는 번호표를 뽑고 기다리는 줄이라고 설명했습니다.",True,,,,,False,False,0.8717948717948718,0.8717948717948718,0.4358974358974359,0.4358974358974359,True,True,3.8599991999799386,3.912910000013653,,,,,tie,"세미나 4팀 1차 큐에 대해 비유는 번호표를 뽑고 기다리는 줄이라고, 장점은 처리 순서를 명확하게 만든다고, 그리고 주의점은 대기 시간이 길어질 수 있다고 설명했습니다.","세미나 4팀 1차 큐에 대해 주의점은 대기 시간이 길어질 수 있다고, 비유는 번호표를 뽑고 기다리는 줄이라고, 그리고 역할은 작업을 순서대로 기다리게 한다고 설명했습니다."
dataset_ko_105_final,entity_simple_hard_test_os_concept_00292:final:0,entity_simple_hard_test_os_concept_00292,entity_simple_hard_test_os_concept_00292,True,same_source_sibling_facts,1,4,23,20,가을 오후반 3차 프로세스 설명에서 역할과 장점만 알려줘.,"가을 오후반 3차 프로세스에 대해 역할은 독립된 실행 공간을 가진다고, 그리고 장점은 서로 영향을 줄이는 데 도움이 된다고 설명했습니다.",True,,,,,False,False,0.8372093023255813,0.923076923076923,0.41860465116279066,0.4615384615384615,True,True,4.212248100026045,3.733269099961035,,,,,passage-only,"가을 오후반 3차 프로세스 설명에 대해 주의점은 자원을 너무 많이 쓰면 느려질 수 있다고, 역할은 독립된 실행 공간을 가진다고, 그리고 장점은 서로 영향을 줄이는 데 도움이 된다고 설명했습니다.","가을 오후반 3차 프로세스에 대해 역할은 독립된 실행 공간을 가진다고, 장점은 서로 영향을 줄이는 데 도움이 된다고, 그리고 비유는 독립된 식당이라고 설명했습니다."
dataset_ko_106_final,entity_simple_hard_test_dessert_00002:final:0,entity_simple_hard_test_dessert_00002,entity_simple_hard_test_dessert_00002,True,same_source_sibling_facts,1,4,23,20,교수님이 가을 A반 1차 마카롱의 색깔과 비유를 어떻게 말했어?,"가을 A반 1차 마카롱에 대해 색깔은 알록달록하다고, 그리고 비유는 작은 보석 상자라고 설명했습니다.",True,,,,,False,False,0.7333333333333334,0.6666666666666666,0.3666666666666667,0.3333333333333333,True,True,3.240138900000602,2.903718299989123,,,,,question+passage,"교수님이 가을 A반에 대해 색깔은 알록달록하다고, 비유는 작은 보석 상자라고, 그리고 특징은 겉은 바삭하고 속은 촉촉하다고 설명했습니다.","교수님이 가을 A반 1차 마카롱의 색깔을 진하다고, 비유를 상을 빗대고, 그리고 색깔을 알록달록하다고 설명했습니다."
dataset_ko_107_final,entity_simple_hard_test_dessert_00217:final:0,entity_simple_hard_test_dessert_00217,entity_simple_hard_test_dessert_00217,True,same_source_sibling_facts,1,4,23,20,심화 B반 3차 솜사탕에서 맛과 특징을 함께 정리해줘.,"심화 B반 3차 솜사탕에 대해 맛은 가볍게 달콤하다고, 그리고 특징은 입에 닿으면 빠르게 사라진다고 설명했습니다.",True,,,,,False,False,0.9375,0.9375,0.46875,0.46875,True,True,3.381780499999877,3.3564190000179224,,,,,tie,"심화 B반 3차 솜사탕에 대해 맛은 가볍게 달콤하다고, 특징은 입에 닿으면 빠르게 사라진다고, 그리고 색깔은 분홍색이라고 설명했습니다.","심화 B반 3차 솜사탕에 대해 맛은 가볍게 달콤하다고, 특징은 입에 닿으면 빠르게 사라진다고, 그리고 색깔은 분홍색이라고 설명했습니다."
dataset_ko_108_final,entity_simple_hard_test_marketing_00227:final:0,entity_simple_hard_test_marketing_00227,entity_simple_hard_test_marketing_00227,True,same_source_sibling_facts,1,4,23,20,심화 C반 3차 멘토링 이벤트 설명 중 대상과 보상에 해당하는 내용만 답해줘.,"심화 C반 3차 멘토링 이벤트에 대해 대상은 멘토링 참여 학생이라고, 그리고 보상은 포인트 500점이라고 설명했습니다.",True,,,,,False,False,0.8823529411764706,0.8125,0.4411764705882353,0.40625,True,True,3.9030387999955565,3.2635880999732763,,,,,question+passage,"심화 C반 3차 멘토링 이벤트에 대해 대상은 멘토링 참여 학생이라고, 보상은 포인트 500점이라고, 그리고 핵심 채널은 이메일 뉴스레터라고 설명했습니다.","심화 C반 3차 멘토링 이벤트에 대해 대상은 신청 학생이라고, 보상은 포인트 500점이라고, 그리고 성과 지표는 재방문율이라고 설명했습니다."
dataset_ko_109_final,entity_simple_hard_test_os_concept_00342:final:0,entity_simple_hard_test_os_concept_00342,entity_simple_hard_test_os_concept_00342,True,same_source_sibling_facts,1,4,23,20,교수님이 가을 1팀 4차 캐시의 장점과 역할을 어떻게 말했어?,"가을 1팀 4차 캐시에 대해 장점은 반복 접근을 빠르게 만든다고, 그리고 역할은 자주 쓰는 정보를 가까이 둔다고 설명했습니다.",True,,,,,False,False,0.8571428571428571,0.8571428571428571,0.42857142857142855,0.42857142857142855,True,True,4.187613800051622,4.258149500004947,,,,,tie,"professor의 가을 1팀 4차 캐시에 대해 장점은 반복 접근을 빠르게 만든다고, 역할은 자주 쓰는 정보를 가까이 둔다고, 그리고 비유는 책상 위에 올려둔 책이라고 설명했습니다.","교수님의 가을 1팀 4차 캐시에 대해 장점은 반복 접근을 빠르게 만든다고, 역할은 자주 쓰는 정보를 가까이 둔다고, 그리고 비유는 책상 위에 올려둔 책이라고 설명했습니다."
dataset_ko_110_final,entity_simple_hard_test_dessert_00385:final:0,entity_simple_hard_test_dessert_00385,entity_simple_hard_test_dessert_00385,True,same_source_sibling_facts,1,4,23,20,파일럿 오전반 4차 솜사탕에서 색깔과 비유를 함께 정리해줘.,"파일럿 오전반 4차 솜사탕에 대해 색깔은 분홍색이라고, 그리고 비유는 구름 같은 간식이라고 설명했습니다.",True,,,,,False,False,0.7647058823529412,0.9600000000000001,0.3823529411764706,0.48000000000000004,True,True,4.0099580000387505,2.29282760003116,,,,,passage-only,"파일럿 오전반 4차 솜사탕에 대해 색깔은 분홍색이라고, 비유는 구름 같은 간식이라고, 그리고 특징은 입에 닿으면 빠르게 사라진다고, 그리고 색깔은 분홍색이라고 설명했습니다.","파일럿 오전반 4차 솜사탕에 대해 색깔은 분홍색이라고, 비유는 구름 같은 간식이라고 설명했습니다."
dataset_ko_111_final,entity_simple_hard_test_dessert_00289:final:0,entity_simple_hard_test_dessert_00289,entity_simple_hard_test_dessert_00289,True,same_source_sibling_facts,1,4,23,20,세미나 오전반 3차 솜사탕에서 색깔과 비유를 함께 정리해줘.,"세미나 오전반 3차 솜사탕에 대해 색깔은 분홍색이라고, 그리고 비유는 구름 같은 간식이라고 설명했습니다.",True,,,,,False,False,0.8387096774193548,0.8799999999999999,0.4193548387096774,0.43999999999999995,True,True,3.4460401000105776,2.2839502000133507,,,,,tie,"세미나 오전반 3차 솜사탕에 대해 색깔은 분홍색이라고, 비유는 구름 같은 간식이라고, 그리고 특징은 입에 닿으면 빠르게 사라진다고 설명했습니다.","세미나 오전반 3차 솜사탕에 대해 색깔은 분홍색이라고, 비유는 구름 같은 궁합이라고 설명했습니다."
dataset_ko_112_final,entity_simple_hard_test_statistics_00142:final:0,entity_simple_hard_test_statistics_00142,entity_simple_hard_test_statistics_00142,True,same_source_sibling_facts,1,4,23,20,교수님이 가을 1팀 2차 상관계수의 비유와 활용을 어떻게 말했어?,"가을 1팀 2차 상관계수에 대해 비유는 두 변수의 움직임을 비교하는 나침반이라고, 그리고 활용은 관계 강도를 빠르게 살필 때 쓴다고 설명했습니다.",True,,,,,False,False,0.8292682926829269,0.761904761904762,0.41463414634146345,0.380952380952381,True,True,4.564446899981704,4.712596900004428,,,,,question+passage,"교수님이 가을 1팀 2차 상관계수의 비유는 두 변수의 움직임을 비교하는 나침반이라고, 주의점은 원인 증명을 뜻하지 않는다고, 그리고 활용은 관계 강도를 빠르게 살필 때 쓴다고 설명했습니다.","professor님의 가을 1팀 2차 상관계수의 비유는 두 변수의 움직임을 비교하는 도구라고, 활용은 관계 강도를 빠르게 살필 때 쓴다고, 그리고 비유는 두 물품의 움직임을 설명처럼 생략된 관계를 설명한다고 설명했습니다."
dataset_ko_113_final,entity_simple_hard_test_dessert_00096:final:0,entity_simple_hard_test_dessert_00096,entity_simple_hard_test_dessert_00096,True,same_source_sibling_facts,1,4,23,20,정규 오후반 1차 초콜렛 설명에서 색깔과 비유만 알려줘.,"정규 오후반 1차 초콜렛에 대해 색깔은 검정색이라고, 그리고 비유는 작은 선물 상자라고 설명했습니다.",True,,,,,False,False,0.8666666666666666,0.9600000000000001,0.4333333333333333,0.48000000000000004,True,True,3.1167662999941967,2.1144173000357114,,,,,passage-only,"정규 오후반 1차 초콜렛 설명에 대해 색깔은 검정색이라고, 비유는 작은 선물 상자라고, 그리고 특징은 입안에서 천천히 녹는다고 설명했습니다.","정규 오후반 1차 초콜렛에 대해 색깔은 검정색이라고, 비유는 작은 선물 상자라고 설명했습니다."
dataset_ko_114_final,entity_simple_hard_test_art_history_00305:final:0,entity_simple_hard_test_art_history_00305,entity_simple_hard_test_art_history_00305,True,same_source_sibling_facts,1,4,23,20,파일럿 A반 4차 입체주의에서 핵심 특징과 목적을 함께 정리해줘.,"파일럿 A반 4차 입체주의에 대해 핵심 특징은 여러 시점이라고, 그리고 목적은 대상을 새롭게 해석하는 것이라고 설명했습니다.",True,,,,,False,False,0.8205128205128205,0.65,0.41025641025641024,0.325,True,True,3.864699699974153,3.8307659999700263,,,,,question+passage,"파일럿 A반 4차 입체주의에 대해 핵심 특징은 여러 시점이라고, 비유는 여러 방향에서 본 사물을 한 화면에 놓는 방식이라고, 그리고 목적은 대상을 새롭게 해석하는 것이라고 설명했습니다.","파일럿 A반 4차 입체주의에 대해 핵심 특징은 여러 시점이라고, 목적은 문제를 여러 시점에서 이해하는 것이라고, 그리고 비유는 여러 방향에서 본 사물을 한 화면에 놓는 방식이라고 설명했습니다."
dataset_ko_115_final,entity_simple_hard_test_os_concept_00197:final:0,entity_simple_hard_test_os_concept_00197,entity_simple_hard_test_os_concept_00197,True,same_source_sibling_facts,1,4,23,20,심화 오후반 2차 스레드에서 역할과 장점을 함께 정리해줘.,"심화 오후반 2차 스레드에 대해 역할은 프로세스 안에서 작업을 나누어 실행한다고, 그리고 장점은 작업을 가볍게 나눌 수 있다고 설명했습니다.",True,,,,,False,False,0.878048780487805,0.6451612903225806,0.4390243902439025,0.3225806451612903,True,False,3.7317045999807306,1.9890230999444611,,,,,question+passage,"심화 오후반 2차 스레드에 대해 장점은 작업을 가볍게 나눌 수 있다고, 주의점은 공유 자원 관리가 필요하다고, 그리고 역할은 프로세스 안에서 작업을 나누어 실행한다고 설명했습니다.",심화 오후반 2차 스레드에 대해 역할을 추가로 설명하고 장점은 작업을 나눌 수 있다고 설명한다.
dataset_ko_116_final,entity_simple_hard_test_marketing_00392:final:0,entity_simple_hard_test_marketing_00392,entity_simple_hard_test_marketing_00392,True,same_source_sibling_facts,1,4,23,20,가을 오후반 4차 신입생 캠페인 설명에서 핵심 채널과 성과 지표만 알려줘.,"가을 오후반 4차 신입생 캠페인에 대해 핵심 채널은 인스타그램이라고, 그리고 성과 지표는 전환율이라고 설명했습니다.",True,,,,,False,False,0.6470588235294117,0.9333333333333333,0.32352941176470584,0.4666666666666667,True,True,4.371226200019009,3.319611500017345,,,,,passage-only,"가을 오후반 4차 신입생 캠페인의 핵심 채널이고 성과 지표는 전환율이라고, 핵심 채널이고 성과 지표는 커피 채널이라고, 그리고 대상은 신입생이라고 설명했습니다.","가을 오후반 4차 신입생 캠페인에 대해 핵심 채널은 인스타그램이라고, 성과 지표는 전환율이라고, 그리고 대상은 신입생이라고 설명했습니다."
dataset_ko_117_final,entity_simple_hard_test_statistics_00263:final:0,entity_simple_hard_test_statistics_00263,entity_simple_hard_test_statistics_00263,True,same_source_sibling_facts,1,4,23,20,겨울 3팀 3차 회귀분석 설명 중 주의점과 의미에 해당하는 내용만 답해줘.,"겨울 3팀 3차 회귀분석에 대해 주의점은 모든 원인을 증명하지는 않는다고, 그리고 의미는 관계의 경향 설명이라고 설명했습니다.",True,,,,,False,False,0.7692307692307693,0.5333333333333333,0.38461538461538464,0.26666666666666666,True,False,3.971406399970874,2.704309699998703,,,,,question+passage,"겨울 3팀 3차 회귀분석에 대해 주의점은 모든 원인을 증명하지는 않는다고, 하지만 관계의 경향을 설명할 때 쓴다고, 그리고 의미는 관계의 경향 설명에 대해 충분하지는 않는다고 설명했습니다.","겨울 3팀 3차 회귀분석 설명 중 주의점과 의미에 대해 것은 설명의 총론으로, 추정의 정확성에 대한 보장이라고 설명했습니다."
dataset_ko_118_final,entity_simple_hard_test_dessert_00073:final:0,entity_simple_hard_test_dessert_00073,entity_simple_hard_test_dessert_00073,True,same_source_sibling_facts,1,4,23,20,겨울 4팀 1차 솜사탕에서 특징과 맛을 함께 정리해줘.,"겨울 4팀 1차 솜사탕에 대해 특징은 입에 닿으면 빠르게 사라진다고, 그리고 맛은 가볍게 달콤하다고 설명했습니다.",True,,,,,False,False,0.8823529411764706,0.9375,0.4411764705882353,0.46875,True,True,3.5466270999750122,3.3618610000121407,,,,,passage-only,"겨울 4팀 1차 솜사탕에 대해 특징은 입에 닿으면 빠르게 사라진다고, 맛은 가볍게 달콤하다고, 그리고 비유는 구름 같은 간식이라고 설명했습니다.","겨울 4팀 1차 솜사탕에 대해 특징은 입에 닿으면 빠르게 사라진다고, 맛은 가볍게 달콤하다고, 그리고 색깔은 분홍색이라고 설명했습니다."
dataset_ko_119_final,entity_simple_hard_test_os_concept_00005:final:0,entity_simple_hard_test_os_concept_00005,entity_simple_hard_test_os_concept_00005,True,same_source_sibling_facts,1,4,23,20,파일럿 A반 1차 스레드에서 역할과 장점을 함께 정리해줘.,"파일럿 A반 1차 스레드에 대해 역할은 프로세스 안에서 작업을 나누어 실행한다고, 그리고 장점은 작업을 가볍게 나눌 수 있다고 설명했습니다.",True,,,,,False,False,0.878048780487805,0.8571428571428571,0.4390243902439025,0.42857142857142855,True,True,3.711282200005371,3.7452004000078887,,,,,tie,"파일럿 A반 1차 스레드에 대해 장점은 작업을 가볍게 나눌 수 있다고, 주의점은 공유 자원 관리가 필요하다고, 그리고 역할은 프로세스 안에서 작업을 나누어 실행한다고 설명했습니다.","파일럿 A반 1차 스레드에 대해 역할은 프로세스 안에서 작업을 나누어 실행한다고, 장점은 작업을 가볍게 나눌 수 있다고, 그리고 비유는 같은 식당 안에서 일하는 직원이라고 설명했습니다."
dataset_ko_120_final,entity_simple_hard_test_dessert_00361:final:0,entity_simple_hard_test_dessert_00361,entity_simple_hard_test_dessert_00361,True,same_source_sibling_facts,1,4,23,20,여름 3팀 4차 솜사탕에서 특징과 맛을 함께 정리해줘.,"여름 3팀 4차 솜사탕에 대해 특징은 입에 닿으면 빠르게 사라진다고, 그리고 맛은 가볍게 달콤하다고 설명했습니다.",True,,,,,False,False,0.8823529411764706,0.9375,0.4411764705882353,0.46875,True,True,3.5301529999705963,3.4141422999673523,,,,,passage-only,"여름 3팀 4차 솜사탕에 대해 특징은 입에 닿으면 빠르게 사라진다고, 맛은 가볍게 달콤하다고, 그리고 비유는 구름 같은 간식이라고 설명했습니다.","여름 3팀 4차 솜사탕에 대해 특징은 입에 닿으면 빠르게 사라진다고, 맛은 가볍게 달콤하다고, 그리고 색깔은 분홍색이라고 설명했습니다."
dataset_ko_121_final,entity_simple_hard_test_os_concept_00029:final:0,entity_simple_hard_test_os_concept_00029,entity_simple_hard_test_os_concept_00029,True,same_source_sibling_facts,1,4,23,20,세미나 C반 1차 스레드에서 비유와 주의점을 함께 정리해줘.,"세미나 C반 1차 스레드에 대해 비유는 같은 식당 안에서 일하는 직원이라고, 그리고 주의점은 공유 자원 관리가 필요하다고 설명했습니다.",True,,,,,False,False,0.8205128205128205,0.6842105263157895,0.41025641025641024,0.34210526315789475,True,True,3.340450400020927,3.064035299990792,,,,,question+passage,"세미나 C반 1차 비유는 같은 식당 안에서 일하는 직원이라고, 장점은 작업을 가볍게 나눌 수 있다고, 그리고 주의점은 공유 자원 관리가 필요하다고 설명했습니다.","세미나 C반 1차 스레드에 대해 비유는 같은 식당 안에서 일하는 직원이라고, 주의점은 여러 번 반복하는 작업은 시간을 잡지 못할 것이라고 설명했습니다."
dataset_ko_122_final,entity_simple_hard_test_art_history_00042:final:0,entity_simple_hard_test_art_history_00042,entity_simple_hard_test_art_history_00042,True,same_source_sibling_facts,1,4,23,20,교수님이 가을 1팀 1차 인상주의의 비유와 비교 포인트를 어떻게 말했어?,"가을 1팀 1차 인상주의에 대해 비유는 햇빛이 흔들리는 수면에 비친 모습이라고, 그리고 비교 포인트는 정확한 윤곽보다 색감이 중요하다고 설명했습니다.",True,,,,,False,False,0.8636363636363636,0.6976744186046512,0.4318181818181818,0.3488372093023256,True,True,4.388491399993654,4.562175200029742,,,,,question+passage,"교수님이 가을 1팀 1차 인상주의에 대해 비유는 햇빛이 흔들리는 수면에 비친 모습이라고, 목적은 관찰 순간을 살리는 것이라고, 그리고 비교 포인트는 정확한 윤곽보다 색감이 중요하다고 설명했습니다.","교수님의 가을 1팀 1차 인상주의의 비유에 대해 비유는 햇빛이 흔들리는 수면에 비친 모습이라고, 비유의 포인트는事物의 흔들리는 모습이라고, 그리고 비교의 특징은 어떻게 주관적인 인상이라고 설명했습니다."
dataset_ko_123_final,entity_simple_hard_test_statistics_00262:final:0,entity_simple_hard_test_statistics_00262,entity_simple_hard_test_statistics_00262,True,same_source_sibling_facts,1,4,23,20,교수님이 가을 3팀 3차 상관계수의 주의점과 의미를 어떻게 말했어?,"가을 3팀 3차 상관계수에 대해 주의점은 원인 증명을 뜻하지 않는다고, 그리고 의미는 선형 관계 강도라고 설명했습니다.",True,,,,,False,False,0.7567567567567567,0.5,0.37837837837837834,0.25,True,False,4.0834168999572285,3.5299546999740414,,,,,question+passage,"가을 3팀 3차 상관계수의 주의점으로 뜻은 선형 관계 강도라고, 비유는 두 변수의 움직임을 비교하는 나침반이라고, 그리고 주의점은 원인 증명을 뜻하지 않는다고 설명했습니다.","교수님이 가을 3팀 3차 상관계수의 주의점과 의미를 설명하시면 다음과 같습니다. 주의점은 오류 지수로, 의미는 선형 관계의 강도를 설명하는 데 사용된다고 설명했습니다."
dataset_ko_124_final,entity_simple_hard_test_statistics_00116:final:0,entity_simple_hard_test_statistics_00116,entity_simple_hard_test_statistics_00116,True,same_source_sibling_facts,1,4,23,20,정규 B반 2차 표본분산 설명에서 의미와 주의점만 알려줘.,"정규 B반 2차 표본분산에 대해 의미는 흩어짐 측정이라고, 그리고 주의점은 순위 정렬과 다르다고 설명했습니다.",True,,,,,False,False,0.8235294117647058,0.6666666666666666,0.4117647058823529,0.3333333333333333,True,True,3.605511999980081,3.300238099996932,,,,,question+passage,"정규 B반 2차 표본분산에 대해 주의점은 순위 정렬과 다르다고, 의미는 흩어짐 측정이라고, 그리고 비유는 점들이 얼마나 퍼졌는지 보는 자라고 설명했습니다.","정규 B반 2차 표본분산 설명에 대해 의미는 흩어짐 측정이라고, 주의점은 정해진 기준으로 흩어짐 측정을 내는 것이라고 설명했습니다."
dataset_ko_125_final,entity_simple_hard_test_marketing_00323:final:0,entity_simple_hard_test_marketing_00323,entity_simple_hard_test_marketing_00323,True,same_source_sibling_facts,1,4,23,20,겨울 C반 4차 멘토링 이벤트 설명 중 대상과 보상에 해당하는 내용만 답해줘.,"겨울 C반 4차 멘토링 이벤트에 대해 대상은 멘토링 참여 학생이라고, 그리고 보상은 포인트 500점이라고 설명했습니다.",True,,,,,False,False,0.8823529411764706,0.6857142857142857,0.4411764705882353,0.34285714285714286,True,True,3.9557062000385486,4.2080085999914445,,,,,question+passage,"겨울 C반 4차 멘토링 이벤트에 대해 대상은 멘토링 참여 학생이라고, 보상은 포인트 500점이라고, 그리고 핵심 채널은 이메일 뉴스레터라고 설명했습니다.","겨울 C반 4차 멘토링 이벤트에 대해 대상은 신청자, 성과 지표는 재방문율이라고, 보상은 포인트 500점이라고, 그리고 핵심 채널은 이메일 뉴스레터라고 설명했습니다."
dataset_ko_126_final,entity_simple_hard_test_art_history_00258:final:0,entity_simple_hard_test_art_history_00258,entity_simple_hard_test_art_history_00258,True,same_source_sibling_facts,1,4,23,20,교수님이 실습 2팀 3차 인상주의의 목적과 핵심 특징을 어떻게 말했어?,"실습 2팀 3차 인상주의에 대해 목적은 관찰 순간을 살리는 것이라고, 그리고 핵심 특징은 빛의 순간적인 인상이라고 설명했습니다.",True,,,,,False,False,0.6829268292682927,0.6976744186046512,0.34146341463414637,0.3488372093023256,True,True,4.153493599966168,4.546283899981063,,,,,tie,"교수님이 실습 2팀 3차 인상주의에 대해 핵심 특징은 이해관계가 중복한 트리거에 있을 것이라고, 비유는 햇빛이 흔들리는 모습이라고, 그리고 목적은 관찰 순간을 살리는 것이라고 설명했습니다.","교수님의 실습 2팀 3차 인상주의의 목적과 핵심 특징을 어떻게 말했어?에 대해 목적은 관찰을 확장하는 것이라고, 흔들리지 않는 관찰이 중요하다고, 그리고 핵심 특징은 빛의 순간적인 인상이라고 설명했습니다."
dataset_ko_127_final,entity_simple_hard_test_os_concept_00031:final:0,entity_simple_hard_test_os_concept_00031,entity_simple_hard_test_os_concept_00031,True,same_source_sibling_facts,1,4,23,20,여름 D반 1차 큐 설명 중 비유와 주의점에 해당하는 내용만 답해줘.,"여름 D반 1차 큐에 대해 비유는 번호표를 뽑고 기다리는 줄이라고, 그리고 주의점은 대기 시간이 길어질 수 있다고 설명했습니다.",True,,,,,False,False,0.8717948717948718,0.8947368421052632,0.4358974358974359,0.4473684210526316,True,True,3.735732299974188,3.550878200039733,,,,,tie,"여름 D반 1차 큐에 대해 비유는 번호표를 뽑고 기다리는 줄이라고, 장점은 처리 순서를 명확하게 만든다고, 그리고 주의점은 대기 시간이 길어질 수 있다고 설명했습니다.","여름 D반 1차 큐에 대해 비유는 번호표를 뽑고 기다리는 줄이라고, 주의점은 대기 시간이 길어질 수 있다고, 그리고 목적은 효율을 높일 수 있다고 설명했습니다."
dataset_ko_128_final,entity_simple_hard_test_project_00015:final:0,entity_simple_hard_test_project_00015,entity_simple_hard_test_project_00015,True,same_source_sibling_facts,1,4,23,20,파일럿 B반 1차 프론트엔드 점검 설명 중 담당과 확인 기준에 해당하는 내용만 답해줘.,"파일럿 B반 1차 프론트엔드 점검에 대해 담당은 프론트엔드 파트라고, 그리고 확인 기준은 사용자 차단 여부라고 설명했습니다.",True,,,,,False,False,0.7317073170731707,0.5517241379310345,0.36585365853658536,0.27586206896551724,True,False,4.196214800002053,2.110752099950332,,,,,question+passage,"파일럿 B반 1차 프론트엔드 점검 설명에 대해 확인 기준은 사용자 차단 여부라고, 담당과 설명은 프론트엔드와 관련된 정보 공유 위치라고, 그리고 담당과 차단 여부에 대해 확인 기능이라고 설명했습니다.",파일럿 B반 1차 프론트엔드 점검 확인 기준은 다른 목표 탐색 공간으로 이동이라고 설명했습니다.
dataset_ko_129_final,entity_simple_hard_test_dessert_00147:final:0,entity_simple_hard_test_dessert_00147,entity_simple_hard_test_dessert_00147,True,same_source_sibling_facts,1,4,23,20,심화 1팀 2차 브라우니 설명 중 비유와 색깔에 해당하는 내용만 답해줘.,"심화 1팀 2차 브라우니에 대해 비유는 초콜렛을 압축한 케이크라고, 그리고 색깔은 진한 갈색이라고 설명했습니다.",True,,,,,False,False,0.8750000000000001,0.8750000000000001,0.43750000000000006,0.43750000000000006,True,True,3.870615700026974,3.838236399984453,,,,,tie,"심화 1팀 2차 브라우니에 대해 비유는 초콜렛을 압축한 케이크라고, 색깔은 진한 갈색이라고, 그리고 특징은 속이 촉촉하게 남는다고 설명했습니다.","심화 1팀 2차 브라우니에 대해 비유는 초콜렛을 압축한 케이크라고, 특징은 속이 촉촉하게 남는다고, 그리고 색깔은 진한 갈색이라고 설명했습니다."
dataset_ko_130_final,entity_simple_hard_test_os_concept_00367:final:0,entity_simple_hard_test_os_concept_00367,entity_simple_hard_test_os_concept_00367,True,same_source_sibling_facts,1,4,23,20,심화 3팀 4차 큐 설명 중 주의점과 비유에 해당하는 내용만 답해줘.,"심화 3팀 4차 큐에 대해 주의점은 대기 시간이 길어질 수 있다고, 그리고 비유는 번호표를 뽑고 기다리는 줄이라고 설명했습니다.",True,,,,,False,False,0.8717948717948718,0.8717948717948718,0.4358974358974359,0.4358974358974359,True,True,3.8026476000086404,3.8280493000056595,,,,,tie,"심화 3팀 4차 큐에 대해 비유는 번호표를 뽑고 기다리는 줄이라고, 장점은 처리 순서를 명확하게 만든다고, 그리고 주의점은 대기 시간이 길어질 수 있다고 설명했습니다.","심화 3팀 4차 큐에 대해 주의점은 대기 시간이 길어질 수 있다고, 비유는 번호표를 뽑고 기다리는 줄이라고, 그리고 역할은 작업을 순서대로 기다리게 한다고 설명했습니다."
dataset_ko_131_final,entity_simple_hard_test_dessert_00003:final:0,entity_simple_hard_test_dessert_00003,entity_simple_hard_test_dessert_00003,True,same_source_sibling_facts,1,4,23,20,겨울 A반 1차 브라우니 설명 중 색깔과 비유에 해당하는 내용만 답해줘.,"겨울 A반 1차 브라우니에 대해 색깔은 진한 갈색이라고, 그리고 비유는 초콜렛을 압축한 케이크라고 설명했습니다.",True,,,,,False,False,0.8750000000000001,0.9032258064516129,0.43750000000000006,0.45161290322580644,True,True,3.7739025999908336,3.616212400025688,,,,,tie,"겨울 A반 1차 브라우니에 대해 색깔은 진한 갈색이라고, 비유는 초콜렛을 압축한 케이크라고, 그리고 특징은 속이 촉촉하게 남는다고 설명했습니다.","겨울 A반 1차 브라우니에 대해 색깔은 진한 갈색이라고, 비유는 초콜렛을 압축한 케이크라고, 그리고 맛은 묵직하게 달콤하다고 설명했습니다."
dataset_ko_132_final,entity_simple_hard_test_os_concept_00102:final:0,entity_simple_hard_test_os_concept_00102,entity_simple_hard_test_os_concept_00102,True,same_source_sibling_facts,1,4,23,20,교수님이 가을 A반 2차 캐시의 역할과 장점을 어떻게 말했어?,"가을 A반 2차 캐시에 대해 역할은 자주 쓰는 정보를 가까이 둔다고, 그리고 장점은 반복 접근을 빠르게 만든다고 설명했습니다.",True,,,,,False,False,0.7142857142857143,0.5714285714285715,0.35714285714285715,0.28571428571428575,True,False,4.117833400028758,3.480149300012272,,,,,question+passage,"professor A는 A반 2차 캐시에 대해 주의점은 중복 접근을 빠르게 만든다고, 역할은 자주 쓰는 정보를 가까이 둔다고, 그리고 비유는 책상 위에 올려둔 책이라고 설명했습니다.",교수님의 A반 2차 캐시에 대해 역할은 자주 쓰는 정보를 빠르게 만드는을 설명해요. 장점은 정보를 빠르게 만드는을 강조합니다.
dataset_ko_133_final,entity_simple_hard_test_project_00349:final:0,entity_simple_hard_test_project_00349,entity_simple_hard_test_project_00349,True,same_source_sibling_facts,1,4,23,20,세미나 1팀 4차 백엔드 배포에서 확인 기준과 담당을 함께 정리해줘.,"세미나 1팀 4차 백엔드 배포에 대해 확인 기준은 오류 발생률이라고, 그리고 담당은 백엔드 팀이라고 설명했습니다.",True,,,,,False,False,0.8666666666666667,0.9655172413793104,0.43333333333333335,0.4827586206896552,True,True,2.646978400007356,2.5050315000116825,,,,,passage-only,"세미나 1팀 4차 백엔드 배포에 대해 확인 기준을 아래 몇 줬이라고, 그리고 담당은 백엔드 팀이라고 설명했습니다.","세미나 1팀 4차 백엔드 배포에 대해 확인 기준은 오류 발생률이라고, 담당은 백엔드 팀이라고 설명했습니다."
dataset_ko_134_final,entity_simple_hard_test_dessert_00384:final:0,entity_simple_hard_test_dessert_00384,entity_simple_hard_test_dessert_00384,True,same_source_sibling_facts,1,4,23,20,캡스톤 오전반 4차 초콜렛 설명에서 색깔과 비유만 알려줘.,"캡스톤 오전반 4차 초콜렛에 대해 색깔은 검정색이라고, 그리고 비유는 작은 선물 상자라고 설명했습니다.",True,,,,,False,False,0.8666666666666666,0.7407407407407408,0.4333333333333333,0.3703703703703704,True,True,2.9913053999771364,2.8792111999937333,,,,,question+passage,"캡스톤 오전반 4차 초콜렛 설명에 대해 색깔은 검정색이라고, 비유는 작은 선물 상자라고, 그리고 특징은 입안에서 천천히 녹는다고 설명했습니다.","캡스톤 오전반 4차 초콜렛에 대해 색깔은 검정색이라고, 비유는 입안에 담ác방이라고, 그리고 맛은 달콤하다고 설명했습니다."
dataset_ko_135_final,entity_simple_hard_test_project_00062:final:0,entity_simple_hard_test_project_00062,entity_simple_hard_test_project_00062,True,same_source_sibling_facts,1,4,23,20,교수님이 가을 3팀 1차 AI 모델 평가의 확인 기준과 담당을 어떻게 말했어?,"가을 3팀 1차 AI 모델 평가에 대해 확인 기준은 정답률이라고, 그리고 담당은 AI 파트라고 설명했습니다.",True,,,,,False,False,0.9285714285714286,0.5945945945945945,0.4642857142857143,0.29729729729729726,True,True,2.1824823999777436,3.751571899978444,,,,,question+passage,"가을 3팀 1차 AI 모델 평가의 확인 기준은 정답률이라고, 담당은 AI 파트라고 설명했습니다.","교수님�이 가을 3팀 1차 AI 모델 평가의 확인 기준은 확인 기준이 정의가 없고 반은 틀렸다고, 정답률이 낮다고, 그리고 담당은 알고리즘 폴이라고 설명했습니다."
dataset_ko_136_final,entity_simple_hard_test_project_00254:final:0,entity_simple_hard_test_project_00254,entity_simple_hard_test_project_00254,True,same_source_sibling_facts,1,4,23,20,교수님이 캡스톤 2팀 3차 AI 모델 평가의 확인 기준과 담당을 어떻게 말했어?,"캡스톤 2팀 3차 AI 모델 평가에 대해 확인 기준은 정답률이라고, 그리고 담당은 AI 파트라고 설명했습니다.",True,,,,,False,False,0.8125,0.6857142857142857,0.40625,0.34285714285714286,True,True,3.1923489999608137,3.069391999975778,,,,,question+passage,"교수님이 캡스톤 2팀 3차 AI 모델 평가의 확인 기준을 어떻게 말했는지 파라미터는 정답률이라고, 담당은 AI 파트라고 설명했습니다.","캡스톤 2팀 3차 AI 모델 평가에 대해 확인 기준은 정답률을 참고하라고, 담당은 확인委员라고, 그리고 전달 경로는 회의 경로라고 설명했습니다."
dataset_ko_137_final,entity_simple_hard_test_os_concept_00149:final:0,entity_simple_hard_test_os_concept_00149,entity_simple_hard_test_os_concept_00149,True,same_source_sibling_facts,1,4,23,20,세미나 1팀 2차 스레드에서 장점과 역할을 함께 정리해줘.,"세미나 1팀 2차 스레드에 대해 장점은 작업을 가볍게 나눌 수 있다고, 그리고 역할은 프로세스 안에서 작업을 나누어 실행한다고 설명했습니다.",True,,,,,False,False,0.6976744186046512,0.5,0.3488372093023256,0.25,True,False,3.9621744000469334,3.7210843000211753,,,,,question+passage,"세미나 1팀 2차 스레드에 대해 장점은 작업을 가볍게 나눌 수 있다고, 역할은 프로세스 중에 공유 자원 관리가 필요하다고, 그리고 비유는 같은 식당 안에서 일하는 직원이라고 설명했습니다.","세미나 1팀 2차 스레드에 대해 장점으로 효율성을, 역할을 새로운 기능 도입에 대한 논의를 꼴에서부터 추가를 담당한다고, 그리고 주의점으로는 지연 문제가 있다고 설명했습니다."
dataset_ko_138_final,entity_simple_hard_test_art_history_00329:final:0,entity_simple_hard_test_art_history_00329,entity_simple_hard_test_art_history_00329,True,same_source_sibling_facts,1,4,23,20,세미나 C반 4차 입체주의에서 비유와 비교 포인트를 함께 정리해줘.,"세미나 C반 4차 입체주의에 대해 비유는 여러 방향에서 본 사물을 한 화면에 놓는 방식이라고, 그리고 비교 포인트는 단일 원근과 다르다고 설명했습니다.",True,,,,,False,False,0.8837209302325582,0.7500000000000001,0.4418604651162791,0.37500000000000006,True,True,3.9660661999951117,3.4078225000412203,,,,,question+passage,"세미나 C반 4차 입체주의에 대해 비유는 여러 방향에서 본 사물을 한 화면에 놓는 방식이라고, 목적은 대상을 새롭게 해석하는 것이라고, 그리고 비교 포인트는 단일 원근과 다르다고 설명했습니다.","세미나 C반 4차 입체주의에 대해 비유는 여러 방향에서 본 사물을 한 화면에 놓는 방식이라고, 비유는 생각의 새로운 방향이라고, 그리고 비교의 강조 부분이라고 설명했습니다."
dataset_ko_139_final,entity_simple_hard_test_art_history_00354:final:0,entity_simple_hard_test_art_history_00354,entity_simple_hard_test_art_history_00354,True,same_source_sibling_facts,1,4,23,20,교수님이 캡스톤 2팀 4차 인상주의의 목적과 핵심 특징을 어떻게 말했어?,"캡스톤 2팀 4차 인상주의에 대해 목적은 관찰 순간을 살리는 것이라고, 그리고 핵심 특징은 빛의 순간적인 인상이라고 설명했습니다.",True,,,,,False,False,0.6666666666666666,0.45454545454545453,0.3333333333333333,0.22727272727272727,True,False,4.2723148000077344,4.8902825999539346,,,,,question+passage,"교수님이 캡스톤 2팀 4차 인상주의에 대해 핵심 특징은 이해하는 사람에 대한 중요성이라고, 비유는 햇빛이 흔들리는 수면에 비친 모습이라고, 그리고 목적은 관찰 순간을 살리는 것이라고 설명했습니다.","교수님의 캡스톤 2팀 4차 인상주의의 목적은 사용자가 경험할 수 있는 영상의 질을 설명하는 것이라고, 비교 포인트는 정확한 윤곽보다 색감이 중요하다고, 그리고 핵심 특징은 영상의 아름다운 인상주의적인 면이라고 설명했습니다."
dataset_ko_140_final,entity_simple_hard_test_statistics_00094:final:0,entity_simple_hard_test_statistics_00094,entity_simple_hard_test_statistics_00094,True,same_source_sibling_facts,1,4,23,20,교수님이 캡스톤 오후반 1차 상관계수의 활용과 비유를 어떻게 말했어?,"캡스톤 오후반 1차 상관계수에 대해 활용은 관계 강도를 빠르게 살필 때 쓴다고, 그리고 비유는 두 변수의 움직임을 비교하는 나침반이라고 설명했습니다.",True,,,,,False,False,0.6153846153846153,0.8292682926829269,0.30769230769230765,0.41463414634146345,True,True,4.127064700005576,4.380864000006113,,,,,passage-only,"교수님이 캡스톤 오후반 1차 상관계수의 의미는 선형 관계 강도라고, 비유는 두 변수의 움직임을 비교하는 나침반이라고, 그리고 주의점은 원인 증명을 뜻하지 않는다고 설명했습니다.","캡스톤 오후반 1차 상관계수의 활용은 관계 강도를 빠르게 살필 때 쓴다고, 비유는 두 변수의 움직임을 비교하는 나침반이라고, 그리고 의미는 선형 관계 강도를 설명할 때 쓴다고 설명했습니다."
dataset_ko_141_final,entity_simple_hard_test_os_concept_00220:final:0,entity_simple_hard_test_os_concept_00220,entity_simple_hard_test_os_concept_00220,True,same_source_sibling_facts,1,4,23,20,봄 C반 3차 프로세스 설명에서 비유와 주의점만 알려줘.,"봄 C반 3차 프로세스에 대해 비유는 독립된 식당이라고, 그리고 주의점은 자원을 너무 많이 쓰면 느려질 수 있다고 설명했습니다.",True,,,,,False,False,0.8421052631578948,0.888888888888889,0.4210526315789474,0.4444444444444445,True,True,3.962683100020513,3.492866899992805,,,,,tie,"봄 C반 3차 프로세스 설명에 대해 비유는 독립된 식당이라고, 장점은 서로 영향을 줄이는 데 도움이 된다고, 그리고 주의점은 자원을 너무 많이 쓰면 느려질 수 있다고 설명했습니다.","봄 C반 3차 프로세스에 대해 비유는 독립된 식당이라고, 주의점은 자원을 너무 많이 쓰면 느려질 수 있다고, 그리고 역할은 독립된 실행 공간이라고 설명했습니다."
dataset_ko_142_final,entity_simple_hard_test_art_history_00330:final:0,entity_simple_hard_test_art_history_00330,entity_simple_hard_test_art_history_00330,True,same_source_sibling_facts,1,4,23,20,교수님이 봄 D반 4차 인상주의의 비유와 비교 포인트를 어떻게 말했어?,"봄 D반 4차 인상주의에 대해 비유는 햇빛이 흔들리는 수면에 비친 모습이라고, 그리고 비교 포인트는 정확한 윤곽보다 색감이 중요하다고 설명했습니다.",True,,,,,False,False,0.8571428571428571,0.7000000000000001,0.42857142857142855,0.35000000000000003,True,True,4.357594800007064,4.491969100025017,,,,,question+passage,"교수님이 봄 D반 4차 인상주의에 대해 비유는 햇빛이 흔들리는 수면에 비친 모습이라고, 목적은 관찰 순간을 살리는 것이라고, 그리고 비교 포인트는 정확한 윤곽보다 색감이 중요하다고 설명했습니다.","봄 D반 4차 인상주의에 대해 비유는 햇빛이 흔들리는 수면에 비친 모습이라고, 비유의 포인트는 주변의 눈감기难以置信的美丽에似的地方이라고, 그리고 비교의 특징은 동영상과 비슷한 방식이라고 설명했습니다."
dataset_ko_143_final,entity_simple_hard_test_art_history_00090:final:0,entity_simple_hard_test_art_history_00090,entity_simple_hard_test_art_history_00090,True,same_source_sibling_facts,1,4,23,20,교수님이 봄 오후반 1차 인상주의의 비교 포인트와 비유를 어떻게 말했어?,"봄 오후반 1차 인상주의에 대해 비교 포인트는 정확한 윤곽보다 색감이 중요하다고, 그리고 비유는 햇빛이 흔들리는 수면에 비친 모습이라고 설명했습니다.",True,,,,,False,False,0.878048780487805,0.45714285714285713,0.4390243902439025,0.22857142857142856,True,False,4.054308099963237,3.3469178999657743,,,,,question+passage,"봄 오후반 1차 인상주의에 대해 비유는 햇빛이 흔들리는 수면에 비친 모습이라고, 목적은 관찰 순간을 살리는 것이라고, 그리고 비교 포인트는 정확한 윤곽보다 색감이 중요하다고 설명했습니다.","봄 오후반 1차 인상주의의 비교 포인트와 비유에 대해 시간을 봄 전반의 주목点과 비유점이라고, 핵심特徵은 빛의 순간적인 비교点이라고 설명했습니다."
dataset_ko_144_final,entity_simple_hard_test_marketing_00035:final:0,entity_simple_hard_test_marketing_00035,entity_simple_hard_test_marketing_00035,True,same_source_sibling_facts,1,4,23,20,파일럿 D반 1차 멘토링 이벤트 설명 중 대상과 보상에 해당하는 내용만 답해줘.,"파일럿 D반 1차 멘토링 이벤트에 대해 대상은 멘토링 참여 학생이라고, 그리고 보상은 포인트 500점이라고 설명했습니다.",True,,,,,False,False,0.8823529411764706,0.6923076923076923,0.4411764705882353,0.34615384615384615,True,True,3.978445200016722,2.3253815000061877,,,,,question+passage,"파일럿 D반 1차 멘토링 이벤트에 대해 대상은 멘토링 참여 학생이라고, 보상은 포인트 500점이라고, 그리고 핵심 채널은 이메일 뉴스레터라고 설명했습니다.","파일럿 D반 1차 멘토링 이벤트에 대해 대상은 신청자만, 보상은 포인트 500점입니다."
dataset_ko_145_final,entity_simple_hard_test_os_concept_00150:final:0,entity_simple_hard_test_os_concept_00150,entity_simple_hard_test_os_concept_00150,True,same_source_sibling_facts,1,4,23,20,교수님이 봄 2팀 2차 캐시의 장점과 역할을 어떻게 말했어?,"봄 2팀 2차 캐시에 대해 장점은 반복 접근을 빠르게 만든다고, 그리고 역할은 자주 쓰는 정보를 가까이 둔다고 설명했습니다.",True,,,,,False,False,0.6470588235294118,0.85,0.3235294117647059,0.425,True,True,3.163132899964694,4.158847499988042,,,,,passage-only,"봄 2팀 2차 캐시의 장점이라고, 역할은 자주 쓰는 정보를 가까이 둔다고, 그리고 비유는 책상 위에 올려둔 책이라고 설명했습니다.","교수님의 봄 2팀 2차 캐시에 대해 장점은 반복 접근을 빠르게 만든다고, 역할은 자주 쓰는 정보를 가까이 둔다고, 그리고 비유는 책상 위에 올려둔 책이라고 설명했습니다."
dataset_ko_146_final,entity_simple_hard_test_os_concept_00151:final:0,entity_simple_hard_test_os_concept_00151,entity_simple_hard_test_os_concept_00151,True,same_source_sibling_facts,1,4,23,20,여름 2팀 2차 큐 설명 중 장점과 역할에 해당하는 내용만 답해줘.,"여름 2팀 2차 큐에 대해 장점은 처리 순서를 명확하게 만든다고, 그리고 역할은 작업을 순서대로 기다리게 한다고 설명했습니다.",True,,,,,False,False,0.8717948717948718,0.8717948717948718,0.4358974358974359,0.4358974358974359,True,True,3.534890400012955,3.580094899982214,,,,,tie,"여름 2팀 2차 큐에 대해 장점은 처리 순서를 명확하게 만든다고, 역할은 작업을 순서대로 기다리게 한다고, 그리고 주의점은 대기 시간이 길어질 수 있다고 설명했습니다.","여름 2팀 2차 큐에 대해 장점은 처리 순서를 명확하게 만든다고, 주의점은 대기 시간이 길어질 수 있다고, 그리고 역할은 작업을 순서대로 기다리게 한다고 설명했습니다."
dataset_ko_147_final,entity_simple_hard_test_project_00060:final:0,entity_simple_hard_test_project_00060,entity_simple_hard_test_project_00060,True,same_source_sibling_facts,1,4,23,20,봄 3팀 1차 최종 발표 설명에서 확인 기준과 담당만 알려줘.,"봄 3팀 1차 최종 발표에 대해 확인 기준은 근거 제시 여부라고, 그리고 담당은 기획 파트라고 설명했습니다.",True,,,,,False,False,0.8108108108108109,0.45,0.40540540540540543,0.225,True,False,3.5430794000276364,3.8722003000439145,,,,,question+passage,"봄 3팀 1차 최종 발표 설명에 대해 확인 기준과 담당을 공유 위치는 팀 노션 페이지라고, 담당은 기획 파트라고, 그리고 확인 기준은 근거 제시 여부라고 설명했습니다.","봄 3팀 1차 최종 발표 설명에 대해 확인 기준은 확인 여부를 명시하는 표에 기록되어 있다고, 담당은 수정을 통해 기준을 확인했고, 마지막 만료 기준은 다음 주 월요일 밤에라고 설명했습니다."
dataset_ko_148_final,entity_simple_hard_test_statistics_00117:final:0,entity_simple_hard_test_statistics_00117,entity_simple_hard_test_statistics_00117,True,same_source_sibling_facts,1,4,23,20,심화 B반 2차 신뢰구간에서 의미와 주의점을 함께 정리해줘.,"심화 B반 2차 신뢰구간에 대해 의미는 모수 추정 범위라고, 그리고 주의점은 정답 하나를 보장하지 않는다고 설명했습니다.",True,,,,,False,False,0.8205128205128205,0.6341463414634146,0.41025641025641024,0.3170731707317073,True,True,3.64356959995348,3.6640911999857053,,,,,question+passage,"심화 B반 2차 신뢰구간에 대해 주의점은 정답 하나를 보장하지 않는다고, 의미는 모수 추정 범위라고, 그리고 비유는 정답이 있을 법한 범위를 그은 지도라고 설명했습니다.","심화 B반 2차 신뢰구간에 대해 의미는 모수 추정 범위라고, 주의점은 정답이 있을 때의 추가 보장이라고, 그리고 의미와 주의점을 함께하면 정답이 있을 때의 추가 보장이라고 설명했습니다."
dataset_ko_149_final,entity_simple_hard_test_dessert_00360:final:0,entity_simple_hard_test_dessert_00360,entity_simple_hard_test_dessert_00360,True,same_source_sibling_facts,1,4,23,20,봄 3팀 4차 초콜렛 설명에서 특징과 맛만 알려줘.,"봄 3팀 4차 초콜렛에 대해 특징은 입안에서 천천히 녹는다고, 그리고 맛은 달콤하다고 설명했습니다.",True,,,,,False,False,0.8571428571428571,0.923076923076923,0.42857142857142855,0.4615384615384615,True,True,2.976864799973555,2.9521983999875374,,,,,passage-only,"봄 3팀 4차 초콜렛에 대해 특징은 입안에서 천천히 녹는다고, 맛은 달콤하다고, 그리고 비유는 작은 선물 상자라고 설명했습니다.","봄 3팀 4차 초콜렛에 대해 특징은 입안에서 천천히 녹는다고, 맛은 달콤하다고, 그리고 색깔은 검정색이라고 설명했습니다."
dataset_ko_150_final,entity_simple_hard_test_os_concept_00391:final:0,entity_simple_hard_test_os_concept_00391,entity_simple_hard_test_os_concept_00391,True,same_source_sibling_facts,1,4,23,20,여름 오후반 4차 큐 설명 중 역할과 장점에 해당하는 내용만 답해줘.,"여름 오후반 4차 큐에 대해 역할은 작업을 순서대로 기다리게 한다고, 그리고 장점은 처리 순서를 명확하게 만든다고 설명했습니다.",True,,,,,False,False,0.8717948717948718,0.8205128205128205,0.4358974358974359,0.41025641025641024,True,True,3.603296399989631,3.5699228999437764,,,,,question+passage,"여름 오후반 4차 큐에 대해 장점은 처리 순서를 명확하게 만든다고, 주의점은 대기 시간이 길어질 수 있다고, 그리고 역할은 작업을 순서대로 기다리게 한다고 설명했습니다.","여름 오후반 4차 큐에 대해 역할은 작업을 순서대로 기다리게 한다고, 장점은 처리 순서를 명확하게 만든다고, 그리고 역할은 작업을 순서대로 기다리게 한다고 설명이다."
dataset_ko_151_final,entity_simple_hard_test_art_history_00160:final:0,entity_simple_hard_test_art_history_00160,entity_simple_hard_test_art_history_00160,True,same_source_sibling_facts,1,4,23,20,봄 3팀 2차 바로크 설명에서 목적과 핵심 특징만 알려줘.,"봄 3팀 2차 바로크에 대해 목적은 감정을 강하게 전달하는 것이라고, 그리고 핵심 특징은 극적 명암이라고 설명했습니다.",True,,,,,False,False,0.5882352941176471,0.6285714285714286,0.29411764705882354,0.3142857142857143,True,True,3.4190123999724165,3.0480303000076674,,,,,tie,"봄 3팀 2차 바로크에 대해 핵심 특징은 극적 명암이라고, 비유는 무대 조명이 한 장면을 강조하는 방식이라고, 그리고 사용条件은 극적 명암이라고 설명했습니다.","봄 3팀 2차 바로크에 대해 목적은 직접 표현하는 방식이라고, 핵심 특징은 가장 thick mode라고, 그리고 핵심 특징의 장점은 극적 명암이라고 설명했습니다."
dataset_ko_152_final,entity_simple_hard_test_statistics_00044:final:0,entity_simple_hard_test_statistics_00044,entity_simple_hard_test_statistics_00044,True,same_source_sibling_facts,1,4,23,20,캡스톤 1팀 1차 표본분산 설명에서 비유와 활용만 알려줘.,"캡스톤 1팀 1차 표본분산에 대해 비유는 점들이 얼마나 퍼졌는지 보는 자라고, 그리고 활용은 데이터 변동성을 볼 때 쓴다고 설명했습니다.",True,,,,,False,False,0.8947368421052632,0.7619047619047621,0.4473684210526316,0.38095238095238104,True,True,3.755628600018099,4.292345099966042,,,,,question+passage,"캡스톤 1팀 1차 표본분산에 대해 비유는 점들이 얼마나 퍼졌는지 보는 자라고, 활용은 데이터 변동성을 볼 때 쓴다고, 그리고 주의점은 순위 정렬과 다르다고 설명했습니다.","캡스톤 1팀 1차 표본분산에 대해 비유는 점들이 얼마나 퍼졌는지 보는 자라고, 활용은 데이터 변동성을 볼 때 쓴다고, 그리고 비유는 동생이 점들이 잘나가지 않게 한 might be wrong이라고 설명했다."
dataset_ko_153_final,entity_simple_hard_test_statistics_00045:final:0,entity_simple_hard_test_statistics_00045,entity_simple_hard_test_statistics_00045,True,same_source_sibling_facts,1,4,23,20,파일럿 1팀 1차 신뢰구간에서 비유와 활용을 함께 정리해줘.,"파일럿 1팀 1차 신뢰구간에 대해 비유는 정답이 있을 법한 범위를 그은 지도라고, 그리고 활용은 추정의 불확실성을 설명할 때 쓴다고 설명했습니다.",True,,,,,False,False,0.9047619047619047,0.8837209302325582,0.45238095238095233,0.4418604651162791,True,True,3.9315858999616466,4.251475099998061,,,,,tie,"파일럿 1팀 1차 신뢰구간에 대해 비유는 정답이 있을 법한 범위를 그은 지도라고, 활용은 추정의 불확실성을 설명할 때 쓴다고, 그리고 의미는 모수 추정 범위라고 설명했습니다.","파일럿 1팀 1차 신뢰구간에 대해 비유는 정답이 있을 법한 범위를 그은 지도라고, 활용은 추정의 불확실성을 설명할 때 쓴다고, 그리고 주의는 오류 백분율만 보장하지 않는다고 설명했습니다."
dataset_ko_154_final,entity_simple_hard_test_dessert_00240:final:0,entity_simple_hard_test_dessert_00240,entity_simple_hard_test_dessert_00240,True,same_source_sibling_facts,1,4,23,20,봄 1팀 3차 초콜렛 설명에서 비유와 색깔만 알려줘.,"봄 1팀 3차 초콜렛에 대해 비유는 작은 선물 상자라고, 그리고 색깔은 검정색이라고 설명했습니다.",True,,,,,False,False,0.8571428571428571,0.8571428571428571,0.42857142857142855,0.42857142857142855,True,True,3.0788678000099026,2.990099699993152,,,,,tie,"봄 1팀 3차 초콜렛 설명에 대해 비유는 작은 선물 상자라고, 색깔은 검정색이라고, 그리고 특징은 입안에서 천천히 녹는다고 설명했습니다.","봄 1팀 3차 초콜렛에 대해 비유는 작은 선물 상자라고, 색깔은 검정색이라고, 그리고 주 목적은 입안에서 천천히 녹는다고 설명했습니다."
dataset_ko_155_final,entity_simple_hard_test_statistics_00070:final:0,entity_simple_hard_test_statistics_00070,entity_simple_hard_test_statistics_00070,True,same_source_sibling_facts,1,4,23,20,교수님이 봄 4팀 1차 상관계수의 주의점과 의미를 어떻게 말했어?,"봄 4팀 1차 상관계수에 대해 주의점은 원인 증명을 뜻하지 않는다고, 그리고 의미는 선형 관계 강도라고 설명했습니다.",True,,,,,False,False,0.8,0.4878048780487804,0.4,0.2439024390243902,True,False,3.8676174000138417,4.863647399994079,,,,,question+passage,"봄 4팀 1차 상관계수의 주의점을 의미는 선형 관계 강도라고, 비유는 두 변수의 움직임을 비교하는 나침반이라고, 그리고 주의점은 원인 증명을 뜻하지 않는다고 설명했습니다.","봄 4팀 1차 상관계수의 주의점과 의미에 대해 비유는 두 선형 관계의 강도를 나타내는 데 사용된다고, 의미는 변수间的 관계의 강도를 설명하는 데 사용된다고, 그리고 주의점은 변수间的 관계의 강도를 설명하는 데 사용된다고 설명했습니다."
dataset_ko_156_final,entity_simple_hard_test_statistics_00287:final:0,entity_simple_hard_test_statistics_00287,entity_simple_hard_test_statistics_00287,True,same_source_sibling_facts,1,4,23,20,심화 오전반 3차 회귀분석 설명 중 활용과 비유에 해당하는 내용만 답해줘.,"심화 오전반 3차 회귀분석에 대해 활용은 예측 경향을 설명할 때 쓴다고, 그리고 비유는 흩어진 점 사이에 길을 그어 보는 일이라고 설명했습니다.",True,,,,,False,False,0.8837209302325582,0.34285714285714286,0.4418604651162791,0.17142857142857143,True,False,4.291725699964445,2.134502100001555,,,,,question+passage,"심화 오전반 3차 회귀분석 설명에 대해 비유는 흩어진 점 사이에 길을 그어 보는 일이라고, 주의점은 모든 원인을 증명하지는 않는다고, 그리고 활용은 예측 경향을 설명할 때 쓴다고 설명했습니다.",심화 오전반 3차 회귀분석 설명 중 활용과 비유에 해당하는 내용만 답해요 was answered by Kevin Lee like that.
dataset_ko_157_final,entity_simple_hard_test_statistics_00359:final:0,entity_simple_hard_test_statistics_00359,entity_simple_hard_test_statistics_00359,True,same_source_sibling_facts,1,4,23,20,세미나 2팀 4차 회귀분석 설명 중 주의점과 의미에 해당하는 내용만 답해줘.,"세미나 2팀 4차 회귀분석에 대해 주의점은 모든 원인을 증명하지는 않는다고, 그리고 의미는 관계의 경향 설명이라고 설명했습니다.",True,,,,,False,False,0.5454545454545455,0.5,0.27272727272727276,0.25,True,False,2.8247926000040025,1.9676891999552026,,,,,tie,"세미나 2팀 4차 회귀분석 설명에 대해 주의점은 관찰 수가 다른 점에 대해 설명했다고, 의미는 관계의 경향 설명에 대해 추가했다.",세미나 2팀 4차 회귀분석 설명 중 주의점과 의미에 해당하는 내용만说道道表示敬意的场合
dataset_ko_158_final,entity_simple_hard_test_marketing_00058:final:0,entity_simple_hard_test_marketing_00058,entity_simple_hard_test_marketing_00058,True,same_source_sibling_facts,1,4,23,20,교수님이 실습 2팀 1차 스터디 모집의 성과 지표와 핵심 채널을 어떻게 말했어?,"실습 2팀 1차 스터디 모집에 대해 성과 지표는 완료율이라고, 그리고 핵심 채널은 학과 홈페이지라고 설명했습니다.",True,,,,,False,False,0.8749999999999999,0.8235294117647058,0.43749999999999994,0.4117647058823529,True,True,3.2834596000029705,3.333645400009118,,,,,question+passage,"실습 2팀 1차 스터디 모집의 성과 지표는 완료율이라고, 핵심 채널은 학과 홈페이지라고, 그리고 대상은 스터디 신청자라고 설명했습니다.","교수님이 실습 2팀 1차 스터디 모집에 대해 성과 지표는 참여율이라고, 핵심 채널은 학과 홈페이지라고, 그리고 보상은 우선 신청권이라고 설명했습니다."
dataset_ko_159_final,entity_simple_hard_test_project_00132:final:0,entity_simple_hard_test_project_00132,entity_simple_hard_test_project_00132,True,same_source_sibling_facts,1,4,23,20,가을 D반 2차 최종 발표 설명에서 마감과 공유 위치만 알려줘.,"가을 D반 2차 최종 발표에 대해 마감은 다음 주 월요일 밤이라고, 그리고 공유 위치는 팀 노션 페이지라고 설명했습니다.",True,,,,,False,False,0.7027027027027026,0.967741935483871,0.3513513513513513,0.4838709677419355,True,True,3.0771271000267006,2.4086236999719404,,,,,passage-only,"가을 D반 2차 최종 발표에 대해 마감과 공유 위치를 공유 여부는 기준이 다르다고, 댓글 위치는 팀 노션 페이지라고, 그리고 학년 반이라고 설명했습니다.","가을 D반 2차 최종 발표 설명에 대해 마감은 다음 주 월요일 밤이라고, 공유 위치는 팀 노션 페이지라고 설명했습니다."
dataset_ko_160_final,entity_simple_hard_test_dessert_00097:final:0,entity_simple_hard_test_dessert_00097,entity_simple_hard_test_dessert_00097,True,same_source_sibling_facts,1,4,23,20,심화 오후반 1차 솜사탕에서 색깔과 비유를 함께 정리해줘.,"심화 오후반 1차 솜사탕에 대해 색깔은 분홍색이라고, 그리고 비유는 구름 같은 간식이라고 설명했습니다.",True,,,,,False,False,0.8387096774193548,0.8387096774193548,0.4193548387096774,0.4193548387096774,True,True,3.406667399976868,3.3673178000026383,,,,,tie,"심화 오후반 1차 솜사탕에 대해 색깔은 분홍색이라고, 비유는 구름 같은 간식이라고, 그리고 특징은 입에 닿으면 빠르게 사라진다고 설명했습니다.","심화 오후반 1차 솜사탕에 대해 색깔은 분홍색이라고, 비유는 구름 같은 간식이라고, 그리고 특징은 입에 닿으면 빠르게 사라진다고 설명했습니다."
dataset_ko_161_final,entity_simple_hard_test_dessert_00338:final:0,entity_simple_hard_test_dessert_00338,entity_simple_hard_test_dessert_00338,True,same_source_sibling_facts,1,4,23,20,교수님이 실습 D반 4차 마카롱의 비유와 색깔을 어떻게 말했어?,"실습 D반 4차 마카롱에 대해 비유는 작은 보석 상자라고, 그리고 색깔은 알록달록하다고 설명했습니다.",True,,,,,False,False,0.7692307692307693,0.9600000000000001,0.38461538461538464,0.48000000000000004,True,True,2.4021069000009447,2.1964996000169776,,,,,passage-only,"교수님이 실습 D반 4차 마카롱의 비유는 작은 보석 상자라고, 색깔은 반짝이는 큰 색이라고 설명했습니다.","실습 D반 4차 마카롱에 대해 비유는 작은 보석 상자라고, 색깔은 알록달록하다고 설명했습니다."
dataset_ko_162_final,entity_simple_hard_test_project_00396:final:0,entity_simple_hard_test_project_00396,entity_simple_hard_test_project_00396,True,same_source_sibling_facts,1,4,23,20,정규 오후반 4차 최종 발표 설명에서 담당과 확인 기준만 알려줘.,"정규 오후반 4차 최종 발표에 대해 담당은 기획 파트라고, 그리고 확인 기준은 근거 제시 여부라고 설명했습니다.",True,,,,,False,False,0.888888888888889,0.4761904761904762,0.4444444444444445,0.2380952380952381,True,False,3.0841462000389583,4.190830300038215,,,,,question+passage,"정규 오후반 4차 최종 발표에 대해 확인 기준은 근거 제시 여부라고, 공유 위치는 팀 노션 페이지라고, 그리고 담당은 기획 파트라고 설명했습니다.","정규 오후반 4차 최종 발표 설명 확인 기준으로 오류 종류에 따라 다른 책임을 기준으로, 담당은 기획流程 점검 담당으로, 성능 마감 담당으로 분활, 성능 기준은 시간대 담당으로 설명했습니다."
dataset_ko_163_final,entity_simple_hard_test_marketing_00059:final:0,entity_simple_hard_test_marketing_00059,entity_simple_hard_test_marketing_00059,True,same_source_sibling_facts,1,4,23,20,세미나 2팀 1차 멘토링 이벤트 설명 중 성과 지표와 핵심 채널에 해당하는 내용만 답해줘.,"세미나 2팀 1차 멘토링 이벤트에 대해 성과 지표는 재방문율이라고, 그리고 핵심 채널은 이메일 뉴스레터라고 설명했습니다.",True,,,,,False,False,0.8108108108108109,0.8571428571428571,0.40540540540540543,0.42857142857142855,True,True,4.398788399994373,4.520780999970157,,,,,tie,"세미나 2팀 1차 멘토링 이벤트 설명에 대해 핵심 채널은 이메일 뉴스레터라고, 성과 지표는 재방문율이라고, 그리고 비교 기준은 다음 그룹으로부터 재방문율 측정 결과라고 설명했습니다.","세미나 2팀 1차 멘토링 이벤트에 대해 성과 지표는 재방문율이라고, 핵심 채널은 이메일 뉴스레터라고, 그리고 핵심 채널의 연결고리가 뉴스레터 링크라고 설명했습니다."
dataset_ko_164_final,entity_simple_hard_test_art_history_00378:final:0,entity_simple_hard_test_art_history_00378,entity_simple_hard_test_art_history_00378,True,same_source_sibling_facts,1,4,23,20,교수님이 실습 4팀 4차 인상주의의 비교 포인트와 비유를 어떻게 말했어?,"실습 4팀 4차 인상주의에 대해 비교 포인트는 정확한 윤곽보다 색감이 중요하다고, 그리고 비유는 햇빛이 흔들리는 수면에 비친 모습이라고 설명했습니다.",True,,,,,False,False,0.8636363636363636,0.5555555555555555,0.4318181818181818,0.27777777777777773,True,True,4.400507899990771,5.847145100007765,,,,,question+passage,"교수님이 실습 4팀 4차 인상주의에 대해 비유는 햇빛이 흔들리는 수면에 비친 모습이라고, 목적은 관찰 순간을 살리는 것이라고, 그리고 비교 포인트는 정확한 윤곽보다 색감이 중요하다고 설명했습니다.","교수님의 실습 4팀 4차 인상주의의 비교 포인트와 비유에 대해 like가 없는 비교는 존재하지만 사실을 강조하는 것이라고, 핵심 특징은 빛의 순간적인 비교가 아닌 실습 4팀 4차 인상주의의 비교라고, 그리고 비유는 햇빛이 흔들리는 수면에 비친 모습이라고 설명했습니다."
dataset_ko_165_final,entity_simple_hard_test_project_00156:final:0,entity_simple_hard_test_project_00156,entity_simple_hard_test_project_00156,True,same_source_sibling_facts,1,4,23,20,정규 2팀 2차 최종 발표 설명에서 확인 기준과 담당만 알려줘.,"정규 2팀 2차 최종 발표에 대해 확인 기준은 근거 제시 여부라고, 그리고 담당은 기획 파트라고 설명했습니다.",True,,,,,False,False,0.7027027027027026,0.31999999999999995,0.3513513513513513,0.15999999999999998,True,False,3.485725100035779,5.1098543999833055,,,,,question+passage,"정규 2팀 2차 최종 발표 설명에 대해 확인 기준과 담당을 공유는 기획 파트라고, 담당은 기획 파트라고, 그리고 마감은 다음 주 월요일 밤이라고 설명했습니다.",정규 2팀 2차 최종 발표 설명에 대해 확인 기준은 확인 내역을 기반으로 수정이 필요하면 세부 설명 요청이 있으면 확인 하지 만 원칙은 1주일 이内在 금 maximum는 1 day 금 maximum는 3分 내로 수정提供する 내용은 불합리한 주장만 요점 설명이라고 설명이라고 한다.
dataset_ko_166_final,entity_simple_hard_test_statistics_00333:final:0,entity_simple_hard_test_statistics_00333,entity_simple_hard_test_statistics_00333,True,same_source_sibling_facts,1,4,23,20,겨울 D반 4차 신뢰구간에서 비유와 활용을 함께 정리해줘.,"겨울 D반 4차 신뢰구간에 대해 비유는 정답이 있을 법한 범위를 그은 지도라고, 그리고 활용은 추정의 불확실성을 설명할 때 쓴다고 설명했습니다.",True,,,,,False,False,0.9047619047619047,0.8837209302325582,0.45238095238095233,0.4418604651162791,True,True,3.8486162000335753,4.07163690001471,,,,,tie,"겨울 D반 4차 신뢰구간에 대해 비유는 정답이 있을 법한 범위를 그은 지도라고, 활용은 추정의 불확실성을 설명할 때 쓴다고, 그리고 의미는 모수 추정 범위라고 설명했습니다.","겨울 D반 4차 신뢰구간에 대해 비유는 정답이 있을 법한 범위를 그은 지도라고, 활용은 추정의 불확실성을 설명할 때 쓴다고, 그리고 주의점은 정답 하나를 보장하지 않는다고 설명했습니다."
dataset_ko_167_final,entity_simple_hard_test_os_concept_00294:final:0,entity_simple_hard_test_os_concept_00294,entity_simple_hard_test_os_concept_00294,True,same_source_sibling_facts,1,4,23,20,교수님이 캡스톤 오후반 3차 캐시의 역할과 장점을 어떻게 말했어?,"캡스톤 오후반 3차 캐시에 대해 역할은 자주 쓰는 정보를 가까이 둔다고, 그리고 장점은 반복 접근을 빠르게 만든다고 설명했습니다.",True,,,,,False,False,0.5714285714285715,0.9444444444444444,0.28571428571428575,0.4722222222222222,True,True,4.519141299999319,3.5564022999606095,,,,,passage-only,"교수님이 캡스톤 오후반 3차 쐐기의 역할에 대해 주의점은 반복 접근을 빠르게 만든다고, 비유는 책상 위에 올려둔 책이라고, 그리고 장점은 반복 접근을 빠르게 만든다고 설명했습니다.","교수님의 캡스톤 오후반 3차 캐시에 대해 역할은 자주 쓰는 정보를 가까이 둔다고, 장점은 반복 접근을 빠르게 만든다고 설명했습니다."
dataset_ko_168_final,entity_simple_hard_test_art_history_00257:final:0,entity_simple_hard_test_art_history_00257,entity_simple_hard_test_art_history_00257,True,same_source_sibling_facts,1,4,23,20,심화 2팀 3차 입체주의에서 목적과 핵심 특징을 함께 정리해줘.,"심화 2팀 3차 입체주의에 대해 목적은 대상을 새롭게 해석하는 것이라고, 그리고 핵심 특징은 여러 시점이라고 설명했습니다.",True,,,,,False,False,0.8205128205128205,0.8648648648648648,0.41025641025641024,0.4324324324324324,True,True,3.8734972999664024,3.354930800036527,,,,,tie,"심화 2팀 3차 입체주의에 대해 핵심 특징은 여러 시점이라고, 비유는 여러 방향에서 본 사물을 한 화면에 놓는 방식이라고, 그리고 목적은 대상을 새롭게 해석하는 것이라고 설명했습니다.","심화 2팀 3차 입체주의에 대해 목적은 대상을 새롭게 해석하는 것이라고, 핵심 특징은 여러 시점이라고, 그리고 형상은 대상을 새롭게 해석하는 직线이라고 설명했습니다."
dataset_ko_169_final,entity_simple_hard_test_art_history_00137:final:0,entity_simple_hard_test_art_history_00137,entity_simple_hard_test_art_history_00137,True,same_source_sibling_facts,1,4,23,20,심화 D반 2차 입체주의에서 비유와 비교 포인트를 함께 정리해줘.,"심화 D반 2차 입체주의에 대해 비유는 여러 방향에서 본 사물을 한 화면에 놓는 방식이라고, 그리고 비교 포인트는 단일 원근과 다르다고 설명했습니다.",True,,,,,False,False,0.8837209302325582,0.45714285714285713,0.4418604651162791,0.22857142857142856,True,False,3.939801200001966,4.531986800022423,,,,,question+passage,"심화 D반 2차 입체주의에 대해 비유는 여러 방향에서 본 사물을 한 화면에 놓는 방식이라고, 목적은 대상을 새롭게 해석하는 것이라고, 그리고 비교 포인트는 단일 원근과 다르다고 설명했습니다.","심화 D반 2차 입체주의에 대해 비유는 단일 경로로 아니, 여러 경로로 나	breakdown: 심화 되는 것으로 봅니다.''''''''''''''''''''''''''''''''''''''''''''''''''''''''''''''''''"
dataset_ko_170_final,entity_simple_hard_test_marketing_00275:final:0,entity_simple_hard_test_marketing_00275,entity_simple_hard_test_marketing_00275,True,same_source_sibling_facts,1,4,23,20,파일럿 4팀 3차 멘토링 이벤트 설명 중 보상과 대상에 해당하는 내용만 답해줘.,"파일럿 4팀 3차 멘토링 이벤트에 대해 보상은 포인트 500점이라고, 그리고 대상은 멘토링 참여 학생이라고 설명했습니다.",True,,,,,False,False,0.9090909090909091,0.8823529411764706,0.45454545454545453,0.4411764705882353,True,True,3.55087849998381,4.04026929999236,,,,,tie,"파일럿 4팀 3차 멘토링 이벤트에 대해 보상은 포인트 500점이라고, 대상은 멘토링 참여 학생이라고, 그리고 성과 지표는 재방문율이라고 설명했습니다.","파일럿 4팀 3차 멘토링 이벤트에 대해 보상은 포인트 500점이라고, 핵심 채널은 이메일 뉴스레터라고, 그리고 대상은 멘토링 참여 학생이라고 설명했습니다."
dataset_ko_171_final,entity_simple_hard_test_os_concept_00316:final:0,entity_simple_hard_test_os_concept_00316,entity_simple_hard_test_os_concept_00316,True,same_source_sibling_facts,1,4,23,20,정규 B반 4차 프로세스 설명에서 비유와 주의점만 알려줘.,"정규 B반 4차 프로세스에 대해 비유는 독립된 식당이라고, 그리고 주의점은 자원을 너무 많이 쓰면 느려질 수 있다고 설명했습니다.",True,,,,,False,False,0.85,0.8947368421052632,0.425,0.4473684210526316,True,True,4.010465800005477,3.566564200038556,,,,,tie,"정규 B반 4차 프로세스 설명에 대해 비유는 독립된 식당이라고, 장점은 서로 영향을 줄이는 데 도움이 된다고, 그리고 주의점은 자원을 너무 많이 쓰면 느려질 수 있다고 설명했습니다.","정규 B반 4차 프로세스에 대해 비유는 독립된 식당이라고, 주의점은 자원을 너무 많이 쓰면 느려질 수 있다고, 그리고 역할은 독립된 실행 공간이라고 설명했습니다."
dataset_ko_172_final,entity_simple_hard_test_dessert_00313:final:0,entity_simple_hard_test_dessert_00313,entity_simple_hard_test_dessert_00313,True,same_source_sibling_facts,1,4,23,20,겨울 B반 4차 솜사탕에서 맛과 특징을 함께 정리해줘.,"겨울 B반 4차 솜사탕에 대해 맛은 가볍게 달콤하다고, 그리고 특징은 입에 닿으면 빠르게 사라진다고 설명했습니다.",True,,,,,False,False,0.9375,0.9375,0.46875,0.46875,True,True,3.351728599984199,3.346115199965425,,,,,tie,"겨울 B반 4차 솜사탕에 대해 맛은 가볍게 달콤하다고, 특징은 입에 닿으면 빠르게 사라진다고, 그리고 색깔은 분홍색이라고 설명했습니다.","겨울 B반 4차 솜사탕에 대해 맛은 가볍게 달콤하다고, 특징은 입에 닿으면 빠르게 사라진다고, 그리고 색깔은 분홍색이라고 설명했습니다."
dataset_ko_173_final,entity_simple_hard_test_project_00014:final:0,entity_simple_hard_test_project_00014,entity_simple_hard_test_project_00014,True,same_source_sibling_facts,1,4,23,20,교수님이 캡스톤 B반 1차 AI 모델 평가의 담당과 확인 기준을 어떻게 말했어?,"캡스톤 B반 1차 AI 모델 평가에 대해 담당은 AI 파트라고, 그리고 확인 기준은 정답률이라고 설명했습니다.",True,,,,,False,False,0.9333333333333333,0.7777777777777778,0.4666666666666667,0.3888888888888889,True,True,2.525468399981037,3.347655199992005,,,,,question+passage,"교수님 캡스톤 B반 1차 AI 모델 평가에 대해 담당은 AI 파트라고, 확인 기준은 정답률이라고 설명했습니다.","캡스톤 B반 1차 AI 모델 평가에 대해 담당은 AI 파트라고, 확인 기준은 정답률을 기준으로 설명했다고, 그리고 기간은 금요일 자정 전이라고 설명했습니다."
dataset_ko_174_final,entity_simple_hard_test_os_concept_00221:final:0,entity_simple_hard_test_os_concept_00221,entity_simple_hard_test_os_concept_00221,True,same_source_sibling_facts,1,4,23,20,여름 C반 3차 스레드에서 비유와 주의점을 함께 정리해줘.,"여름 C반 3차 스레드에 대해 비유는 같은 식당 안에서 일하는 직원이라고, 그리고 주의점은 공유 자원 관리가 필요하다고 설명했습니다.",True,,,,,False,False,0.878048780487805,0.717948717948718,0.4390243902439025,0.358974358974359,True,True,3.526282699953299,3.1516011000494473,,,,,question+passage,"여름 C반 3차 스레드에 대해 비유는 같은 식당 안에서 일하는 직원이라고, 장점은 작업을 가볍게 나눌 수 있다고, 그리고 주의점은 공유 자원 관리가 필요하다고 설명했습니다.","여름 C반 3차 스레드에 대해 비유는 같은 식당 안에서 일하는 직원이라고, 주의점은 여러 번 반복하는 작업은 없음이라고, 그리고 개념은 상태가 아니라다고 설명했습니다."
dataset_ko_175_final,entity_simple_hard_test_dessert_00267:final:0,entity_simple_hard_test_dessert_00267,entity_simple_hard_test_dessert_00267,True,same_source_sibling_facts,1,4,23,20,심화 3팀 3차 브라우니 설명 중 특징과 맛에 해당하는 내용만 답해줘.,"심화 3팀 3차 브라우니에 대해 특징은 속이 촉촉하게 남는다고, 그리고 맛은 묵직하게 달콤하다고 설명했습니다.",True,,,,,False,False,0.9032258064516129,0.9032258064516129,0.45161290322580644,0.45161290322580644,True,True,3.5611579999676906,3.5127913000178523,,,,,tie,"심화 3팀 3차 브라우니에 대해 특징은 속이 촉촉하게 남는다고, 맛은 묵직하게 달콤하다고, 그리고 색깔은 진한 갈색이라고 설명했습니다.","심화 3팀 3차 브라우니에 대해 특징은 속이 촉촉하게 남는다고, 맛은 묵직하게 달콤하다고, 그리고 색깔은 진한 갈색이라고 설명했습니다."
dataset_ko_176_final,entity_simple_hard_test_art_history_00235:final:0,entity_simple_hard_test_art_history_00235,entity_simple_hard_test_art_history_00235,True,same_source_sibling_facts,1,4,23,20,파일럿 D반 3차 르네상스 설명 중 비유와 비교 포인트에 해당하는 내용만 답해줘.,"파일럿 D반 3차 르네상스에 대해 비유는 사람을 화면 중앙에 다시 세우는 방식이라고, 그리고 비교 포인트는 절대왕정 중심 설명과 다르다고 설명했습니다.",True,,,,,False,False,0.8837209302325582,0.8837209302325582,0.4418604651162791,0.4418604651162791,True,True,4.14833560003899,4.112698799988721,,,,,tie,"파일럿 D반 3차 르네상스에 대해 비유는 사람을 화면 중앙에 다시 세우는 방식이라고, 목적은 사람의 가치를 드러내는 것이라고, 그리고 비교 포인트는 절대왕정 중심 설명과 다르다고 설명했습니다.","파일럿 D반 3차 르네상스에 대해 비유는 사람을 화면 중앙에 다시 세우는 방식이라고, 목적은 사람의 가치를 드러내는 것이라고, 그리고 비교 포인트는 절대왕정 중심 설명과 다르다고 설명했습니다."
dataset_ko_177_final,entity_simple_hard_test_art_history_00283:final:0,entity_simple_hard_test_art_history_00283,entity_simple_hard_test_art_history_00283,True,same_source_sibling_facts,1,4,23,20,겨울 오전반 3차 르네상스 설명 중 비교 포인트와 비유에 해당하는 내용만 답해줘.,"겨울 오전반 3차 르네상스에 대해 비교 포인트는 절대왕정 중심 설명과 다르다고, 그리고 비유는 사람을 화면 중앙에 다시 세우는 방식이라고 설명했습니다.",True,,,,,False,False,0.8837209302325582,0.9047619047619047,0.4418604651162791,0.45238095238095233,True,True,4.084286299999803,3.7892302999971434,,,,,tie,"겨울 오전반 3차 르네상스에 대해 비유는 사람을 화면 중앙에 다시 세우는 방식이라고, 목적은 사람의 가치를 드러내는 것이라고, 그리고 비교 포인트는 절대왕정 중심 설명과 다르다고 설명했습니다.","겨울 오전반 3차 르네상스에 대해 비교 포인트는 절대왕정 중심 설명과 다르다고, 비유은 사람을 화면 중앙에 다시 세우는 방식이라고, 그리고 비유은 인간 가치 설명이라고 설명했습니다."
dataset_ko_178_final,entity_simple_hard_test_art_history_00041:final:0,entity_simple_hard_test_art_history_00041,entity_simple_hard_test_art_history_00041,True,same_source_sibling_facts,1,4,23,20,여름 1팀 1차 입체주의에서 비유와 비교 포인트를 함께 정리해줘.,"여름 1팀 1차 입체주의에 대해 비유는 여러 방향에서 본 사물을 한 화면에 놓는 방식이라고, 그리고 비교 포인트는 단일 원근과 다르다고 설명했습니다.",True,,,,,False,False,0.8837209302325582,0.6500000000000001,0.4418604651162791,0.32500000000000007,True,True,3.972548599995207,3.2426315000047907,,,,,question+passage,"여름 1팀 1차 입체주의에 대해 비유는 여러 방향에서 본 사물을 한 화면에 놓는 방식이라고, 목적은 대상을 새롭게 해석하는 것이라고, 그리고 비교 포인트는 단일 원근과 다르다고 설명했습니다.","여름 1팀 1차 입체주의에 대해 비유는 단일 원근과 다르다고, 목적은 대상을 새롭게 해석하는 것이라고, 그리고 비교 포인트는 단일 원근과 다르다고 설명했습니다."
dataset_ko_179_final,entity_simple_hard_test_dessert_00001:final:0,entity_simple_hard_test_dessert_00001,entity_simple_hard_test_dessert_00001,True,same_source_sibling_facts,1,4,23,20,여름 A반 1차 솜사탕에서 색깔과 비유를 함께 정리해줘.,"여름 A반 1차 솜사탕에 대해 색깔은 분홍색이라고, 그리고 비유는 구름 같은 간식이라고 설명했습니다.",True,,,,,False,False,0.8387096774193548,0.7272727272727274,0.4193548387096774,0.3636363636363637,True,True,3.3267629999900237,3.775345300033223,,,,,question+passage,"여름 A반 1차 솜사탕에 대해 색깔은 분홍색이라고, 비유는 구름 같은 간식이라고, 그리고 특징은 입에 닿으면 빠르게 사라진다고 설명했습니다.","여름 A반 1차 솜사탕에 대해 색깔로 분류하면 분홍색이라고, 비유로는 구름 같은 간식이라고, 그리고 비유적 특징으로는 입에 닿으면 빠르게 사라진다고 설명했습니다."
dataset_ko_180_final,entity_simple_hard_test_marketing_00369:final:0,entity_simple_hard_test_marketing_00369,entity_simple_hard_test_marketing_00369,True,same_source_sibling_facts,1,4,23,20,세미나 3팀 4차 동아리 홍보에서 보상과 대상을 함께 정리해줘.,"세미나 3팀 4차 동아리 홍보에 대해 보상은 굿즈 추첨권이라고, 그리고 대상은 동아리 회원이라고 설명했습니다.",True,,,,,False,False,0.7741935483870968,0.689655172413793,0.3870967741935484,0.3448275862068965,True,True,3.45094790001167,3.293371699983254,,,,,question+passage,"세미나 3팀 4차 동아리 홍보에 대해 보상은 참여권을 던진다고, 대상은 동아리 회원이라고, 그리고 핵심 채널은 오픈채팅방이라고 설명했습니다.","세미나 3팀 4차 동아리 홍보에 대해 보상은 굿즈 추첨권이라고 했고, 핵심 채널은 오픈채팅방이라고 했다고 설명했습니다."
dataset_ko_181_final,entity_simple_hard_test_project_00134:final:0,entity_simple_hard_test_project_00134,entity_simple_hard_test_project_00134,True,same_source_sibling_facts,1,4,23,20,교수님이 캡스톤 D반 2차 AI 모델 평가의 마감과 공유 위치를 어떻게 말했어?,"캡스톤 D반 2차 AI 모델 평가에 대해 마감은 금요일 자정 전이라고, 그리고 공유 위치는 회의록 폴더라고 설명했습니다.",True,,,,,False,False,0.9090909090909091,0.9189189189189189,0.45454545454545453,0.45945945945945943,True,True,2.792877799947746,3.1796762999729253,,,,,tie,"교수님 캡스톤 D반 2차 AI 모델 평가의 마감은 금요일 자정 전이라고, 공유 위치는 회의록 폴더라고 설명했습니다.","캡스톤 D반 2차 AI 모델 평가에 대해 마감은 금요일 자정 전이라고, 공유 위치는 회의록 폴더라고, 그리고 확인 기준은 정답률이라고 설명했습니다."
dataset_ko_182_final,entity_simple_hard_test_os_concept_00172:final:0,entity_simple_hard_test_os_concept_00172,entity_simple_hard_test_os_concept_00172,True,same_source_sibling_facts,1,4,23,20,가을 4팀 2차 프로세스 설명에서 주의점과 비유만 알려줘.,"가을 4팀 2차 프로세스에 대해 주의점은 자원을 너무 많이 쓰면 느려질 수 있다고, 그리고 비유는 독립된 식당이라고 설명했습니다.",True,,,,,False,False,0.7619047619047621,0.7804878048780487,0.38095238095238104,0.39024390243902435,True,True,4.204221999971196,4.099924399983138,,,,,tie,"가을 4팀 2차 프로세스 설명에 대해 비유는 독립된 실행 공간을 가진다고, 장점은 서로 영향을 줄이는 데 도움이 된다고, 그리고 주의점은 자원을 너무 많이 쓰면 느려질 수 있다고 설명했습니다.","가을 4팀 2차 프로세스에 대해 주의점은 자원을 너무 많이 쓰면 느려질 수 있다고, 비유는 먹을 때 맥을 너무 안타까운다고, 그리고 역할은 독립된 실행 공간을 가진다고 설명했습니다."
dataset_ko_183_final,entity_simple_hard_test_statistics_00047:final:0,entity_simple_hard_test_statistics_00047,entity_simple_hard_test_statistics_00047,True,same_source_sibling_facts,1,4,23,20,심화 1팀 1차 회귀분석 설명 중 비유와 활용에 해당하는 내용만 답해줘.,"심화 1팀 1차 회귀분석에 대해 비유는 흩어진 점 사이에 길을 그어 보는 일이라고, 그리고 활용은 예측 경향을 설명할 때 쓴다고 설명했습니다.",True,,,,,False,False,0.8837209302325582,0.380952380952381,0.4418604651162791,0.1904761904761905,True,False,4.346283200022299,3.814390200015623,,,,,question+passage,"심화 1팀 1차 회귀분석 설명에 대해 비유는 흩어진 점 사이에 길을 그어 보는 일이라고, 활용은 예측 경향을 설명할 때 쓴다고, 그리고 주의점은 모든 원인을 증명하지는 않는다고 설명했습니다.","심화 1팀 1차 회귀분석 설명 중 비유와 활용에 해당하는 내용만 답해주는 질문의 유형은 다른 질문 유형과 다르다고, 부분적으로 숫자가 없는 설명과 관련 있다고, 그리고 영향과 추정쯤 이해라고 설명했습니다."
dataset_ko_184_final,entity_simple_hard_test_art_history_00115:final:0,entity_simple_hard_test_art_history_00115,entity_simple_hard_test_art_history_00115,True,same_source_sibling_facts,1,4,23,20,파일럿 B반 2차 르네상스 설명 중 핵심 특징과 목적에 해당하는 내용만 답해줘.,"파일럿 B반 2차 르네상스에 대해 핵심 특징은 인문주의라고, 그리고 목적은 사람의 가치를 드러내는 것이라고 설명했습니다.",True,,,,,False,False,0.8108108108108109,0.9090909090909091,0.40540540540540543,0.45454545454545453,True,True,3.8318411000072956,3.3454072999884374,,,,,passage-only,"파일럿 B반 2차 르네상스에 대해 핵심 특징은 인문주의라고, 비유는 사람을 화면 중앙에 다시 세우는 방식이라고, 그리고 목적은 사람의 가치를 드러내는 것이라고 설명했습니다.","파일럿 B반 2차 르네상스에 대해 핵심 특징은 인문주의라고, 목적은 사람의 가치를 드러내는 것이라고, 그리고 핵심 특징은 인문주의라고 설명했습니다."
dataset_ko_185_final,entity_simple_hard_test_dessert_00264:final:0,entity_simple_hard_test_dessert_00264,entity_simple_hard_test_dessert_00264,True,same_source_sibling_facts,1,4,23,20,캡스톤 3팀 3차 초콜렛 설명에서 특징과 맛만 알려줘.,"캡스톤 3팀 3차 초콜렛에 대해 특징은 입안에서 천천히 녹는다고, 그리고 맛은 달콤하다고 설명했습니다.",True,,,,,False,False,0.8666666666666666,0.9285714285714286,0.4333333333333333,0.4642857142857143,True,True,3.10612069995841,3.061861799971666,,,,,passage-only,"캡스톤 3팀 3차 초콜렛에 대해 특징은 입안에서 천천히 녹는다고, 맛은 달콤하다고, 그리고 비유는 작은 선물 상자라고 설명했습니다.","캡스톤 3팀 3차 초콜렛에 대해 특징은 입안에서 천천히 녹는다고, 맛은 달콤하다고, 그리고 색깔은 검정색이라고 설명했습니다."
dataset_ko_186_final,entity_simple_hard_test_statistics_00095:final:0,entity_simple_hard_test_statistics_00095,entity_simple_hard_test_statistics_00095,True,same_source_sibling_facts,1,4,23,20,파일럿 오후반 1차 회귀분석 설명 중 활용과 비유에 해당하는 내용만 답해줘.,"파일럿 오후반 1차 회귀분석에 대해 활용은 예측 경향을 설명할 때 쓴다고, 그리고 비유는 흩어진 점 사이에 길을 그어 보는 일이라고 설명했습니다.",True,,,,,False,False,0.8636363636363636,0.24489795918367346,0.4318181818181818,0.12244897959183673,True,False,4.302368299977388,4.845172800007276,,,,,question+passage,"파일럿 오후반 1차 회귀분석 설명 중 활용에 대해 비유는 흩어진 점 사이에 길을 그어 보는 일이라고, 주의점은 모든 원인을 증명하지는 않는다고, 그리고 활용은 예측 경향을 설명할 때 쓴다고 설명했습니다.","파일럿 오후반 1차 회귀분석 설명 중 활용과 비유에 해당하는 내용만 답해주는 질문이라고 설명하고, 이유는 이해하기 쉽게 비유를 추천하는 것이라고 설명하고, 그러나 단점은 전체적인 맛을 설명하지는 못한다고 설명하고, 마지막으로 핵심은 관계의 점이라고总结한다."
dataset_ko_187_final,entity_simple_hard_test_os_concept_00270:final:0,entity_simple_hard_test_os_concept_00270,entity_simple_hard_test_os_concept_00270,True,same_source_sibling_facts,1,4,23,20,교수님이 봄 4팀 3차 캐시의 주의점과 비유를 어떻게 말했어?,"봄 4팀 3차 캐시에 대해 주의점은 오래된 정보가 남을 수 있다고, 그리고 비유는 책상 위에 올려둔 책이라고 설명했습니다.",True,,,,,False,False,0.8648648648648648,0.5882352941176471,0.4324324324324324,0.29411764705882354,True,True,3.7133104000240564,3.1773859000531957,,,,,question+passage,"봄 4팀 3차 캐시에 대해 비유는 책상 위에 올려둔 책이라고, 장점은 반복 접근을 빠르게 만든다고, 그리고 주의점은 오래된 정보가 남을 수 있다고 설명했습니다.","교수님의 캐시에 대해 주의점은 오래된 정보가 남을 수 있다고, 비유는 먼지가 남을 수 있다고, 그리고 목적은 정보를 빠르게 만드는이라고 설명했습니다."
dataset_ko_188_final,entity_simple_hard_test_dessert_00072:final:0,entity_simple_hard_test_dessert_00072,entity_simple_hard_test_dessert_00072,True,same_source_sibling_facts,1,4,23,20,가을 4팀 1차 초콜렛 설명에서 특징과 맛만 알려줘.,"가을 4팀 1차 초콜렛에 대해 특징은 입안에서 천천히 녹는다고, 그리고 맛은 달콤하다고 설명했습니다.",True,,,,,False,False,0.8666666666666666,0.9285714285714286,0.4333333333333333,0.4642857142857143,True,True,3.07339650002541,3.020282200013753,,,,,passage-only,"가을 4팀 1차 초콜렛에 대해 특징은 입안에서 천천히 녹는다고, 맛은 달콤하다고, 그리고 비유는 작은 선물 상자라고 설명했습니다.","가을 4팀 1차 초콜렛에 대해 특징은 입안에서 천천히 녹는다고, 맛은 달콤하다고, 그리고 색깔은 검정색이라고 설명했습니다."
dataset_ko_189_final,entity_simple_hard_test_statistics_00284:final:0,entity_simple_hard_test_statistics_00284,entity_simple_hard_test_statistics_00284,True,same_source_sibling_facts,1,4,23,20,캡스톤 오전반 3차 표본분산 설명에서 활용과 비유만 알려줘.,"캡스톤 오전반 3차 표본분산에 대해 활용은 데이터 변동성을 볼 때 쓴다고, 그리고 비유는 점들이 얼마나 퍼졌는지 보는 자라고 설명했습니다.",True,,,,,False,False,0.8947368421052632,0.8947368421052632,0.4473684210526316,0.4473684210526316,True,True,3.7618939999956638,3.831098700000439,,,,,tie,"캡스톤 오전반 3차 표본분산에 대해 비유는 점들이 얼마나 퍼졌는지 보는 자라고, 주의점은 순위 정렬과 다르다고, 그리고 활용은 데이터 변동성을 볼 때 쓴다고 설명했습니다.","캡스톤 오전반 3차 표본분산 설명에 대해 활용은 데이터 변동성을 볼 때 쓴다고, 비유는 점들이 얼마나 퍼졌는지 보는 자라고, 그리고 주의점은 순위 정렬과 다르다고 설명했습니다."
dataset_ko_190_final,entity_simple_hard_test_project_00158:final:0,entity_simple_hard_test_project_00158,entity_simple_hard_test_project_00158,True,same_source_sibling_facts,1,4,23,20,교수님이 실습 2팀 2차 AI 모델 평가의 확인 기준과 담당을 어떻게 말했어?,"실습 2팀 2차 AI 모델 평가에 대해 확인 기준은 정답률이라고, 그리고 담당은 AI 파트라고 설명했습니다.",True,,,,,False,False,0.5128205128205129,0.5106382978723405,0.25641025641025644,0.25531914893617025,True,True,3.851325399999041,5.528173400030937,,,,,tie,"교수님은 AI 모델 평가의 확인 기준을 모델 분류를 버튼 아래에 해당하는 칸을 가르키했다고, 담당은 AI 파트라고, 그리고 확인 버튼 아래에 해당하는 칸을 가르키했다고 설명했습니다.","실습 2팀 2차 AI 모델 평가에 대해 확인 기준은 정답률을 설명하며 담당은 수학팀이라고, 확인 기준은 정답률을 확인하며 반 예시는 거절 예시를 설명하며 정답률을 확인하는 기준은 정답률을 반 예시를 의미한다고, 그리고 담당은 알고리즘 폴더라고 설명했습니다."
dataset_ko_191_final,entity_simple_hard_test_project_00183:final:0,entity_simple_hard_test_project_00183,entity_simple_hard_test_project_00183,True,same_source_sibling_facts,1,4,23,20,겨울 오전반 2차 프론트엔드 점검 설명 중 공유 위치와 마감에 해당하는 내용만 답해줘.,"겨울 오전반 2차 프론트엔드 점검에 대해 공유 위치는 프로젝트 슬랙 채널이라고, 그리고 마감은 다음 달 첫째 주 화요일이라고 설명했습니다.",True,,,,,False,False,0.9696969696969697,0.8108108108108107,0.48484848484848486,0.4054054054054054,True,True,3.1884652000153437,3.598729299963452,,,,,question+passage,"겨울 오전반 2차 프론트엔드 점검 설명에 대해 공유 위치는 프로젝트 슬랙 채널이라고, 마감은 다음 달 첫째 주 화요일이라고 설명했습니다.","겨울 오전반 2차 프론트엔드 점검에 대해 공유 위치는 개인 슬랙 채널이라고, 마감은 다음 달 첫째 주 화요일이라고, 공유 대상은 unknown group이라고 설명했습니다."
dataset_ko_192_final,entity_simple_hard_test_statistics_00308:final:0,entity_simple_hard_test_statistics_00308,entity_simple_hard_test_statistics_00308,True,same_source_sibling_facts,1,4,23,20,실습 A반 4차 표본분산 설명에서 의미와 주의점만 알려줘.,"실습 A반 4차 표본분산에 대해 의미는 흩어짐 측정이라고, 그리고 주의점은 순위 정렬과 다르다고 설명했습니다.",True,,,,,False,False,0.8235294117647058,0.6086956521739131,0.4117647058823529,0.30434782608695654,True,False,3.611495000019204,1.5867549999966286,,,,,question+passage,"실습 A반 4차 표본분산에 대해 주의점은 순위 정렬과 다르다고, 의미는 흩어짐 측정이라고, 그리고 비유는 점들이 얼마나 퍼졌는지 보는 자라고 설명했습니다.",실습 A반 4차 표본분산 설명에 대해 의미와 주의점만 설명하면 됩니다.
dataset_ko_193_final,entity_simple_hard_test_os_concept_00103:final:0,entity_simple_hard_test_os_concept_00103,entity_simple_hard_test_os_concept_00103,True,same_source_sibling_facts,1,4,23,20,겨울 A반 2차 큐 설명 중 역할과 장점에 해당하는 내용만 답해줘.,"겨울 A반 2차 큐에 대해 역할은 작업을 순서대로 기다리게 한다고, 그리고 장점은 처리 순서를 명확하게 만든다고 설명했습니다.",True,,,,,False,False,0.7555555555555554,0.8205128205128205,0.3777777777777777,0.41025641025641024,True,True,4.669684699969366,3.5480437999940477,,,,,passage-only,"겨울 A반 2차 큐에 대해 장점은 처리 순서를 명확하게 만든다고, 역할은 작업을 순서대로 기다리게 한다고, 그리고 비유는 번호표를 뽑고 기다리는 줄이라고, 그리고 주의점은 대기 시간이 길어질 수 있다고 설명했습니다.","겨울 A반 2차 큐에 대해 역할은 작업을 순서대로 기다리게 한다고, 장점은 처리 순서를 명확하게 만든다고, 그리고 역할은 작업을 순서대로 기다리게 한다고 설명입니다."
dataset_ko_194_final,entity_simple_hard_test_marketing_00082:final:0,entity_simple_hard_test_marketing_00082,entity_simple_hard_test_marketing_00082,True,same_source_sibling_facts,1,4,23,20,교수님이 가을 오전반 1차 스터디 모집의 보상과 대상을 어떻게 말했어?,"가을 오전반 1차 스터디 모집에 대해 보상은 우선 신청권이라고, 그리고 대상은 스터디 신청자라고 설명했습니다.",True,,,,,False,False,0.8750000000000001,0.6666666666666666,0.43750000000000006,0.3333333333333333,True,True,3.261250799987465,2.8772066999808885,,,,,question+passage,"교수님이 가을 오전반 1차 스터디 모집에 대해 대상은 스터디 신청자라고, 성과 지표는 완료율이라고, 그리고 보상은 우선 신청권이라고 설명했습니다.","교수님이 가을 오전반 1차 스터디 모집에 대해 보상은 우선 신청권을 말하고, 대상은 핵심 채널로 전달한다고 설명했습니다."
dataset_ko_195_final,entity_simple_hard_test_art_history_00376:final:0,entity_simple_hard_test_art_history_00376,entity_simple_hard_test_art_history_00376,True,same_source_sibling_facts,1,4,23,20,정규 4팀 4차 바로크 설명에서 비교 포인트와 비유만 알려줘.,"정규 4팀 4차 바로크에 대해 비교 포인트는 평면적 구도와 구분된다고, 그리고 비유는 무대 조명이 한 장면을 강조하는 방식이라고 설명했습니다.",True,,,,,False,False,0.9,0.878048780487805,0.45,0.4390243902439025,True,True,3.89980509999441,4.260374200006481,,,,,tie,"정규 4팀 4차 바로크에 대해 비교 포인트는 평면적 구도와 구분된다고, 비유는 무대 조명이 한 장면을 강조하는 방식이라고, 그리고 핵심 특징은 극적 명암이라고 설명했습니다.","정규 4팀 4차 바로크에 대해 비교 포인트는 평면적 구도와 구분된다고, 비유는 무대 조명이 한 장면을 강조하는 방식이라고, 그리고 비유 분류는 ""진정한 왕의宫殿""과 구분된다고 설명했습니다."
dataset_ko_196_final,entity_simple_hard_test_os_concept_00196:final:0,entity_simple_hard_test_os_concept_00196,entity_simple_hard_test_os_concept_00196,True,same_source_sibling_facts,1,4,23,20,정규 오후반 2차 프로세스 설명에서 역할과 장점만 알려줘.,"정규 오후반 2차 프로세스에 대해 역할은 독립된 실행 공간을 가진다고, 그리고 장점은 서로 영향을 줄이는 데 도움이 된다고 설명했습니다.",True,,,,,False,False,0.8372093023255813,0.923076923076923,0.41860465116279066,0.4615384615384615,True,True,4.206255099968985,3.7476885999785736,,,,,passage-only,"정규 오후반 2차 프로세스 설명에 대해 주의점은 자원을 너무 많이 쓰면 느려질 수 있다고, 역할은 독립된 실행 공간을 가진다고, 그리고 장점은 서로 영향을 줄이는 데 도움이 된다고 설명했습니다.","정규 오후반 2차 프로세스에 대해 역할은 독립된 실행 공간을 가진다고, 장점은 서로 영향을 줄이는 데 도움이 된다고, 그리고 비유는 독립된 식당이라고 설명했습니다."
dataset_ko_197_final,entity_simple_hard_test_dessert_00026:final:0,entity_simple_hard_test_dessert_00026,entity_simple_hard_test_dessert_00026,True,same_source_sibling_facts,1,4,23,20,교수님이 정규 C반 1차 마카롱의 맛과 특징을 어떻게 말했어?,"정규 C반 1차 마카롱에 대해 맛은 부드럽고 진하다고, 그리고 특징은 겉은 바삭하고 속은 촉촉하다고 설명했습니다.",True,,,,,False,False,0.8,0.4615384615384615,0.4,0.23076923076923075,True,False,4.120082999987062,2.1670166999683715,,,,,question+passage,"교수님이 정규 C반 1차 마카롱의 맛과 특징을 설명하는 단어는 겉은 바삭하고 속은 촉촉하다고, 색깔은 알록달록하다고, 그리고 맛은 부드럽고 진하다고 설명했습니다.",정규 C반 1차 마카롱의 맛과 특징을 진실로 맛있고 부드럽고 진실하다고 말했다.
dataset_ko_198_final,entity_simple_hard_test_art_history_00352:final:0,entity_simple_hard_test_art_history_00352,entity_simple_hard_test_art_history_00352,True,same_source_sibling_facts,1,4,23,20,가을 2팀 4차 바로크 설명에서 목적과 핵심 특징만 알려줘.,"가을 2팀 4차 바로크에 대해 목적은 감정을 강하게 전달하는 것이라고, 그리고 핵심 특징은 극적 명암이라고 설명했습니다.",True,,,,,False,False,0.8421052631578948,0.6341463414634146,0.4210526315789474,0.3170731707317073,True,True,3.682612099975813,3.9477292000083253,,,,,question+passage,"가을 2팀 4차 바로크에 대해 핵심 특징은 극적 명암이라고, 비유는 무대 조명이 한 장면을 강조하는 방식이라고, 그리고 목적은 감정을 강하게 전달하는 것이라고 설명했습니다.","가을 2팀 4차 바로크에 대해 목적은 특정 개념을 효과적으로 전달하는 것이라고, 핵심 특징은 강조ポイント을 한 방에 전달하는 것이라고, 그리고 핵심 구도의 장점은 극적 명암과 similar이라고 설명했습니다."
dataset_ko_199_final,entity_simple_hard_test_dessert_00146:final:0,entity_simple_hard_test_dessert_00146,entity_simple_hard_test_dessert_00146,True,same_source_sibling_facts,1,4,23,20,교수님이 정규 1팀 2차 마카롱의 비유와 색깔을 어떻게 말했어?,"정규 1팀 2차 마카롱에 대해 비유는 작은 보석 상자라고, 그리고 색깔은 알록달록하다고 설명했습니다.",True,,,,,False,False,0.7692307692307693,0.9600000000000001,0.38461538461538464,0.48000000000000004,True,True,2.5784421000280418,2.2389012000057846,,,,,passage-only,"교수님이 정규 1팀 2차 마카롱의 비유는 작은 보석 상자라고, 색깔은 반짝이는小小의 고수색이라고 설명했습니다.","정규 1팀 2차 마카롱에 대해 비유는 작은 보석 상자라고, 색깔은 알록달록하다고 설명했습니다."
dataset_ko_200_final,entity_simple_hard_test_art_history_00304:final:0,entity_simple_hard_test_art_history_00304,entity_simple_hard_test_art_history_00304,True,same_source_sibling_facts,1,4,23,20,캡스톤 A반 4차 바로크 설명에서 핵심 특징과 목적만 알려줘.,"캡스톤 A반 4차 바로크에 대해 핵심 특징은 극적 명암이라고, 그리고 목적은 감정을 강하게 전달하는 것이라고 설명했습니다.",True,,,,,False,False,0.8421052631578948,0.28571428571428575,0.4210526315789474,0.14285714285714288,True,False,3.7099830999504775,2.039825599989854,,,,,question+passage,"캡스톤 A반 4차 바로크 설명에 대해 핵심 특징은 극적 명암이라고, 비유는 무대 조명이 한 장면을 강조하는 방식이라고, 그리고 목적은 감정을 강하게 전달하는 것이라고 설명했습니다.",캡스톤 A반 4차 바로크 설명만 알려고 한다고 replied saids说道 saids说道 saids说道 saids说道 saids说道说道
dataset_ko_201_final,entity_simple_hard_test_os_concept_00124:final:0,entity_simple_hard_test_os_concept_00124,entity_simple_hard_test_os_concept_00124,True,same_source_sibling_facts,1,4,23,20,캡스톤 C반 2차 프로세스 설명에서 비유와 주의점만 알려줘.,"캡스톤 C반 2차 프로세스에 대해 비유는 독립된 식당이라고, 그리고 주의점은 자원을 너무 많이 쓰면 느려질 수 있다고 설명했습니다.",True,,,,,False,False,0.85,0.6666666666666667,0.425,0.33333333333333337,True,True,4.077853000024334,3.1297991000465117,,,,,question+passage,"캡스톤 C반 2차 프로세스 설명에 대해 비유는 독립된 식당이라고, 장점은 서로 영향을 줄이는 데 도움이 된다고, 그리고 주의점은 자원을 너무 많이 쓰면 느려질 수 있다고 설명했습니다.","캡스톤 C반 2차 프로세스에 대해 비유는 독립된 식당이라고, 주의점은过度独立导致的问题이라고, 그리고 역할은 전체를 조정하는 역할이라고 설명했습니다."
dataset_ko_202_final,entity_simple_hard_test_marketing_00297:final:0,entity_simple_hard_test_marketing_00297,entity_simple_hard_test_marketing_00297,True,same_source_sibling_facts,1,4,23,20,심화 오후반 3차 동아리 홍보에서 핵심 채널과 성과 지표를 함께 정리해줘.,"심화 오후반 3차 동아리 홍보에 대해 핵심 채널은 오픈채팅방이라고, 그리고 성과 지표는 참여율이라고 설명했습니다.",True,,,,,False,False,0.9032258064516129,0.8571428571428571,0.45161290322580644,0.42857142857142855,True,True,3.226445500040427,2.762344300048426,,,,,tie,"심화 오후반 3차 동아리 홍보에 대해 핵심 채널은 오픈채팅방이라고, 성과 지표는 참여율이라고, 그리고 대상은 동아리 회원이라고 설명했습니다.","심화 오후반 3차 동아리 홍보에 대해 핵심 채널은 티처 채널이라고, 성과 지표는 참여율이라고 설명했습니다."
dataset_ko_203_final,entity_simple_hard_test_dessert_00363:final:0,entity_simple_hard_test_dessert_00363,entity_simple_hard_test_dessert_00363,True,same_source_sibling_facts,1,4,23,20,겨울 3팀 4차 브라우니 설명 중 특징과 맛에 해당하는 내용만 답해줘.,"겨울 3팀 4차 브라우니에 대해 특징은 속이 촉촉하게 남는다고, 그리고 맛은 묵직하게 달콤하다고 설명했습니다.",True,,,,,False,False,0.8484848484848484,0.9032258064516129,0.4242424242424242,0.45161290322580644,True,True,3.904478900018148,3.5221762000001036,,,,,passage-only,"겨울 3팀 4차 브라우니에 대해 특징은 속이 촉촉하게 남는다고, 맛은 묵직하게 달콤하다고, 그리고 사진은 진한 갈색에 촉촉하게 남는다고 설명했습니다.","겨울 3팀 4차 브라우니에 대해 특징은 속이 촉촉하게 남는다고, 맛은 묵직하게 달콤하다고, 그리고 색깔은 진한 갈색이라고 설명했습니다."
dataset_ko_204_final,entity_simple_hard_test_art_history_00089:final:0,entity_simple_hard_test_art_history_00089,entity_simple_hard_test_art_history_00089,True,same_source_sibling_facts,1,4,23,20,세미나 오전반 1차 입체주의에서 비교 포인트와 비유를 함께 정리해줘.,"세미나 오전반 1차 입체주의에 대해 비교 포인트는 단일 원근과 다르다고, 그리고 비유는 여러 방향에서 본 사물을 한 화면에 놓는 방식이라고 설명했습니다.",True,,,,,False,False,0.8837209302325582,0.7368421052631579,0.4418604651162791,0.3684210526315789,True,True,4.026213400007691,2.9851396000012755,,,,,question+passage,"세미나 오전반 1차 입체주의에 대해 비유는 여러 방향에서 본 사물을 한 화면에 놓는 방식이라고, 목적은 대상을 새롭게 해석하는 것이라고, 그리고 비교 포인트는 단일 원근과 다르다고 설명했습니다.","세미나 오전반 1차 입체주의에 대해 비교 포인트는 단일 원근과 다르다고, 비유는 여러 시점이라고, 그리고 핵심 특징은 여러 시점이라고 설명했습니다."
dataset_ko_205_final,entity_simple_hard_test_art_history_00114:final:0,entity_simple_hard_test_art_history_00114,entity_simple_hard_test_art_history_00114,True,same_source_sibling_facts,1,4,23,20,교수님이 캡스톤 B반 2차 인상주의의 핵심 특징과 목적을 어떻게 말했어?,"캡스톤 B반 2차 인상주의에 대해 핵심 특징은 빛의 순간적인 인상이라고, 그리고 목적은 관찰 순간을 살리는 것이라고 설명했습니다.",True,,,,,False,False,0.6666666666666666,0.5294117647058824,0.3333333333333333,0.2647058823529412,True,False,4.47681730001932,3.1394804000156,,,,,question+passage,"교수님이 캡스톤 B반 2차 인상주의에 대해 핵심 특징은 맨 앞에 놓는 것이라고, 핵심 목적은 관찰 순간을 살리는 것이라고, 그리고 비유는 햇빛이 흔들리는 수면에 비친 모습이라고 설명했습니다.","교수님이 캡스톤 B반 2차 인상주의의 핵심 특징을 입장을 중심으로 한 인상과 흔들림, 그리고 목적은 이해하는 데 필요한 부분이라고 설명했습니다."
dataset_ko_206_final,entity_simple_hard_test_marketing_00154:final:0,entity_simple_hard_test_marketing_00154,entity_simple_hard_test_marketing_00154,True,same_source_sibling_facts,1,4,23,20,교수님이 캡스톤 2팀 2차 스터디 모집의 성과 지표와 핵심 채널을 어떻게 말했어?,"캡스톤 2팀 2차 스터디 모집에 대해 성과 지표는 완료율이라고, 그리고 핵심 채널은 학과 홈페이지라고 설명했습니다.",True,,,,,False,False,0.8484848484848485,0.6486486486486486,0.42424242424242425,0.3243243243243243,True,False,3.6544683999964036,3.8010358999599703,,,,,question+passage,"교수님이 캡스톤 2팀 2차 스터디 모집의 성과 지표는 완료율이라고, 핵심 채널은 학과 홈페이지라고, 그리고 대상은 스터디 신청자라고 설명했습니다.","캡스톤 2팀 2차 스터디 모집에 대해 성과 지표는 새로운 핵심 채널로 간 analytic signals라고, 보상은 우선 신청권이라고, 그리고 핵심 채널은 다음 쿼리라고 설명했습니다."
dataset_ko_207_final,entity_simple_hard_test_dessert_00218:final:0,entity_simple_hard_test_dessert_00218,entity_simple_hard_test_dessert_00218,True,same_source_sibling_facts,1,4,23,20,교수님이 실습 B반 3차 마카롱의 맛과 특징을 어떻게 말했어?,"실습 B반 3차 마카롱에 대해 맛은 부드럽고 진하다고, 그리고 특징은 겉은 바삭하고 속은 촉촉하다고 설명했습니다.",True,,,,,False,False,0.8,0.5384615384615385,0.4,0.2692307692307693,True,False,4.073200299986638,2.0214795999927446,,,,,question+passage,"교수님이 실습 B반 3차 마카롱의 맛과 특징을 설명하는 단어는 겉은 바삭하고 속은 촉촉하다고, 색깔은 알록달록하다고, 그리고 맛은 부드럽고 진하다고 설명했습니다.",실습 B반 3차 마카롱의 맛과 특징을 진하게 맛있고 부드럽고 단하다고 설명했습니다.
dataset_ko_208_final,entity_simple_hard_test_os_concept_00053:final:0,entity_simple_hard_test_os_concept_00053,entity_simple_hard_test_os_concept_00053,True,same_source_sibling_facts,1,4,23,20,겨울 2팀 1차 스레드에서 장점과 역할을 함께 정리해줘.,"겨울 2팀 1차 스레드에 대해 장점은 작업을 가볍게 나눌 수 있다고, 그리고 역할은 프로세스 안에서 작업을 나누어 실행한다고 설명했습니다.",True,,,,,False,False,0.6976744186046512,0.46808510638297873,0.3488372093023256,0.23404255319148937,True,False,3.9139080999884754,5.763897700002417,,,,,question+passage,"겨울 2팀 1차 스레드에 대해 장점은 작업을 가볍게 나눌 수 있다고, 역할은 프로세스 중에 공유 자원 관리가 필요하다고, 그리고 비유는 같은 식당 안에서 일하는 직원이라고 설명했습니다.","겨울 2팀 1차 스레드에 대해 장점으로 효율성을, 역할로 프로세스를 나누어주고 식별 책임을 설명给予了介绍了, 겨울 2팀 1차 스레드의 장점은 효율성을, 주의점은 공유 자원 관리가 필요하다고, 그리고 역할은 프로세스를 나누어주고 있다고 설명했습니다."
dataset_ko_209_final,entity_simple_hard_test_project_00084:final:0,entity_simple_hard_test_project_00084,entity_simple_hard_test_project_00084,True,same_source_sibling_facts,1,4,23,20,캡스톤 오전반 1차 최종 발표 설명에서 공유 위치와 마감만 알려줘.,"캡스톤 오전반 1차 최종 발표에 대해 공유 위치는 팀 노션 페이지라고, 그리고 마감은 다음 주 월요일 밤이라고 설명했습니다.",True,,,,,False,False,0.967741935483871,0.6829268292682927,0.4838709677419355,0.34146341463414637,True,True,2.464746300014667,3.859917299996596,,,,,question+passage,"캡스톤 오전반 1차 최종 발표에 대해 공유 위치는 팀 노션 페이지라고, 마감은 다음 주 월요일 밤이라고 설명했습니다.","캡스톤 오전반 1차 최종 발표에 대해 공유 위치는 협업 노트 링크를 넣을 수 있는 장소라고, 공유 위치는 원래 위치 참조라고, 그리고 마감은 다음 주 월요일 밤이라고 설명했습니다."
dataset_ko_210_final,entity_simple_hard_test_dessert_00024:final:0,entity_simple_hard_test_dessert_00024,entity_simple_hard_test_dessert_00024,True,same_source_sibling_facts,1,4,23,20,캡스톤 C반 1차 초콜렛 설명에서 맛과 특징만 알려줘.,"캡스톤 C반 1차 초콜렛에 대해 맛은 달콤하다고, 그리고 특징은 입안에서 천천히 녹는다고 설명했습니다.",True,,,,,False,False,0.9285714285714286,0.8666666666666666,0.4642857142857143,0.4333333333333333,True,True,3.0623196000233293,3.2340866000158712,,,,,question+passage,"캡스톤 C반 1차 초콜렛 설명에 대해 맛은 달콤하다고, 특징은 입안에서 천천히 녹는다고, 그리고 맛은 달콤하다고 설명했습니다.","캡스톤 C반 1차 초콜렛 설명에 대해 맛은 달콤하다고, 특징은 입안에서 천천히 녹는다고, 그리고 질문에 비유는 작은 선물 상자라고 설명했습니다."
dataset_ko_211_final,entity_simple_hard_test_art_history_00161:final:0,entity_simple_hard_test_art_history_00161,entity_simple_hard_test_art_history_00161,True,same_source_sibling_facts,1,4,23,20,여름 3팀 2차 입체주의에서 목적과 핵심 특징을 함께 정리해줘.,"여름 3팀 2차 입체주의에 대해 목적은 대상을 새롭게 해석하는 것이라고, 그리고 핵심 특징은 여러 시점이라고 설명했습니다.",True,,,,,False,False,0.8205128205128205,0.9142857142857143,0.41025641025641024,0.45714285714285713,True,True,3.840260799974203,3.01998400001321,,,,,passage-only,"여름 3팀 2차 입체주의에 대해 핵심 특징은 여러 시점이라고, 비유는 여러 방향에서 본 사물을 한 화면에 놓는 방식이라고, 그리고 목적은 대상을 새롭게 해석하는 것이라고 설명했습니다.","여름 3팀 2차 입체주의에 대해 목적은 대상을 새롭게 해석하는 것이라고, 핵심 특징은 여러 시점이라고, 그리고 형상은 사각형 기준이라고 설명했습니다."
dataset_ko_212_final,entity_simple_hard_test_marketing_00033:final:0,entity_simple_hard_test_marketing_00033,entity_simple_hard_test_marketing_00033,True,same_source_sibling_facts,1,4,23,20,겨울 D반 1차 동아리 홍보에서 대상과 보상을 함께 정리해줘.,"겨울 D반 1차 동아리 홍보에 대해 대상은 동아리 회원이라고, 그리고 보상은 굿즈 추첨권이라고 설명했습니다.",True,,,,,False,False,0.9032258064516129,0.8666666666666666,0.45161290322580644,0.4333333333333333,True,True,3.286322299973108,2.844184099987615,,,,,tie,"겨울 D반 1차 동아리 홍보에 대해 대상은 동아리 회원이라고, 보상은 굿즈 추첨권이라고, 그리고 핵심 채널은 오픈채팅방이라고 설명했습니다.","겨울 D반 1차 동아리 홍보에 대해 대상은 동아리 회원이라고, 보상은 굿즈 추첨권이라고, 성과 지표는 참여율이라고 설명했습니다."
dataset_ko_213_final,entity_simple_hard_test_art_history_00043:final:0,entity_simple_hard_test_art_history_00043,entity_simple_hard_test_art_history_00043,True,same_source_sibling_facts,1,4,23,20,겨울 1팀 1차 르네상스 설명 중 비유와 비교 포인트에 해당하는 내용만 답해줘.,"겨울 1팀 1차 르네상스에 대해 비유는 사람을 화면 중앙에 다시 세우는 방식이라고, 그리고 비교 포인트는 절대왕정 중심 설명과 다르다고 설명했습니다.",True,,,,,False,False,0.8837209302325582,0.7906976744186046,0.4418604651162791,0.3953488372093023,True,True,4.162141099979635,4.137243100034539,,,,,question+passage,"겨울 1팀 1차 르네상스에 대해 비유는 사람을 화면 중앙에 다시 세우는 방식이라고, 목적은 사람의 가치를 드러내는 것이라고, 그리고 비교 포인트는 절대왕정 중심 설명과 다르다고 설명했습니다.","겨울 1팀 1차 르네상스에 대해 비유는 사람을 화면 중앙에 다시 세우는 방식이라고, 목적은 사람의 가치를 드러내는 것이라고, 그리고 비교 포인트는 절대값 논리와 다르다고 설명했습니다."
dataset_ko_214_final,entity_simple_hard_test_marketing_00394:final:0,entity_simple_hard_test_marketing_00394,entity_simple_hard_test_marketing_00394,True,same_source_sibling_facts,1,4,23,20,교수님이 캡스톤 오후반 4차 스터디 모집의 핵심 채널과 성과 지표를 어떻게 말했어?,"캡스톤 오후반 4차 스터디 모집에 대해 핵심 채널은 학과 홈페이지라고, 그리고 성과 지표는 완료율이라고 설명했습니다.",True,,,,,False,False,0.8823529411764706,0.9090909090909091,0.4411764705882353,0.45454545454545453,True,True,3.717406200012192,3.2415938999620266,,,,,tie,"교수님이 캡스톤 오후반 4차 스터디 모집에 대해 핵심 채널은 학과 홈페이지라고, 대상은 스터디 신청자라고, 그리고 성과 지표는 완료율이라고 설명했습니다.","캡스톤 오후반 4차 스터디 모집에 대해 핵심 채널은 학과 홈페이지라고, 성과 지표는 완료율이라고, 그리고 보상은 우선 신청권이라고 설명했습니다."
dataset_ko_215_final,entity_simple_hard_test_statistics_00021:final:0,entity_simple_hard_test_statistics_00021,entity_simple_hard_test_statistics_00021,True,same_source_sibling_facts,1,4,23,20,여름 C반 1차 신뢰구간에서 의미와 주의점을 함께 정리해줘.,"여름 C반 1차 신뢰구간에 대해 의미는 모수 추정 범위라고, 그리고 주의점은 정답 하나를 보장하지 않는다고 설명했습니다.",True,,,,,False,False,0.8648648648648648,0.6341463414634146,0.4324324324324324,0.3170731707317073,True,True,3.5014548000181094,3.9520079999929294,,,,,question+passage,"여름 C반 1차 신뢰구간에 대해 주의점은 정답 하나를 보장하지 않는다고, 활용은 추정의 불확실성을 설명할 때 쓴다고, 그리고 의미는 모수 추정 범위라고 설명했습니다.","여름 C반 1차 신뢰구간에 대해 의미는 모수 추정 범위라고, 주의점은 직접 데이터가 없을 때의 답변 기준이라고, 그리고 차별화된 의미는 정답이 있을 법한 범위를 그은 지도라고 설명했습니다."
dataset_ko_216_final,entity_simple_hard_test_marketing_00296:final:0,entity_simple_hard_test_marketing_00296,entity_simple_hard_test_marketing_00296,True,same_source_sibling_facts,1,4,23,20,정규 오후반 3차 신입생 캠페인 설명에서 핵심 채널과 성과 지표만 알려줘.,"정규 오후반 3차 신입생 캠페인에 대해 핵심 채널은 인스타그램이라고, 그리고 성과 지표는 전환율이라고 설명했습니다.",True,,,,,False,False,0.7692307692307692,0.9333333333333333,0.3846153846153846,0.4666666666666667,True,True,2.58000409998931,3.32449790003011,,,,,passage-only,"정규 오후반 3차 신입생 캠페인의 핵심 채널이고 성과 지표는 전환율이라고, respectively로 설명했습니다.","정규 오후반 3차 신입생 캠페인에 대해 핵심 채널은 인스타그램이라고, 성과 지표는 전환율이라고, 그리고 대상은 신입생이라고 설명했습니다."
dataset_ko_217_final,entity_simple_hard_test_marketing_00298:final:0,entity_simple_hard_test_marketing_00298,entity_simple_hard_test_marketing_00298,True,same_source_sibling_facts,1,4,23,20,교수님이 실습 오후반 3차 스터디 모집의 핵심 채널과 성과 지표를 어떻게 말했어?,"실습 오후반 3차 스터디 모집에 대해 핵심 채널은 학과 홈페이지라고, 그리고 성과 지표는 완료율이라고 설명했습니다.",True,,,,,False,False,0.8823529411764706,0.8571428571428571,0.4411764705882353,0.42857142857142855,True,True,3.5657627999898978,3.8709286999655887,,,,,tie,"교수님이 실습 오후반 3차 스터디 모집에 대해 핵심 채널은 학과 홈페이지라고, 대상은 스터디 신청자라고, 그리고 성과 지표는 완료율이라고 설명했습니다.","교수님의 실습 오후반 3차 스터디 모집에 대해 핵심 채널은 학과 홈페이지라고, 성과 지표는 완료율이라고, 그리고 핵심 채널은 학부 채널이라고 설명했습니다."
dataset_ko_218_final,entity_simple_hard_test_os_concept_00268:final:0,entity_simple_hard_test_os_concept_00268,entity_simple_hard_test_os_concept_00268,True,same_source_sibling_facts,1,4,23,20,실습 3팀 3차 프로세스 설명에서 주의점과 비유만 알려줘.,"실습 3팀 3차 프로세스에 대해 주의점은 자원을 너무 많이 쓰면 느려질 수 있다고, 그리고 비유는 독립된 식당이라고 설명했습니다.",True,,,,,False,False,0.85,0.3888888888888889,0.425,0.19444444444444445,True,False,4.097684699983802,4.49928639997961,,,,,question+passage,"실습 3팀 3차 프로세스 설명에 대해 비유는 독립된 식당이라고, 장점은 서로 영향을 줄이는 데 도움이 된다고, 그리고 주의점은 자원을 너무 많이 쓰면 느려질 수 있다고 설명했습니다.","실습 3팀 3차 프로세스에 대해 주의점은 리소스가 너무 많으면 서버가 붐비게 됩니다. 비유는_traffic_cop_and_errors(주의점:리소스가 너무 많으면 서버가 붐비게 됩니다., 비유는_traffic_cop_and_errors)"
dataset_ko_219_final,entity_simple_hard_test_project_00085:final:0,entity_simple_hard_test_project_00085,entity_simple_hard_test_project_00085,True,same_source_sibling_facts,1,4,23,20,파일럿 오전반 1차 백엔드 배포에서 공유 위치와 마감을 함께 정리해줘.,"파일럿 오전반 1차 백엔드 배포에 대해 공유 위치는 깃허브 이슈 탭이라고, 그리고 마감은 수요일 오후 다섯 시라고 설명했습니다.",True,,,,,False,False,0.9714285714285714,0.7567567567567567,0.4857142857142857,0.37837837837837834,True,True,2.823643399984576,3.4479584000073373,,,,,question+passage,"파일럿 오전반 1차 백엔드 배포에 대해 공유 위치는 깃허브 이슈 탭이라고, 마감은 수요일 오후 다섯 시라고 설명했습니다.","파일럿 오전반 1차 백엔드 배포에 대해 담당은 백엔드 팀이라고, 마감은 수요일 오후 다섯 시라고, 공유 위치는 GSheets 양식이라고 설명했습니다."
dataset_ko_220_final,entity_simple_hard_test_art_history_00088:final:0,entity_simple_hard_test_art_history_00088,entity_simple_hard_test_art_history_00088,True,same_source_sibling_facts,1,4,23,20,실습 오전반 1차 바로크 설명에서 비교 포인트와 비유만 알려줘.,"실습 오전반 1차 바로크에 대해 비교 포인트는 평면적 구도와 구분된다고, 그리고 비유는 무대 조명이 한 장면을 강조하는 방식이라고 설명했습니다.",True,,,,,False,False,0.6842105263157895,0.5945945945945946,0.34210526315789475,0.2972972972972973,True,False,3.4212199000176042,3.3575180000043474,,,,,question+passage,"실습 오전반 1차 바로크 설명에 대해 비유는 극적 명암이라고, 목적은 감정을 강하게 전달하는 것이라고, 그리고 비교 포인트는 평면적 구도와 구분된다고 설명했습니다.","실습 오전반 1차 바로크 설명에서 비교 포인트는 주의 포인트라고, 비유는 설계가 한 줄로 생각될 때 보이는 것이라고, 그리고 비유 구도와 구분된다고 설명했습니다."
dataset_ko_221_final,entity_simple_hard_test_art_history_00017:final:0,entity_simple_hard_test_art_history_00017,entity_simple_hard_test_art_history_00017,True,same_source_sibling_facts,1,4,23,20,심화 B반 1차 입체주의에서 핵심 특징과 목적을 함께 정리해줘.,"심화 B반 1차 입체주의에 대해 핵심 특징은 여러 시점이라고, 그리고 목적은 대상을 새롭게 해석하는 것이라고 설명했습니다.",True,,,,,False,False,0.8205128205128205,0.888888888888889,0.41025641025641024,0.4444444444444445,True,True,3.8211386000039056,2.9840366000426,,,,,passage-only,"심화 B반 1차 입체주의에 대해 핵심 특징은 여러 시점이라고, 비유는 여러 방향에서 본 사물을 한 화면에 놓는 방식이라고, 그리고 목적은 대상을 새롭게 해석하는 것이라고 설명했습니다.","심화 B반 1차 입체주의에 대해 핵심 특징은 여러 시점이라고, 목적은 대상을 새롭게 해석하는 것이라고, 그리고 구도와 구별은 생각 pathway이라고 설명했습니다."
dataset_ko_222_final,entity_simple_hard_test_project_00039:final:0,entity_simple_hard_test_project_00039,entity_simple_hard_test_project_00039,True,same_source_sibling_facts,1,4,23,20,세미나 D반 1차 프론트엔드 점검 설명 중 마감과 공유 위치에 해당하는 내용만 답해줘.,"세미나 D반 1차 프론트엔드 점검에 대해 마감은 다음 달 첫째 주 화요일이라고, 그리고 공유 위치는 프로젝트 슬랙 채널이라고 설명했습니다.",True,,,,,False,False,0.7567567567567567,0.8387096774193549,0.37837837837837834,0.41935483870967744,True,True,3.8350542999687605,2.9021003000088967,,,,,passage-only,"세미나 D반 1차 프론트엔드 점검 설명에 대해 마감은 시작에 따르는 질문이라고, 공유 위치는 프로젝트 슬랙 채널이라고, 그리고 담당은 프론트엔드 파트라고 설명했습니다.","세미나 D반 1차 프론트엔드 점검에 대해 마감은 반 채널로, 공유 위치는 프로젝트 슬랙 채널이라고 설명했습니다."
dataset_ko_223_final,entity_simple_hard_test_os_concept_00295:final:0,entity_simple_hard_test_os_concept_00295,entity_simple_hard_test_os_concept_00295,True,same_source_sibling_facts,1,4,23,20,파일럿 오후반 3차 큐 설명 중 역할과 장점에 해당하는 내용만 답해줘.,"파일럿 오후반 3차 큐에 대해 역할은 작업을 순서대로 기다리게 한다고, 그리고 장점은 처리 순서를 명확하게 만든다고 설명했습니다.",True,,,,,False,False,0.8717948717948718,0.8205128205128205,0.4358974358974359,0.41025641025641024,True,True,3.6621009999653324,3.6572205999982543,,,,,question+passage,"파일럿 오후반 3차 큐에 대해 장점은 처리 순서를 명확하게 만든다고, 주의점은 대기 시간이 길어질 수 있다고, 그리고 역할은 작업을 순서대로 기다리게 한다고 설명했습니다.","파일럿 오후반 3차 큐에 대해 역할은 작업을 순서대로 기다리게 한다고, 장점은 처리 순서를 명확하게 만든다고, 그리고 역할은 작업을 순서대로 기다리게 한다고 설명이다."
dataset_ko_224_final,entity_simple_hard_test_os_concept_00223:final:0,entity_simple_hard_test_os_concept_00223,entity_simple_hard_test_os_concept_00223,True,same_source_sibling_facts,1,4,23,20,겨울 C반 3차 큐 설명 중 비유와 주의점에 해당하는 내용만 답해줘.,"겨울 C반 3차 큐에 대해 비유는 번호표를 뽑고 기다리는 줄이라고, 그리고 주의점은 대기 시간이 길어질 수 있다고 설명했습니다.",True,,,,,False,False,0.8717948717948718,0.8205128205128205,0.4358974358974359,0.41025641025641024,True,True,3.7725374000146985,3.7790046999580227,,,,,question+passage,"겨울 C반 3차 큐에 대해 비유는 번호표를 뽑고 기다리는 줄이라고, 장점은 처리 순서를 명확하게 만든다고, 그리고 주의점은 대기 시간이 길어질 수 있다고 설명했습니다.","겨울 C반 3차 큐에 대해 비유는 번호표를 뽑고 기다리는 줄이라고, 주의점은 대기 시간이 길어질 수 있다고, 그리고 주의점은 대기 시간이 길어질 수 있다고 설명했다."
dataset_ko_225_final,entity_simple_hard_test_art_history_00208:final:0,entity_simple_hard_test_art_history_00208,entity_simple_hard_test_art_history_00208,True,same_source_sibling_facts,1,4,23,20,실습 A반 3차 바로크 설명에서 핵심 특징과 목적만 알려줘.,"실습 A반 3차 바로크에 대해 핵심 특징은 극적 명암이라고, 그리고 목적은 감정을 강하게 전달하는 것이라고 설명했습니다.",True,,,,,False,False,0.8421052631578948,0.36363636363636365,0.4210526315789474,0.18181818181818182,True,False,3.707347799965646,1.0296403000247665,,,,,question+passage,"실습 A반 3차 바로크 설명에 대해 핵심 특징은 극적 명암이라고, 비유는 무대 조명이 한 장면을 강조하는 방식이라고, 그리고 목적은 감정을 강하게 전달하는 것이라고 설명했습니다.",실습 A반 3차 바로크 설명만 알려진 부분입니다.
dataset_ko_226_final,entity_simple_hard_test_marketing_00107:final:0,entity_simple_hard_test_marketing_00107,entity_simple_hard_test_marketing_00107,True,same_source_sibling_facts,1,4,23,20,심화 A반 2차 멘토링 이벤트 설명 중 핵심 채널과 성과 지표에 해당하는 내용만 답해줘.,"심화 A반 2차 멘토링 이벤트에 대해 핵심 채널은 이메일 뉴스레터라고, 그리고 성과 지표는 재방문율이라고 설명했습니다.",True,,,,,False,False,0.5333333333333333,0.9090909090909091,0.26666666666666666,0.45454545454545453,False,True,5.034985499980394,3.8561871999991126,,,,,passage-only,"심화 A반 2차 멘토링 이벤트 설명에 대해 핵심 채널이 overlap 하면 성과 지표는 Right Channel에 대한 효과가 모아질iminary 레벨이라고, 핵심 채널 관리权말은 Connection level이라고, 그리고 대상은 멘토링 참여 학생이라고 설명했습니다.","심화 A반 2차 멘토링 이벤트에 대해 핵심 채널은 이메일 뉴스레터라고, 성과 지표는 재방문율이라고, 그리고 차선 곡道는 학습 환경이라고 설명했습니다."
dataset_ko_227_final,entity_simple_hard_test_marketing_00226:final:0,entity_simple_hard_test_marketing_00226,entity_simple_hard_test_marketing_00226,True,same_source_sibling_facts,1,4,23,20,교수님이 정규 C반 3차 스터디 모집의 대상과 보상을 어떻게 말했어?,"정규 C반 3차 스터디 모집에 대해 대상은 스터디 신청자라고, 그리고 보상은 우선 신청권이라고 설명했습니다.",True,,,,,False,False,0.8484848484848484,0.8484848484848484,0.4242424242424242,0.4242424242424242,True,True,3.3855165999848396,3.3016328999656253,,,,,tie,"교수님이 정규 C반 3차 스터디 모집에 대해 대상은 스터디 신청자라고, 보상은 우선 신청권이라고, 그리고 핵심 채널은 학과 홈페이지라고 설명했습니다.","교수님이 정규 C반 3차 스터디 모집에 대해 대상은 스터디 신청자라고, 보상은 우선 신청권이라고, 그리고 핵심 채널은 학과 홈페이지라고 설명했습니다."
dataset_ko_228_final,entity_simple_hard_test_statistics_00237:final:0,entity_simple_hard_test_statistics_00237,entity_simple_hard_test_statistics_00237,True,same_source_sibling_facts,1,4,23,20,심화 D반 3차 신뢰구간에서 비유와 활용을 함께 정리해줘.,"심화 D반 3차 신뢰구간에 대해 비유는 정답이 있을 법한 범위를 그은 지도라고, 그리고 활용은 추정의 불확실성을 설명할 때 쓴다고 설명했습니다.",True,,,,,False,False,0.9047619047619047,0.8837209302325582,0.45238095238095233,0.4418604651162791,True,True,3.8783451999770477,4.033804500009865,,,,,tie,"심화 D반 3차 신뢰구간에 대해 비유는 정답이 있을 법한 범위를 그은 지도라고, 활용은 추정의 불확실성을 설명할 때 쓴다고, 그리고 의미는 모수 추정 범위라고 설명했습니다.","심화 D반 3차 신뢰구간에 대해 비유는 정답이 있을 법한 범위를 그은 지도라고, 활용은 추정의 불확실성을 설명할 때 쓴다고, 그리고 주의점은 정답 하나를 보장하지 않는다고 설명했습니다."
dataset_ko_229_final,entity_simple_hard_test_dessert_00123:final:0,entity_simple_hard_test_dessert_00123,entity_simple_hard_test_dessert_00123,True,same_source_sibling_facts,1,4,23,20,겨울 C반 2차 브라우니 설명 중 맛과 특징에 해당하는 내용만 답해줘.,"겨울 C반 2차 브라우니에 대해 맛은 묵직하게 달콤하다고, 그리고 특징은 속이 촉촉하게 남는다고 설명했습니다.",True,,,,,False,False,0.9032258064516129,0.8484848484848484,0.45161290322580644,0.4242424242424242,True,True,3.6030709000187926,4.009430500038434,,,,,question+passage,"겨울 C반 2차 브라우니에 대해 맛은 묵직하게 달콤하다고, 특징은 속이 촉촉하게 남는다고, 그리고 맛은 묵직하게 달콤하다고 설명했습니다.","겨울 C반 2차 브라우니에 대해 맛은 묵직하게 달콤하다고, 특징은 속이 촉촉하게 남는다고, 그리고 견갑골을 강제하게 달콤하게 만들기에 성공한다고 설명했습니다."
dataset_ko_230_final,entity_simple_hard_test_dessert_00337:final:0,entity_simple_hard_test_dessert_00337,entity_simple_hard_test_dessert_00337,True,same_source_sibling_facts,1,4,23,20,심화 D반 4차 솜사탕에서 비유와 색깔을 함께 정리해줘.,"심화 D반 4차 솜사탕에 대해 비유는 구름 같은 간식이라고, 그리고 색깔은 분홍색이라고 설명했습니다.",True,,,,,False,False,0.896551724137931,0.7741935483870968,0.4482758620689655,0.3870967741935484,True,True,2.8543863999657333,3.3737663999781944,,,,,question+passage,"심화 D반 4차 솜사탕에 대해 비유는 구름 같은 간식이라고, 색깔은 분홍색이라고, 그리고 맛은 가볍게 달콤하다고 설명했습니다.","심화 D반 4차 솜사탕에 대해 비유는 구름 같은 간식이라고, 색깔은 진한 초콜렛이라고, 그리고 설명은 입에 닿으면 빠르게 사라진다고 설명했습니다."
dataset_ko_231_final,entity_simple_hard_test_marketing_00274:final:0,entity_simple_hard_test_marketing_00274,entity_simple_hard_test_marketing_00274,True,same_source_sibling_facts,1,4,23,20,교수님이 캡스톤 4팀 3차 스터디 모집의 보상과 대상을 어떻게 말했어?,"캡스톤 4팀 3차 스터디 모집에 대해 보상은 우선 신청권이라고, 그리고 대상은 스터디 신청자라고 설명했습니다.",True,,,,,False,False,0.75,0.7741935483870968,0.375,0.3870967741935484,True,True,3.5296033999766223,3.0108860000036657,,,,,tie,"교수님이 캡스톤 4팀 3차 스터디 모집에 대해 대상은 완료율이라고, 핵심 채널은 학과 홈페이지라고, 그리고 보상은 우선 신청권이라고 설명했습니다.","캡스톤 4팀 3차 스터디 모집에 대해 보상은 우선 신청권이라고, 대상은 핵심콘텐츠가 있다고, 그리고 관문은 학과 홈페이지라고 설명했습니다."
dataset_ko_232_final,entity_simple_hard_test_statistics_00212:final:0,entity_simple_hard_test_statistics_00212,entity_simple_hard_test_statistics_00212,True,same_source_sibling_facts,1,4,23,20,가을 B반 3차 표본분산 설명에서 의미와 주의점만 알려줘.,"가을 B반 3차 표본분산에 대해 의미는 흩어짐 측정이라고, 그리고 주의점은 순위 정렬과 다르다고 설명했습니다.",True,,,,,False,False,0.8235294117647058,0.7142857142857143,0.4117647058823529,0.35714285714285715,True,True,3.614360300009139,2.8046619999804534,,,,,question+passage,"가을 B반 3차 표본분산에 대해 주의점은 순위 정렬과 다르다고, 의미는 흩어짐 측정이라고, 그리고 비유는 점들이 얼마나 퍼졌는지 보는 자라고 설명했습니다.","가을 B반 3차 표본분산 표본분산 설명에 대해 의미는 흩어짐 측정이라고, 주의점은 수치 변동성을反映出라고 설명했습니다."
dataset_ko_233_final,entity_simple_hard_test_project_00038:final:0,entity_simple_hard_test_project_00038,entity_simple_hard_test_project_00038,True,same_source_sibling_facts,1,4,23,20,교수님이 실습 D반 1차 AI 모델 평가의 마감과 공유 위치를 어떻게 말했어?,"실습 D반 1차 AI 모델 평가에 대해 마감은 금요일 자정 전이라고, 그리고 공유 위치는 회의록 폴더라고 설명했습니다.",True,,,,,False,False,0.8947368421052632,0.6875,0.4473684210526316,0.34375,True,True,3.325540199992247,2.2230677000479773,,,,,question+passage,"교수님 실습 D반 1차 AI 모델 평가에 대해 공유 위치는 회의록 폴더라고, 담당은 AI 파트라고, 그리고 마감은 금요일 자정 전이라고 설명했습니다.","교수님, 실습 D반 1차 AI 모델 평가 마감과 공유 위치는 금요일 자정 전까지 전송해야 합니다."
dataset_ko_234_final,entity_simple_hard_test_project_00086:final:0,entity_simple_hard_test_project_00086,entity_simple_hard_test_project_00086,True,same_source_sibling_facts,1,4,23,20,교수님이 정규 오전반 1차 AI 모델 평가의 공유 위치와 마감을 어떻게 말했어?,"정규 오전반 1차 AI 모델 평가에 대해 공유 위치는 회의록 폴더라고, 그리고 마감은 금요일 자정 전이라고 설명했습니다.",True,,,,,False,False,0.6666666666666667,0.33333333333333337,0.33333333333333337,0.16666666666666669,True,True,2.978229200001806,2.3710281000239775,,,,,question+passage,"교수님 정규 오전반 1차 AI 모델 평가의 공유 위치와 마감은 회의록 폴더라고, 참고 내용은 답없고 시작은 AI 파트라고 설명했습니다.","주간 보고서에 첨부하라는 말을 마감은 금요일 자정 전까지라고, 그리고 확인 기준은 정답률이라고 설명했습니다."
dataset_ko_235_final,entity_simple_hard_test_marketing_00009:final:0,entity_simple_hard_test_marketing_00009,entity_simple_hard_test_marketing_00009,True,same_source_sibling_facts,1,4,23,20,세미나 A반 1차 동아리 홍보에서 핵심 채널과 성과 지표를 함께 정리해줘.,"세미나 A반 1차 동아리 홍보에 대해 핵심 채널은 오픈채팅방이라고, 그리고 성과 지표는 참여율이라고 설명했습니다.",True,,,,,False,False,0.9032258064516129,0.7027027027027025,0.45161290322580644,0.35135135135135126,True,True,3.2587391000124626,4.1699799000052735,,,,,question+passage,"세미나 A반 1차 동아리 홍보에 대해 핵심 채널은 오픈채팅방이라고, 성과 지표는 참여율이라고, 그리고 대상은 동아리 회원이라고 설명했습니다.","세미나 A반 1차 동아리 홍보에 대해 핵심 채널은 게시판과 메일로 보내주는 학과 내부 동아리 홍보라고, 성과 지표는 참여율이라고, 그리고 보상은 기본권인 참여기회라고 설명했습니다."
dataset_ko_236_final,entity_simple_hard_test_project_00180:final:0,entity_simple_hard_test_project_00180,entity_simple_hard_test_project_00180,True,same_source_sibling_facts,1,4,23,20,봄 오전반 2차 최종 발표 설명에서 공유 위치와 마감만 알려줘.,"봄 오전반 2차 최종 발표에 대해 공유 위치는 팀 노션 페이지라고, 그리고 마감은 다음 주 월요일 밤이라고 설명했습니다.",True,,,,,False,False,0.9655172413793104,0.6666666666666667,0.4827586206896552,0.33333333333333337,True,True,2.4125949000008404,3.7993977000005543,,,,,question+passage,"봄 오전반 2차 최종 발표 설명에 대해 공유 위치는 팀 노션 페이지라고, 마감은 다음 주 월요일 밤이라고 설명했습니다.","봄 오전반 2차 최종 발표 설명에 대해 공유 위치는 shared link를 통해 수신자 지정이 가능하다고, 마감은 다음 주 월요일 밤이라고, 그리고 질문은 정식 논문 파트와 함께 전달이라고 설명했습니다."
dataset_ko_237_final,entity_simple_hard_test_marketing_00251:final:0,entity_simple_hard_test_marketing_00251,entity_simple_hard_test_marketing_00251,True,same_source_sibling_facts,1,4,23,20,여름 2팀 3차 멘토링 이벤트 설명 중 성과 지표와 핵심 채널에 해당하는 내용만 답해줘.,"여름 2팀 3차 멘토링 이벤트에 대해 성과 지표는 재방문율이라고, 그리고 핵심 채널은 이메일 뉴스레터라고 설명했습니다.",True,,,,,False,False,0.8333333333333333,0.9090909090909091,0.41666666666666663,0.45454545454545453,True,True,4.37991040002089,3.873269999981858,,,,,passage-only,"여름 2팀 3차 멘토링 이벤트 설명에 대해 핵심 채널은 이메일 뉴스레터라고, 성과 지표는 재방문율이라고, 그리고 비교 기준은 별칭이거나 메인 디스플레이 영역이라고 설명했습니다.","여름 2팀 3차 멘토링 이벤트에 대해 성과 지표는 재방문율이라고, 핵심 채널은 이메일 뉴스레터라고, 그리고 희소성은 알파벳 순위라고 설명했습니다."
dataset_ko_238_final,entity_simple_hard_test_project_00325:final:0,entity_simple_hard_test_project_00325,entity_simple_hard_test_project_00325,True,same_source_sibling_facts,1,4,23,20,파일럿 C반 4차 백엔드 배포에서 마감과 공유 위치를 함께 정리해줘.,"파일럿 C반 4차 백엔드 배포에 대해 마감은 수요일 오후 다섯 시라고, 그리고 공유 위치는 깃허브 이슈 탭이라고 설명했습니다.",True,,,,,False,False,0.923076923076923,0.4827586206896552,0.4615384615384615,0.2413793103448276,True,False,3.5379026000155136,1.9298026000033133,,,,,question+passage,"파일럿 C반 4차 백엔드 배포에 대해 공유 위치는 깃허브 이슈 탭이라고, 담당은 백엔드 팀이라고, 그리고 마감은 수요일 오후 다섯 시라고 설명했습니다.",파일럿 C반 4차 백엔드 마감을 이 메일로 전달하며 함께 공유 위치을 알립니다.
dataset_ko_239_final,entity_simple_hard_test_os_concept_00173:final:0,entity_simple_hard_test_os_concept_00173,entity_simple_hard_test_os_concept_00173,True,same_source_sibling_facts,1,4,23,20,겨울 4팀 2차 스레드에서 주의점과 비유를 함께 정리해줘.,"겨울 4팀 2차 스레드에 대해 주의점은 공유 자원 관리가 필요하다고, 그리고 비유는 같은 식당 안에서 일하는 직원이라고 설명했습니다.",True,,,,,False,False,0.878048780487805,0.35000000000000003,0.4390243902439025,0.17500000000000002,True,False,3.6248453000443988,3.9123922999715433,,,,,question+passage,"겨울 4팀 2차 스레드에 대해 비유는 같은 식당 안에서 일하는 직원이라고, 장점은 작업을 가볍게 나눌 수 있다고, 그리고 주의점은 공유 자원 관리가 필요하다고 설명했습니다.","겨울 4팀 2차 스레드에 대해 주의점으로는 동기 부여와 관련이 close 2가지가 있다고, 비유로는 여행에서의 경험을 나누었다고, 그리고 역할은 프로세스를 나누지 않는다고 설명했습니다."
dataset_ko_240_final,entity_simple_hard_test_marketing_00176:final:0,entity_simple_hard_test_marketing_00176,entity_simple_hard_test_marketing_00176,True,same_source_sibling_facts,1,4,23,20,정규 4팀 2차 신입생 캠페인 설명에서 보상과 대상만 알려줘.,"정규 4팀 2차 신입생 캠페인에 대해 보상은 커피 쿠폰이라고, 그리고 대상은 신입생이라고 설명했습니다.",True,,,,,False,False,0.896551724137931,0.6666666666666667,0.4482758620689655,0.33333333333333337,True,True,3.6031707000220194,3.8481160000083037,,,,,question+passage,"정규 4팀 2차 신입생 캠페인 설명에 대해 대상은 신입생이라고, 보상은 커피 쿠폰이라고, 그리고 핵심 채널은 인스타그램이라고 설명했습니다.","정규 4팀 2차 신입생 캠페인에 대해 보상은 합리적인 쿠폰이라고, 대상은 카드 그래フ를 기대하는 부분이라고, 그리고 성과 지표는 정회원가입 수라고 설명했습니다."
dataset_ko_241_final,entity_simple_hard_test_statistics_00381:final:0,entity_simple_hard_test_statistics_00381,entity_simple_hard_test_statistics_00381,True,same_source_sibling_facts,1,4,23,20,여름 오전반 4차 신뢰구간에서 활용과 비유를 함께 정리해줘.,"여름 오전반 4차 신뢰구간에 대해 활용은 추정의 불확실성을 설명할 때 쓴다고, 그리고 비유는 정답이 있을 법한 범위를 그은 지도라고 설명했습니다.",True,,,,,False,False,0.8837209302325582,0.6500000000000001,0.4418604651162791,0.32500000000000007,True,True,4.08873370004585,3.992066500009969,,,,,question+passage,"여름 오전반 4차 신뢰구간에 대해 비유는 정답이 있을 법한 범위를 그은 지도라고, 주의점은 정답 하나를 보장하지 않는다고, 그리고 활용은 추정의 불확실성을 설명할 때 쓴다고 설명했습니다.","여름 오전반 4차 신뢰구간에 대해 활용은 추정의 불확실성을 설명할 때 쓴다고, 비유는 숫자가 빨간색 그림자에 비유된다고, 그리고 의미는 모수 추정의 일부분이라고 설명했습니다."
dataset_ko_242_final,entity_simple_hard_test_dessert_00027:final:0,entity_simple_hard_test_dessert_00027,entity_simple_hard_test_dessert_00027,True,same_source_sibling_facts,1,4,23,20,심화 C반 1차 브라우니 설명 중 맛과 특징에 해당하는 내용만 답해줘.,"심화 C반 1차 브라우니에 대해 맛은 묵직하게 달콤하다고, 그리고 특징은 속이 촉촉하게 남는다고 설명했습니다.",True,,,,,False,False,0.9032258064516129,0.8750000000000001,0.45161290322580644,0.43750000000000006,True,True,3.4897121000103652,3.9330242999712937,,,,,tie,"심화 C반 1차 브라우니에 대해 맛은 묵직하게 달콤하다고, 특징은 속이 촉촉하게 남는다고, 그리고 색깔은 진한 갈색이라고 설명했습니다.","심화 C반 1차 브라우니에 대해 맛은 묵직하게 달콤하다고, 특징은 속이 촉촉하게 남는다고, 그리고 비유는 초콜렛을 압축한 케이크라고 설명했습니다."
dataset_ko_243_final,entity_simple_hard_test_dessert_00025:final:0,entity_simple_hard_test_dessert_00025,entity_simple_hard_test_dessert_00025,True,same_source_sibling_facts,1,4,23,20,파일럿 C반 1차 솜사탕에서 맛과 특징을 함께 정리해줘.,"파일럿 C반 1차 솜사탕에 대해 맛은 가볍게 달콤하다고, 그리고 특징은 입에 닿으면 빠르게 사라진다고 설명했습니다.",True,,,,,False,False,0.9375,0.9375,0.46875,0.46875,True,True,3.452562299964484,3.422199600026943,,,,,tie,"파일럿 C반 1차 솜사탕에 대해 맛은 가볍게 달콤하다고, 특징은 입에 닿으면 빠르게 사라진다고, 그리고 색깔은 분홍색이라고 설명했습니다.","파일럿 C반 1차 솜사탕에 대해 맛은 가볍게 달콤하다고, 특징은 입에 닿으면 빠르게 사라진다고, 그리고 색깔은 분홍색이라고 설명했습니다."
dataset_ko_244_final,entity_simple_hard_test_project_00012:final:0,entity_simple_hard_test_project_00012,entity_simple_hard_test_project_00012,True,same_source_sibling_facts,1,4,23,20,가을 B반 1차 최종 발표 설명에서 담당과 확인 기준만 알려줘.,"가을 B반 1차 최종 발표에 대해 담당은 기획 파트라고, 그리고 확인 기준은 근거 제시 여부라고 설명했습니다.",True,,,,,False,False,0.888888888888889,0.787878787878788,0.4444444444444445,0.393939393939394,True,True,3.0701145000057295,2.733779100002721,,,,,question+passage,"가을 B반 1차 최종 발표 설명에 대해 확인 기준은 근거 제시 여부라고, 공유 위치는 팀 노션 페이지라고, 그리고 담당은 기획 파트라고 설명했습니다.","가을 B반 1차 최종 발표 설명에 대해 담당은 기획 파트라고, 확인 기준은 근거 추궁받을 수 있는 증거 필요로 설명했습니다."
dataset_ko_245_final,entity_simple_hard_test_art_history_00113:final:0,entity_simple_hard_test_art_history_00113,entity_simple_hard_test_art_history_00113,True,same_source_sibling_facts,1,4,23,20,겨울 B반 2차 입체주의에서 핵심 특징과 목적을 함께 정리해줘.,"겨울 B반 2차 입체주의에 대해 핵심 특징은 여러 시점이라고, 그리고 목적은 대상을 새롭게 해석하는 것이라고 설명했습니다.",True,,,,,False,False,0.8205128205128205,0.6666666666666665,0.41025641025641024,0.33333333333333326,True,True,3.782450600003358,3.0611200999701396,,,,,question+passage,"겨울 B반 2차 입체주의에 대해 핵심 특징은 여러 시점이라고, 비유는 여러 방향에서 본 사물을 한 화면에 놓는 방식이라고, 그리고 목적은 대상을 새롭게 해석하는 것이라고 설명했습니다.","겨울 B반 2차 입체주의에 대해 핵심 특징은 여러 시점이라고, 목적은 문제의 본질을 � granulate한다고, 그리고 비교 포인트는 단일 원근과 다르다고 설명했습니다."
dataset_ko_246_final,entity_simple_hard_test_art_history_00355:final:0,entity_simple_hard_test_art_history_00355,entity_simple_hard_test_art_history_00355,True,same_source_sibling_facts,1,4,23,20,파일럿 2팀 4차 르네상스 설명 중 목적과 핵심 특징에 해당하는 내용만 답해줘.,"파일럿 2팀 4차 르네상스에 대해 목적은 사람의 가치를 드러내는 것이라고, 그리고 핵심 특징은 인문주의라고 설명했습니다.",True,,,,,False,False,0.8108108108108109,0.8571428571428571,0.40540540540540543,0.42857142857142855,True,True,3.914156200014986,3.7044432000257075,,,,,tie,"파일럿 2팀 4차 르네상스에 대해 핵심 특징은 인문주의라고, 비유는 사람을 화면 중앙에 다시 세우는 방식이라고, 그리고 목적은 사람의 가치를 드러내는 것이라고 설명했습니다.","파일럿 2팀 4차 르네상스에 대해 목적은 사람의 가치를 드러내는 것이라고, 핵심 특징은 인문주의라고, 그리고 비교 포인트는 절대왕정 중심 설명과 다르다고 설명했습니다."
dataset_ko_247_final,entity_simple_hard_test_art_history_00065:final:0,entity_simple_hard_test_art_history_00065,entity_simple_hard_test_art_history_00065,True,same_source_sibling_facts,1,4,23,20,파일럿 3팀 1차 입체주의에서 목적과 핵심 특징을 함께 정리해줘.,"파일럿 3팀 1차 입체주의에 대해 목적은 대상을 새롭게 해석하는 것이라고, 그리고 핵심 특징은 여러 시점이라고 설명했습니다.",True,,,,,False,False,0.8205128205128205,0.8648648648648648,0.41025641025641024,0.4324324324324324,True,True,3.872700999956578,3.3784162999945693,,,,,tie,"파일럿 3팀 1차 입체주의에 대해 핵심 특징은 여러 시점이라고, 비유는 여러 방향에서 본 사물을 한 화면에 놓는 방식이라고, 그리고 목적은 대상을 새롭게 해석하는 것이라고 설명했습니다.","파일럿 3팀 1차 입체주의에 대해 목적은 대상을 새롭게 해석하는 것이라고, 핵심 특징은 여러 시점이라고, 그리고 형상은 각 부분을 관찰하는 새로운 경로라고 설명했습니다."
dataset_ko_248_final,entity_simple_hard_test_marketing_00249:final:0,entity_simple_hard_test_marketing_00249,entity_simple_hard_test_marketing_00249,True,same_source_sibling_facts,1,4,23,20,세미나 1팀 3차 동아리 홍보에서 성과 지표와 핵심 채널을 함께 정리해줘.,"세미나 1팀 3차 동아리 홍보에 대해 성과 지표는 참여율이라고, 그리고 핵심 채널은 오픈채팅방이라고 설명했습니다.",True,,,,,False,False,0.9032258064516129,0.9032258064516129,0.45161290322580644,0.45161290322580644,True,True,3.310302900034003,3.4508500999654643,,,,,tie,"세미나 1팀 3차 동아리 홍보에 대해 성과 지표는 참여율이라고, 핵심 채널은 오픈채팅방이라고, 그리고 대상은 동아리 회원이라고 설명했습니다.","세미나 1팀 3차 동아리 홍보에 대해 성과 지표는 참여율이라고, 핵심 채널은 오픈채팅방이라고, 그리고 보상은 굿즈 추첨권이라고 설명했습니다."
dataset_ko_249_final,entity_simple_hard_test_os_concept_00341:final:0,entity_simple_hard_test_os_concept_00341,entity_simple_hard_test_os_concept_00341,True,same_source_sibling_facts,1,4,23,20,여름 1팀 4차 스레드에서 장점과 역할을 함께 정리해줘.,"여름 1팀 4차 스레드에 대해 장점은 작업을 가볍게 나눌 수 있다고, 그리고 역할은 프로세스 안에서 작업을 나누어 실행한다고 설명했습니다.",True,,,,,False,False,0.6976744186046512,0.7499999999999999,0.3488372093023256,0.37499999999999994,True,True,3.917101699975319,3.7733076000004075,,,,,passage-only,"여름 1팀 4차 스레드에 대해 장점은 작업을 가볍게 나눌 수 있다고, 역할은 프로세스 중에 공유 자원 관리가 필요하다고, 그리고 비유는 같은 식당 안에서 일하는 직원이라고 설명했습니다.","여름 1팀 4차 스레드에 대해 장점은 작업을 가볍게 나눌 수 있다고, 주의점은 공유 자원 관리가 필요하다고, 그리고 역할은 프로세스 안에서 동료를 나누어준다고 설명했습니다."
dataset_ko_250_final,entity_simple_hard_test_art_history_00066:final:0,entity_simple_hard_test_art_history_00066,entity_simple_hard_test_art_history_00066,True,same_source_sibling_facts,1,4,23,20,교수님이 정규 3팀 1차 인상주의의 목적과 핵심 특징을 어떻게 말했어?,"정규 3팀 1차 인상주의에 대해 목적은 관찰 순간을 살리는 것이라고, 그리고 핵심 특징은 빛의 순간적인 인상이라고 설명했습니다.",True,,,,,False,False,0.8292682926829268,0.45,0.4146341463414634,0.225,True,False,4.16902749997098,3.826113599992823,,,,,question+passage,"교수님이 정규 3팀 1차 인상주의에 대해 핵심 특징은 빛의 순간적인 인상이라고, 비유는 햇빛이 흔들리는 수면에 비친 모습이라고, 그리고 목적은 관찰 순간을 살리는 것이라고 설명했습니다.","교수님의 정규 3팀 1차 인상주의의 목적은 원하는 만큼 detailingly 표현하지 않는다고, 핵심 특징은 lightninging detailingly로, 그리고 비교 포인트는 정형化된 인상주의의 한 가지 특징이라고 설명했습니다."
dataset_ko_251_final,entity_simple_hard_test_project_00399:final:0,entity_simple_hard_test_project_00399,entity_simple_hard_test_project_00399,True,same_source_sibling_facts,1,4,23,20,세미나 오후반 4차 프론트엔드 점검 설명 중 담당과 확인 기준에 해당하는 내용만 답해줘.,"세미나 오후반 4차 프론트엔드 점검에 대해 담당은 프론트엔드 파트라고, 그리고 확인 기준은 사용자 차단 여부라고 설명했습니다.",True,,,,,False,False,0.888888888888889,0.888888888888889,0.4444444444444445,0.4444444444444445,True,True,4.050297600042541,3.8962288000038825,,,,,tie,"세미나 오후반 4차 프론트엔드 점검 설명에 대해 확인 기준은 사용자 차단 여부라고, 담당과 설명은 프론트엔드 파트라고, 그리고 마감은 다음 달 첫째 주 화요일이라고 설명했습니다.","세미나 오후반 4차 프론트엔드 점검 설명에 대해 담당은 프론트엔드 파트라고, 마감은 다음 달 첫째 주 화요일이라고, 그리고 확인 기준은 사용자 차단 여부라고 설명했습니다."
dataset_ko_252_final,entity_simple_hard_test_project_00108:final:0,entity_simple_hard_test_project_00108,entity_simple_hard_test_project_00108,True,same_source_sibling_facts,1,4,23,20,실습 A반 2차 최종 발표 설명에서 담당과 확인 기준만 알려줘.,"실습 A반 2차 최종 발표에 대해 담당은 기획 파트라고, 그리고 확인 기준은 근거 제시 여부라고 설명했습니다.",True,,,,,False,False,0.7027027027027026,0.4827586206896552,0.3513513513513513,0.2413793103448276,True,False,3.1166668999940157,1.880556499992963,,,,,question+passage,"실습 A반 2차 최종 발표에 대해 확인 기준은 근거 제시 여부라고, 기준은 근거 제시 여부라고, 그리고 공유 위치는 팀 노션 페이지라고 설명했습니다.",실습 A반 2차 최종 발표 설명 확인 기준으로 잘못 반영이라 판단되는grounds 정하지 못했다고 생각합니다.
dataset_ko_253_final,entity_simple_hard_test_statistics_00215:final:0,entity_simple_hard_test_statistics_00215,entity_simple_hard_test_statistics_00215,True,same_source_sibling_facts,1,4,23,20,파일럿 B반 3차 회귀분석 설명 중 의미와 주의점에 해당하는 내용만 답해줘.,"파일럿 B반 3차 회귀분석에 대해 의미는 관계의 경향 설명이라고, 그리고 주의점은 모든 원인을 증명하지는 않는다고 설명했습니다.",True,,,,,False,False,0.631578947368421,0.8205128205128205,0.3157894736842105,0.41025641025641024,True,True,3.7521188000100665,3.95039720000932,,,,,passage-only,"파일럿 B반 3차 회귀분석에 대해 설명은 아래와 같은 의미와 주의점을 담을 때 쓴다고, 활용은 예측 경향을 설명할 때 쓴다고, 그리고 의미는 관계의 경향 설명이라고 설명했습니다.","파일럿 B반 3차 회귀분석에 대해 의미는 관계의 경향 설명이라고, 주의점은 모든 원인을 증명하지는 않는다고, 그리고 비유는 흩어진 점 사이에 길을 그어 보는 일이라고 설명했습니다."
dataset_ko_254_final,entity_simple_hard_test_statistics_00214:final:0,entity_simple_hard_test_statistics_00214,entity_simple_hard_test_statistics_00214,True,same_source_sibling_facts,1,4,23,20,교수님이 캡스톤 B반 3차 상관계수의 의미와 주의점을 어떻게 말했어?,"캡스톤 B반 3차 상관계수에 대해 의미는 선형 관계 강도라고, 그리고 주의점은 원인 증명을 뜻하지 않는다고 설명했습니다.",True,,,,,False,False,0.8,0.8108108108108109,0.4,0.40540540540540543,True,True,4.332891300029587,3.710548500006553,,,,,tie,"교수님이 캡스톤 B반 3차 상관계수의 의미에 대해 주의점은 원인 증명을 뜻하지 않는다고, 활용은 관계 강도를 빠르게 살필 때 쓴다고, 그리고 의미는 선형 관계 강도라고 설명했습니다.","캡스톤 B반 3차 상관계수의 의미는 선형 관계 강도라고, 주의점은 원인 증명을 뜻하지 않는다고, 그리고 활용은 데이터의 분포를 간단히 설명하는 데 사용된다고 설명했습니다."
dataset_ko_255_final,entity_simple_hard_test_statistics_00358:final:0,entity_simple_hard_test_statistics_00358,entity_simple_hard_test_statistics_00358,True,same_source_sibling_facts,1,4,23,20,교수님이 실습 2팀 4차 상관계수의 주의점과 의미를 어떻게 말했어?,"실습 2팀 4차 상관계수에 대해 주의점은 원인 증명을 뜻하지 않는다고, 그리고 의미는 선형 관계 강도라고 설명했습니다.",True,,,,,False,False,0.7368421052631579,0.4888888888888889,0.3684210526315789,0.24444444444444444,True,False,4.326891900040209,5.30873230000725,,,,,question+passage,"교수님이 실습 2팀 4차 상관계수의 주의점으로 뜻은 선형 관계 강도라고, 비유는 두 변수의 움직임을 비교하는 나침반이라고, 그리고 주의점은 원인 증명을 뜻하지 않는다고 설명했습니다.","교수님의 실습 2팀 4차 상관계수의 주의점과 의미에 대해 비유는 두 선형 관계의 흐름을 설명하는 간접적인 의미라고, 정확한 의미는 선형 관계의 강도를 나타내는지, 그리고 비유는 두 변수의 흐름을 설명하는 간접적인 의미라고 설명했습니다."
dataset_ko_256_final,entity_simple_hard_test_art_history_00163:final:0,entity_simple_hard_test_art_history_00163,entity_simple_hard_test_art_history_00163,True,same_source_sibling_facts,1,4,23,20,겨울 3팀 2차 르네상스 설명 중 목적과 핵심 특징에 해당하는 내용만 답해줘.,"겨울 3팀 2차 르네상스에 대해 목적은 사람의 가치를 드러내는 것이라고, 그리고 핵심 특징은 인문주의라고 설명했습니다.",True,,,,,False,False,0.8108108108108109,0.8823529411764706,0.40540540540540543,0.4411764705882353,True,True,3.849421599996276,3.5183079999987967,,,,,passage-only,"겨울 3팀 2차 르네상스에 대해 핵심 특징은 인문주의라고, 비유는 사람을 화면 중앙에 다시 세우는 방식이라고, 그리고 목적은 사람의 가치를 드러내는 것이라고 설명했습니다.","겨울 3팀 2차 르네상스에 대해 목적은 사람의 가치를 드러내는 것이라고, 핵심 특징은 인문주의라고, 그리고 핵심 의미는 인문주의적 관점이라고 설명했습니다."
dataset_ko_257_final,entity_simple_hard_test_dessert_00194:final:0,entity_simple_hard_test_dessert_00194,entity_simple_hard_test_dessert_00194,True,same_source_sibling_facts,1,4,23,20,교수님이 캡스톤 오후반 2차 마카롱의 색깔과 비유를 어떻게 말했어?,"캡스톤 오후반 2차 마카롱에 대해 색깔은 알록달록하다고, 그리고 비유는 작은 보석 상자라고 설명했습니다.",True,,,,,False,False,0.6857142857142856,0.896551724137931,0.3428571428571428,0.4482758620689655,True,True,4.153076499991585,3.0117843999760225,,,,,passage-only,"교수님이 캡스톤 오후반 2차 마카롱의 색깔에 대해 색깔은 반짝이 같은 밑색이라고, 비유는 작은 보석 상자라고, 그리고 특징은 겉은 바삭하고 속은 촉촉하다고 설명했습니다.","캡스톤 오후반 2차 마카롱에 대해 색깔은 알록달록하다고, 비유는 작은 보석 상자라고, 그리고 맛은 부드럽고 진하다고 설명했습니다."
dataset_ko_258_final,entity_simple_hard_test_marketing_00129:final:0,entity_simple_hard_test_marketing_00129,entity_simple_hard_test_marketing_00129,True,same_source_sibling_facts,1,4,23,20,세미나 C반 2차 동아리 홍보에서 대상과 보상을 함께 정리해줘.,"세미나 C반 2차 동아리 홍보에 대해 대상은 동아리 회원이라고, 그리고 보상은 굿즈 추첨권이라고 설명했습니다.",True,,,,,False,False,0.9032258064516129,0.8666666666666666,0.45161290322580644,0.4333333333333333,True,True,3.3793849000358023,2.8803963999962434,,,,,tie,"세미나 C반 2차 동아리 홍보에 대해 대상은 동아리 회원이라고, 보상은 굿즈 추첨권이라고, 그리고 핵심 채널은 오픈채팅방이라고 설명했습니다.","세미나 C반 2차 동아리 홍보에 대해 대상은 동아리 회원이라고, 보상은 굿즈 추첨권이라고, 성과 지표는 참여율이라고 설명했습니다."
dataset_ko_259_final,entity_simple_hard_test_dessert_00288:final:0,entity_simple_hard_test_dessert_00288,entity_simple_hard_test_dessert_00288,True,same_source_sibling_facts,1,4,23,20,실습 오전반 3차 초콜렛 설명에서 색깔과 비유만 알려줘.,"실습 오전반 3차 초콜렛에 대해 색깔은 검정색이라고, 그리고 비유는 작은 선물 상자라고 설명했습니다.",True,,,,,False,False,0.8666666666666666,0.625,0.4333333333333333,0.3125,True,True,3.1741159000084735,3.7928639999590814,,,,,question+passage,"실습 오전반 3차 초콜렛 설명에 대해 색깔은 검정색이라고, 비유는 작은 선물 상자라고, 그리고 특징은 입안에서 천천히 녹는다고 설명했습니다.","실습 오전반 3차 초콜렛에 대해 색깔은 검정색이라고, 비유는 입안에 날카롭고 맛집이라고, 그리고는 비유적 의미는 하나의 방향을 가르치는 향剂이라고 설명했습니다."
dataset_ko_260_final,entity_simple_hard_test_dessert_00315:final:0,entity_simple_hard_test_dessert_00315,entity_simple_hard_test_dessert_00315,True,same_source_sibling_facts,1,4,23,20,파일럿 B반 4차 브라우니 설명 중 맛과 특징에 해당하는 내용만 답해줘.,"파일럿 B반 4차 브라우니에 대해 맛은 묵직하게 달콤하다고, 그리고 특징은 속이 촉촉하게 남는다고 설명했습니다.",True,,,,,False,False,0.9032258064516129,0.8750000000000001,0.45161290322580644,0.43750000000000006,True,True,3.5561758000403643,3.562322799989488,,,,,tie,"파일럿 B반 4차 브라우니에 대해 맛은 묵직하게 달콤하다고, 특징은 속이 촉촉하게 남는다고, 그리고 색깔은 진한 갈색이라고 설명했습니다.","파일럿 B반 4차 브라우니에 대해 맛은 묵직하게 달콤하다고, 특징은 속이 촉촉하게 남는다고, 그리고 방식은 연속적으로 설명하는 방법이라고 설명했습니다."
dataset_ko_261_final,entity_simple_hard_test_project_00206:final:0,entity_simple_hard_test_project_00206,entity_simple_hard_test_project_00206,True,same_source_sibling_facts,1,4,23,20,교수님이 정규 A반 3차 AI 모델 평가의 담당과 확인 기준을 어떻게 말했어?,"정규 A반 3차 AI 모델 평가에 대해 담당은 AI 파트라고, 그리고 확인 기준은 정답률이라고 설명했습니다.",True,,,,,False,False,0.9333333333333333,0.7179487179487181,0.4666666666666667,0.35897435897435903,True,True,2.331449599994812,3.670163899951149,,,,,question+passage,"교수님 정규 A반 3차 AI 모델 평가에 대해 담당은 AI 파트라고, 확인 기준은 정답률이라고 설명했습니다.","교수님�이 정규 A반 3차 AI 모델 평가에 대해 담당은 AI 파트라고, 확인 기준은 정답률을 기준으로 이해했다고, 그리고 확인 기준은 다른 사람의 답변을 덮는 문제라고 설명했습니다."
dataset_ko_262_final,entity_simple_hard_test_marketing_00106:final:0,entity_simple_hard_test_marketing_00106,entity_simple_hard_test_marketing_00106,True,same_source_sibling_facts,1,4,23,20,교수님이 정규 A반 2차 스터디 모집의 핵심 채널과 성과 지표를 어떻게 말했어?,"정규 A반 2차 스터디 모집에 대해 핵심 채널은 학과 홈페이지라고, 그리고 성과 지표는 완료율이라고 설명했습니다.",True,,,,,False,False,0.7096774193548386,0.7647058823529413,0.3548387096774193,0.3823529411764707,True,True,3.148428499989677,3.7315536999958567,,,,,passage-only,"교수님이 정규 A반 2차 스터디 모집의 핵심 채널이라고, 대상은 스터디 신청자라고, 그리고 성과 지표는 완료율이라고 설명했습니다.","교수님의 2차 스터디 모집에 대해 핵심 채널은 학과 홈페이지라고, 성과 지표는 완료율이라고, 그리고 핵심 채널은 학부 학점 정보센터라고 설명했습니다."
dataset_ko_263_final,entity_simple_hard_test_art_history_00211:final:0,entity_simple_hard_test_art_history_00211,entity_simple_hard_test_art_history_00211,True,same_source_sibling_facts,1,4,23,20,여름 B반 3차 르네상스 설명 중 핵심 특징과 목적에 해당하는 내용만 답해줘.,"여름 B반 3차 르네상스에 대해 핵심 특징은 인문주의라고, 그리고 목적은 사람의 가치를 드러내는 것이라고 설명했습니다.",True,,,,,False,False,0.8108108108108109,0.9090909090909091,0.40540540540540543,0.45454545454545453,True,True,3.79219639999792,3.430455300025642,,,,,passage-only,"여름 B반 3차 르네상스에 대해 핵심 특징은 인문주의라고, 비유는 사람을 화면 중앙에 다시 세우는 방식이라고, 그리고 목적은 사람의 가치를 드러내는 것이라고 설명했습니다.","여름 B반 3차 르네상스에 대해 핵심 특징은 인문주의라고, 목적은 사람의 가치를 드러내는 것이라고, 그리고 핵심 체제는 논전형이라고 설명했습니다."
dataset_ko_264_final,entity_simple_hard_test_dessert_00168:final:0,entity_simple_hard_test_dessert_00168,entity_simple_hard_test_dessert_00168,True,same_source_sibling_facts,1,4,23,20,실습 3팀 2차 초콜렛 설명에서 특징과 맛만 알려줘.,"실습 3팀 2차 초콜렛에 대해 특징은 입안에서 천천히 녹는다고, 그리고 맛은 달콤하다고 설명했습니다.",True,,,,,False,False,0.8666666666666666,0.9285714285714286,0.4333333333333333,0.4642857142857143,True,True,3.199208100035321,3.0707403999986127,,,,,passage-only,"실습 3팀 2차 초콜렛 설명에 대해 특징은 입안에서 천천히 녹는다고, 맛은 달콤하다고, 그리고 비유는 작은 선물 상자라고 설명했습니다.","실습 3팀 2차 초콜렛 설명에 대해 특징은 입안에서 천천히 녹는다고, 맛은 달콤하다고, 그리고 색깔은 검정색이라고 설명했습니다."
dataset_ko_265_final,entity_simple_hard_test_project_00324:final:0,entity_simple_hard_test_project_00324,entity_simple_hard_test_project_00324,True,same_source_sibling_facts,1,4,23,20,캡스톤 C반 4차 최종 발표 설명에서 마감과 공유 위치만 알려줘.,"캡스톤 C반 4차 최종 발표에 대해 마감은 다음 주 월요일 밤이라고, 그리고 공유 위치는 팀 노션 페이지라고 설명했습니다.",True,,,,,False,False,0.8823529411764706,0.967741935483871,0.4411764705882353,0.4838709677419355,True,True,2.8529528999933973,2.4741911999881268,,,,,passage-only,"캡스톤 C반 4차 최종 발표에 대해 마감과 공유 위치를 공유 위치는 팀 노션 페이지라고, 마감은 다음 주 월요일 밤이라고 설명했습니다.","캡스톤 C반 4차 최종 발표 설명에 대해 마감은 다음 주 월요일 밤이라고, 공유 위치는 팀 노션 페이지라고 설명했습니다."
dataset_ko_266_final,entity_simple_hard_test_os_concept_00366:final:0,entity_simple_hard_test_os_concept_00366,entity_simple_hard_test_os_concept_00366,True,same_source_sibling_facts,1,4,23,20,교수님이 정규 3팀 4차 캐시의 주의점과 비유를 어떻게 말했어?,"정규 3팀 4차 캐시에 대해 주의점은 오래된 정보가 남을 수 있다고, 그리고 비유는 책상 위에 올려둔 책이라고 설명했습니다.",True,,,,,False,False,0.85,0.6857142857142857,0.425,0.34285714285714286,True,True,3.980348100012634,3.1464158999733627,,,,,question+passage,"교수님이 정규 3팀 4차 캐시에 대해 비유는 책상 위에 올려둔 책이라고, 장점은 반복 접근을 빠르게 만든다고, 그리고 주의점은 오래된 정보가 남을 수 있다고 설명했습니다.","교수님의 주의점은 오래된 정보가 남을 수 있다고, 비유는 책상 위에 올려둔 책이라고, 그리고 장점은 반복 접근을 빠르게 만든다고 설명했습니다."
dataset_ko_267_final,entity_simple_hard_test_art_history_00210:final:0,entity_simple_hard_test_art_history_00210,entity_simple_hard_test_art_history_00210,True,same_source_sibling_facts,1,4,23,20,교수님이 봄 B반 3차 인상주의의 핵심 특징과 목적을 어떻게 말했어?,"봄 B반 3차 인상주의에 대해 핵심 특징은 빛의 순간적인 인상이라고, 그리고 목적은 관찰 순간을 살리는 것이라고 설명했습니다.",True,,,,,False,False,0.4186046511627907,0.8421052631578948,0.20930232558139536,0.4210526315789474,False,True,5.58941810001852,3.8297566999681294,,,,,passage-only,"봄 B반 3차 인상주의에 대해 핵심 특징은 봄 B반 3차 인상주의에 대해 합동목적이 있다고, 비교 포인트는 정확한 윤곽보다 색감이 중요하다고, 그리고 핵심 특징은 봄 B반 3차 인상주의의느iveness한 투명한 인상이라고 설명했습니다.","봄 B반 3차 인상주의에 대해 핵심 특징은 빛의 순간적인 인상이라고, 비유는 햇빛이 흔들리는 수면에 비친 모습이라고, 그리고 목적은 관찰 순간을 살리는 것이라고 설명했습니다."
dataset_ko_268_final,entity_simple_hard_test_project_00087:final:0,entity_simple_hard_test_project_00087,entity_simple_hard_test_project_00087,True,same_source_sibling_facts,1,4,23,20,심화 오전반 1차 프론트엔드 점검 설명 중 공유 위치와 마감에 해당하는 내용만 답해줘.,"심화 오전반 1차 프론트엔드 점검에 대해 공유 위치는 프로젝트 슬랙 채널이라고, 그리고 마감은 다음 달 첫째 주 화요일이라고 설명했습니다.",True,,,,,False,False,0.9696969696969697,0.75,0.48484848484848486,0.375,True,True,3.3289924999698997,3.9948629999998957,,,,,question+passage,"심화 오전반 1차 프론트엔드 점검 설명에 대해 공유 위치는 프로젝트 슬랙 채널이라고, 마감은 다음 달 첫째 주 화요일이라고 설명했습니다.","심화 오전반 1차 프론트엔드 점검에 대해 공유 위치는 개인 슬랙 채널이라고, 마감은 다음 달 첫째 주 화요일이라고, 공유 대상은 개인 기준 학점과 상관 있다고 설명했습니다."
dataset_ko_269_final,entity_simple_hard_test_dessert_00193:final:0,entity_simple_hard_test_dessert_00193,entity_simple_hard_test_dessert_00193,True,same_source_sibling_facts,1,4,23,20,겨울 오후반 2차 솜사탕에서 색깔과 비유를 함께 정리해줘.,"겨울 오후반 2차 솜사탕에 대해 색깔은 분홍색이라고, 그리고 비유는 구름 같은 간식이라고 설명했습니다.",True,,,,,False,False,0.8387096774193548,0.9600000000000001,0.4193548387096774,0.48000000000000004,True,True,3.38783640001202,2.25849500001641,,,,,passage-only,"겨울 오후반 2차 솜사탕에 대해 색깔은 분홍색이라고, 비유는 구름 같은 간식이라고, 그리고 특징은 입에 닿으면 빠르게 사라진다고 설명했습니다.","겨울 오후반 2차 솜사탕에 대해 색깔은 분홍색이라고, 비유는 구름 같은 간식이라고 설명했습니다."
dataset_ko_270_final,entity_simple_hard_test_statistics_00310:final:0,entity_simple_hard_test_statistics_00310,entity_simple_hard_test_statistics_00310,True,same_source_sibling_facts,1,4,23,20,교수님이 봄 B반 4차 상관계수의 의미와 주의점을 어떻게 말했어?,"봄 B반 4차 상관계수에 대해 의미는 선형 관계 강도라고, 그리고 주의점은 원인 증명을 뜻하지 않는다고 설명했습니다.",True,,,,,False,False,0.7894736842105263,0.8571428571428571,0.39473684210526316,0.42857142857142855,True,True,4.203487999970093,3.3614475000067614,,,,,passage-only,"교수님이 봄 B반 4차 상관계수의 의미에 대해 주의점은 원인 증명을 뜻하지 않는다고, 활용은 관계 강도를 빠르게 살필 때 쓴다고, 그리고 의미는 선형 관계 강도라고 설명했습니다.","봄 B반 4차 상관계수에 대해 의미는 선형 관계 강도라고, 주의점은 원인 증명을 뜻하지 않는다고, 그리고 활용은 데이터의 분포를 보는 도구라고 설명했습니다."
dataset_ko_271_final,entity_simple_hard_test_art_history_00112:final:0,entity_simple_hard_test_art_history_00112,entity_simple_hard_test_art_history_00112,True,same_source_sibling_facts,1,4,23,20,가을 B반 2차 바로크 설명에서 핵심 특징과 목적만 알려줘.,"가을 B반 2차 바로크에 대해 핵심 특징은 극적 명암이라고, 그리고 목적은 감정을 강하게 전달하는 것이라고 설명했습니다.",True,,,,,False,False,0.8421052631578948,0.9411764705882353,0.4210526315789474,0.47058823529411764,True,True,3.703794899978675,2.957861699978821,,,,,passage-only,"가을 B반 2차 바로크에 대해 핵심 특징은 극적 명암이라고, 비유는 무대 조명이 한 장면을 강조하는 방식이라고, 그리고 목적은 감정을 강하게 전달하는 것이라고 설명했습니다.","가을 B반 2차 바로크 설명에 대해 핵심 특징은 극적 명암이라고, 목적은 감정을 강하게 전달하는 것이라고, 그리고 대비하는 방법이라고 설명했습니다."
dataset_ko_272_final,entity_simple_hard_test_marketing_00224:final:0,entity_simple_hard_test_marketing_00224,entity_simple_hard_test_marketing_00224,True,same_source_sibling_facts,1,4,23,20,캡스톤 C반 3차 신입생 캠페인 설명에서 대상과 보상만 알려줘.,"캡스톤 C반 3차 신입생 캠페인에 대해 대상은 신입생이라고, 그리고 보상은 커피 쿠폰이라고 설명했습니다.",True,,,,,False,False,0.6666666666666667,0.896551724137931,0.33333333333333337,0.4482758620689655,True,True,3.8186987999943085,3.3275537000154145,,,,,passage-only,"캡스톤 C반 3차 신입생 캠페인 보상이란 무엇과 관련, 대상은 커피 쿠폰이라고, 채널은 인스타그램이라고, 그리고 성과 지표는 전환율이라고 설명했습니다.","캡스톤 C반 3차 신입생 캠페인에 대해 대상은 신입생이라고, 보상은 커피 쿠폰이라고, 그리고 성과 지표는 전환율이라고 설명했습니다."
dataset_ko_273_final,entity_simple_hard_test_os_concept_00246:final:0,entity_simple_hard_test_os_concept_00246,entity_simple_hard_test_os_concept_00246,True,same_source_sibling_facts,1,4,23,20,교수님이 정규 1팀 3차 캐시의 장점과 역할을 어떻게 말했어?,"정규 1팀 3차 캐시에 대해 장점은 반복 접근을 빠르게 만든다고, 그리고 역할은 자주 쓰는 정보를 가까이 둔다고 설명했습니다.",True,,,,,False,False,0.8571428571428571,0.7317073170731708,0.42857142857142855,0.3658536585365854,True,True,4.296286700002383,4.102359799959231,,,,,question+passage,"교수님이 정규 1팀 3차 캐시에 대해 장점은 반복 접근을 빠르게 만든다고, 역할은 자주 쓰는 정보를 가까이 둔다고, 그리고 비유는 책상 위에 올려둔 책이라고 설명했습니다.","교수님의 정규 1팀 3차 캐시에 대해 장점은 빠른 접근을 의미한다고, 역할은 자주 쓰는 정보를 가까이 둔다고, 그리고 비유는 책상 위에 올려둔 책이라고 설명했습니다."
dataset_ko_274_final,entity_simple_hard_test_statistics_00380:final:0,entity_simple_hard_test_statistics_00380,entity_simple_hard_test_statistics_00380,True,same_source_sibling_facts,1,4,23,20,봄 오전반 4차 표본분산 설명에서 활용과 비유만 알려줘.,"봄 오전반 4차 표본분산에 대해 활용은 데이터 변동성을 볼 때 쓴다고, 그리고 비유는 점들이 얼마나 퍼졌는지 보는 자라고 설명했습니다.",True,,,,,False,False,0.8571428571428572,0.8205128205128205,0.4285714285714286,0.41025641025641024,True,True,3.4982610000297427,4.323547000007238,,,,,tie,"봄 오전반 4차 설명에 대해 비유는 점들이 얼마나 퍼졌는지 보는 자라고, 주의점은 순위 정렬과 다르다고, 그리고 활용은 데이터 변동성을 볼 때 쓴다고 설명했습니다.","봄 오전반 4차 표본분산 표본분산 설명에 대해 활용은 데이터 변동성을 볼 때 쓴다고, 비유는 점들이 얼마나 퍼졌는지 보는 자라고, 그리고 비유가 점들이 얼마나 퍼졌는지 보는 자라고 설명했습니다."
dataset_ko_275_final,entity_simple_hard_test_statistics_00236:final:0,entity_simple_hard_test_statistics_00236,entity_simple_hard_test_statistics_00236,True,same_source_sibling_facts,1,4,23,20,정규 D반 3차 표본분산 설명에서 비유와 활용만 알려줘.,"정규 D반 3차 표본분산에 대해 비유는 점들이 얼마나 퍼졌는지 보는 자라고, 그리고 활용은 데이터 변동성을 볼 때 쓴다고 설명했습니다.",True,,,,,False,False,0.9189189189189189,0.8947368421052632,0.45945945945945943,0.4473684210526316,True,True,3.695705200021621,3.8336255000322126,,,,,tie,"정규 D반 3차 표본분산에 대해 비유는 점들이 얼마나 퍼졌는지 보는 자라고, 활용은 데이터 변동성을 볼 때 쓴다고, 그리고 의미는 퍼짐 측정이라고 설명했습니다.","정규 D반 3차 표본분산 설명에 대해 비유는 점들이 얼마나 퍼졌는지 보는 자라고, 활용은 데이터 변동성을 볼 때 쓴다고, 그리고 비유는 초코파티처럼 보일 수 있다고 설명했습니다."
dataset_ko_276_final,entity_simple_hard_test_marketing_00153:final:0,entity_simple_hard_test_marketing_00153,entity_simple_hard_test_marketing_00153,True,same_source_sibling_facts,1,4,23,20,겨울 2팀 2차 동아리 홍보에서 성과 지표와 핵심 채널을 함께 정리해줘.,"겨울 2팀 2차 동아리 홍보에 대해 성과 지표는 참여율이라고, 그리고 핵심 채널은 오픈채팅방이라고 설명했습니다.",True,,,,,False,False,0.8235294117647058,0.9032258064516129,0.4117647058823529,0.45161290322580644,True,True,3.9308192000025883,3.371442100033164,,,,,passage-only,"겨울 2팀 2차 동아리 홍보에 대해 성과 지표는 참여율이라고, 핵심 채널은 오픈채팅방이라고, 대상은 동아리 회원이라고, 그리고 보상은 굿즈 추첨권이라고 설명했습니다.","겨울 2팀 2차 동아리 홍보에 대해 성과 지표는 참여율이라고, 핵심 채널은 오픈채팅방이라고, 그리고 보상은 굿즈 추첨권이라고 설명했습니다."
dataset_ko_277_final,entity_simple_hard_test_marketing_00032:final:0,entity_simple_hard_test_marketing_00032,entity_simple_hard_test_marketing_00032,True,same_source_sibling_facts,1,4,23,20,가을 D반 1차 신입생 캠페인 설명에서 대상과 보상만 알려줘.,"가을 D반 1차 신입생 캠페인에 대해 대상은 신입생이라고, 그리고 보상은 커피 쿠폰이라고 설명했습니다.",True,,,,,False,False,0.6666666666666666,0.7586206896551724,0.3333333333333333,0.3793103448275862,True,True,2.755341599986423,3.1154769000131637,,,,,passage-only,"가을 D반 1차 신입생 캠페인 보상이란 무엇과 관련, 대상은 신입생이라고, 그리고 성과 지표는 전환율이라고 설명했습니다.","가을 D반 1차 신입생 캠페인에 대해 대상으로 신입생이라고, 보상으로 당첨율 증진이라고, 그리고 성과 지표로 재방문율이라고 설명했습니다."
dataset_ko_278_final,entity_simple_hard_test_marketing_00081:final:0,entity_simple_hard_test_marketing_00081,entity_simple_hard_test_marketing_00081,True,same_source_sibling_facts,1,4,23,20,여름 오전반 1차 동아리 홍보에서 보상과 대상을 함께 정리해줘.,"여름 오전반 1차 동아리 홍보에 대해 보상은 굿즈 추첨권이라고, 그리고 대상은 동아리 회원이라고 설명했습니다.",True,,,,,False,False,0.7999999999999999,0.8387096774193549,0.39999999999999997,0.41935483870967744,True,True,3.233126999984961,3.289799000020139,,,,,tie,"여름 오전반 1차 동아리 홍보에 대해 대상은 참여율이라고, 보상은 굿즈 추첨권이라고, 그리고 핵심 채널은 오픈채팅방이라고 설명했습니다.","여름 오전반 1차 동아리 홍보에 대해 보상은 굿즈 추첨권이라고, 핵심 채널은 동아리 페이지라고, 그리고 대상은 총장상이라고 설명했습니다."
dataset_ko_279_final,entity_simple_hard_test_dessert_00362:final:0,entity_simple_hard_test_dessert_00362,entity_simple_hard_test_dessert_00362,True,same_source_sibling_facts,1,4,23,20,교수님이 가을 3팀 4차 마카롱의 특징과 맛을 어떻게 말했어?,"가을 3팀 4차 마카롱에 대해 특징은 겉은 바삭하고 속은 촉촉하다고, 그리고 맛은 부드럽고 진하다고 설명했습니다.",True,,,,,False,False,0.7567567567567568,0.32,0.3783783783783784,0.16,True,False,4.266962800000329,1.9387530999956653,,,,,question+passage,"교수님이 가을 3팀 4차 마카롱의 특징을 색깔이 다른 높여지고 단맛이 짙은 says, 맛은 부드럽고 진하다고, 그리고 특징은 겉은 바삭하고 속은 촉촉하다고 설명했습니다.","학우님의 마카롱의 특징과 맛에 대해 색깔, 맛, and texture의 특징을 설명했습니다."
dataset_ko_280_final,entity_simple_hard_test_marketing_00345:final:0,entity_simple_hard_test_marketing_00345,entity_simple_hard_test_marketing_00345,True,same_source_sibling_facts,1,4,23,20,파일럿 1팀 4차 동아리 홍보에서 성과 지표와 핵심 채널을 함께 정리해줘.,"파일럿 1팀 4차 동아리 홍보에 대해 성과 지표는 참여율이라고, 그리고 핵심 채널은 오픈채팅방이라고 설명했습니다.",True,,,,,False,False,0.9032258064516129,0.9032258064516129,0.45161290322580644,0.45161290322580644,True,True,3.2931911000050604,3.41343750001397,,,,,tie,"파일럿 1팀 4차 동아리 홍보에 대해 성과 지표는 참여율이라고, 핵심 채널은 오픈채팅방이라고, 그리고 대상은 동아리 회원이라고 설명했습니다.","파일럿 1팀 4차 동아리 홍보에 대해 성과 지표는 참여율이라고, 핵심 채널은 오픈채팅방이라고, 그리고 보상은 굿즈 추첨권이라고 설명했습니다."
dataset_ko_281_final,entity_simple_hard_test_os_concept_00125:final:0,entity_simple_hard_test_os_concept_00125,entity_simple_hard_test_os_concept_00125,True,same_source_sibling_facts,1,4,23,20,파일럿 C반 2차 스레드에서 비유와 주의점을 함께 정리해줘.,"파일럿 C반 2차 스레드에 대해 비유는 같은 식당 안에서 일하는 직원이라고, 그리고 주의점은 공유 자원 관리가 필요하다고 설명했습니다.",True,,,,,False,False,0.878048780487805,0.6486486486486486,0.4390243902439025,0.3243243243243243,True,True,3.6145387000287883,3.120605500007514,,,,,question+passage,"파일럿 C반 2차 스레드에 대해 비유는 같은 식당 안에서 일하는 직원이라고, 장점은 작업을 가볍게 나눌 수 있다고, 그리고 주의점은 공유 자원 관리가 필요하다고 설명했습니다.","파일럿 C반 2차 스레드에 대해 책임은 부분적으로是真的이라고, 장점은 협업을 생각나게 한다고, 그리고 주의점은 공유 자원 관리가 필요하다고 설명했습니다."
dataset_ko_282_final,entity_simple_hard_test_marketing_00083:final:0,entity_simple_hard_test_marketing_00083,entity_simple_hard_test_marketing_00083,True,same_source_sibling_facts,1,4,23,20,겨울 오전반 1차 멘토링 이벤트 설명 중 보상과 대상에 해당하는 내용만 답해줘.,"겨울 오전반 1차 멘토링 이벤트에 대해 보상은 포인트 500점이라고, 그리고 대상은 멘토링 참여 학생이라고 설명했습니다.",True,,,,,False,False,0.7272727272727272,0.9375,0.3636363636363636,0.46875,True,True,3.837333299976308,3.6587700999807566,,,,,passage-only,"겨울 오전반 1차 멘토링 이벤트 설명에 대해 주의점은 재방문율이라고, 핵심 채널은 이메일 뉴스레터라고, 그리고 대상은 멘토링 참여 학생이라고 설명했습니다.","겨울 오전반 1차 멘토링 이벤트에 대해 보상은 포인트 500점이라고, 대상은 멘토링 참여 학생이라고, 그리고 브랜드명은 엔트로피라고 설명했습니다."
dataset_ko_283_final,entity_simple_hard_test_art_history_00064:final:0,entity_simple_hard_test_art_history_00064,entity_simple_hard_test_art_history_00064,True,same_source_sibling_facts,1,4,23,20,캡스톤 3팀 1차 바로크 설명에서 목적과 핵심 특징만 알려줘.,"캡스톤 3팀 1차 바로크에 대해 목적은 감정을 강하게 전달하는 것이라고, 그리고 핵심 특징은 극적 명암이라고 설명했습니다.",True,,,,,False,False,0.8421052631578948,0.7567567567567567,0.4210526315789474,0.37837837837837834,True,True,3.7028204000089318,3.420151500031352,,,,,question+passage,"캡스톤 3팀 1차 바로크에 대해 핵심 특징은 극적 명암이라고, 비유는 무대 조명이 한 장면을 강조하는 방식이라고, 그리고 목적은 감정을 강하게 전달하는 것이라고 설명했습니다.","캡스톤 3팀 1차 바로크에 대해 목적은 감정을 강하게 전달하는 것이라고, 핵심 특징은 시각적 강조라고, 그리고 핵심 구도는 위에서 중심으로 온다고 설명했습니다."
dataset_ko_284_final,entity_simple_hard_test_project_00327:final:0,entity_simple_hard_test_project_00327,entity_simple_hard_test_project_00327,True,same_source_sibling_facts,1,4,23,20,심화 C반 4차 프론트엔드 점검 설명 중 마감과 공유 위치에 해당하는 내용만 답해줘.,"심화 C반 4차 프론트엔드 점검에 대해 마감은 다음 달 첫째 주 화요일이라고, 그리고 공유 위치는 프로젝트 슬랙 채널이라고 설명했습니다.",True,,,,,False,False,0.9411764705882353,0.717948717948718,0.47058823529411764,0.358974358974359,True,True,3.3012863000039943,3.929313100001309,,,,,question+passage,"심화 C반 4차 프론트엔드 점검 설명이라고, 공유 위치는 프로젝트 슬랙 채널이라고, 그리고 마감은 다음 달 첫째 주 화요일이라고 설명했습니다.","심화 C반 4차 프론트엔드 점검에 대해 마감은 프로젝트 슬랙 채널이라고, 공유 위치는 프로젝트 슬랙 채널이라고, 그리고 확인 기준은 사용자 차단 여부라고 설명했습니다."
dataset_ko_285_final,entity_simple_hard_test_os_concept_00390:final:0,entity_simple_hard_test_os_concept_00390,entity_simple_hard_test_os_concept_00390,True,same_source_sibling_facts,1,4,23,20,교수님이 봄 오후반 4차 캐시의 역할과 장점을 어떻게 말했어?,"봄 오후반 4차 캐시에 대해 역할은 자주 쓰는 정보를 가까이 둔다고, 그리고 장점은 반복 접근을 빠르게 만든다고 설명했습니다.",True,,,,,False,False,0.7692307692307693,0.9411764705882353,0.38461538461538464,0.47058823529411764,True,True,4.055166599981021,3.2400382999912836,,,,,passage-only,"봄 오후반 4차 캐시에 대해 주의점은 중복 접근을 빠르게 만든다고, 역할은 자주 쓰는 정보를 가까이 둔다고, 그리고 비유는 책상 위에 올려둔 책이라고 설명했습니다.","교수님의 오후반 4차 캐시에 대해 역할은 자주 쓰는 정보를 가까이 둔다고, 장점은 반복 접근을 빠르게 만든다고 설명했습니다."
dataset_ko_286_final,entity_simple_hard_test_statistics_00118:final:0,entity_simple_hard_test_statistics_00118,entity_simple_hard_test_statistics_00118,True,same_source_sibling_facts,1,4,23,20,교수님이 실습 B반 2차 상관계수의 의미와 주의점을 어떻게 말했어?,"실습 B반 2차 상관계수에 대해 의미는 선형 관계 강도라고, 그리고 주의점은 원인 증명을 뜻하지 않는다고 설명했습니다.",True,,,,,False,False,0.8,0.4375,0.4,0.21875,True,False,4.1291860999772325,2.4934415000025183,,,,,question+passage,"교수님이 실습 B반 2차 상관계수의 의미에 대해 주의점은 원인 증명을 뜻하지 않는다고, 활용은 관계 강도를 빠르게 살필 때 쓴다고, 그리고 의미는 선형 관계 강도라고 설명했습니다.","교수님이 실습 B반 2차 상관계수의 의미와 주의점을 설명할 때 주의점을 비유와 비교, 기본 의미와 같은 개념이라고 설명했습니다."
dataset_ko_287_final,entity_simple_hard_test_dessert_00290:final:0,entity_simple_hard_test_dessert_00290,entity_simple_hard_test_dessert_00290,True,same_source_sibling_facts,1,4,23,20,교수님이 봄 오후반 3차 마카롱의 색깔과 비유를 어떻게 말했어?,"봄 오후반 3차 마카롱에 대해 색깔은 알록달록하다고, 그리고 비유는 작은 보석 상자라고 설명했습니다.",True,,,,,False,False,0.6451612903225806,0.8571428571428571,0.3225806451612903,0.42857142857142855,True,True,4.330740800010972,3.1431477000005543,,,,,passage-only,"교수님이 봄 오후반 3차 마카롱의 샛색을 묻는 질문을, 비유로는 작은 보석 상자라고, 특징은 겉은 바삭하고 속은 촉촉하다고, 그리고 색깔은 알록달록하다고 설명했습니다.","봄 오후반 3차 마카롱의 색깔에 대해 진실은 알록달록하다고, 비유는 작은 보석 상자라고, 그리고色素의 본질은 색깔을 제공한다고 설명했습니다."
dataset_ko_288_final,entity_simple_hard_test_project_00276:final:0,entity_simple_hard_test_project_00276,entity_simple_hard_test_project_00276,True,same_source_sibling_facts,1,4,23,20,정규 4팀 3차 최종 발표 설명에서 공유 위치와 마감만 알려줘.,"정규 4팀 3차 최종 발표에 대해 공유 위치는 팀 노션 페이지라고, 그리고 마감은 다음 주 월요일 밤이라고 설명했습니다.",True,,,,,False,False,0.967741935483871,0.43902439024390244,0.4838709677419355,0.21951219512195122,True,False,2.462109000014607,3.545971699990332,,,,,question+passage,"정규 4팀 3차 최종 발표 설명에 대해 공유 위치는 팀 노션 페이지라고, 마감은 다음 주 월요일 밤이라고 설명했습니다.",정규 4팀 3차 최종 발표 설명에 대해 공유 위치는 shared paths에 넣어줄 수 있지만 정책은 권한 부여 기준을 사용자에게 확인할 수 있는 기회가 있는 부분을 기준으로 설정이라고 설명했습니다.
dataset_ko_289_final,entity_simple_hard_test_art_history_00209:final:0,entity_simple_hard_test_art_history_00209,entity_simple_hard_test_art_history_00209,True,same_source_sibling_facts,1,4,23,20,세미나 A반 3차 입체주의에서 핵심 특징과 목적을 함께 정리해줘.,"세미나 A반 3차 입체주의에 대해 핵심 특징은 여러 시점이라고, 그리고 목적은 대상을 새롭게 해석하는 것이라고 설명했습니다.",True,,,,,False,False,0.8205128205128205,0.8421052631578948,0.41025641025641024,0.4210526315789474,True,True,3.81762600003276,3.454623099998571,,,,,tie,"세미나 A반 3차 입체주의에 대해 핵심 특징은 여러 시점이라고, 비유는 여러 방향에서 본 사물을 한 화면에 놓는 방식이라고, 그리고 목적은 대상을 새롭게 해석하는 것이라고 설명했습니다.","세미나 A반 3차 입체주의에 대해 핵심 특징은 여러 시점이라고, 목적은 대상을 새롭게 해석하는 것이라고, 그리고 표현 방식은 여러 시점으로 분석扩展된 방식이라고 설명했습니다."
dataset_ko_290_final,entity_simple_hard_test_project_00373:final:0,entity_simple_hard_test_project_00373,entity_simple_hard_test_project_00373,True,same_source_sibling_facts,1,4,23,20,겨울 4팀 4차 백엔드 배포에서 공유 위치와 마감을 함께 정리해줘.,"겨울 4팀 4차 백엔드 배포에 대해 공유 위치는 깃허브 이슈 탭이라고, 그리고 마감은 수요일 오후 다섯 시라고 설명했습니다.",True,,,,,False,False,0.9714285714285714,0.923076923076923,0.4857142857142857,0.4615384615384615,True,True,2.782852099975571,3.531454899988603,,,,,tie,"겨울 4팀 4차 백엔드 배포에 대해 공유 위치는 깃허브 이슈 탭이라고, 마감은 수요일 오후 다섯 시라고 설명했습니다.","겨울 4팀 4차 백엔드 배포에 대해 담당은 백엔드 팀이라고, 마감은 수요일 오후 다섯 시라고, 그리고 공유 위치는 깃허브 이슈 탭이라고 설명했습니다."
dataset_ko_291_final,entity_simple_hard_test_art_history_00136:final:0,entity_simple_hard_test_art_history_00136,entity_simple_hard_test_art_history_00136,True,same_source_sibling_facts,1,4,23,20,정규 D반 2차 바로크 설명에서 비유와 비교 포인트만 알려줘.,"정규 D반 2차 바로크에 대해 비유는 무대 조명이 한 장면을 강조하는 방식이라고, 그리고 비교 포인트는 평면적 구도와 구분된다고 설명했습니다.",True,,,,,False,False,0.878048780487805,0.7142857142857143,0.4390243902439025,0.35714285714285715,True,True,3.8760970999719575,3.8942609999794513,,,,,question+passage,"정규 D반 2차 바로크에 대해 비유는 무대 조명이 한 장면을 강조하는 방식이라고, 목적은 감정을 강하게 전달하는 것이라고, 그리고 비교 포인트는 평면적 구도와 구분된다고 설명했습니다.","정규 D반 2차 바로크에 대해 비유는 무대 조명이 한 장면을 강조하는 방식이라고, 비유적 특징은 생각, 말하기 형태라고, 그리고 비교 포인트는 두 극적 특징이 조합된 공간이라고 설명했습니다."
dataset_ko_292_final,entity_simple_hard_test_os_concept_00055:final:0,entity_simple_hard_test_os_concept_00055,entity_simple_hard_test_os_concept_00055,True,same_source_sibling_facts,1,4,23,20,파일럿 2팀 1차 큐 설명 중 장점과 역할에 해당하는 내용만 답해줘.,"파일럿 2팀 1차 큐에 대해 장점은 처리 순서를 명확하게 만든다고, 그리고 역할은 작업을 순서대로 기다리게 한다고 설명했습니다.",True,,,,,False,False,0.9696969696969697,0.7692307692307693,0.48484848484848486,0.38461538461538464,True,True,2.7068292999756522,3.6588328999932855,,,,,question+passage,"파일럿 2팀 1차 큐에 대해 장점은 처리 순서를 명확하게 만든다고, 역할은 작업을 순서대로 기다리게 한다고 설명했습니다.","파일럿 2팀 1차 큐에 대해 장점은 처리 순서를 명확하게 만든다고, 주의점은 대기 시간이 길어질 수 있다고, 그리고 역할은 신청을 받고 기다리게 한다고 설명했습니다."
dataset_ko_293_final,entity_simple_hard_test_marketing_00105:final:0,entity_simple_hard_test_marketing_00105,entity_simple_hard_test_marketing_00105,True,same_source_sibling_facts,1,4,23,20,파일럿 A반 2차 동아리 홍보에서 핵심 채널과 성과 지표를 함께 정리해줘.,"파일럿 A반 2차 동아리 홍보에 대해 핵심 채널은 오픈채팅방이라고, 그리고 성과 지표는 참여율이라고 설명했습니다.",True,,,,,False,False,0.9032258064516129,0.742857142857143,0.45161290322580644,0.3714285714285715,True,True,3.227276300021913,3.8629919999511912,,,,,question+passage,"파일럿 A반 2차 동아리 홍보에 대해 핵심 채널은 오픈채팅방이라고, 성과 지표는 참여율이라고, 그리고 대상은 동아리 회원이라고 설명했습니다.","파일럿 A반 2차 동아리 홍보에 대해 핵심 채널은 게시판과 메일로 보내주는 카테고리라고, 성과 지표는 참여율이라고, 그리고 보상은 추첨 당첨 상품이라고 설명했습니다."
dataset_ko_294_final,entity_simple_hard_test_dessert_00050:final:0,entity_simple_hard_test_dessert_00050,entity_simple_hard_test_dessert_00050,True,same_source_sibling_facts,1,4,23,20,교수님이 봄 2팀 1차 마카롱의 비유와 색깔을 어떻게 말했어?,"봄 2팀 1차 마카롱에 대해 비유는 작은 보석 상자라고, 그리고 색깔은 알록달록하다고 설명했습니다.",True,,,,,False,False,0.6923076923076924,0.888888888888889,0.3461538461538462,0.4444444444444445,True,True,2.6024670000188053,2.848817499994766,,,,,passage-only,"교수님이 봄 2팀 1차 마카롱의 비유는 작은 보석 상자라고, 색깔은 예쁜 작은 보석 상자라고 설명했습니다.","봄 2팀 1차 마카롱에 대해 비유는 작은 보석 상자라고, 색깔은 알록달록하다고, 그리고 맛은 부드럽고 진하다고 설명했습니다."
dataset_ko_295_final,entity_simple_hard_test_art_history_00281:final:0,entity_simple_hard_test_art_history_00281,entity_simple_hard_test_art_history_00281,True,same_source_sibling_facts,1,4,23,20,여름 오전반 3차 입체주의에서 비교 포인트와 비유를 함께 정리해줘.,"여름 오전반 3차 입체주의에 대해 비교 포인트는 단일 원근과 다르다고, 그리고 비유는 여러 방향에서 본 사물을 한 화면에 놓는 방식이라고 설명했습니다.",True,,,,,False,False,0.8837209302325582,0.7567567567567567,0.4418604651162791,0.37837837837837834,True,True,3.958778499974869,2.837770799989812,,,,,question+passage,"여름 오전반 3차 입체주의에 대해 비유는 여러 방향에서 본 사물을 한 화면에 놓는 방식이라고, 목적은 대상을 새롭게 해석하는 것이라고, 그리고 비교 포인트는 단일 원근과 다르다고 설명했습니다.","여름 오전반 3차 입체주의에 대해 비교 포인트는 단일 원근과 다르다고, 비유는 여러 시점이라고, 그리고 비유의 종류는类似이라고 설명했습니다."
dataset_ko_296_final,entity_simple_hard_test_dessert_00314:final:0,entity_simple_hard_test_dessert_00314,entity_simple_hard_test_dessert_00314,True,same_source_sibling_facts,1,4,23,20,교수님이 캡스톤 B반 4차 마카롱의 맛과 특징을 어떻게 말했어?,"캡스톤 B반 4차 마카롱에 대해 맛은 부드럽고 진하다고, 그리고 특징은 겉은 바삭하고 속은 촉촉하다고 설명했습니다.",True,,,,,False,False,0.8,0.5217391304347827,0.4,0.26086956521739135,True,False,4.246672299981583,1.980458699981682,,,,,question+passage,"교수님이 캡스톤 B반 4차 마카롱의 맛과 특징을 설명하는 단어는 겉은 바삭하고 속은 촉촉하다고, 색깔은 알록달록하다고, 그리고 맛은 부드럽고 진하다고 설명했습니다.",캡스톤 B반 4차 마카롱의 맛과 특징을 강사님_style_creamy_sweetly이라고 설명했습니다.
dataset_ko_297_final,entity_simple_hard_test_statistics_00093:final:0,entity_simple_hard_test_statistics_00093,entity_simple_hard_test_statistics_00093,True,same_source_sibling_facts,1,4,23,20,겨울 오후반 1차 신뢰구간에서 활용과 비유를 함께 정리해줘.,"겨울 오후반 1차 신뢰구간에 대해 활용은 추정의 불확실성을 설명할 때 쓴다고, 그리고 비유는 정답이 있을 법한 범위를 그은 지도라고 설명했습니다.",True,,,,,False,False,0.8837209302325582,0.6341463414634148,0.4418604651162791,0.3170731707317074,True,True,4.097481300006621,4.005711300007533,,,,,question+passage,"겨울 오후반 1차 신뢰구간에 대해 비유는 정답이 있을 법한 범위를 그은 지도라고, 주의점은 정답 하나를 보장하지 않는다고, 그리고 활용은 추정의 불확실성을 설명할 때 쓴다고 설명했습니다.","겨울 오후반 1차 신뢰구간에 대해 활용은 추정의 불확실성을 설명할 때 쓴다고, 비유는 숫자로만 표현할 때의 설명을 비교하는 맥책이라고, 그리고 의미는 모수 추정의 한 종류라고 설명했습니다."
dataset_ko_298_final,entity_simple_hard_test_project_00255:final:0,entity_simple_hard_test_project_00255,entity_simple_hard_test_project_00255,True,same_source_sibling_facts,1,4,23,20,파일럿 2팀 3차 프론트엔드 점검 설명 중 확인 기준과 담당에 해당하는 내용만 답해줘.,"파일럿 2팀 3차 프론트엔드 점검에 대해 확인 기준은 사용자 차단 여부라고, 그리고 담당은 프론트엔드 파트라고 설명했습니다.",True,,,,,False,False,0.888888888888889,0.6428571428571429,0.4444444444444445,0.32142857142857145,True,True,3.9033850000123493,2.24383220000891,,,,,question+passage,"파일럿 2팀 3차 프론트엔드 점검 설명에 대해 확인 기준은 사용자 차단 여부라고, 담당은 프론트엔드 파트라고, 그리고 마감은 다음 달 첫째 주 화요일이라고 설명했습니다.",파일럿 2팀 3차 프론트엔드 점검 확인 기준은 반품 occurs와 담당은 프론트엔드 파트입니다.
dataset_ko_299_final,entity_simple_hard_test_dessert_00386:final:0,entity_simple_hard_test_dessert_00386,entity_simple_hard_test_dessert_00386,True,same_source_sibling_facts,1,4,23,20,교수님이 정규 오전반 4차 마카롱의 색깔과 비유를 어떻게 말했어?,"정규 오전반 4차 마카롱에 대해 색깔은 알록달록하다고, 그리고 비유는 작은 보석 상자라고 설명했습니다.",True,,,,,False,False,0.6857142857142856,0.896551724137931,0.3428571428571428,0.4482758620689655,True,True,3.9406435000128113,2.9269258999847807,,,,,passage-only,"교수님이 정규 오전반 4차 마카롱의 색깔에 대해 색깔은 반짝이 같은 소금이라고, 비유는 작은 보석 상자라고, 그리고 특징은 겉은 바삭하고 속은 촉촉하다고 설명했습니다.","정규 오전반 4차 마카롱에 대해 색깔은 알록달록하다고, 비유는 작은 보석 상자라고, 그리고 핵은 부드럽고 진하다고 설명했습니다."
dataset_ko_300_final,entity_simple_hard_test_statistics_00164:final:0,entity_simple_hard_test_statistics_00164,entity_simple_hard_test_statistics_00164,True,same_source_sibling_facts,1,4,23,20,캡스톤 3팀 2차 표본분산 설명에서 주의점과 의미만 알려줘.,"캡스톤 3팀 2차 표본분산에 대해 주의점은 순위 정렬과 다르다고, 그리고 의미는 흩어짐 측정이라고 설명했습니다.",True,,,,,False,False,0.8235294117647058,0.9333333333333333,0.4117647058823529,0.4666666666666667,True,True,3.7420468000345863,2.933229800022673,,,,,passage-only,"캡스톤 3팀 2차 표본분산에 대해 주의점은 순위 정렬과 다르다고, 의미는 흩어짐 측정이라고, 그리고 비유는 점들이 얼마나 퍼졌는지 보는 자라고 설명했습니다.","캡스톤 3팀 2차 표본분산 설명에 대해 주의점은 순위 정렬과 다르다고, 의미는 흩어짐 측정이라고, 그리고 비교 방법이라고 설명했습니다."
dataset_ko_301_final,entity_simple_hard_test_marketing_00201:final:0,entity_simple_hard_test_marketing_00201,entity_simple_hard_test_marketing_00201,True,same_source_sibling_facts,1,4,23,20,여름 A반 3차 동아리 홍보에서 핵심 채널과 성과 지표를 함께 정리해줘.,"여름 A반 3차 동아리 홍보에 대해 핵심 채널은 오픈채팅방이라고, 그리고 성과 지표는 참여율이라고 설명했습니다.",True,,,,,False,False,0.9032258064516129,0.6470588235294117,0.45161290322580644,0.32352941176470584,True,True,3.172549600014463,3.727240000036545,,,,,question+passage,"여름 A반 3차 동아리 홍보에 대해 핵심 채널은 오픈채팅방이라고, 성과 지표는 참여율이라고, 그리고 대상은 동아리 회원이라고 설명했습니다.","여름 A반 3차 동아리 홍보에 대해 핵심 채널은 웹 페이지와 소셜 네트워킹 사이트(Social Networking Sites, SNS)라고 설명했습니다. 성과 지표는 참여율과 효과iveness라고介绍了."
dataset_ko_302_final,entity_simple_hard_test_statistics_00213:final:0,entity_simple_hard_test_statistics_00213,entity_simple_hard_test_statistics_00213,True,same_source_sibling_facts,1,4,23,20,겨울 B반 3차 신뢰구간에서 의미와 주의점을 함께 정리해줘.,"겨울 B반 3차 신뢰구간에 대해 의미는 모수 추정 범위라고, 그리고 주의점은 정답 하나를 보장하지 않는다고 설명했습니다.",True,,,,,False,False,0.8648648648648648,0.6666666666666665,0.4324324324324324,0.33333333333333326,True,True,3.521553100028541,3.2091004999820143,,,,,question+passage,"겨울 B반 3차 신뢰구간에 대해 주의점은 정답 하나를 보장하지 않는다고, 활용은 추정의 불확실성을 설명할 때 쓴다고, 그리고 의미는 모수 추정 범위라고 설명했습니다.","겨울 B반 3차 신뢰구간에 대해 의미는 모수 추정 범위라고, 주의점은 직접 데이터가 없을 때의 답변 기준이라고, 그리고 차별화된 의미가 없다고 설명했습니다."
dataset_ko_303_final,entity_simple_hard_test_dessert_00075:final:0,entity_simple_hard_test_dessert_00075,entity_simple_hard_test_dessert_00075,True,same_source_sibling_facts,1,4,23,20,파일럿 4팀 1차 브라우니 설명 중 특징과 맛에 해당하는 내용만 답해줘.,"파일럿 4팀 1차 브라우니에 대해 특징은 속이 촉촉하게 남는다고, 그리고 맛은 묵직하게 달콤하다고 설명했습니다.",True,,,,,False,False,0.9032258064516129,0.9032258064516129,0.45161290322580644,0.45161290322580644,True,True,3.535182299965527,3.647595399990678,,,,,tie,"파일럿 4팀 1차 브라우니에 대해 특징은 속이 촉촉하게 남는다고, 맛은 묵직하게 달콤하다고, 그리고 색깔은 진한 갈색이라고 설명했습니다.","파일럿 4팀 1차 브라우니 설명에 대해 특징은 속이 촉촉하게 남는다고, 맛은 묵직하게 달콤하다고, 그리고 색깔은 진한 갈색이라고 설명했습니다."
dataset_ko_304_final,entity_simple_hard_test_dessert_00265:final:0,entity_simple_hard_test_dessert_00265,entity_simple_hard_test_dessert_00265,True,same_source_sibling_facts,1,4,23,20,파일럿 3팀 3차 솜사탕에서 특징과 맛을 함께 정리해줘.,"파일럿 3팀 3차 솜사탕에 대해 특징은 입에 닿으면 빠르게 사라진다고, 그리고 맛은 가볍게 달콤하다고 설명했습니다.",True,,,,,False,False,0.8823529411764706,0.9375,0.4411764705882353,0.46875,True,True,3.594878499978222,3.466270400036592,,,,,passage-only,"파일럿 3팀 3차 솜사탕에 대해 특징은 입에 닿으면 빠르게 사라진다고, 맛은 가볍게 달콤하다고, 그리고 비유는 구름 같은 간식이라고 설명했습니다.","파일럿 3팀 3차 솜사탕에 대해 특징은 입에 닿으면 빠르게 사라진다고, 맛은 가볍게 달콤하다고, 그리고 색깔은 분홍색이라고 설명했습니다."
dataset_ko_305_final,entity_simple_hard_test_project_00278:final:0,entity_simple_hard_test_project_00278,entity_simple_hard_test_project_00278,True,same_source_sibling_facts,1,4,23,20,교수님이 실습 4팀 3차 AI 모델 평가의 공유 위치와 마감을 어떻게 말했어?,"실습 4팀 3차 AI 모델 평가에 대해 공유 위치는 회의록 폴더라고, 그리고 마감은 금요일 자정 전이라고 설명했습니다.",True,,,,,False,False,0.9411764705882353,0.9189189189189189,0.47058823529411764,0.45945945945945943,True,True,2.753324299992528,3.1768069000099786,,,,,tie,"교수님 실습 4팀 3차 AI 모델 평가에 대해 공유 위치는 회의록 폴더라고, 마감은 금요일 자정 전이라고 설명했습니다.","실습 4팀 3차 AI 모델 평가에 대해 공유 위치는 회의록 폴더라고, 마감은 금요일 자정 전이라고, 그리고 확인 기준은 정답률이라고 설명했습니다."
dataset_ko_306_final,entity_simple_hard_test_art_history_00282:final:0,entity_simple_hard_test_art_history_00282,entity_simple_hard_test_art_history_00282,True,same_source_sibling_facts,1,4,23,20,교수님이 가을 오전반 3차 인상주의의 비교 포인트와 비유를 어떻게 말했어?,"가을 오전반 3차 인상주의에 대해 비교 포인트는 정확한 윤곽보다 색감이 중요하다고, 그리고 비유는 햇빛이 흔들리는 수면에 비친 모습이라고 설명했습니다.",True,,,,,False,False,0.8636363636363636,0.24615384615384617,0.4318181818181818,0.12307692307692308,True,False,4.377824999974109,7.622664700029418,,,,,question+passage,"교수님이 가을 오전반 3차 인상주의에 대해 비유는 햇빛이 흔들리는 수면에 비친 모습이라고, 목적은 관찰 순간을 살리는 것이라고, 그리고 비교 포인트는 정확한 윤곽보다 색감이 중요하다고 설명했습니다.",교수님이 가을 오전반 3차 인상주의의 비교 포인트와 비유를 말하는 순서에 대해 설명하는 방법을 생각해 본점과 광경의 비교를 생각할 수 있는 포인트와 비유의 특징을 설명할 수 있는 포인트와 비유의 특징을 설명할 수 있는 포인트와 비유의 특징을 설명할 수 있는 포인트와 비유의 특징을 설명할 수 있는 포인트와 비유의 특징을 설명할 수 있는 포인트와 비유의 특
dataset_ko_307_final,entity_simple_hard_test_os_concept_00293:final:0,entity_simple_hard_test_os_concept_00293,entity_simple_hard_test_os_concept_00293,True,same_source_sibling_facts,1,4,23,20,겨울 오후반 3차 스레드에서 역할과 장점을 함께 정리해줘.,"겨울 오후반 3차 스레드에 대해 역할은 프로세스 안에서 작업을 나누어 실행한다고, 그리고 장점은 작업을 가볍게 나눌 수 있다고 설명했습니다.",True,,,,,False,False,0.6341463414634146,0.7000000000000001,0.3170731707317073,0.35000000000000003,True,True,3.596063300035894,3.3976409999886528,,,,,passage-only,"겨울 오후반 3차 스레드에 대해 장점은 작업을 가볍게 나눌 수 있다고, 주의점은 공유 자원 관리가 필요하다고, 그리고 비유는 같은 식당 안에서 일하는 직원이라고 설명했습니다.","겨울 오후반 3차 스레드에 대해 역할은 작업을 가볍게 나눌 수 있다고, 장점은 시간을 절약할 수 있다고, 그리고 비유는 같은 식당 안에서 일하는 직원이라고 설명했습니다."
dataset_ko_308_final,entity_simple_hard_test_art_history_00019:final:0,entity_simple_hard_test_art_history_00019,entity_simple_hard_test_art_history_00019,True,same_source_sibling_facts,1,4,23,20,세미나 B반 1차 르네상스 설명 중 핵심 특징과 목적에 해당하는 내용만 답해줘.,"세미나 B반 1차 르네상스에 대해 핵심 특징은 인문주의라고, 그리고 목적은 사람의 가치를 드러내는 것이라고 설명했습니다.",True,,,,,False,False,0.8108108108108109,0.9090909090909091,0.40540540540540543,0.45454545454545453,True,True,3.8590063999872655,3.3299479000270367,,,,,passage-only,"세미나 B반 1차 르네상스에 대해 핵심 특징은 인문주의라고, 비유는 사람을 화면 중앙에 다시 세우는 방식이라고, 그리고 목적은 사람의 가치를 드러내는 것이라고 설명했습니다.","세미나 B반 1차 르네상스에 대해 핵심 특징은 인문주의라고, 목적은 사람의 가치를 드러내는 것이라고, 그리고 핵심 특징은 인문주의라고 설명했습니다."
dataset_ko_309_final,entity_simple_hard_test_project_00253:final:0,entity_simple_hard_test_project_00253,entity_simple_hard_test_project_00253,True,same_source_sibling_facts,1,4,23,20,겨울 2팀 3차 백엔드 배포에서 확인 기준과 담당을 함께 정리해줘.,"겨울 2팀 3차 백엔드 배포에 대해 확인 기준은 오류 발생률이라고, 그리고 담당은 백엔드 팀이라고 설명했습니다.",True,,,,,False,False,0.8666666666666667,0.7878787878787877,0.43333333333333335,0.39393939393939387,True,True,2.558602900011465,2.9528466000338085,,,,,question+passage,"겨울 2팀 3차 백엔드 배포에 대해 확인 기준을 다음과 몇 줄이라고, 그리고 담당은 백엔드 팀이라고 설명했습니다.","겨울 2팀 3차 백엔드 배포에 대해 확인 기준은 오류 발생률을 함께 확인하는 기준이라고, 담당은 기획 백엔드 팀이라고 설명했습니다."
dataset_ko_310_final,entity_simple_hard_test_marketing_00321:final:0,entity_simple_hard_test_marketing_00321,entity_simple_hard_test_marketing_00321,True,same_source_sibling_facts,1,4,23,20,여름 C반 4차 동아리 홍보에서 대상과 보상을 함께 정리해줘.,"여름 C반 4차 동아리 홍보에 대해 대상은 동아리 회원이라고, 그리고 보상은 굿즈 추첨권이라고 설명했습니다.",True,,,,,False,False,0.9032258064516129,0.8666666666666666,0.45161290322580644,0.4333333333333333,True,True,3.2837878999998793,2.805209400015883,,,,,tie,"여름 C반 4차 동아리 홍보에 대해 대상은 동아리 회원이라고, 보상은 굿즈 추첨권이라고, 그리고 핵심 채널은 오픈채팅방이라고 설명했습니다.","여름 C반 4차 동아리 홍보에 대해 대상은 동아리 회원이라고, 보상은 굿즈 추첨권이라고, 성과 지표는 참여율이라고 설명했습니다."
dataset_ko_311_final,entity_simple_hard_test_statistics_00166:final:0,entity_simple_hard_test_statistics_00166,entity_simple_hard_test_statistics_00166,True,same_source_sibling_facts,1,4,23,20,교수님이 정규 3팀 2차 상관계수의 주의점과 의미를 어떻게 말했어?,"정규 3팀 2차 상관계수에 대해 주의점은 원인 증명을 뜻하지 않는다고, 그리고 의미는 선형 관계 강도라고 설명했습니다.",True,,,,,False,False,0.5499999999999999,0.47058823529411764,0.27499999999999997,0.23529411764705882,False,False,4.375685500039253,3.2128650000086054,,,,,question+passage,"교수님이 정규 3팀 2차 상관계수의 주의점을 설명한 것과 비교하면 관계의 단계를 뜻하지 않는다고, 함수의 의미를 뜻하지 않는다고, 그리고 비유는 두 변수의 움직임을 비교하는 나침반이라고 설명했습니다.","교수님이 정규 3팀 2차 상관계수의 주의점과 의미를 어떻게 말했어?에 대해 주의점은 관계 강도를, 의미는 변수 간 관계의 강도를 설명합니다."
dataset_ko_312_final,entity_simple_hard_test_project_00326:final:0,entity_simple_hard_test_project_00326,entity_simple_hard_test_project_00326,True,same_source_sibling_facts,1,4,23,20,교수님이 정규 C반 4차 AI 모델 평가의 마감과 공유 위치를 어떻게 말했어?,"정규 C반 4차 AI 모델 평가에 대해 마감은 금요일 자정 전이라고, 그리고 공유 위치는 회의록 폴더라고 설명했습니다.",True,,,,,False,False,0.6842105263157895,0.48148148148148157,0.34210526315789475,0.24074074074074078,False,True,3.1683846000232734,5.7542728000553325,,,,,question+passage,"교수님 정규 C반 4차 AI 모델 평가에 대해 공유 위치는 화요일 자정 전이라고, 확인 기준은 정답률이라고, 그리고 담당은 AI 파트라고 설명했습니다.","교수님 정규 C반 4차 AI 모델 평가 마감과 공유 위치는 1주차 정규 C반 AI 모델 평가 마감과 일자가 조금 빨라 보이는 금요일 자정 전이 되는 시간이 되는 게 빠르면 금요일 자정이 되는 게 있다고, 공유 위치는 회의록 폴더라고 말했습니다."
dataset_ko_313_final,entity_simple_hard_test_art_history_00353:final:0,entity_simple_hard_test_art_history_00353,entity_simple_hard_test_art_history_00353,True,same_source_sibling_facts,1,4,23,20,겨울 2팀 4차 입체주의에서 목적과 핵심 특징을 함께 정리해줘.,"겨울 2팀 4차 입체주의에 대해 목적은 대상을 새롭게 해석하는 것이라고, 그리고 핵심 특징은 여러 시점이라고 설명했습니다.",True,,,,,False,False,0.8205128205128205,0.888888888888889,0.41025641025641024,0.4444444444444445,True,True,3.766283000004478,3.15699729998596,,,,,passage-only,"겨울 2팀 4차 입체주의에 대해 핵심 특징은 여러 시점이라고, 비유는 여러 방향에서 본 사물을 한 화면에 놓는 방식이라고, 그리고 목적은 대상을 새롭게 해석하는 것이라고 설명했습니다.","겨울 2팀 4차 입체주의에 대해 목적은 대상을 새롭게 해석하는 것이라고, 핵심 특징은 여러 시점이라고, 그리고 형상은 사각에 맞춰진 방향이라고 설명했습니다."
dataset_ko_314_final,entity_simple_hard_test_os_concept_00271:final:0,entity_simple_hard_test_os_concept_00271,entity_simple_hard_test_os_concept_00271,True,same_source_sibling_facts,1,4,23,20,여름 4팀 3차 큐 설명 중 주의점과 비유에 해당하는 내용만 답해줘.,"여름 4팀 3차 큐에 대해 주의점은 대기 시간이 길어질 수 있다고, 그리고 비유는 번호표를 뽑고 기다리는 줄이라고 설명했습니다.",True,,,,,False,False,0.8717948717948718,0.8717948717948718,0.4358974358974359,0.4358974358974359,True,True,3.7783694000099786,3.8318912999820895,,,,,tie,"여름 4팀 3차 큐에 대해 비유는 번호표를 뽑고 기다리는 줄이라고, 장점은 처리 순서를 명확하게 만든다고, 그리고 주의점은 대기 시간이 길어질 수 있다고 설명했습니다.","여름 4팀 3차 큐에 대해 주의점은 대기 시간이 길어질 수 있다고, 비유는 번호표를 뽑고 기다리는 줄이라고, 그리고 역할은 작업을 차례대로 기다리게 한다고 설명했습니다."
dataset_ko_315_final,entity_simple_hard_test_statistics_00286:final:0,entity_simple_hard_test_statistics_00286,entity_simple_hard_test_statistics_00286,True,same_source_sibling_facts,1,4,23,20,교수님이 정규 오전반 3차 상관계수의 활용과 비유를 어떻게 말했어?,"정규 오전반 3차 상관계수에 대해 활용은 관계 강도를 빠르게 살필 때 쓴다고, 그리고 비유는 두 변수의 움직임을 비교하는 나침반이라고 설명했습니다.",True,,,,,False,False,0.6153846153846153,0.7272727272727272,0.30769230769230765,0.3636363636363636,True,True,3.986803499981761,2.5592200999963097,,,,,passage-only,"교수님이 정규 오전반 3차 상관계수의 의미는 선형 관계 강도라고, 비유는 두 변수의 움직임을 비교하는 나침반이라고, 그리고 주의점은 원인 증명을 뜻하지 않는다고 설명했습니다.",정규 오전반 3차 상관계수의 활용에 대해 시간-saving 방법으로 설명하고 비유는 두 변수의 움직임을 비교하는 나침반이라고 설명했습니다.
dataset_ko_316_final,entity_simple_hard_test_dessert_00312:final:0,entity_simple_hard_test_dessert_00312,entity_simple_hard_test_dessert_00312,True,same_source_sibling_facts,1,4,23,20,가을 B반 4차 초콜렛 설명에서 맛과 특징만 알려줘.,"가을 B반 4차 초콜렛에 대해 맛은 달콤하다고, 그리고 특징은 입안에서 천천히 녹는다고 설명했습니다.",True,,,,,False,False,0.9285714285714286,0.962962962962963,0.4642857142857143,0.4814814814814815,True,True,3.0026410999707878,2.968345400004182,,,,,tie,"가을 B반 4차 초콜렛 설명에 대해 맛은 달콤하다고, 특징은 입안에서 천천히 녹는다고, 그리고 맛은 달콤하다고 설명했습니다.","가을 B반 4차 초콜렛 설명에 대해 맛은 달콤하다고, 특징은 입안에서 천천히 녹는다고, 그리고는 촉촉하다고 설명했습니다."
dataset_ko_317_final,entity_simple_hard_test_dessert_00144:final:0,entity_simple_hard_test_dessert_00144,entity_simple_hard_test_dessert_00144,True,same_source_sibling_facts,1,4,23,20,캡스톤 1팀 2차 초콜렛 설명에서 비유와 색깔만 알려줘.,"캡스톤 1팀 2차 초콜렛에 대해 비유는 작은 선물 상자라고, 그리고 색깔은 검정색이라고 설명했습니다.",True,,,,,False,False,0.8125000000000001,0.8387096774193548,0.40625000000000006,0.4193548387096774,True,True,3.723985699994955,3.1122958000050858,,,,,tie,"캡스톤 1팀 2차 초콜렛 설명에 대해 비유는 작은 선물 상자라고, 색깔은 검정색이라고, 맛은 달콤하다고, 그리고 특징은 입안에서 천천히 녹는다고 설명했습니다.","캡스톤 1팀 2차 초콜렛에 대해 비유는 작은 선물 상자라고, 색깔은 검정색이라고, 그리고 주 목적은 처음 인상적인 이미지로만 전달한다고 설명했습니다."
dataset_ko_318_final,entity_simple_hard_test_marketing_00128:final:0,entity_simple_hard_test_marketing_00128,entity_simple_hard_test_marketing_00128,True,same_source_sibling_facts,1,4,23,20,실습 C반 2차 신입생 캠페인 설명에서 대상과 보상만 알려줘.,"실습 C반 2차 신입생 캠페인에 대해 대상은 신입생이라고, 그리고 보상은 커피 쿠폰이라고 설명했습니다.",True,,,,,False,False,0.7586206896551724,0.8571428571428571,0.3793103448275862,0.42857142857142855,True,True,3.609559000004083,3.2379073000047356,,,,,passage-only,"실습 C반 2차 신입생 캠페인 보상이란 대상은 전환율이라고, 보상은 커피 쿠폰이라고, 그리고 핵심 채널은 인스타그램이라고 설명했습니다.","실습 C반 2차 신입생 캠페인 설명에서 대상은 신입생이라고, 보상은 커피 쿠폰이라고, 그리고 성과 지표는 전환율이라고 설명했습니다."
dataset_ko_319_final,entity_simple_hard_test_project_00135:final:0,entity_simple_hard_test_project_00135,entity_simple_hard_test_project_00135,True,same_source_sibling_facts,1,4,23,20,파일럿 D반 2차 프론트엔드 점검 설명 중 마감과 공유 위치에 해당하는 내용만 답해줘.,"파일럿 D반 2차 프론트엔드 점검에 대해 마감은 다음 달 첫째 주 화요일이라고, 그리고 공유 위치는 프로젝트 슬랙 채널이라고 설명했습니다.",True,,,,,False,False,0.6875,0.7567567567567567,0.34375,0.37837837837837834,True,True,3.0998056999524124,3.711957400024403,,,,,passage-only,"파일럿 D반 2차 프론트엔드 점검 설명이라고, 담당은 프론트엔드 파트라고, 그리고 마감은 다음 달 첫째 주 화요일이라고 설명했습니다.","파일럿 D반 2차 프론트엔드 점검에 대해 마감은 반 담당자에, 공유 위치는 프로젝트 슬랙 채널이라고, 그리고 확인 기준은 사용자 차단 여부라고 설명했습니다."
dataset_ko_320_final,entity_simple_hard_test_art_history_00091:final:0,entity_simple_hard_test_art_history_00091,entity_simple_hard_test_art_history_00091,True,same_source_sibling_facts,1,4,23,20,여름 오후반 1차 르네상스 설명 중 비교 포인트와 비유에 해당하는 내용만 답해줘.,"여름 오후반 1차 르네상스에 대해 비교 포인트는 절대왕정 중심 설명과 다르다고, 그리고 비유는 사람을 화면 중앙에 다시 세우는 방식이라고 설명했습니다.",True,,,,,False,False,0.8837209302325582,0.9268292682926829,0.4418604651162791,0.46341463414634143,True,True,4.117018399992958,3.9521296999882907,,,,,tie,"여름 오후반 1차 르네상스에 대해 비유는 사람을 화면 중앙에 다시 세우는 방식이라고, 목적은 사람의 가치를 드러내는 것이라고, 그리고 비교 포인트는 절대왕정 중심 설명과 다르다고 설명했습니다.","여름 오후반 1차 르네상스 설명에 대해 비교 포인트는 절대왕정 중심과 다르다고, 핵심 특징은 인문주의라고, 그리고 비유는 사람을 화면 중앙에 다시 세우는 방식이라고 설명했습니다."
dataset_ko_321_final,entity_simple_hard_test_art_history_00307:final:0,entity_simple_hard_test_art_history_00307,entity_simple_hard_test_art_history_00307,True,same_source_sibling_facts,1,4,23,20,심화 A반 4차 르네상스 설명 중 핵심 특징과 목적에 해당하는 내용만 답해줘.,"심화 A반 4차 르네상스에 대해 핵심 특징은 인문주의라고, 그리고 목적은 사람의 가치를 드러내는 것이라고 설명했습니다.",True,,,,,False,False,0.8108108108108109,0.8235294117647058,0.40540540540540543,0.4117647058823529,True,True,3.802426000009291,3.4512580999871716,,,,,tie,"심화 A반 4차 르네상스에 대해 핵심 특징은 인문주의라고, 비유는 사람을 화면 중앙에 다시 세우는 방식이라고, 그리고 목적은 사람의 가치를 드러내는 것이라고 설명했습니다.","심화 A반 4차 르네상스에 대해 핵심 특징은 인문주의라고, 목적은 사람의 가치를 드러내는 것이라고, 그리고 핵심 체제는 논적 장기로 설명했다."
dataset_ko_322_final,entity_simple_hard_test_os_concept_00006:final:0,entity_simple_hard_test_os_concept_00006,entity_simple_hard_test_os_concept_00006,True,same_source_sibling_facts,1,4,23,20,교수님이 정규 A반 1차 캐시의 역할과 장점을 어떻게 말했어?,"정규 A반 1차 캐시에 대해 역할은 자주 쓰는 정보를 가까이 둔다고, 그리고 장점은 반복 접근을 빠르게 만든다고 설명했습니다.",True,,,,,False,False,0.761904761904762,0.6111111111111112,0.380952380952381,0.3055555555555556,True,False,4.278679099981673,3.5934061000007205,,,,,question+passage,"교수님이 정규 A반 1차 캐시에 대해 주의점은 중복 접근을 빠르게 만든다고, 역할은 자주 쓰는 정보를 가까이 둔다고, 그리고 비유는 책상 위에 올려둔 책이라고 설명했습니다.",교수님의 정규 A반 1차 캐시에 대해 역할은 자주 쓰는 정보를 빠르게 만드는을 설명해요. 장점은 정보를 빠르게 만드는을 강조합니다.
dataset_ko_323_final,entity_simple_hard_test_statistics_00189:final:0,entity_simple_hard_test_statistics_00189,entity_simple_hard_test_statistics_00189,True,same_source_sibling_facts,1,4,23,20,세미나 오전반 2차 신뢰구간에서 활용과 비유를 함께 정리해줘.,"세미나 오전반 2차 신뢰구간에 대해 활용은 추정의 불확실성을 설명할 때 쓴다고, 그리고 비유는 정답이 있을 법한 범위를 그은 지도라고 설명했습니다.",True,,,,,False,False,0.8837209302325582,0.6511627906976745,0.4418604651162791,0.32558139534883723,True,True,4.121212000027299,4.332332299964037,,,,,question+passage,"세미나 오전반 2차 신뢰구간에 대해 비유는 정답이 있을 법한 범위를 그은 지도라고, 주의점은 정답 하나를 보장하지 않는다고, 그리고 활용은 추정의 불확실성을 설명할 때 쓴다고 설명했습니다.","세미나 오전반 2차 신뢰구간에 대해 활용은 추정의 불확실성을 설명할 때 쓴다고, 비유는 숫자가 맞는 범위를 설명할 때 더 정확한 부분을 설명하는 비유라고, 그리고 의미는 추정의 한 종류라고 설명했습니다."
dataset_ko_324_final,entity_simple_hard_test_art_history_00016:final:0,entity_simple_hard_test_art_history_00016,entity_simple_hard_test_art_history_00016,True,same_source_sibling_facts,1,4,23,20,정규 B반 1차 바로크 설명에서 핵심 특징과 목적만 알려줘.,"정규 B반 1차 바로크에 대해 핵심 특징은 극적 명암이라고, 그리고 목적은 감정을 강하게 전달하는 것이라고 설명했습니다.",True,,,,,False,False,0.8421052631578948,0.888888888888889,0.4210526315789474,0.4444444444444445,True,True,3.6058325999765657,3.2874828000203706,,,,,tie,"정규 B반 1차 바로크에 대해 핵심 특징은 극적 명암이라고, 비유는 무대 조명이 한 장면을 강조하는 방식이라고, 그리고 목적은 감정을 강하게 전달하는 것이라고 설명했습니다.","정규 B반 1차 바로크 설명에 대해 핵심 특징은 극적 명암이라고, 목적은 감정을 강하게 전달하는 것이라고, 그리고 핵심 특징은 극적 명암이라고 설명했습니다."
dataset_ko_325_final,entity_simple_hard_test_os_concept_00364:final:0,entity_simple_hard_test_os_concept_00364,entity_simple_hard_test_os_concept_00364,True,same_source_sibling_facts,1,4,23,20,캡스톤 3팀 4차 프로세스 설명에서 주의점과 비유만 알려줘.,"캡스톤 3팀 4차 프로세스에 대해 주의점은 자원을 너무 많이 쓰면 느려질 수 있다고, 그리고 비유는 독립된 식당이라고 설명했습니다.",True,,,,,False,False,0.85,0.5365853658536585,0.425,0.26829268292682923,True,False,4.144237799977418,3.949279699998442,,,,,question+passage,"캡스톤 3팀 4차 프로세스 설명에 대해 비유는 독립된 식당이라고, 장점은 서로 영향을 줄이는 데 도움이 된다고, 그리고 주의점은 자원을 너무 많이 쓰면 느려질 수 있다고 설명했습니다.","캡스톤 3팀 4차 프로세스에 대해 주의점은 잘못된 순서가 반에 버려질 수 있다고, 비유는 waiting line이 기다리하는 시간만 중요하다고, 그리고 역할은 독립된 실행 공간을 가진다고 설명했습니다."
dataset_ko_326_final,entity_simple_hard_test_os_concept_00365:final:0,entity_simple_hard_test_os_concept_00365,entity_simple_hard_test_os_concept_00365,True,same_source_sibling_facts,1,4,23,20,파일럿 3팀 4차 스레드에서 주의점과 비유를 함께 정리해줘.,"파일럿 3팀 4차 스레드에 대해 주의점은 공유 자원 관리가 필요하다고, 그리고 비유는 같은 식당 안에서 일하는 직원이라고 설명했습니다.",True,,,,,False,False,0.878048780487805,0.35714285714285715,0.4390243902439025,0.17857142857142858,True,False,3.6933097000001,1.9785832000197843,,,,,question+passage,"파일럿 3팀 4차 스레드에 대해 비유는 같은 식당 안에서 일하는 직원이라고, 장점은 작업을 가볍게 나눌 수 있다고, 그리고 주의점은 공유 자원 관리가 필요하다고 설명했습니다.",파일럿 3팀 4차 스레드에 대해 주의점으로는 동기 유형이 논의를 보류합니다.
dataset_ko_327_final,entity_simple_hard_test_dessert_00145:final:0,entity_simple_hard_test_dessert_00145,entity_simple_hard_test_dessert_00145,True,same_source_sibling_facts,1,4,23,20,파일럿 1팀 2차 솜사탕에서 비유와 색깔을 함께 정리해줘.,"파일럿 1팀 2차 솜사탕에 대해 비유는 구름 같은 간식이라고, 그리고 색깔은 분홍색이라고 설명했습니다.",True,,,,,False,False,0.896551724137931,0.8461538461538461,0.4482758620689655,0.4230769230769231,True,True,3.0585780999972485,2.2566165999742225,,,,,question+passage,"파일럿 1팀 2차 솜사탕에 대해 비유는 구름 같은 간식이라고, 색깔은 분홍색이라고, 그리고 맛은 가볍게 달콤하다고 설명했습니다.","파일럿 1팀 2차 솜사탕에 대해 비유는 구름 같은 새로운 아이라고, 색깔은 분홍색이라고 설명했습니다."
dataset_ko_328_final,entity_simple_hard_test_statistics_00020:final:0,entity_simple_hard_test_statistics_00020,entity_simple_hard_test_statistics_00020,True,same_source_sibling_facts,1,4,23,20,봄 C반 1차 표본분산 설명에서 의미와 주의점만 알려줘.,"봄 C반 1차 표본분산에 대해 의미는 흩어짐 측정이라고, 그리고 주의점은 순위 정렬과 다르다고 설명했습니다.",True,,,,,False,False,0.8125000000000001,0.7199999999999999,0.40625000000000006,0.35999999999999993,True,True,3.5140385999693535,2.699688100023195,,,,,question+passage,"봄 C반 1차 표본분산에 대해 주의점은 순위 정렬과 다르다고, 의미는 흩어짐 측정이라고, 그리고 비유는 점들이 얼마나 퍼졌는지 보는 자라고 설명했습니다.","봄 C반 1차 표본분산 설명에 대해 의미는 흩어짐 측정이라고, 주의점은 값이 달라도 괜찮다고 설명했습니다."
dataset_ko_329_final,entity_simple_hard_test_marketing_00299:final:0,entity_simple_hard_test_marketing_00299,entity_simple_hard_test_marketing_00299,True,same_source_sibling_facts,1,4,23,20,세미나 오후반 3차 멘토링 이벤트 설명 중 핵심 채널과 성과 지표에 해당하는 내용만 답해줘.,"세미나 오후반 3차 멘토링 이벤트에 대해 핵심 채널은 이메일 뉴스레터라고, 그리고 성과 지표는 재방문율이라고 설명했습니다.",True,,,,,False,False,0.5714285714285714,0.9090909090909091,0.2857142857142857,0.45454545454545453,False,True,4.552456300007179,3.966546899988316,,,,,passage-only,"세미나 오후반 3차 멘토링 이벤트 설명에 대해 핵심 채널이 overlap 하면 성과 지표는 시간율이라고, 핵심 채널이 다른 위치에 위치하는 내용을 설명하는 거라고, 그리고 대상은 멘토링 참여 학생이라고 설명했습니다.","세미나 오후반 3차 멘토링 이벤트에 대해 핵심 채널은 이메일 뉴스레터라고, 성과 지표는 재방문율이라고, 그리고 차선 곡道는 학습 환경이라고 설명했습니다."
dataset_ko_330_final,entity_simple_hard_test_statistics_00140:final:0,entity_simple_hard_test_statistics_00140,entity_simple_hard_test_statistics_00140,True,same_source_sibling_facts,1,4,23,20,봄 1팀 2차 표본분산 설명에서 비유와 활용만 알려줘.,"봄 1팀 2차 표본분산에 대해 비유는 점들이 얼마나 퍼졌는지 보는 자라고, 그리고 활용은 데이터 변동성을 볼 때 쓴다고 설명했습니다.",True,,,,,False,False,0.9142857142857143,0.6666666666666667,0.45714285714285713,0.33333333333333337,True,True,3.6660117999999784,4.401336699957028,,,,,question+passage,"봄 1팀 2차 표본분산에 대해 비유는 점들이 얼마나 퍼졌는지 보는 자라고, 활용은 데이터 변동성을 볼 때 쓴다고, 그리고 의미는 퍼짐 측정이라고 설명했습니다.","봄 1팀 2차 표본분산 설명에 대해 비유는 점들이 얼마나 퍼졌는지 보는 자라고, 활용은 데이터의 퍼짐 정도를 보는 자라고, 그리고 비유는 많은 사람이 둥둥 떠다니는 상태를 보는 것이라고 설명했습니다."
dataset_ko_331_final,entity_simple_hard_test_marketing_00248:final:0,entity_simple_hard_test_marketing_00248,entity_simple_hard_test_marketing_00248,True,same_source_sibling_facts,1,4,23,20,실습 1팀 3차 신입생 캠페인 설명에서 성과 지표와 핵심 채널만 알려줘.,"실습 1팀 3차 신입생 캠페인에 대해 성과 지표는 전환율이라고, 그리고 핵심 채널은 인스타그램이라고 설명했습니다.",True,,,,,False,False,0.8750000000000001,0.8666666666666666,0.43750000000000006,0.4333333333333333,True,True,3.7227919999859296,3.6548010000260547,,,,,tie,"실습 1팀 3차 신입생 캠페인 설명에 대해 성과 지표와 핵심 채널이라고, 핵심 채널은 인스타그램이라고, 그리고 성과 지표는 전환율이라고 설명했습니다.","실습 1팀 3차 신입생 캠페인 설명에서 성과 지표는 전환율이라고, 핵심 채널은 인스타그램이라고, 그리고 보상은 커피 쿠폰이라고 설명했습니다."
dataset_ko_332_final,entity_simple_hard_test_project_00398:final:0,entity_simple_hard_test_project_00398,entity_simple_hard_test_project_00398,True,same_source_sibling_facts,1,4,23,20,교수님이 실습 오후반 4차 AI 모델 평가의 담당과 확인 기준을 어떻게 말했어?,"실습 오후반 4차 AI 모델 평가에 대해 담당은 AI 파트라고, 그리고 확인 기준은 정답률이라고 설명했습니다.",True,,,,,False,False,0.8148148148148148,0.4545454545454545,0.4074074074074074,0.22727272727272724,True,False,2.061374799988698,4.672370799991768,,,,,question+passage,"교수님의 AI 모델 평가 4차 담당은 AI 파트라고, 확인 기준은 정답률이라고 설명했습니다.","교수님�이 실습 오후반 4차 AI 모델 평가의 담당과 확인 기준을 어떻게 말했어? 라고 명시하고, 확인 기준으로 정답 확인 위치 설명을, 담당은 개인 기여로, and 완료 시간은 2일 후 18시 전이라고 설명했습니다."
dataset_ko_333_final,entity_simple_hard_test_statistics_00311:final:0,entity_simple_hard_test_statistics_00311,entity_simple_hard_test_statistics_00311,True,same_source_sibling_facts,1,4,23,20,여름 B반 4차 회귀분석 설명 중 의미와 주의점에 해당하는 내용만 답해줘.,"여름 B반 4차 회귀분석에 대해 의미는 관계의 경향 설명이라고, 그리고 주의점은 모든 원인을 증명하지는 않는다고 설명했습니다.",True,,,,,False,False,0.4186046511627907,0.6153846153846153,0.20930232558139536,0.30769230769230765,False,True,4.619854199991096,4.080006400006823,,,,,passage-only,"여름 B반 4차 회귀분석에 대해 설명은 다음과 같이 주의점에 대해 의미는 오류를 설명할 때 쓴다고, 비유는 흩어진 점 사이에 길을 그어 보는 일이라고, 그리고 주의점은 데이터가 의미를 설명할 때 쓴다고 설명했습니다.","여름 B반 4차 회귀분석 설명 중 의미와 주의점에 대해 설명은 관계의 경향 설명이라고, 비유는 흩어진 점 사이에 길을 그어 보는 일이라고, 그리고 핵심은 관계의 경향을 설명이라고 설명했습니다."
dataset_ko_334_final,entity_simple_hard_test_art_history_00138:final:0,entity_simple_hard_test_art_history_00138,entity_simple_hard_test_art_history_00138,True,same_source_sibling_facts,1,4,23,20,교수님이 실습 D반 2차 인상주의의 비유와 비교 포인트를 어떻게 말했어?,"실습 D반 2차 인상주의에 대해 비유는 햇빛이 흔들리는 수면에 비친 모습이라고, 그리고 비교 포인트는 정확한 윤곽보다 색감이 중요하다고 설명했습니다.",True,,,,,False,False,0.8636363636363636,0.5217391304347826,0.4318181818181818,0.2608695652173913,True,True,4.323391600046307,4.8201820999966,,,,,question+passage,"교수님이 실습 D반 2차 인상주의에 대해 비유는 햇빛이 흔들리는 수면에 비친 모습이라고, 목적은 관찰 순간을 살리는 것이라고, 그리고 비교 포인트는 정확한 윤곽보다 색감이 중요하다고 설명했습니다.","교수님의 실습 D반 2차 인상주의의 비유는 햇빛이 흔들리는 수면에 비친 모습이라고, 포인트는 두 번 반 reflecting the sunlight on water touchs but not changes.이라고, 비유는 햇빛이 흔들리는 수면에 비친 모습이라고 설명했습니다."
dataset_ko_335_final,entity_simple_hard_test_project_00375:final:0,entity_simple_hard_test_project_00375,entity_simple_hard_test_project_00375,True,same_source_sibling_facts,1,4,23,20,파일럿 4팀 4차 프론트엔드 점검 설명 중 공유 위치와 마감에 해당하는 내용만 답해줘.,"파일럿 4팀 4차 프론트엔드 점검에 대해 공유 위치는 프로젝트 슬랙 채널이라고, 그리고 마감은 다음 달 첫째 주 화요일이라고 설명했습니다.",True,,,,,False,False,0.9375,0.717948717948718,0.46875,0.358974358974359,True,True,3.2820166000165045,4.263047799991909,,,,,question+passage,"파일럿 4팀 4차 프론트엔드 점검 설명을 공유 위치는 프로젝트 슬랙 채널이라고, 마감은 다음 달 첫째 주 화요일이라고 설명했습니다.","파일럿 4팀 4차 프론트엔드 점검에 대해 공유 위치는 프로젝트에 대한 설명을 담을 컨테이너 URL이라고, 마감은 다음 달 첫째 주 화요일이라고, 공유 내용은 수정된 버전이라고 설명했습니다."
dataset_ko_336_final,entity_simple_hard_test_os_concept_00100:final:0,entity_simple_hard_test_os_concept_00100,entity_simple_hard_test_os_concept_00100,True,same_source_sibling_facts,1,4,23,20,봄 A반 2차 프로세스 설명에서 역할과 장점만 알려줘.,"봄 A반 2차 프로세스에 대해 역할은 독립된 실행 공간을 가진다고, 그리고 장점은 서로 영향을 줄이는 데 도움이 된다고 설명했습니다.",True,,,,,False,False,0.9189189189189189,0.9189189189189189,0.45945945945945943,0.45945945945945943,True,True,3.6326954000396654,3.582657399994787,,,,,tie,"봄 A반 2차 프로세스 설명에 대해 장점은 서로 영향을 줄이는 데 도움이 된다고, 역할은 독립된 실행 공간을 가진다고, 그리고 비유는 독립된 식당이라고 설명했습니다.","봄 A반 2차 프로세스에 대해 역할은 독립된 실행 공간을 가진다고, 장점은 서로 영향을 줄이는 데 도움이 된다고, 그리고 비유는 독립된 식당이라고 설명했습니다."
dataset_ko_337_final,entity_simple_hard_test_marketing_00152:final:0,entity_simple_hard_test_marketing_00152,entity_simple_hard_test_marketing_00152,True,same_source_sibling_facts,1,4,23,20,가을 2팀 2차 신입생 캠페인 설명에서 성과 지표와 핵심 채널만 알려줘.,"가을 2팀 2차 신입생 캠페인에 대해 성과 지표는 전환율이라고, 그리고 핵심 채널은 인스타그램이라고 설명했습니다.",True,,,,,False,False,0.8387096774193549,0.9333333333333333,0.41935483870967744,0.4666666666666667,True,True,3.6340692000230774,3.278164300019853,,,,,passage-only,"가을 2팀 2차 신입생 캠페인 성과 지표가 주어진 채널은 인스타그램이라고, 핵심 채널이라고, 그리고 성과 지표는 전환율이라고 설명했습니다.","가을 2팀 2차 신입생 캠페인에 대해 성과 지표는 전환율이라고, 핵심 채널은 인스타그램이라고, 그리고 대상은 신입생이라고 설명했습니다."
dataset_ko_338_final,entity_simple_hard_test_os_concept_00245:final:0,entity_simple_hard_test_os_concept_00245,entity_simple_hard_test_os_concept_00245,True,same_source_sibling_facts,1,4,23,20,파일럿 1팀 3차 스레드에서 장점과 역할을 함께 정리해줘.,"파일럿 1팀 3차 스레드에 대해 장점은 작업을 가볍게 나눌 수 있다고, 그리고 역할은 프로세스 안에서 작업을 나누어 실행한다고 설명했습니다.",True,,,,,False,False,0.8571428571428571,0.761904761904762,0.42857142857142855,0.380952380952381,True,True,3.7750495999935083,4.07979059999343,,,,,question+passage,"파일럿 1팀 3차 스레드에 대해 장점은 작업을 가볍게 나눌 수 있다고, 역할은 프로세스 안에서 작업을 나누어 실행한다고, 그리고 비유는 같은 식당 안에서 일하는 직원이라고 설명했습니다.","파일럿 1팀 3차 스레드에 대해 장점은 작업을 가볍게 나눌 수 있다고, 주의점은 공유 자원 관리가 필요하다고, 그리고 역할은 프로세스 안에서 동작하는 소스를 나누어 지정한다고 설명했습니다."
dataset_ko_339_final,entity_simple_hard_test_os_concept_00343:final:0,entity_simple_hard_test_os_concept_00343,entity_simple_hard_test_os_concept_00343,True,same_source_sibling_facts,1,4,23,20,겨울 1팀 4차 큐 설명 중 장점과 역할에 해당하는 내용만 답해줘.,"겨울 1팀 4차 큐에 대해 장점은 처리 순서를 명확하게 만든다고, 그리고 역할은 작업을 순서대로 기다리게 한다고 설명했습니다.",True,,,,,False,False,0.9696969696969697,0.8717948717948718,0.48484848484848486,0.4358974358974359,True,True,2.6359123999718577,3.576720899960492,,,,,question+passage,"겨울 1팀 4차 큐에 대해 장점은 처리 순서를 명확하게 만든다고, 역할은 작업을 순서대로 기다리게 한다고 설명했습니다.","겨울 1팀 4차 큐에 대해 장점은 처리 순서를 명확하게 만든다고, 주의점은 대기 시간이 길어질 수 있다고, 그리고 역할은 작업을 순서대로 기다리게 한다고 설명했습니다."
dataset_ko_340_final,entity_simple_hard_test_marketing_00202:final:0,entity_simple_hard_test_marketing_00202,entity_simple_hard_test_marketing_00202,True,same_source_sibling_facts,1,4,23,20,교수님이 가을 A반 3차 스터디 모집의 핵심 채널과 성과 지표를 어떻게 말했어?,"가을 A반 3차 스터디 모집에 대해 핵심 채널은 학과 홈페이지라고, 그리고 성과 지표는 완료율이라고 설명했습니다.",True,,,,,False,False,0.8749999999999999,0.8571428571428571,0.43749999999999994,0.42857142857142855,True,True,3.192792899964843,3.8872028999612667,,,,,tie,"가을 A반 3차 스터디 모집의 핵심 채널은 학과 홈페이지라고, 대상은 스터디 신청자라고, 그리고 성과 지표는 완료율이라고 설명했습니다.","교수님의 가을 A반 3차 스터디 모집에 대해 핵심 채널은 학과 홈페이지라고, 성과 지표는 완료율이라고, 그리고 핵심 채널은 학과 브랜드라고 설명했습니다."
dataset_ko_341_final,entity_simple_hard_test_project_00348:final:0,entity_simple_hard_test_project_00348,entity_simple_hard_test_project_00348,True,same_source_sibling_facts,1,4,23,20,실습 1팀 4차 최종 발표 설명에서 확인 기준과 담당만 알려줘.,"실습 1팀 4차 최종 발표에 대해 확인 기준은 근거 제시 여부라고, 그리고 담당은 기획 파트라고 설명했습니다.",True,,,,,False,False,0.72,0.5142857142857142,0.36,0.2571428571428571,False,False,1.3235589999821968,2.591622699983418,,,,,question+passage,실습 1팀 4차 최종 발표 설명에 대해 확인 기준을 설명했습니다.,실습 1팀 4차 최종 발표 설명에 대해 확인 기준은 확인 여부를 명시하고 반납 기준은 정과 다르게 변경하지 않은 부분이라고 설명했습니다.
dataset_ko_342_final,entity_simple_hard_test_project_00229:final:0,entity_simple_hard_test_project_00229,entity_simple_hard_test_project_00229,True,same_source_sibling_facts,1,4,23,20,세미나 C반 3차 백엔드 배포에서 마감과 공유 위치를 함께 정리해줘.,"세미나 C반 3차 백엔드 배포에 대해 마감은 수요일 오후 다섯 시라고, 그리고 공유 위치는 깃허브 이슈 탭이라고 설명했습니다.",True,,,,,False,False,0.923076923076923,0.9714285714285714,0.4615384615384615,0.4857142857142857,True,True,3.5287152000237256,2.7488196000340395,,,,,tie,"세미나 C반 3차 백엔드 배포에 대해 공유 위치는 깃허브 이슈 탭이라고, 담당은 백엔드 팀이라고, 그리고 마감은 수요일 오후 다섯 시라고 설명했습니다.","세미나 C반 3차 백엔드 배포에 대해 마감은 수요일 오후 다섯 시라고, 공유 위치은 깃허브 이슈 탭이라고 설명했습니다."
dataset_ko_343_final,entity_simple_hard_test_statistics_00165:final:0,entity_simple_hard_test_statistics_00165,entity_simple_hard_test_statistics_00165,True,same_source_sibling_facts,1,4,23,20,파일럿 3팀 2차 신뢰구간에서 주의점과 의미를 함께 정리해줘.,"파일럿 3팀 2차 신뢰구간에 대해 주의점은 정답 하나를 보장하지 않는다고, 그리고 의미는 모수 추정 범위라고 설명했습니다.",True,,,,,False,False,0.8205128205128205,0.5405405405405405,0.41025641025641024,0.27027027027027023,True,False,3.7792589000309817,3.7198899000068195,,,,,question+passage,"파일럿 3팀 2차 신뢰구간에 대해 주의점은 정답 하나를 보장하지 않는다고, 의미는 모수 추정 범위라고, 그리고 비유는 정답이 있을 법한 범위를 그은 지도라고 설명했습니다.","파일럿 3팀 2차 신뢰구간에 대해 주의점은 직접 의미하는 것과 다르다고, 의미는 추정의 불확실성을 설명할 때 쓴다고, 그리고 주의점은 데이터가 없을 때 쓴다고 설명했습니다."
dataset_ko_344_final,entity_simple_hard_test_marketing_00104:final:0,entity_simple_hard_test_marketing_00104,entity_simple_hard_test_marketing_00104,True,same_source_sibling_facts,1,4,23,20,캡스톤 A반 2차 신입생 캠페인 설명에서 핵심 채널과 성과 지표만 알려줘.,"캡스톤 A반 2차 신입생 캠페인에 대해 핵심 채널은 인스타그램이라고, 그리고 성과 지표는 전환율이라고 설명했습니다.",True,,,,,False,False,0.5517241379310344,0.9333333333333333,0.2758620689655172,0.4666666666666667,False,True,3.165294000005815,3.3285261999699287,,,,,passage-only,"캡스톤 A반 2차 신입생 채널만 알려고, 성과 지표만 알려주고 핵심 채널 측면으로 합병하는 곳이면 봅니다.","캡스톤 A반 2차 신입생 캠페인에 대해 핵심 채널은 인스타그램이라고, 성과 지표는 전환율이라고, 그리고 대상은 신입생이라고 설명했습니다."
dataset_ko_345_final,entity_simple_hard_test_art_history_00377:final:0,entity_simple_hard_test_art_history_00377,entity_simple_hard_test_art_history_00377,True,same_source_sibling_facts,1,4,23,20,심화 4팀 4차 입체주의에서 비교 포인트와 비유를 함께 정리해줘.,"심화 4팀 4차 입체주의에 대해 비교 포인트는 단일 원근과 다르다고, 그리고 비유는 여러 방향에서 본 사물을 한 화면에 놓는 방식이라고 설명했습니다.",True,,,,,False,False,0.8837209302325582,0.7,0.4418604651162791,0.35,True,True,3.9381692000315525,3.2733243000111543,,,,,question+passage,"심화 4팀 4차 입체주의에 대해 비유는 여러 방향에서 본 사물을 한 화면에 놓는 방식이라고, 목적은 대상을 새롭게 해석하는 것이라고, 그리고 비교 포인트는 단일 원근과 다르다고 설명했습니다.","심화 4팀 4차 입체주의에 대해 비교 포인트는 단일 원근과 다르다고, 비유는 여러 시점이라고, 그리고 비유의 특징은 시점의 모양을 설명하는 것이라고 설명했습니다."
dataset_ko_346_final,entity_simple_hard_test_marketing_00057:final:0,entity_simple_hard_test_marketing_00057,entity_simple_hard_test_marketing_00057,True,same_source_sibling_facts,1,4,23,20,심화 2팀 1차 동아리 홍보에서 성과 지표와 핵심 채널을 함께 정리해줘.,"심화 2팀 1차 동아리 홍보에 대해 성과 지표는 참여율이라고, 그리고 핵심 채널은 오픈채팅방이라고 설명했습니다.",True,,,,,False,False,0.9032258064516129,0.9032258064516129,0.45161290322580644,0.45161290322580644,True,True,3.159325299959164,3.3388666000100784,,,,,tie,"심화 2팀 1차 동아리 홍보에 대해 성과 지표는 참여율이라고, 핵심 채널은 오픈채팅방이라고, 그리고 대상은 동아리 회원이라고 설명했습니다.","심화 2팀 1차 동아리 홍보에 대해 성과 지표는 참여율이라고, 핵심 채널은 오픈채팅방이라고, 그리고 보상은 굿즈 추첨권이라고 설명했습니다."
dataset_ko_347_final,entity_simple_hard_test_dessert_00195:final:0,entity_simple_hard_test_dessert_00195,entity_simple_hard_test_dessert_00195,True,same_source_sibling_facts,1,4,23,20,파일럿 오후반 2차 브라우니 설명 중 색깔과 비유에 해당하는 내용만 답해줘.,"파일럿 오후반 2차 브라우니에 대해 색깔은 진한 갈색이라고, 그리고 비유는 초콜렛을 압축한 케이크라고 설명했습니다.",True,,,,,False,False,0.8750000000000001,0.9032258064516129,0.43750000000000006,0.45161290322580644,True,True,3.8967042999574915,3.7390314000076614,,,,,tie,"파일럿 오후반 2차 브라우니에 대해 색깔은 진한 갈색이라고, 비유는 초콜렛을 압축한 케이크라고, 그리고 특징은 속이 촉촉하게 남는다고 설명했습니다.","파일럿 오후반 2차 브라우니에 대해 색깔은 진한 갈색이라고, 비유는 초콜렛을 압축한 케이크라고, 그리고 입감은 묵직하게 달콤하다고 설명했습니다."
dataset_ko_348_final,entity_simple_hard_test_os_concept_00174:final:0,entity_simple_hard_test_os_concept_00174,entity_simple_hard_test_os_concept_00174,True,same_source_sibling_facts,1,4,23,20,교수님이 캡스톤 4팀 2차 캐시의 주의점과 비유를 어떻게 말했어?,"캡스톤 4팀 2차 캐시에 대해 주의점은 오래된 정보가 남을 수 있다고, 그리고 비유는 책상 위에 올려둔 책이라고 설명했습니다.",True,,,,,False,False,0.85,0.85,0.425,0.425,True,True,4.120889900019392,3.9423971000360325,,,,,tie,"교수님이 캡스톤 4팀 2차 캐시에 대해 비유는 책상 위에 올려둔 책이라고, 장점은 반복 접근을 빠르게 만든다고, 그리고 주의점은 오래된 정보가 남을 수 있다고 설명했습니다.","교수님의 캡스톤 4팀 2차 캐시에 대해 주의점은 오래된 정보가 남을 수 있다고, 비유는 책상 위에 올려둔 책이라고, 그리고 장점은 반복 작업을 줄일 수 있다고 설명했습니다."
dataset_ko_349_final,entity_simple_hard_test_statistics_00238:final:0,entity_simple_hard_test_statistics_00238,entity_simple_hard_test_statistics_00238,True,same_source_sibling_facts,1,4,23,20,교수님이 실습 D반 3차 상관계수의 비유와 활용을 어떻게 말했어?,"실습 D반 3차 상관계수에 대해 비유는 두 변수의 움직임을 비교하는 나침반이라고, 그리고 활용은 관계 강도를 빠르게 살필 때 쓴다고 설명했습니다.",True,,,,,False,False,0.85,0.782608695652174,0.425,0.391304347826087,True,True,4.073583199991845,5.192426799971145,,,,,question+passage,"교수님이 실습 D반 3차 상관계수의 비유는 두 변수의 움직임을 비교하는 나침반이라고, 활용은 관계 강도를 빠르게 살필 때 쓴다고, 그리고 의미는 선형 관계 강도라고 설명했습니다.","교수님이 실습 D반 3차 상관계수의 비유와 활용을 어떻게 말했어?에 대해 비유는 두 변수의 움직임을 비교하는 나침반이라고, 주의점은 원인 증명을 뜻하지 않는다고, 그리고 활용은 관계 강도를 빠르게 살필 때 쓴다고 설명했습니다."
dataset_ko_350_final,entity_simple_hard_test_dessert_00266:final:0,entity_simple_hard_test_dessert_00266,entity_simple_hard_test_dessert_00266,True,same_source_sibling_facts,1,4,23,20,교수님이 정규 3팀 3차 마카롱의 특징과 맛을 어떻게 말했어?,"정규 3팀 3차 마카롱에 대해 특징은 겉은 바삭하고 속은 촉촉하다고, 그리고 맛은 부드럽고 진하다고 설명했습니다.",True,,,,,False,False,0.7142857142857142,0.9375,0.3571428571428571,0.46875,True,True,2.95716839999659,3.4583146999939345,,,,,passage-only,"교수님이 특징은 겉은 바삭하고 속은 촉촉하다고, 맛은 부드럽고 진하다고, 그리고 색깔은 알록달록하다고 설명했습니다.","정규 3팀 3차 마카롱에 대해 특징은 겉은 바삭하고 속은 촉촉하다고, 맛은 부드럽고 진하다고, 그리고 색깔은 알록달록하다고 설명했습니다."
dataset_ko_351_final,entity_simple_hard_test_project_00013:final:0,entity_simple_hard_test_project_00013,entity_simple_hard_test_project_00013,True,same_source_sibling_facts,1,4,23,20,겨울 B반 1차 백엔드 배포에서 담당과 확인 기준을 함께 정리해줘.,"겨울 B반 1차 백엔드 배포에 대해 담당은 백엔드 팀이라고, 그리고 확인 기준은 오류 발생률이라고 설명했습니다.",True,,,,,False,False,0.7428571428571429,0.7222222222222222,0.37142857142857144,0.3611111111111111,True,True,3.2924146999721415,3.82177199999569,,,,,tie,"겨울 B반 1차 백엔드 배포에 대해 확인 기준을 다음과 몇 칸이라고, 담당은 백엔드 팀이라고, 그리고 마감은 수요일 오후 다섯 시라고 설명했습니다.","겨울 B반 1차 백엔드 배포에 대해 담당은 백엔드 팀이라고, 확인 기준은 기존 백엔드 팀 확인 기준과 차이점이라고, 그리고 담당은 백엔드 팀이라고 설명했습니다."
dataset_ko_352_final,entity_simple_hard_test_os_concept_00388:final:0,entity_simple_hard_test_os_concept_00388,entity_simple_hard_test_os_concept_00388,True,same_source_sibling_facts,1,4,23,20,실습 오전반 4차 프로세스 설명에서 역할과 장점만 알려줘.,"실습 오전반 4차 프로세스에 대해 역할은 독립된 실행 공간을 가진다고, 그리고 장점은 서로 영향을 줄이는 데 도움이 된다고 설명했습니다.",True,,,,,False,False,0.923076923076923,0.923076923076923,0.4615384615384615,0.4615384615384615,True,True,3.7514258000301197,3.697794099978637,,,,,tie,"실습 오전반 4차 프로세스 설명에 대해 장점은 서로 영향을 줄이는 데 도움이 된다고, 역할은 독립된 실행 공간을 가진다고, 그리고 비유는 독립된 식당이라고 설명했습니다.","실습 오전반 4차 프로세스에 대해 역할은 독립된 실행 공간을 가진다고, 장점은 서로 영향을 줄이는 데 도움이 된다고, 그리고 비유는 독립된 식당이라고 설명했습니다."
dataset_ko_353_final,entity_simple_hard_test_os_concept_00148:final:0,entity_simple_hard_test_os_concept_00148,entity_simple_hard_test_os_concept_00148,True,same_source_sibling_facts,1,4,23,20,실습 1팀 2차 프로세스 설명에서 장점과 역할만 알려줘.,"실습 1팀 2차 프로세스에 대해 장점은 서로 영향을 줄이는 데 도움이 된다고, 그리고 역할은 독립된 실행 공간을 가진다고 설명했습니다.",True,,,,,False,False,0.923076923076923,0.9,0.4615384615384615,0.45,True,True,3.8152857999666594,3.814660400035791,,,,,tie,"실습 1팀 2차 프로세스 설명에 대해 장점은 서로 영향을 줄이는 데 도움이 된다고, 역할은 독립된 실행 공간을 가진다고, 그리고 비유는 독립된 식당이라고 설명했습니다.","실습 1팀 2차 프로세스에 대해 장점은 서로 영향을 줄이는 데 도움이 된다고, 역할은 독립된 실행 공간을 가진다고, 그리고 문제는 데이터를 관리하는 데 불요원이라고 설명했습니다."
dataset_ko_354_final,entity_simple_hard_test_marketing_00346:final:0,entity_simple_hard_test_marketing_00346,entity_simple_hard_test_marketing_00346,True,same_source_sibling_facts,1,4,23,20,교수님이 정규 1팀 4차 스터디 모집의 성과 지표와 핵심 채널을 어떻게 말했어?,"정규 1팀 4차 스터디 모집에 대해 성과 지표는 완료율이라고, 그리고 핵심 채널은 학과 홈페이지라고 설명했습니다.",True,,,,,False,False,0.8484848484848485,0.8571428571428571,0.42424242424242425,0.42857142857142855,True,True,3.4639801000012085,3.7538169999606907,,,,,tie,"교수님이 정규 1팀 4차 스터디 모집의 성과 지표는 완료율이라고, 핵심 채널은 학과 홈페이지라고, 그리고 대상은 스터디 신청자라고 설명했습니다.","교수님이 정규 1팀 4차 스터디 모집에 대해 성과 지표는 새로운 영역이라고, 핵심 채널은 학과 홈페이지라고, 그리고 핵심 측정지표는 완료율이라고 설명했습니다."
dataset_ko_355_final,entity_simple_hard_test_statistics_00188:final:0,entity_simple_hard_test_statistics_00188,entity_simple_hard_test_statistics_00188,True,same_source_sibling_facts,1,4,23,20,실습 오전반 2차 표본분산 설명에서 활용과 비유만 알려줘.,"실습 오전반 2차 표본분산에 대해 활용은 데이터 변동성을 볼 때 쓴다고, 그리고 비유는 점들이 얼마나 퍼졌는지 보는 자라고 설명했습니다.",True,,,,,False,False,0.8947368421052632,0.8947368421052632,0.4473684210526316,0.4473684210526316,True,True,3.7754752000328153,3.7921232999651693,,,,,tie,"실습 오전반 2차 표본분산 설명에 대해 비유는 점들이 얼마나 퍼졌는지 보는 자라고, 주의점은 순위 정렬과 다르다고, 그리고 활용은 데이터 변동성을 볼 때 쓴다고 설명했습니다.","실습 오전반 2차 표본분산 설명에 대해 활용은 데이터 변동성을 볼 때 쓴다고, 비유는 점들이 얼마나 퍼졌는지 보는 자라고, 그리고 주의점은 순위 정렬과 다르다고 설명했습니다."
dataset_ko_356_final,entity_simple_hard_test_dessert_00171:final:0,entity_simple_hard_test_dessert_00171,entity_simple_hard_test_dessert_00171,True,same_source_sibling_facts,1,4,23,20,여름 4팀 2차 브라우니 설명 중 특징과 맛에 해당하는 내용만 답해줘.,"여름 4팀 2차 브라우니에 대해 특징은 속이 촉촉하게 남는다고, 그리고 맛은 묵직하게 달콤하다고 설명했습니다.",True,,,,,False,False,0.9032258064516129,0.8750000000000001,0.45161290322580644,0.43750000000000006,True,True,3.5275941000436433,3.9721152000129223,,,,,tie,"여름 4팀 2차 브라우니에 대해 특징은 속이 촉촉하게 남는다고, 맛은 묵직하게 달콤하다고, 그리고 색깔은 진한 갈색이라고 설명했습니다.","여름 4팀 2차 브라우니에 대해 특징은 속이 촉촉하게 남는다고, 맛은 묵직하게 달콤하다고, 그리고 비유는 초콜렛을 압축한 케이크라고 설명했습니다."
dataset_ko_357_final,entity_simple_hard_test_statistics_00261:final:0,entity_simple_hard_test_statistics_00261,entity_simple_hard_test_statistics_00261,True,same_source_sibling_facts,1,4,23,20,여름 3팀 3차 신뢰구간에서 주의점과 의미를 함께 정리해줘.,"여름 3팀 3차 신뢰구간에 대해 주의점은 정답 하나를 보장하지 않는다고, 그리고 의미는 모수 추정 범위라고 설명했습니다.",True,,,,,False,False,0.8205128205128205,0.8648648648648648,0.41025641025641024,0.4324324324324324,True,True,3.7258676000055857,3.2914535999880172,,,,,tie,"여름 3팀 3차 신뢰구간에 대해 주의점은 정답 하나를 보장하지 않는다고, 의미는 모수 추정 범위라고, 그리고 비유는 정답이 있을 법한 범위를 그은 지도라고 설명했습니다.","여름 3팀 3차 신뢰구간에 대해 주의점은 정답 하나를 보장하지 않는다고, 의미는 모수 추정 범위라고, 그리고 비교의 목적이 무엇인지 미분하지 않는다고 설명했습니다."
dataset_ko_358_final,entity_simple_hard_test_os_concept_00028:final:0,entity_simple_hard_test_os_concept_00028,entity_simple_hard_test_os_concept_00028,True,same_source_sibling_facts,1,4,23,20,실습 C반 1차 프로세스 설명에서 비유와 주의점만 알려줘.,"실습 C반 1차 프로세스에 대해 비유는 독립된 식당이라고, 그리고 주의점은 자원을 너무 많이 쓰면 느려질 수 있다고 설명했습니다.",True,,,,,False,False,0.85,0.8947368421052632,0.425,0.4473684210526316,True,True,4.044280500034802,3.549872500007041,,,,,tie,"실습 C반 1차 프로세스 설명에 대해 비유는 독립된 식당이라고, 장점은 서로 영향을 줄이는 데 도움이 된다고, 그리고 주의점은 자원을 너무 많이 쓰면 느려질 수 있다고 설명했습니다.","실습 C반 1차 프로세스에 대해 비유는 독립된 식당이라고, 주의점은 자원을 너무 많이 쓰면 느려질 수 있다고, 그리고 역할은 독립된 실행 공간이라고 설명했습니다."
dataset_ko_359_final,entity_simple_hard_test_dessert_00048:final:0,entity_simple_hard_test_dessert_00048,entity_simple_hard_test_dessert_00048,True,same_source_sibling_facts,1,4,23,20,실습 1팀 1차 초콜렛 설명에서 비유와 색깔만 알려줘.,"실습 1팀 1차 초콜렛에 대해 비유는 작은 선물 상자라고, 그리고 색깔은 검정색이라고 설명했습니다.",True,,,,,False,False,0.888888888888889,0.5599999999999999,0.4444444444444445,0.27999999999999997,True,False,2.763798800006043,2.3589509000303224,,,,,question+passage,"실습 1팀 1차 초콜렛 설명에 대해 비유는 작은 선물 상자라고, 색깔은 검정색이라고, 맛은 달콤하다고 설명했습니다.",실습 1팀 1차 초콜렛에 대해 비유는 입안에서 천천히 녹는 차분한 색깔을 설명합니다.입니다.
dataset_ko_360_final,entity_simple_hard_test_marketing_00371:final:0,entity_simple_hard_test_marketing_00371,entity_simple_hard_test_marketing_00371,True,same_source_sibling_facts,1,4,23,20,여름 4팀 4차 멘토링 이벤트 설명 중 보상과 대상에 해당하는 내용만 답해줘.,"여름 4팀 4차 멘토링 이벤트에 대해 보상은 포인트 500점이라고, 그리고 대상은 멘토링 참여 학생이라고 설명했습니다.",True,,,,,False,False,0.7272727272727272,0.8387096774193549,0.3636363636363636,0.41935483870967744,True,True,3.8072386999847367,3.3057976000127383,,,,,passage-only,"여름 4팀 4차 멘토링 이벤트 설명에 대해 주의점은 재방문율이라고, 핵심 채널은 이메일 뉴스레터라고, 그리고 대상은 멘토링 참여 학생이라고 설명했습니다.","여름 4팀 4차 멘토링 이벤트에 대해 보상은 포인트 500점이라고, 대상은 재방문 학생이라고, 그리고 팀은 커뮤니티라고 설명했습니다."
dataset_ko_361_final,entity_simple_hard_test_art_history_00306:final:0,entity_simple_hard_test_art_history_00306,entity_simple_hard_test_art_history_00306,True,same_source_sibling_facts,1,4,23,20,교수님이 정규 A반 4차 인상주의의 핵심 특징과 목적을 어떻게 말했어?,"정규 A반 4차 인상주의에 대해 핵심 특징은 빛의 순간적인 인상이라고, 그리고 목적은 관찰 순간을 살리는 것이라고 설명했습니다.",True,,,,,False,False,0.6222222222222222,0.45714285714285713,0.3111111111111111,0.22857142857142856,True,False,4.823708400013857,2.956761199980974,,,,,question+passage,"교수님이 정규 A반 4차 인상주의에 대해 핵심 특징은 해석 기능에 대한 의식이 생길 때 느껴지는 차이라고, 비유는 햇빛이 흔들리는 수면에 비친 모습이라고, 그리고 주 목적은 관찰 순간을 살리는 것이라고 설명했습니다.","교수님이 정규 A반 4차 인상주의의 핵심 특징을 입장을 설명과 비교와 함께, 목적은 이해와 변경이 없이 기본을 드리는 것이라고 말했습니다."
dataset_ko_362_final,entity_simple_hard_test_os_concept_00222:final:0,entity_simple_hard_test_os_concept_00222,entity_simple_hard_test_os_concept_00222,True,same_source_sibling_facts,1,4,23,20,교수님이 가을 C반 3차 캐시의 비유와 주의점을 어떻게 말했어?,"가을 C반 3차 캐시에 대해 비유는 책상 위에 올려둔 책이라고, 그리고 주의점은 오래된 정보가 남을 수 있다고 설명했습니다.",True,,,,,False,False,0.8292682926829268,0.65,0.4146341463414634,0.325,True,True,4.175749899994116,4.0754020000458695,,,,,question+passage,"교수님이 가을 C반 3차 캐시에 대해 비유는 책상 위에 올려둔 책이라고, 주의점은 오래된 정보가 남을 수 있다고, 그리고 역할은 자주 쓰는 정보를 가까이 둔다고 설명했습니다.","교수님의 C반 3차 캐시에 대해 비유는 책상 위에 올려둔 책이라고, 주의점은 오래된 책을 함께 떠올리게 한다고, 그리고 목적은 반복 접근을 빠르게 만든다고 설명했습니다."
dataset_ko_363_final,entity_simple_hard_test_dessert_00216:final:0,entity_simple_hard_test_dessert_00216,entity_simple_hard_test_dessert_00216,True,same_source_sibling_facts,1,4,23,20,정규 B반 3차 초콜렛 설명에서 맛과 특징만 알려줘.,"정규 B반 3차 초콜렛에 대해 맛은 달콤하다고, 그리고 특징은 입안에서 천천히 녹는다고 설명했습니다.",True,,,,,False,False,0.9285714285714286,0.896551724137931,0.4642857142857143,0.4482758620689655,True,True,3.001196900033392,3.162140799977351,,,,,tie,"정규 B반 3차 초콜렛 설명에 대해 맛은 달콤하다고, 특징은 입안에서 천천히 녹는다고, 그리고 맛은 달콤하다고 설명했습니다.","정규 B반 3차 초콜렛 설명에 대해 맛은 달콤하다고, 특징은 입안에서 천천히 녹는다고, 그리고 답변에 의미는 개인 선물채비라고 설명했습니다."
dataset_ko_364_final,entity_simple_hard_test_statistics_00069:final:0,entity_simple_hard_test_statistics_00069,entity_simple_hard_test_statistics_00069,True,same_source_sibling_facts,1,4,23,20,세미나 3팀 1차 신뢰구간에서 주의점과 의미를 함께 정리해줘.,"세미나 3팀 1차 신뢰구간에 대해 주의점은 정답 하나를 보장하지 않는다고, 그리고 의미는 모수 추정 범위라고 설명했습니다.",True,,,,,False,False,0.7441860465116279,0.888888888888889,0.37209302325581395,0.4444444444444445,True,True,4.350329799985047,3.3615076999994926,,,,,passage-only,"세미나 3팀 1차 신뢰구간에 대해 주의점은 정답 하나를 보장하지 않는다고, 의미는 모수 추정 범위라고, 그리고 비유는 정답 하나를 보장하지 않는 정답이 50% 이상 들어갈 법한 범위라고 설명했습니다.","세미나 3팀 1차 신뢰구간에 대해 주의점은 정답 하나를 보장하지 않는다고, 의미는 모수 추정 범위라고, 그리고 다른 사용법은 추정을 보완하라고 설명했습니다."
dataset_ko_365_final,entity_simple_hard_test_os_concept_00244:final:0,entity_simple_hard_test_os_concept_00244,entity_simple_hard_test_os_concept_00244,True,same_source_sibling_facts,1,4,23,20,캡스톤 1팀 3차 프로세스 설명에서 장점과 역할만 알려줘.,"캡스톤 1팀 3차 프로세스에 대해 장점은 서로 영향을 줄이는 데 도움이 된다고, 그리고 역할은 독립된 실행 공간을 가진다고 설명했습니다.",True,,,,,False,False,0.923076923076923,0.9473684210526316,0.4615384615384615,0.4736842105263158,True,True,3.882421800051816,3.5447049000067636,,,,,tie,"캡스톤 1팀 3차 프로세스 설명에 대해 장점은 서로 영향을 줄이는 데 도움이 된다고, 역할은 독립된 실행 공간을 가진다고, 그리고 비유는 독립된 식당이라고 설명했습니다.","캡스톤 1팀 3차 프로세스에 대해 장점은 서로 영향을 줄이는 데 도움이 된다고, 리소스가 적다라고, 그리고 역할은 독립된 실행 공간을 가진다고 설명했습니다."
dataset_ko_366_final,entity_simple_hard_test_project_00303:final:0,entity_simple_hard_test_project_00303,entity_simple_hard_test_project_00303,True,same_source_sibling_facts,1,4,23,20,겨울 A반 4차 프론트엔드 점검 설명 중 담당과 확인 기준에 해당하는 내용만 답해줘.,"겨울 A반 4차 프론트엔드 점검에 대해 담당은 프론트엔드 파트라고, 그리고 확인 기준은 사용자 차단 여부라고 설명했습니다.",True,,,,,False,False,0.888888888888889,0.888888888888889,0.4444444444444445,0.4444444444444445,True,True,3.8780652999994345,3.7707493000198156,,,,,tie,"겨울 A반 4차 프론트엔드 점검 설명에 대해 확인 기준은 사용자 차단 여부라고, 담당과 설명은 프론트엔드 파트라고, 그리고 마감은 다음 달 첫째 주 화요일이라고 설명했습니다.","겨울 A반 4차 프론트엔드 점검에 대해 담당은 프론트엔드 파트라고, 확인 기준은 사용자 차단 여부라고, 그리고 마감은 다음 달 첫째 주 화요일이라고 설명했습니다."
dataset_ko_367_final,entity_simple_hard_test_project_00109:final:0,entity_simple_hard_test_project_00109,entity_simple_hard_test_project_00109,True,same_source_sibling_facts,1,4,23,20,세미나 A반 2차 백엔드 배포에서 담당과 확인 기준을 함께 정리해줘.,"세미나 A반 2차 백엔드 배포에 대해 담당은 백엔드 팀이라고, 그리고 확인 기준은 오류 발생률이라고 설명했습니다.",True,,,,,False,False,0.7428571428571429,0.7179487179487181,0.37142857142857144,0.35897435897435903,True,True,3.3730569000472315,4.024900100019295,,,,,tie,"세미나 A반 2차 백엔드 배포에 대해 확인 기준을 다음과 몇 줄이라고, 담당은 백엔드 팀이라고, 그리고 마감은 수요일 오후 다섯 시라고 설명했습니다.","세미나 A반 2차 백엔드 배포에 대해 담당은 백엔드 팀이라고, 확인 기준은 오류 종류가 승인자 승인 취소 오류라고, 그리고 마감은 수요일 오후 다섯 시라고 설명했습니다."
dataset_ko_368_final,entity_simple_hard_test_project_00182:final:0,entity_simple_hard_test_project_00182,entity_simple_hard_test_project_00182,True,same_source_sibling_facts,1,4,23,20,교수님이 가을 오전반 2차 AI 모델 평가의 공유 위치와 마감을 어떻게 말했어?,"가을 오전반 2차 AI 모델 평가에 대해 공유 위치는 회의록 폴더라고, 그리고 마감은 금요일 자정 전이라고 설명했습니다.",True,,,,,False,False,0.7317073170731708,0.4444444444444445,0.3658536585365854,0.22222222222222224,True,False,3.994426699995529,1.5717799999983981,,,,,question+passage,"가을 오전반 2차 AI 모델 평가의 공유 위치와 마감은 회의록 기록을 참고해요, 담당은 AI 파트라고, 담당은 AI 파트라고, 그리고 마감은 금요일 자정 전이라고 설명했습니다.",교수님이 가을 오날 2차 AI 모델 평가 공유 위치라고 말했어.
dataset_ko_369_final,entity_simple_hard_test_art_history_00331:final:0,entity_simple_hard_test_art_history_00331,entity_simple_hard_test_art_history_00331,True,same_source_sibling_facts,1,4,23,20,여름 D반 4차 르네상스 설명 중 비유와 비교 포인트에 해당하는 내용만 답해줘.,"여름 D반 4차 르네상스에 대해 비유는 사람을 화면 중앙에 다시 세우는 방식이라고, 그리고 비교 포인트는 절대왕정 중심 설명과 다르다고 설명했습니다.",True,,,,,False,False,0.8837209302325582,0.7272727272727273,0.4418604651162791,0.36363636363636365,True,True,4.145227700006217,3.5577827999950387,,,,,question+passage,"여름 D반 4차 르네상스에 대해 비유는 사람을 화면 중앙에 다시 세우는 방식이라고, 목적은 사람의 가치를 드러내는 것이라고, 그리고 비교 포인트는 절대왕정 중심 설명과 다르다고 설명했습니다.","여름 D반 4차 르네상스에 대해 비유는 사람을 화면 중앙에 다시 세우는 방식이라고, 목적은 지적错误隐藏中写道,核心意思是人性重要、是最佳地点以及方法是美饰."
dataset_ko_370_final,entity_simple_hard_test_project_00351:final:0,entity_simple_hard_test_project_00351,entity_simple_hard_test_project_00351,True,same_source_sibling_facts,1,4,23,20,여름 2팀 4차 프론트엔드 점검 설명 중 확인 기준과 담당에 해당하는 내용만 답해줘.,"여름 2팀 4차 프론트엔드 점검에 대해 확인 기준은 사용자 차단 여부라고, 그리고 담당은 프론트엔드 파트라고 설명했습니다.",True,,,,,False,False,0.888888888888889,0.8666666666666666,0.4444444444444445,0.4333333333333333,True,True,3.862171799992211,2.598627300001681,,,,,tie,"여름 2팀 4차 프론트엔드 점검 설명에 대해 확인 기준은 사용자 차단 여부라고, 담당은 프론트엔드 파트라고, 그리고 마감은 다음 달 첫째 주 화요일이라고 설명했습니다.",여름 2팀 4차 프론트엔드 점검 확인 기준은 사용자 차단 여부와 담당은 프론트엔드 파트라고 설명했습니다.
dataset_ko_371_final,entity_simple_hard_test_statistics_00167:final:0,entity_simple_hard_test_statistics_00167,entity_simple_hard_test_statistics_00167,True,same_source_sibling_facts,1,4,23,20,심화 3팀 2차 회귀분석 설명 중 주의점과 의미에 해당하는 내용만 답해줘.,"심화 3팀 2차 회귀분석에 대해 주의점은 모든 원인을 증명하지는 않는다고, 그리고 의미는 관계의 경향 설명이라고 설명했습니다.",True,,,,,False,False,0.4864864864864864,0.7000000000000001,0.2432432432432432,0.35000000000000003,True,True,3.5630297000170685,4.327687200042419,,,,,passage-only,심화 3팀 2차 회귀분석 설명 중 주의점은 관계의 경향 설명에 대해 의미는 예측 경향 경향 설명에 대해 주의점은 관계의 경향 설명에 대해 의미는 예측 경향 설명에 대해,"심화 3팀 2차 회귀분석 설명 중 주의점과 의미에 대해 것은 추정의 방향성을 설명하는 데 사용된다고, 주의점은 모든 원인을 증명하지는 않는다고, 그리고 의미는 관계의 성격을 설명하는 데 사용된다고 설명했습니다."
dataset_ko_372_final,entity_simple_hard_test_statistics_00382:final:0,entity_simple_hard_test_statistics_00382,entity_simple_hard_test_statistics_00382,True,same_source_sibling_facts,1,4,23,20,교수님이 가을 오전반 4차 상관계수의 활용과 비유를 어떻게 말했어?,"가을 오전반 4차 상관계수에 대해 활용은 관계 강도를 빠르게 살필 때 쓴다고, 그리고 비유는 두 변수의 움직임을 비교하는 나침반이라고 설명했습니다.",True,,,,,False,False,0.6153846153846153,0.5882352941176471,0.30769230769230765,0.29411764705882354,True,False,4.011290399997961,3.1989076000172645,,,,,tie,"교수님이 가을 오전반 4차 상관계수의 의미는 선형 관계 강도라고, 비유는 두 변수의 움직임을 비교하는 나침반이라고, 그리고 주의점은 원인 증명을 뜻하지 않는다고 설명했습니다.","가을 오전반 4차 상관계수의 활용과 비유는 직선의 방향을 설명할 때 쓴다고, 강조점은 변수 간 관계의 방향을 놓는다고 설명했습니다."
dataset_ko_373_final,entity_simple_hard_test_art_history_00259:final:0,entity_simple_hard_test_art_history_00259,entity_simple_hard_test_art_history_00259,True,same_source_sibling_facts,1,4,23,20,세미나 2팀 3차 르네상스 설명 중 목적과 핵심 특징에 해당하는 내용만 답해줘.,"세미나 2팀 3차 르네상스에 대해 목적은 사람의 가치를 드러내는 것이라고, 그리고 핵심 특징은 인문주의라고 설명했습니다.",True,,,,,False,False,0.8108108108108109,0.6666666666666666,0.40540540540540543,0.3333333333333333,True,True,3.901086700032465,2.9788359999656677,,,,,question+passage,"세미나 2팀 3차 르네상스에 대해 핵심 특징은 인문주의라고, 비유는 사람을 화면 중앙에 다시 세우는 방식이라고, 그리고 목적은 사람의 가치를 드러내는 것이라고 설명했습니다.","세미나 2팀 3차 르네상스에 대해 목적과 핵심 특징은 인문주의라고, 비교 포인트는 절대왕정 중심 설명과 다르다고 설명했습니다."
dataset_ko_374_final,entity_simple_hard_test_statistics_00383:final:0,entity_simple_hard_test_statistics_00383,entity_simple_hard_test_statistics_00383,True,same_source_sibling_facts,1,4,23,20,겨울 오전반 4차 회귀분석 설명 중 활용과 비유에 해당하는 내용만 답해줘.,"겨울 오전반 4차 회귀분석에 대해 활용은 예측 경향을 설명할 때 쓴다고, 그리고 비유는 흩어진 점 사이에 길을 그어 보는 일이라고 설명했습니다.",True,,,,,False,False,0.8571428571428571,0.6666666666666667,0.42857142857142855,0.33333333333333337,True,True,4.269768900005147,3.2456714999862015,,,,,question+passage,"겨울 오전반 4차 회귀분석 설명 중 비유는 흩어진 점 사이에 길을 그어 보는 일이라고, 주의점은 모든 원인을 증명하지는 않는다고, 그리고 활용은 예측 경향을 설명할 때 쓴다고 설명했습니다.","겨울 오전반 4차 회귀분석 설명에 대해 활용은 예측 경향을 설명할 때 쓴다고, 비유는 곡선을 그리는 법이라고, 그리고 개념은 여러 값의 함수라고 설명했습니다."
dataset_ko_375_final,entity_simple_hard_test_marketing_00225:final:0,entity_simple_hard_test_marketing_00225,entity_simple_hard_test_marketing_00225,True,same_source_sibling_facts,1,4,23,20,파일럿 C반 3차 동아리 홍보에서 대상과 보상을 함께 정리해줘.,"파일럿 C반 3차 동아리 홍보에 대해 대상은 동아리 회원이라고, 그리고 보상은 굿즈 추첨권이라고 설명했습니다.",True,,,,,False,False,0.9032258064516129,0.8666666666666666,0.45161290322580644,0.4333333333333333,True,True,3.4151793000055477,2.877542899979744,,,,,tie,"파일럿 C반 3차 동아리 홍보에 대해 대상은 동아리 회원이라고, 보상은 굿즈 추첨권이라고, 그리고 핵심 채널은 오픈채팅방이라고 설명했습니다.","파일럿 C반 3차 동아리 홍보에 대해 대상은 동아리 회원이라고, 보상은 굿즈 추첨권이라고, 성과 지표는 참여율이라고 설명했습니다."
dataset_ko_376_final,entity_simple_hard_test_marketing_00177:final:0,entity_simple_hard_test_marketing_00177,entity_simple_hard_test_marketing_00177,True,same_source_sibling_facts,1,4,23,20,심화 4팀 2차 동아리 홍보에서 보상과 대상을 함께 정리해줘.,"심화 4팀 2차 동아리 홍보에 대해 보상은 굿즈 추첨권이라고, 그리고 대상은 동아리 회원이라고 설명했습니다.",True,,,,,False,False,0.7741935483870968,0.8333333333333333,0.3870967741935484,0.41666666666666663,True,True,3.363332899985835,1.8137643999652937,,,,,passage-only,"심화 4팀 2차 동아리 홍보에 대해 보상은 참여권을 주는지라고, 대상은 동아리 회원이라고, 그리고 핵심 채널은 오픈채팅방이라고 설명했습니다.",심화 4팀 2차 동아리 홍보에 대해 보상은 굿즈 추첨권이라고 설명했습니다.
dataset_ko_377_final,entity_simple_hard_test_statistics_00022:final:0,entity_simple_hard_test_statistics_00022,entity_simple_hard_test_statistics_00022,True,same_source_sibling_facts,1,4,23,20,교수님이 가을 C반 1차 상관계수의 의미와 주의점을 어떻게 말했어?,"가을 C반 1차 상관계수에 대해 의미는 선형 관계 강도라고, 그리고 주의점은 원인 증명을 뜻하지 않는다고 설명했습니다.",True,,,,,False,False,0.8421052631578948,0.8333333333333334,0.4210526315789474,0.4166666666666667,True,True,3.820388499996625,3.4247343000024557,,,,,tie,"가을 C반 1차 상관계수에 대해 주의점은 원인 증명을 뜻하지 않는다고, 활용은 관계 강도를 빠르게 살필 때 쓴다고, 그리고 의미는 선형 관계 강도라고 설명했습니다.","가을 C반 1차 상관계수의 의미는 선형 관계 강도라고, 주의점은 원인 증명을 뜻하지 않는다고, 그리고 활용은 데이터의 분포를 간소화하는 방법이라고 설명했습니다."
dataset_ko_378_final,entity_simple_hard_test_marketing_00130:final:0,entity_simple_hard_test_marketing_00130,entity_simple_hard_test_marketing_00130,True,same_source_sibling_facts,1,4,23,20,교수님이 봄 D반 2차 스터디 모집의 대상과 보상을 어떻게 말했어?,"봄 D반 2차 스터디 모집에 대해 대상은 스터디 신청자라고, 그리고 보상은 우선 신청권이라고 설명했습니다.",True,,,,,False,False,0.8387096774193548,0.8666666666666666,0.4193548387096774,0.4333333333333333,True,True,3.4480356999556534,3.0433002000208944,,,,,tie,"교수님이 봄 D반 2차 스터디 모집에 대해 대상은 스터디 신청자라고, 보상은 우선 신청권이라고, 그리고 핵심 채널은 학과 홈페이지라고 설명했습니다.","봄 D반 2차 스터디 모집에 대해 대상은 스터디 신청자라고, 보상은 우선 신청권이라고, 그리고 핵심 채널은 학과 홈페이지라고 설명했습니다."
dataset_ko_379_final,entity_simple_hard_test_os_concept_00052:final:0,entity_simple_hard_test_os_concept_00052,entity_simple_hard_test_os_concept_00052,True,same_source_sibling_facts,1,4,23,20,가을 2팀 1차 프로세스 설명에서 장점과 역할만 알려줘.,"가을 2팀 1차 프로세스에 대해 장점은 서로 영향을 줄이는 데 도움이 된다고, 그리고 역할은 독립된 실행 공간을 가진다고 설명했습니다.",True,,,,,False,False,0.923076923076923,0.8,0.4615384615384615,0.4,True,True,3.7705010999925435,4.461209699977189,,,,,question+passage,"가을 2팀 1차 프로세스 설명에 대해 장점은 서로 영향을 줄이는 데 도움이 된다고, 역할은 독립된 실행 공간을 가진다고, 그리고 비유는 독립된 식당이라고 설명했습니다.","가을 2팀 1차 프로세스에 대해 장점은 서로 영향을 줄이는 데 도움이 된다고, 리소스가 줄일 수 있는 법은 특정 목적을 수행하는 데 도움이 된다고, 그리고 역할은 독립된 실행 공간을 가진다고 설명했습니다."
dataset_ko_380_final,entity_simple_hard_test_marketing_00344:final:0,entity_simple_hard_test_marketing_00344,entity_simple_hard_test_marketing_00344,True,same_source_sibling_facts,1,4,23,20,캡스톤 1팀 4차 신입생 캠페인 설명에서 성과 지표와 핵심 채널만 알려줘.,"캡스톤 1팀 4차 신입생 캠페인에 대해 성과 지표는 전환율이라고, 그리고 핵심 채널은 인스타그램이라고 설명했습니다.",True,,,,,False,False,0.7857142857142857,0.9032258064516129,0.39285714285714285,0.45161290322580644,True,True,3.163138000003528,3.6117378000053577,,,,,passage-only,"캡스톤 1팀 4차 신입생 캠페인 성과 지표가 긍정적의식 지표가, 핵심 채널이 인스타그램이라고, respectively로 설명했습니다.","캡스톤 1팀 4차 신입생 캠페인에 대해 성과 지표는 전환율이라고, 핵심 채널은 인스타그램이라고, 그리고 핵심 채널의 인flows이라고 설명했습니다."
dataset_ko_381_final,entity_simple_hard_test_statistics_00190:final:0,entity_simple_hard_test_statistics_00190,entity_simple_hard_test_statistics_00190,True,same_source_sibling_facts,1,4,23,20,교수님이 봄 오후반 2차 상관계수의 활용과 비유를 어떻게 말했어?,"봄 오후반 2차 상관계수에 대해 활용은 관계 강도를 빠르게 살필 때 쓴다고, 그리고 비유는 두 변수의 움직임을 비교하는 나침반이라고 설명했습니다.",True,,,,,False,False,0.7619047619047621,0.85,0.38095238095238104,0.425,True,True,5.156379199994262,4.2503286999999546,,,,,passage-only,"교수님이 봄 오후반 2차 상관계수의 활용을 설명한 비유는 두 변수의 움직임을 비교하는 나침반이라고, 주의점은 원인 증명을 뜻하지 않는다고, 그리고 비유는 두 변수의 관계를 강도를 빠르게 살필 때 쓴다고 설명했습니다.","봄 오후반 2차 상관계수에 대해 활용은 관계 강도를 빠르게 살필 때 쓴다고, 비유는 두 변수의 움직임을 비교하는 나침반이라고, 그리고 의미는 선형 관계 강도를 설명하는 데 사용한다고 설명했습니다."
dataset_ko_382_final,entity_simple_hard_test_marketing_00273:final:0,entity_simple_hard_test_marketing_00273,entity_simple_hard_test_marketing_00273,True,same_source_sibling_facts,1,4,23,20,겨울 4팀 3차 동아리 홍보에서 보상과 대상을 함께 정리해줘.,"겨울 4팀 3차 동아리 홍보에 대해 보상은 굿즈 추첨권이라고, 그리고 대상은 동아리 회원이라고 설명했습니다.",True,,,,,False,False,0.7999999999999999,0.6666666666666666,0.39999999999999997,0.3333333333333333,True,True,3.211544399964623,3.0595760000287555,,,,,question+passage,"겨울 4팀 3차 동아리 홍보에 대해 대상은 참여율이라고, 보상은 굿즈 추첨권이라고, 그리고 핵심 채널은 오픈채팅방이라고 설명했습니다.","겨울 4팀 3차 동아리 홍보에 대해 보상은 굿즈 추첨권이라고 했고, 전체 순위는 개인 순위권환급권이라고 했다고 설명했습니다."
dataset_ko_383_final,entity_simple_hard_test_project_00181:final:0,entity_simple_hard_test_project_00181,entity_simple_hard_test_project_00181,True,same_source_sibling_facts,1,4,23,20,여름 오전반 2차 백엔드 배포에서 공유 위치와 마감을 함께 정리해줘.,"여름 오전반 2차 백엔드 배포에 대해 공유 위치는 깃허브 이슈 탭이라고, 그리고 마감은 수요일 오후 다섯 시라고 설명했습니다.",True,,,,,False,False,0.9714285714285714,0.6829268292682927,0.4857142857142857,0.34146341463414637,True,True,2.76632910000626,3.794937399972696,,,,,question+passage,"여름 오전반 2차 백엔드 배포에 대해 공유 위치는 깃허브 이슈 탭이라고, 마감은 수요일 오후 다섯 시라고 설명했습니다.","여름 오전반 2차 백엔드 배포에 대해 담당은 백엔드 팀이라고, 마감은 수요일 오후 다섯 시라고, 공유 위치는 개인 보관箱을 찾아볼 수 있을 키가 다르다고 설명했습니다."
dataset_ko_384_final,entity_simple_hard_test_dessert_00242:final:0,entity_simple_hard_test_dessert_00242,entity_simple_hard_test_dessert_00242,True,same_source_sibling_facts,1,4,23,20,교수님이 가을 1팀 3차 마카롱의 비유와 색깔을 어떻게 말했어?,"가을 1팀 3차 마카롱에 대해 비유는 작은 보석 상자라고, 그리고 색깔은 알록달록하다고 설명했습니다.",True,,,,,False,False,0.8,0.896551724137931,0.4,0.4482758620689655,True,True,2.220284700044431,2.93766150000738,,,,,passage-only,"교수님이 가을 1팀 3차 마카롱의 비유는 작은 보석 상자라고, 색깔은 진색깔이라고 설명했습니다.","가을 1팀 3차 마카롱에 대해 비유는 작은 보석 상자라고, 색깔은 알록달록하다고, 그리고 맛은 부드럽고 진하다고 설명했습니다."
dataset_ko_385_final,entity_simple_hard_test_os_concept_00340:final:0,entity_simple_hard_test_os_concept_00340,entity_simple_hard_test_os_concept_00340,True,same_source_sibling_facts,1,4,23,20,봄 1팀 4차 프로세스 설명에서 장점과 역할만 알려줘.,"봄 1팀 4차 프로세스에 대해 장점은 서로 영향을 줄이는 데 도움이 된다고, 그리고 역할은 독립된 실행 공간을 가진다고 설명했습니다.",True,,,,,False,False,0.9189189189189189,0.8717948717948718,0.45945945945945943,0.4358974358974359,True,True,3.7161837000166997,3.7977215999853797,,,,,tie,"봄 1팀 4차 프로세스 설명에 대해 장점은 서로 영향을 줄이는 데 도움이 된다고, 역할은 독립된 실행 공간을 가진다고, 그리고 비유는 독립된 식당이라고 설명했습니다.","봄 1팀 4차 프로세스에 대해 장점은 서로 영향을 줄이는 데 도움이 된다고, 리소스가 줄일 수 있는 장점은 더短暂이라고, 그리고 역할은 독립된 실행 공간을 가진다고 설명했습니다."
dataset_ko_386_final,entity_simple_hard_test_dessert_00099:final:0,entity_simple_hard_test_dessert_00099,entity_simple_hard_test_dessert_00099,True,same_source_sibling_facts,1,4,23,20,세미나 오후반 1차 브라우니 설명 중 색깔과 비유에 해당하는 내용만 답해줘.,"세미나 오후반 1차 브라우니에 대해 색깔은 진한 갈색이라고, 그리고 비유는 초콜렛을 압축한 케이크라고 설명했습니다.",True,,,,,False,False,0.8750000000000001,0.9032258064516129,0.43750000000000006,0.45161290322580644,True,True,3.923428700014483,3.8037261000135913,,,,,tie,"세미나 오후반 1차 브라우니에 대해 색깔은 진한 갈색이라고, 비유는 초콜렛을 압축한 케이크라고, 그리고 특징은 속이 촉촉하게 남는다고 설명했습니다.","세미나 오후반 1차 브라우니에 대해 색깔은 진한 갈색이라고, 비유는 초콜렛을 압축한 케이크라고, 그리고 맛은 묵직하게 달콤하다고 설명했습니다."
dataset_ko_387_final,entity_simple_hard_test_marketing_00203:final:0,entity_simple_hard_test_marketing_00203,entity_simple_hard_test_marketing_00203,True,same_source_sibling_facts,1,4,23,20,겨울 A반 3차 멘토링 이벤트 설명 중 핵심 채널과 성과 지표에 해당하는 내용만 답해줘.,"겨울 A반 3차 멘토링 이벤트에 대해 핵심 채널은 이메일 뉴스레터라고, 그리고 성과 지표는 재방문율이라고 설명했습니다.",True,,,,,False,False,0.7179487179487181,0.9375,0.35897435897435903,0.46875,True,True,4.445315700024366,3.434777299989946,,,,,passage-only,"겨울 A반 3차 멘토링 이벤트 설명에 대해 핵심 채널이 overlap 하면 성과 지표는 다른 방식이라고, 핵심 채널은 이메일 뉴스레터라고, 그리고 대상은 멘토링 참여 학생이라고 설명했습니다.","겨울 A반 3차 멘토링 이벤트에 대해 핵심 채널은 이메일 뉴스레터라고, 성과 지표는 재방문율이라고, 그리고 차일드 홀iday라고 설명했습니다."
dataset_ko_388_final,entity_simple_hard_test_marketing_00395:final:0,entity_simple_hard_test_marketing_00395,entity_simple_hard_test_marketing_00395,True,same_source_sibling_facts,1,4,23,20,파일럿 오후반 4차 멘토링 이벤트 설명 중 핵심 채널과 성과 지표에 해당하는 내용만 답해줘.,"파일럿 오후반 4차 멘토링 이벤트에 대해 핵심 채널은 이메일 뉴스레터라고, 그리고 성과 지표는 재방문율이라고 설명했습니다.",True,,,,,False,False,0.7777777777777778,0.9375,0.3888888888888889,0.46875,True,True,4.084964100038633,3.5909522000001743,,,,,passage-only,"파일럿 오후반 4차 멘토링 이벤트 설명에 대해 핵심 채널이 overlap H1 뉴스레터라고, 성과 지표는 재방문율이라고, 그리고 비교 기준은 재방문율 코스가 아닌라고 설명했습니다.","파일럿 오후반 4차 멘토링 이벤트에 대해 핵심 채널은 이메일 뉴스레터라고, 성과 지표는 재방문율이라고, 그리고 차선 관리체제라고 설명했습니다."
dataset_ko_389_final,entity_simple_hard_test_marketing_00155:final:0,entity_simple_hard_test_marketing_00155,entity_simple_hard_test_marketing_00155,True,same_source_sibling_facts,1,4,23,20,파일럿 2팀 2차 멘토링 이벤트 설명 중 성과 지표와 핵심 채널에 해당하는 내용만 답해줘.,"파일럿 2팀 2차 멘토링 이벤트에 대해 성과 지표는 재방문율이라고, 그리고 핵심 채널은 이메일 뉴스레터라고 설명했습니다.",True,,,,,False,False,0.7894736842105263,0.8571428571428571,0.39473684210526316,0.42857142857142855,True,True,4.42579129996011,4.520523199986201,,,,,passage-only,"파일럿 2팀 2차 멘토링 이벤트 설명에 대해 핵심 채널은 이메일 뉴스레터라고, 성과 지표는 재방문율이라고, 그리고 비교 기준은 다음 그룹과 핵심 채널 성과 지표로 설명했습니다.","파일럿 2팀 2차 멘토링 이벤트에 대해 성과 지표는 재방문율이라고, 핵심 채널은 이메일 뉴스레터라고, 그리고 핵심 채널의 연결고리가 뉴스레터 메시지라고 설명했습니다."
dataset_ko_390_final,entity_simple_hard_test_project_00231:final:0,entity_simple_hard_test_project_00231,entity_simple_hard_test_project_00231,True,same_source_sibling_facts,1,4,23,20,여름 D반 3차 프론트엔드 점검 설명 중 마감과 공유 위치에 해당하는 내용만 답해줘.,"여름 D반 3차 프론트엔드 점검에 대해 마감은 다음 달 첫째 주 화요일이라고, 그리고 공유 위치는 프로젝트 슬랙 채널이라고 설명했습니다.",True,,,,,False,False,0.9189189189189189,0.5142857142857143,0.45945945945945943,0.2571428571428572,True,False,4.086848599952646,2.7719958999659866,,,,,question+passage,"여름 D반 3차 프론트엔드 점검 설명에 대해 마감은 다음 달 첫째 주 화요일이라고, 공유 위치는 프로젝트 슬랙 채널이라고, 그리고 담당은 프론트엔드 파트라고 설명했습니다.","여름 D반 3차 프론트엔드 점검에 대해 마감은 반확인 기준에 따라 다르고, 공유 위치는 공유할 공간에 따라 다를 수 있습니다."
dataset_ko_391_final,entity_simple_hard_test_marketing_00010:final:0,entity_simple_hard_test_marketing_00010,entity_simple_hard_test_marketing_00010,True,same_source_sibling_facts,1,4,23,20,교수님이 봄 B반 1차 스터디 모집의 핵심 채널과 성과 지표를 어떻게 말했어?,"봄 B반 1차 스터디 모집에 대해 핵심 채널은 학과 홈페이지라고, 그리고 성과 지표는 완료율이라고 설명했습니다.",True,,,,,False,False,0.8666666666666666,0.8750000000000001,0.4333333333333333,0.43750000000000006,True,True,3.1240320000215434,3.4781304000061937,,,,,tie,"봄 B반 1차 스터디 모집의 핵심 채널은 학과 홈페이지라고, 대상은 스터디 신청자라고, 그리고 성과 지표는 완료율이라고 설명했습니다.","봄 B반 1차 스터디 모집에 대해 핵심 채널은 학과 홈페이지라고, 성과 지표는 완료율이라고, 그리고 핵심 채널은 학과 대기열이라고 설명했습니다."
dataset_ko_392_final,entity_simple_hard_test_os_concept_00077:final:0,entity_simple_hard_test_os_concept_00077,entity_simple_hard_test_os_concept_00077,True,same_source_sibling_facts,1,4,23,20,심화 4팀 1차 스레드에서 주의점과 비유를 함께 정리해줘.,"심화 4팀 1차 스레드에 대해 주의점은 공유 자원 관리가 필요하다고, 그리고 비유는 같은 식당 안에서 일하는 직원이라고 설명했습니다.",True,,,,,False,False,0.878048780487805,0.6086956521739131,0.4390243902439025,0.30434782608695654,True,True,3.624174500000663,4.116297799977474,,,,,question+passage,"심화 4팀 1차 스레드에 대해 비유는 같은 식당 안에서 일하는 직원이라고, 장점은 작업을 가볍게 나눌 수 있다고, 그리고 주의점은 공유 자원 관리가 필요하다고 설명했습니다.","심화 4팀 1차 스레드에 대해 주의점으로 추가 정보가 있는 것이라고는 지역이 프로세스 안에 들어간 것이라고, 비유는 같은 식당 안에서 일하는 직원이라고, 그리고 장점은 작업을 가볍게 나눌 수 있다고 설명했습니다."
dataset_ko_393_final,entity_simple_hard_test_os_concept_00247:final:0,entity_simple_hard_test_os_concept_00247,entity_simple_hard_test_os_concept_00247,True,same_source_sibling_facts,1,4,23,20,심화 1팀 3차 큐 설명 중 장점과 역할에 해당하는 내용만 답해줘.,"심화 1팀 3차 큐에 대해 장점은 처리 순서를 명확하게 만든다고, 그리고 역할은 작업을 순서대로 기다리게 한다고 설명했습니다.",True,,,,,False,False,0.9696969696969697,0.8717948717948718,0.48484848484848486,0.4358974358974359,True,True,2.6423514999914914,3.619846999994479,,,,,question+passage,"심화 1팀 3차 큐에 대해 장점은 처리 순서를 명확하게 만든다고, 역할은 작업을 순서대로 기다리게 한다고 설명했습니다.","심화 1팀 3차 큐에 대해 장점은 처리 순서를 명확하게 만든다고, 주의점은 대기 시간이 길어질 수 있다고, 그리고 역할은 작업을 순서대로 기다리게 한다고 설명했습니다."
dataset_ko_394_final,entity_simple_hard_test_art_history_00232:final:0,entity_simple_hard_test_art_history_00232,entity_simple_hard_test_art_history_00232,True,same_source_sibling_facts,1,4,23,20,가을 D반 3차 바로크 설명에서 비유와 비교 포인트만 알려줘.,"가을 D반 3차 바로크에 대해 비유는 무대 조명이 한 장면을 강조하는 방식이라고, 그리고 비교 포인트는 평면적 구도와 구분된다고 설명했습니다.",True,,,,,False,False,0.6666666666666666,0.7368421052631577,0.3333333333333333,0.36842105263157887,True,True,3.647216600016691,3.580939900013618,,,,,passage-only,"가을 D반 3차 바로크 설명에 대해 비유는 평면적 구도와 구분된다고, 목적은 감정을 강하게 전달하는 것이라고, 그리고 비교 포인트는 평면적 구도과 구분된다고 설명했습니다.","가을 D반 3차 바로크에 대해 비유는 무대 조명이 한 장면을 강조하는 방식이라고, 비유의 구도와 구분된 특징이라고, 그리고 구분은 시각적 흐름이라고 설명했습니다."
dataset_ko_395_final,entity_simple_hard_test_dessert_00219:final:0,entity_simple_hard_test_dessert_00219,entity_simple_hard_test_dessert_00219,True,same_source_sibling_facts,1,4,23,20,세미나 B반 3차 브라우니 설명 중 맛과 특징에 해당하는 내용만 답해줘.,"세미나 B반 3차 브라우니에 대해 맛은 묵직하게 달콤하다고, 그리고 특징은 속이 촉촉하게 남는다고 설명했습니다.",True,,,,,False,False,0.9032258064516129,0.9032258064516129,0.45161290322580644,0.45161290322580644,True,True,3.7066472999867983,3.648288100026548,,,,,tie,"세미나 B반 3차 브라우니에 대해 맛은 묵직하게 달콤하다고, 특징은 속이 촉촉하게 남는다고, 그리고 맛은 묵직하게 달콤하다고 설명했습니다.","세미나 B반 3차 브라우니에 대해 맛은 묵직하게 달콤하다고, 특징은 속이 촉촉하게 남는다고, 그리고 맛은 묵직하게 달콤하다고 설명했습니다."
dataset_ko_396_final,entity_simple_hard_test_statistics_00191:final:0,entity_simple_hard_test_statistics_00191,entity_simple_hard_test_statistics_00191,True,same_source_sibling_facts,1,4,23,20,여름 오후반 2차 회귀분석 설명 중 활용과 비유에 해당하는 내용만 답해줘.,"여름 오후반 2차 회귀분석에 대해 활용은 예측 경향을 설명할 때 쓴다고, 그리고 비유는 흩어진 점 사이에 길을 그어 보는 일이라고 설명했습니다.",True,,,,,False,False,0.8837209302325582,0.35,0.4418604651162791,0.175,True,False,4.285678100015502,4.319019500049762,,,,,question+passage,"여름 오후반 2차 회귀분석 설명에 대해 비유는 흩어진 점 사이에 길을 그어 보는 일이라고, 주의점은 모든 원인을 증명하지는 않는다고, 그리고 활용은 예측 경향을 설명할 때 쓴다고 설명했습니다.","여름 오후반 2차 회귀분석 설명 중 활용과 비유에 해당하는 내용만 답해주는 곳이라고, 핵심은 관계의 점을 이동하는 과정이라고, 그리고 예시로 직사각형을 꾸려나가는 과정을 설명했다."
dataset_ko_397_final,entity_simple_hard_test_project_00159:final:0,entity_simple_hard_test_project_00159,entity_simple_hard_test_project_00159,True,same_source_sibling_facts,1,4,23,20,세미나 2팀 2차 프론트엔드 점검 설명 중 확인 기준과 담당에 해당하는 내용만 답해줘.,"세미나 2팀 2차 프론트엔드 점검에 대해 확인 기준은 사용자 차단 여부라고, 그리고 담당은 프론트엔드 파트라고 설명했습니다.",True,,,,,False,False,0.888888888888889,0.5806451612903225,0.4444444444444445,0.29032258064516125,True,True,3.923178499971982,2.6618522999924608,,,,,question+passage,"세미나 2팀 2차 프론트엔드 점검 설명에 대해 확인 기준은 사용자 차단 여부라고, 담당은 프론트엔드 파트라고, 그리고 마감은 다음 달 첫째 주 화요일이라고 설명했습니다.",세미나 2팀 2차 프론트엔드 점검 확인 기준은 다른 부분의 확인 기준과 담당은 프론트엔드 파트로 설정했습니다.
dataset_ko_398_final,entity_simple_hard_test_marketing_00368:final:0,entity_simple_hard_test_marketing_00368,entity_simple_hard_test_marketing_00368,True,same_source_sibling_facts,1,4,23,20,실습 3팀 4차 신입생 캠페인 설명에서 보상과 대상만 알려줘.,"실습 3팀 4차 신입생 캠페인에 대해 보상은 커피 쿠폰이라고, 그리고 대상은 신입생이라고 설명했습니다.",True,,,,,False,False,0.8666666666666666,0.6666666666666667,0.4333333333333333,0.33333333333333337,True,True,3.7707025000127032,1.8175611000042409,,,,,question+passage,"실습 3팀 4차 신입생 캠페인 설명에 대해 보상과 대상은 커피 쿠폰이라고, 핵심 채널은 인스타그램이라고, 그리고 대상은 신입생이라고 설명했습니다.",실습 3팀 4차 신입생 캠페인 설명에서 보상과 대상만 알려줍니다.
dataset_ko_399_final,entity_simple_hard_test_project_00204:final:0,entity_simple_hard_test_project_00204,entity_simple_hard_test_project_00204,True,same_source_sibling_facts,1,4,23,20,캡스톤 A반 3차 최종 발표 설명에서 담당과 확인 기준만 알려줘.,"캡스톤 A반 3차 최종 발표에 대해 담당은 기획 파트라고, 그리고 확인 기준은 근거 제시 여부라고 설명했습니다.",True,,,,,False,False,0.888888888888889,0.888888888888889,0.4444444444444445,0.4444444444444445,True,True,3.1613702999893576,3.2378509000409395,,,,,tie,"캡스톤 A반 3차 최종 발표에 대해 확인 기준은 근거 제시 여부라고, 담당은 기획 파트라고, 그리고 마감은 다음 주 월요일 밤이라고 설명했습니다.","캡스톤 A반 3차 최종 발표 설명에 대해 담당은 기획 파트라고, 확인 기준은 근거 제시 여부라고, 그리고 마감은 다음 주 월요일 밤이라고 설명했습니다."
