case,source_id,root_source_id,merge_group_source_id,same_source_merge,merge_policy,merge_group_qas,merged_passage_count,qp_layer,ponly_layer,question,expected,recall_at_k,direct_normalized_em,no_memory_normalized_em,direct_answer_token_f1,no_memory_answer_token_f1,qp_normalized_em,ponly_normalized_em,qp_answer_token_f1,ponly_answer_token_f1,qp_qa_score,ponly_qa_score,qp_mergeprag_hit,ponly_mergeprag_hit,qp_inference_time_s,ponly_inference_time_s,qp_loss,ponly_loss,qp_phrase_loss,ponly_phrase_loss,pairwise_winner,qp_answer,ponly_answer
dataset_ko_0_final,entity_simple_hard_test_dessert_00339:final:0,entity_simple_hard_test_dessert_00339,entity_simple_hard_test_dessert_00339,True,same_source_sibling_facts,1,4,23,20,세미나 D반 4차 브라우니 설명 중 비유와 색깔에 해당하는 내용만 답해줘.,"세미나 D반 4차 브라우니에 대해 비유는 초콜렛을 압축한 케이크라고, 그리고 색깔은 진한 갈색이라고 설명했습니다.",True,,,,,False,False,0.8750000000000001,0.8750000000000001,0.43750000000000006,0.43750000000000006,True,True,4.278804500005208,3.7466597000020556,,,,,tie,"세미나 D반 4차 브라우니에 대해 비유는 초콜렛을 압축한 케이크라고, 색깔은 진한 갈색이라고, 그리고 특징은 속이 촉촉하게 남는다고 설명했습니다.","세미나 D반 4차 브라우니에 대해 비유는 초콜렛을 압축한 케이크라고, 색깔은 진한 갈색이라고, 그리고 효과는 속이 촉촉하게 남는다고 설명했습니다."
dataset_ko_1_final,entity_simple_hard_test_marketing_00370:final:0,entity_simple_hard_test_marketing_00370,entity_simple_hard_test_marketing_00370,True,same_source_sibling_facts,1,4,23,20,교수님이 봄 4팀 4차 스터디 모집의 보상과 대상을 어떻게 말했어?,"봄 4팀 4차 스터디 모집에 대해 보상은 우선 신청권이라고, 그리고 대상은 스터디 신청자라고 설명했습니다.",True,,,,,False,False,0.8387096774193548,0.7333333333333334,0.4193548387096774,0.3666666666666667,True,True,3.4668387999990955,3.1885271999635734,,,,,question+passage,"교수님이 봄 4팀 4차 스터디 모집에 대해 보상은 우선 신청권이라고, 핵심 채널은 학과 홈페이지라고, 그리고 대상은 스터디 신청자라고 설명했습니다.","봄 4팀 4차 스터디 모집에 대해 보상은 우선 신청권이라고, 핵심 채널은 학과 홈페이지라고, 그리고 대상은 점수위에 반영이라고 설명했습니다."
dataset_ko_2_final,entity_simple_hard_test_statistics_00141:final:0,entity_simple_hard_test_statistics_00141,entity_simple_hard_test_statistics_00141,True,same_source_sibling_facts,1,4,23,20,여름 1팀 2차 신뢰구간에서 비유와 활용을 함께 정리해줘.,"여름 1팀 2차 신뢰구간에 대해 비유는 정답이 있을 법한 범위를 그은 지도라고, 그리고 활용은 추정의 불확실성을 설명할 때 쓴다고 설명했습니다.",True,,,,,False,False,0.9047619047619047,0.7272727272727272,0.45238095238095233,0.3636363636363636,True,True,3.8775321999564767,4.362465100013651,,,,,question+passage,"여름 1팀 2차 신뢰구간에 대해 비유는 정답이 있을 법한 범위를 그은 지도라고, 활용은 추정의 불확실성을 설명할 때 쓴다고, 그리고 의미는 모수 추정 범위라고 설명했습니다.","여름 1팀 2차 신뢰구간에 대해 비유는 정답이 있을 법한 범위를 그은 지도라고, 활용은 추정의 강도를 보여주는 부분이라고, 그리고 여름 1팀 2차 신뢰구간은 특정值의 추정을_extensions이라고 설명했습니다."
dataset_ko_3_final,entity_simple_hard_test_dessert_00049:final:0,entity_simple_hard_test_dessert_00049,entity_simple_hard_test_dessert_00049,True,same_source_sibling_facts,1,4,23,20,세미나 1팀 1차 솜사탕에서 비유와 색깔을 함께 정리해줘.,"세미나 1팀 1차 솜사탕에 대해 비유는 구름 같은 간식이라고, 그리고 색깔은 분홍색이라고 설명했습니다.",True,,,,,False,False,0.9600000000000001,0.5999999999999999,0.48000000000000004,0.29999999999999993,True,False,2.279283599986229,3.200540199992247,,,,,question+passage,"세미나 1팀 1차 솜사탕에 대해 비유는 구름 같은 간식이라고, 색깔은 분홍색이라고 설명했습니다.","세미나 1팀 1차 솜사탕에 대해 비유는 아마추어 탐색선이라고, 색깔은 파랑 등 특징적으로 선명하다고, 그리고 핵은 작은 비유라고 설명했습니다."
dataset_ko_4_final,entity_simple_hard_test_project_00205:final:0,entity_simple_hard_test_project_00205,entity_simple_hard_test_project_00205,True,same_source_sibling_facts,1,4,23,20,파일럿 A반 3차 백엔드 배포에서 담당과 확인 기준을 함께 정리해줘.,"파일럿 A반 3차 백엔드 배포에 대해 담당은 백엔드 팀이라고, 그리고 확인 기준은 오류 발생률이라고 설명했습니다.",True,,,,,False,False,0.9655172413793104,0.7368421052631579,0.4827586206896552,0.3684210526315789,True,True,2.4423412999603897,3.711332700040657,,,,,question+passage,"파일럿 A반 3차 백엔드 배포에 대해 담당은 백엔드 팀이라고, 확인 기준은 오류 발생률이라고 설명했습니다.","파일럿 A반 3차 백엔드 배포에 대해 담당은 백엔드 팀이라고, 마감은 수요일 오후 다섯 시라고, 그리고 확인 기준은 오류 종류가 승인 범위 내라고 설명했습니다."
dataset_ko_5_final,entity_simple_hard_test_art_history_00187:final:0,entity_simple_hard_test_art_history_00187,entity_simple_hard_test_art_history_00187,True,same_source_sibling_facts,1,4,23,20,심화 오전반 2차 르네상스 설명 중 비교 포인트와 비유에 해당하는 내용만 답해줘.,"심화 오전반 2차 르네상스에 대해 비교 포인트는 절대왕정 중심 설명과 다르다고, 그리고 비유는 사람을 화면 중앙에 다시 세우는 방식이라고 설명했습니다.",True,,,,,False,False,0.9268292682926829,0.7,0.46341463414634143,0.35,True,True,3.9900691999937408,3.8870945000089705,,,,,question+passage,"심화 오전반 2차 르네상스 설명에 대해 비교 포인트는 절대왕정 중심 설명과 다르다고, 핵심 특징은 인문주의라고, 그리고 비유는 사람을 화면 중앙에 다시 세우는 방식이라고 설명했습니다.","심화 오전반 2차 르네상스에 대해 비교 포인트는 절대왕정 중심 설명과 다르다고, 비유는 사람 위치를 강사에近比喻로, 비유 형식이 마당에 위치를 밝히는 방식이라고 설명했습니다."
dataset_ko_6_final,entity_simple_hard_test_os_concept_00054:final:0,entity_simple_hard_test_os_concept_00054,entity_simple_hard_test_os_concept_00054,True,same_source_sibling_facts,1,4,23,20,교수님이 캡스톤 2팀 1차 캐시의 장점과 역할을 어떻게 말했어?,"캡스톤 2팀 1차 캐시에 대해 장점은 반복 접근을 빠르게 만든다고, 그리고 역할은 자주 쓰는 정보를 가까이 둔다고 설명했습니다.",True,,,,,False,False,0.8292682926829269,0.878048780487805,0.41463414634146345,0.4390243902439025,True,True,4.052503599959891,4.020593499997631,,,,,tie,"professor의 2팀 1차 캐시에 대해 장점은 반복 접근을 빠르게 만든다고, 역할은 자주 쓰는 정보를 가까이 둔다고, 그리고 주의점은 오래된 정보가 남을 수 있다고 설명했습니다.","캡스톤 2팀 1차 캐시에 대해 장점은 반복 접근을 빠르게 만든다고, 역할은 자주 쓰는 정보를 가까이 둔다고, 그리고 비유는 책상 위에 올려둔 책이라고 설명했습니다."
dataset_ko_7_final,entity_simple_hard_test_dessert_00098:final:0,entity_simple_hard_test_dessert_00098,entity_simple_hard_test_dessert_00098,True,same_source_sibling_facts,1,4,23,20,교수님이 실습 오후반 1차 마카롱의 색깔과 비유를 어떻게 말했어?,"실습 오후반 1차 마카롱에 대해 색깔은 알록달록하다고, 그리고 비유는 작은 보석 상자라고 설명했습니다.",True,,,,,False,False,0.8387096774193548,0.7499999999999999,0.4193548387096774,0.37499999999999994,True,True,3.336411299998872,3.485339800012298,,,,,question+passage,"실습 오후반 1차 마카롱에 대해 비유는 작은 보석 상자라고, 특징은 겉은 바삭하고 속은 촉촉하다고, 그리고 색깔은 알록달록하다고 설명했습니다.","교수님이 실습 오후반 1차 마카롱의 색깔을 말했다고 설명하는 방법은 맛이 진하다고, 비유는 작은 보석 상자라고, 그리고 색깔은 알록달록하다고 설명했습니다."
dataset_ko_8_final,entity_simple_hard_test_dessert_00169:final:0,entity_simple_hard_test_dessert_00169,entity_simple_hard_test_dessert_00169,True,same_source_sibling_facts,1,4,23,20,세미나 3팀 2차 솜사탕에서 특징과 맛을 함께 정리해줘.,"세미나 3팀 2차 솜사탕에 대해 특징은 입에 닿으면 빠르게 사라진다고, 그리고 맛은 가볍게 달콤하다고 설명했습니다.",True,,,,,False,False,0.9375,0.43243243243243246,0.46875,0.21621621621621623,True,False,3.4653297000331804,3.8349031999823637,,,,,question+passage,"세미나 3팀 2차 솜사탕에 대해 특징은 입에 닿으면 빠르게 사라진다고, 색깔은 분홍색이라고, 그리고 맛은 가볍게 달콤하다고 설명했습니다.","세미나 3팀 2차 솜사탕에 대해 특징이라고 추가 정보이면 아마 다르게 전달될 수 있다고, 맛에 문제는 식사와 다르게 달이 달콤하다고, 그리고 색깔은 분홍색이라고 설명했습니다."
dataset_ko_9_final,entity_simple_hard_test_dessert_00387:final:0,entity_simple_hard_test_dessert_00387,entity_simple_hard_test_dessert_00387,True,same_source_sibling_facts,1,4,23,20,심화 오전반 4차 브라우니 설명 중 색깔과 비유에 해당하는 내용만 답해줘.,"심화 오전반 4차 브라우니에 대해 색깔은 진한 갈색이라고, 그리고 비유는 초콜렛을 압축한 케이크라고 설명했습니다.",True,,,,,False,False,0.8750000000000001,0.7333333333333334,0.43750000000000006,0.3666666666666667,True,True,3.799511799996253,3.203139999997802,,,,,question+passage,"심화 오전반 4차 브라우니에 대해 비유는 초콜렛을 압축한 케이크라고, 특징은 속이 촉촉하게 남는다고, 그리고 색깔은 진한 갈색이라고 설명했습니다.","심화 오전반 4차 브라우니에 대해 비유는 솔직히 달콤하다고, 색깔은 진한 갈색이라고, 그리고 문제는 중간국채로 이해한다고 설명했습니다."
dataset_ko_10_final,entity_simple_hard_test_art_history_00379:final:0,entity_simple_hard_test_art_history_00379,entity_simple_hard_test_art_history_00379,True,same_source_sibling_facts,1,4,23,20,세미나 4팀 4차 르네상스 설명 중 비교 포인트와 비유에 해당하는 내용만 답해줘.,"세미나 4팀 4차 르네상스에 대해 비교 포인트는 절대왕정 중심 설명과 다르다고, 그리고 비유는 사람을 화면 중앙에 다시 세우는 방식이라고 설명했습니다.",True,,,,,False,False,0.9268292682926829,0.8837209302325582,0.46341463414634143,0.4418604651162791,True,True,3.9849462999845855,4.261538500024471,,,,,tie,"세미나 4팀 4차 르네상스 설명에 대해 비교 포인트는 절대왕정 중심 설명과 다르다고, 핵심 특징은 인문주의라고, 그리고 비유는 사람을 화면 중앙에 다시 세우는 방식이라고 설명했습니다.","세미나 4팀 4차 르네상스에 대해 비교 포인트는 절대왕정 중심 설명과 다르다고, 비유는 사람을 화면 중앙에 다시 세우는 방식이라고, 그리고 비유의 특징은 인문주의를 emphasis하는 방식이라고 설명했습니다."
dataset_ko_11_final,entity_simple_hard_test_os_concept_00101:final:0,entity_simple_hard_test_os_concept_00101,entity_simple_hard_test_os_concept_00101,True,same_source_sibling_facts,1,4,23,20,여름 A반 2차 스레드에서 역할과 장점을 함께 정리해줘.,"여름 A반 2차 스레드에 대해 역할은 프로세스 안에서 작업을 나누어 실행한다고, 그리고 장점은 작업을 가볍게 나눌 수 있다고 설명했습니다.",True,,,,,False,False,0.878048780487805,0.7428571428571428,0.4390243902439025,0.3714285714285714,True,False,3.6630009000073187,2.921305600029882,,,,,question+passage,"여름 A반 2차 스레드에 대해 장점은 작업을 가볍게 나눌 수 있다고, 주의점은 공유 자원 관리가 필요하다고, 그리고 역할은 프로세스 안에서 작업을 나누어 실행한다고 설명했습니다.","여름 A반 2차 스레드에 대해 역할은 프로세스를 나누어 실행한다고, 장점은 작업을细化 가능하다고, 그리고 역할은 관리가 다른이라고 설명했습니다."
dataset_ko_12_final,entity_simple_hard_test_art_history_00184:final:0,entity_simple_hard_test_art_history_00184,entity_simple_hard_test_art_history_00184,True,same_source_sibling_facts,1,4,23,20,캡스톤 오전반 2차 바로크 설명에서 비교 포인트와 비유만 알려줘.,"캡스톤 오전반 2차 바로크에 대해 비교 포인트는 평면적 구도와 구분된다고, 그리고 비유는 무대 조명이 한 장면을 강조하는 방식이라고 설명했습니다.",True,,,,,False,False,0.8372093023255813,0.4444444444444444,0.41860465116279066,0.2222222222222222,True,False,4.284558699990157,4.560809799993876,,,,,question+passage,"캡스톤 오전반 2차 바로크에 대해 비교 포인트는 평면적 구도와 구분된다고, 비유는 무대 조명이 한 장면을 강조하는 방식이라고, 그리고 비교 항목은 평면적 구도에 대해 핵심 특징이라고 설명했습니다.","캡스톤 오전반 2차 바로크에 대해 비교 포인트는 한 장면의 이미지가 표현하는角度.directions.은 speaker persona에近くなる방향입니다.,

감사합니다가clamation.lee.pjhl.pnqkql 역기는 repeating.classic.how往前区分是人民舞台的arguments.입니다."
dataset_ko_13_final,entity_simple_hard_test_dessert_00051:final:0,entity_simple_hard_test_dessert_00051,entity_simple_hard_test_dessert_00051,True,same_source_sibling_facts,1,4,23,20,여름 2팀 1차 브라우니 설명 중 비유와 색깔에 해당하는 내용만 답해줘.,"여름 2팀 1차 브라우니에 대해 비유는 초콜렛을 압축한 케이크라고, 그리고 색깔은 진한 갈색이라고 설명했습니다.",True,,,,,False,False,0.8750000000000001,0.8750000000000001,0.43750000000000006,0.43750000000000006,True,True,3.8096487000002526,3.760045100003481,,,,,tie,"여름 2팀 1차 브라우니에 대해 비유는 초콜렛을 압축한 케이크라고, 색깔은 진한 갈색이라고, 그리고 특징은 속이 촉촉하게 남는다고 설명했습니다.","여름 2팀 1차 브라우니에 대해 비유는 초콜렛을 압축한 케이크라고, 색깔은 진한 갈색이라고, 그리고 효과는 속이 촉촉하게 남는다고 설명했습니다."
dataset_ko_14_final,entity_simple_hard_test_statistics_00357:final:0,entity_simple_hard_test_statistics_00357,entity_simple_hard_test_statistics_00357,True,same_source_sibling_facts,1,4,23,20,심화 2팀 4차 신뢰구간에서 주의점과 의미를 함께 정리해줘.,"심화 2팀 4차 신뢰구간에 대해 주의점은 정답 하나를 보장하지 않는다고, 그리고 의미는 모수 추정 범위라고 설명했습니다.",True,,,,,False,False,0.6399999999999999,0.5,0.31999999999999995,0.25,True,False,5.477972000022419,4.414082599978428,,,,,question+passage,"심화 2팀 4차 신뢰구간에 대해 주의점은 정답 하나를 보장하지 않는다고, 의미는 모수 추정 범위라고, 그리고 비유는 정답이 1명, 정답 하나를 보장하지 않는다고, 의미는 모수 추정을 기대하지 않는다고, 그리고 주의점은 true는 일부분을 보장하지 않는다고 설명했습니다.","심화 2팀 4차 신뢰구간에 대해 주의점은 소수점의 끝이 정해지지 않는다는 점이라고, 의미는 입력 값의 하나를 안전히 주지하지는 않는다고, 그리고 비유는 많이 설명하지 않는 한도 내의 값의 추정이라고 설명했습니다."
dataset_ko_15_final,entity_simple_hard_test_marketing_00322:final:0,entity_simple_hard_test_marketing_00322,entity_simple_hard_test_marketing_00322,True,same_source_sibling_facts,1,4,23,20,교수님이 가을 C반 4차 스터디 모집의 대상과 보상을 어떻게 말했어?,"가을 C반 4차 스터디 모집에 대해 대상은 스터디 신청자라고, 그리고 보상은 우선 신청권이라고 설명했습니다.",True,,,,,False,False,0.8484848484848484,0.742857142857143,0.4242424242424242,0.3714285714285715,True,True,3.3599042000132613,3.7216726999613456,,,,,question+passage,"교수님이 가을 C반 4차 스터디 모집에 대해 대상은 스터디 신청자라고, 보상은 우선 신청권이라고, 그리고 핵심 채널은 학과 홈페이지라고 설명했습니다.","교수님이 가을 C반 4차 스터디 모집의 대상은 스터디 신청자라고 설명했습니다. 보상은 우선 신청권이라고, 성과 지표는 완료율이라고, 그리고 보상은 우선 신청권이라고 설명했습니다."
dataset_ko_16_final,entity_simple_hard_test_os_concept_00389:final:0,entity_simple_hard_test_os_concept_00389,entity_simple_hard_test_os_concept_00389,True,same_source_sibling_facts,1,4,23,20,세미나 오전반 4차 스레드에서 역할과 장점을 함께 정리해줘.,"세미나 오전반 4차 스레드에 대해 역할은 프로세스 안에서 작업을 나누어 실행한다고, 그리고 장점은 작업을 가볍게 나눌 수 있다고 설명했습니다.",True,,,,,False,False,0.878048780487805,0.7222222222222222,0.4390243902439025,0.3611111111111111,True,False,3.79607019998366,3.357712100027129,,,,,question+passage,"세미나 오전반 4차 스레드에 대해 장점은 작업을 가볍게 나눌 수 있다고, 주의점은 공유 자원 관리가 필요하다고, 그리고 역할은 프로세스 안에서 작업을 나누어 실행한다고 설명했습니다.","세미나 오전반 4차 스레드에 대해 역할은 프로세스를 나누어 실행한다고, 장점은 작업을细化 가능하다고, 그리고 역할은 프로세스를 나누어 실행한다고 설명했습니다."
dataset_ko_17_final,entity_simple_hard_test_marketing_00056:final:0,entity_simple_hard_test_marketing_00056,entity_simple_hard_test_marketing_00056,True,same_source_sibling_facts,1,4,23,20,정규 2팀 1차 신입생 캠페인 설명에서 성과 지표와 핵심 채널만 알려줘.,"정규 2팀 1차 신입생 캠페인에 대해 성과 지표는 전환율이라고, 그리고 핵심 채널은 인스타그램이라고 설명했습니다.",True,,,,,False,False,0.7647058823529412,0.5294117647058824,0.3823529411764706,0.2647058823529412,True,False,4.313256599998567,7.538070599955972,,,,,question+passage,"정규 2팀 1차 신입생 캠페인에 대해 핵심 채널은 인스타그램만, 성과 지표는 전환율이라고, 핵심 채널은 인스타그램만이라고, 그리고 성과 지표는 전환율이라고 설명했습니다.",정규 2팀 1차 신입생 캠페인 설명에서 성과 지표와 핵심 채널만 알려주면요?  hone-in funnel      cliff      추가로 onboarding      hone-in funnel      hone-in 채널      hone-in 搜索
dataset_ko_18_final,entity_simple_hard_test_project_00133:final:0,entity_simple_hard_test_project_00133,entity_simple_hard_test_project_00133,True,same_source_sibling_facts,1,4,23,20,겨울 D반 2차 백엔드 배포에서 마감과 공유 위치를 함께 정리해줘.,"겨울 D반 2차 백엔드 배포에 대해 마감은 수요일 오후 다섯 시라고, 그리고 공유 위치는 깃허브 이슈 탭이라고 설명했습니다.",True,,,,,False,False,0.923076923076923,0.6486486486486486,0.4615384615384615,0.3243243243243243,True,True,3.514961900014896,3.0692022999865003,,,,,question+passage,"겨울 D반 2차 백엔드 배포에 대해 공유 위치는 깃허브 이슈 탭이라고, 담당은 백엔드 팀이라고, 그리고 마감은 수요일 오후 다섯 시라고 설명했습니다.","겨울 D반 2차 백엔드 배포에 대해 마감은 수요일 오후 다섯 시라고, 함께 정리해주는 곳은 커밋을 요청할 수 있는 곳이라고 설명했습니다."
dataset_ko_19_final,entity_simple_hard_test_project_00110:final:0,entity_simple_hard_test_project_00110,entity_simple_hard_test_project_00110,True,same_source_sibling_facts,1,4,23,20,교수님이 봄 B반 2차 AI 모델 평가의 담당과 확인 기준을 어떻게 말했어?,"봄 B반 2차 AI 모델 평가에 대해 담당은 AI 파트라고, 그리고 확인 기준은 정답률이라고 설명했습니다.",True,,,,,False,False,0.8,0.7647058823529412,0.4,0.3823529411764706,True,True,3.345291299978271,3.1846713999984786,,,,,tie,"봄 B반 2차 AI 모델 평가의 담당과 확인 기준에 대해 확인 기능은 회의록 관리가라고, 담당은 AI 파트라고, 그리고 확인 기준은 정답률이라고 설명했습니다.","봄 B반 2차 AI 모델 평가에 대해 담당은 AI 파트라고, 확인 기준은 정답률을 설명했다고, 그리고 확인 기준은 정답률을 기준으로 설명했다고 설명했습니다."
dataset_ko_20_final,entity_simple_hard_test_statistics_00285:final:0,entity_simple_hard_test_statistics_00285,entity_simple_hard_test_statistics_00285,True,same_source_sibling_facts,1,4,23,20,파일럿 오전반 3차 신뢰구간에서 활용과 비유를 함께 정리해줘.,"파일럿 오전반 3차 신뢰구간에 대해 활용은 추정의 불확실성을 설명할 때 쓴다고, 그리고 비유는 정답이 있을 법한 범위를 그은 지도라고 설명했습니다.",True,,,,,False,False,0.8837209302325582,0.5777777777777778,0.4418604651162791,0.2888888888888889,True,True,4.149547399953008,5.013315699994564,,,,,question+passage,"파일럿 오전반 3차 신뢰구간에 대해 비유는 정답이 있을 법한 범위를 그은 지도라고, 주의점은 정답 하나를 보장하지 않는다고, 그리고 활용은 추정의 불확실성을 설명할 때 쓴다고 설명했습니다.","파일럿 오전반 3차 신뢰구간에 대해 활용은 추정의 불확실성을 설명할 때 쓴다고, 추정의 불확실성을 초소型地型의 불확실성으로 상정하고 비유는 숫자가 부족한 찾은 불확실성이라고, 그리고 활용은 추정의 최후 부분이라고 설명했습니다."
dataset_ko_21_final,entity_simple_hard_test_marketing_00178:final:0,entity_simple_hard_test_marketing_00178,entity_simple_hard_test_marketing_00178,True,same_source_sibling_facts,1,4,23,20,교수님이 실습 4팀 2차 스터디 모집의 보상과 대상을 어떻게 말했어?,"실습 4팀 2차 스터디 모집에 대해 보상은 우선 신청권이라고, 그리고 대상은 스터디 신청자라고 설명했습니다.",True,,,,,False,False,0.5,0.4210526315789474,0.25,0.2105263157894737,False,True,2.7398270000121556,4.895673600025475,,,,,question+passage,"교수님이 실습 4팀 2차 스터디 모집의 보상이기고 대상은 완료율이라고, 비고는 다음 에스eks 파일이라고 설명했습니다.",교수님 실습 4팀 2차 스터디 모집에 대해 보상은 우선 신청권이 이전에 있는 프로세스로 간다. 방어율 기준은长短是多少입니다. 위 추정값입니다. 핵심 통분류는 영역에서 제공됩니다. 위 논문차트는 흐름도입니다.
dataset_ko_22_final,entity_simple_hard_test_statistics_00071:final:0,entity_simple_hard_test_statistics_00071,entity_simple_hard_test_statistics_00071,True,same_source_sibling_facts,1,4,23,20,여름 4팀 1차 회귀분석 설명 중 주의점과 의미에 해당하는 내용만 답해줘.,"여름 4팀 1차 회귀분석에 대해 주의점은 모든 원인을 증명하지는 않는다고, 그리고 의미는 관계의 경향 설명이라고 설명했습니다.",True,,,,,False,False,0.5625,0.5,0.28125,0.25,True,False,2.889958399988245,2.163214700005483,,,,,question+passage,여름 4팀 1차 회귀분석 설명 중 주의점에 대해 주의점은 데이터의 영향을 강하게 보는 의미입니다. 의미는 관계의 경향 설명에 해당합니다.,여름 4팀 1차 회귀분석 설명 중 주의점과 의미에 대해 종래 가정이 맞는 데 의미를 제공하는都说
dataset_ko_23_final,entity_simple_hard_test_project_00374:final:0,entity_simple_hard_test_project_00374,entity_simple_hard_test_project_00374,True,same_source_sibling_facts,1,4,23,20,교수님이 캡스톤 4팀 4차 AI 모델 평가의 공유 위치와 마감을 어떻게 말했어?,"캡스톤 4팀 4차 AI 모델 평가에 대해 공유 위치는 회의록 폴더라고, 그리고 마감은 금요일 자정 전이라고 설명했습니다.",True,,,,,False,False,0.6829268292682927,0.6315789473684211,0.34146341463414637,0.31578947368421056,True,False,3.7217687000520527,3.2839136999682523,,,,,question+passage,"교수님 캡스톤 4팀 4차 AI 모델 평가의 공유 위치는 Zoom AI 파트 분과는 다른 파트라고, 마감은 금요일 자정 전이라고, 그리고 확인 기준은 정답률이라고 설명했습니다.","캡스톤 4팀 4차 AI 모델 평가에 대해 공유 위치는 컨테이너 서버 위치라고, 마감은 컨테이ner 서버 위치라고, 그리고 확인 기준은 정답률이라고 설명했습니다."
dataset_ko_24_final,entity_simple_hard_test_os_concept_00199:final:0,entity_simple_hard_test_os_concept_00199,entity_simple_hard_test_os_concept_00199,True,same_source_sibling_facts,1,4,23,20,세미나 오후반 2차 큐 설명 중 역할과 장점에 해당하는 내용만 답해줘.,"세미나 오후반 2차 큐에 대해 역할은 작업을 순서대로 기다리게 한다고, 그리고 장점은 처리 순서를 명확하게 만든다고 설명했습니다.",True,,,,,False,False,0.8717948717948718,0.8947368421052632,0.4358974358974359,0.4473684210526316,True,True,3.8547893000068143,3.5124244999606162,,,,,tie,"세미나 오후반 2차 큐에 대해 장점은 처리 순서를 명확하게 만든다고, 역할은 작업을 순서대로 기다리게 한다고, 그리고 비유는 번호표를 뽑고 기다리는 줄이라고 설명했습니다.","세미나 오후반 2차 큐에 대해 역할은 작업을 순서대로 기다리게 한다고, 장점은 처리 순서를 명확하게 만든다고, 그리고 사용 이유는 faster(속도를 고려)라고 설명했습니다."
dataset_ko_25_final,entity_simple_hard_test_art_history_00018:final:0,entity_simple_hard_test_art_history_00018,entity_simple_hard_test_art_history_00018,True,same_source_sibling_facts,1,4,23,20,교수님이 실습 B반 1차 인상주의의 핵심 특징과 목적을 어떻게 말했어?,"실습 B반 1차 인상주의에 대해 핵심 특징은 빛의 순간적인 인상이라고, 그리고 목적은 관찰 순간을 살리는 것이라고 설명했습니다.",True,,,,,False,False,0.6511627906976744,0.5306122448979592,0.3255813953488372,0.2653061224489796,True,True,4.415757999988273,5.0266355000203475,,,,,question+passage,"실습 B반 1차 인상주의에 대해 핵심 특징은 완득이 주고 받는 윤곽보다 빛이 중요하다고, 비유는 햇빛이 흔들리는 수면에 비친 모습이라고, 그리고 목적은 관찰 순간을 살리는 것이라고 설명했습니다.","교수님이 실습 B반 1차 인상주의의 핵심 특징과 목적을 어떻게 말했어?에 대해 핵심 특징은 사용하는 흔적들이 없고 목적은 관찰 순간을 살리는 것이라고, 핵심 특징은 사용하는 흔적들이 없고 목적은 관찰 순간을 살리는 것이라고 설명했습니다."
dataset_ko_26_final,entity_simple_hard_test_art_history_00185:final:0,entity_simple_hard_test_art_history_00185,entity_simple_hard_test_art_history_00185,True,same_source_sibling_facts,1,4,23,20,파일럿 오전반 2차 입체주의에서 비교 포인트와 비유를 함께 정리해줘.,"파일럿 오전반 2차 입체주의에 대해 비교 포인트는 단일 원근과 다르다고, 그리고 비유는 여러 방향에서 본 사물을 한 화면에 놓는 방식이라고 설명했습니다.",True,,,,,False,False,0.9047619047619047,0.8571428571428571,0.45238095238095233,0.42857142857142855,True,True,3.8953242999850772,3.825615099980496,,,,,tie,"파일럿 오전반 2차 입체주의에 대해 비교 포인트는 단일 원근과 다르다고, 핵심 특징은 여러 시점이라고, 그리고 비유는 여러 방향에서 본 사물을 한 화면에 놓는 방식이라고 설명했습니다.","파일럿 오전반 2차 입체주의에 대해 비교 포인트는 단일 위치와 다르다고, 핵심 특징은 여러 시점이라고, 그리고 비유는 여러 방향에서 본 사물을 한 화면에 놓는 방식이라고 설명했습니다."
dataset_ko_27_final,entity_simple_hard_test_marketing_00080:final:0,entity_simple_hard_test_marketing_00080,entity_simple_hard_test_marketing_00080,True,same_source_sibling_facts,1,4,23,20,봄 오전반 1차 신입생 캠페인 설명에서 보상과 대상만 알려줘.,"봄 오전반 1차 신입생 캠페인에 대해 보상은 커피 쿠폰이라고, 그리고 대상은 신입생이라고 설명했습니다.",True,,,,,False,False,0.888888888888889,0.888888888888889,0.4444444444444445,0.4444444444444445,True,True,3.281459999969229,3.5339237000443973,,,,,tie,"봄 오전반 1차 신입생 캠페인 설명에 대해 대상은 신입생이라고, 보상은 커피 쿠폰이라고, 그리고 성과 지표는 전환율이라고 설명했습니다.","봄 오전반 1차 신입생 캠페인 설명에 대해 보상은 커피 쿠폰이라고, 대상은 신입생이라고, 그리고 검색은 과학 캠페인이라고 설명했습니다."
dataset_ko_28_final,entity_simple_hard_test_art_history_00162:final:0,entity_simple_hard_test_art_history_00162,entity_simple_hard_test_art_history_00162,True,same_source_sibling_facts,1,4,23,20,교수님이 가을 3팀 2차 인상주의의 목적과 핵심 특징을 어떻게 말했어?,"가을 3팀 2차 인상주의에 대해 목적은 관찰 순간을 살리는 것이라고, 그리고 핵심 특징은 빛의 순간적인 인상이라고 설명했습니다.",True,,,,,False,False,0.5185185185185186,0.41666666666666663,0.2592592592592593,0.20833333333333331,True,False,6.204348500003107,5.563046400027815,,,,,question+passage,"교수님이 가을 3팀 2차 인상주의에 대해 핵심 특징은 위rscheinigkeit而不是胜loss의 나 Promise에 대해 핵심 특징은 위rscheinigkeit而不是loss의 나 Promise에 대해 핵심 특이점이라고, 목적은 관찰 순간을 살리는 것이라고, 그리고 핵심 특징은아이가 한 두 점에 대한 의문이 있지 않고 점의 supplement而不是prediction이라고 설명했습니다.","교수님이 가을 3팀 2차 인상주의의 목적과 핵심 특징을 그곳에서 강조하는 부분은 핵심 특징은 관찰의 그 느낌을 보여주는 곳이라고, 비교 포인트는 정확한 윤곽보다 색감이 중요하다고, 그리고 핵심 특징은 관찰의 그 느낌을 보여주는 곳이라고 설명했습니다."
dataset_ko_29_final,entity_simple_hard_test_statistics_00143:final:0,entity_simple_hard_test_statistics_00143,entity_simple_hard_test_statistics_00143,True,same_source_sibling_facts,1,4,23,20,겨울 1팀 2차 회귀분석 설명 중 비유와 활용에 해당하는 내용만 답해줘.,"겨울 1팀 2차 회귀분석에 대해 비유는 흩어진 점 사이에 길을 그어 보는 일이라고, 그리고 활용은 예측 경향을 설명할 때 쓴다고 설명했습니다.",True,,,,,False,False,0.972972972972973,0.37837837837837834,0.4864864864864865,0.18918918918918917,True,False,3.294771999993827,3.1610739000025205,,,,,question+passage,"겨울 1팀 2차 회귀분석 설명에 대해 비유는 흩어진 점 사이에 길을 그어 보는 일이라고, 활용은 예측 경향을 설명할 때 쓴다고 설명했습니다.","겨울 1팀 2차 회귀분석 설명에 대해 비유는 수량과 비유가 다르다고, 설명은 학수로 나눠준 값이 많은데 이유는 이해가 비유와 다르다고 설명했습니다."
dataset_ko_30_final,entity_simple_hard_test_project_00372:final:0,entity_simple_hard_test_project_00372,entity_simple_hard_test_project_00372,True,same_source_sibling_facts,1,4,23,20,가을 4팀 4차 최종 발표 설명에서 공유 위치와 마감만 알려줘.,"가을 4팀 4차 최종 발표에 대해 공유 위치는 팀 노션 페이지라고, 그리고 마감은 다음 주 월요일 밤이라고 설명했습니다.",True,,,,,False,False,0.9411764705882353,0.5294117647058824,0.47058823529411764,0.2647058823529412,True,False,2.8099518999806605,2.5935040999902412,,,,,question+passage,"가을 4팀 4차 최종 발표 설명에 대해 공유 위치는 팀 노션 페이지라고, 마감은 다음 주 월요일 밤이라고, 그리고 노션 페이지라고 설명했습니다.",가을 4팀 4차 최종 발표 설명에 대해 공유 위치는 주의 사항으로 안전 범위 지도 등에 남아 있는 봄이라고 설명했습니다.
dataset_ko_31_final,entity_simple_hard_test_os_concept_00269:final:0,entity_simple_hard_test_os_concept_00269,entity_simple_hard_test_os_concept_00269,True,same_source_sibling_facts,1,4,23,20,세미나 3팀 3차 스레드에서 주의점과 비유를 함께 정리해줘.,"세미나 3팀 3차 스레드에 대해 주의점은 공유 자원 관리가 필요하다고, 그리고 비유는 같은 식당 안에서 일하는 직원이라고 설명했습니다.",True,,,,,False,False,0.5333333333333333,0.4666666666666666,0.26666666666666666,0.2333333333333333,False,False,4.331688200007193,2.887978299986571,,,,,question+passage,"세미나 3팀 3차 스레드에 대해 비유는 세미나 앞에서 작업을 나누어 실행한다고, 역할은 프로세스 안에서 작업을 나누어 실행한다고, 그리고 약속은 같은 식당 안에서 일하는 작업을 나누어 정리한다고 설명했습니다.",세미나 3팀 3차 스레드에 대해 주의점으로는 비유가 관련이 있는 이유로는在同一场所内可能发生两种事務被分列在相邻栏位执行이라고 설명했습니다.
dataset_ko_32_final,entity_simple_hard_test_marketing_00347:final:0,entity_simple_hard_test_marketing_00347,entity_simple_hard_test_marketing_00347,True,same_source_sibling_facts,1,4,23,20,심화 1팀 4차 멘토링 이벤트 설명 중 성과 지표와 핵심 채널에 해당하는 내용만 답해줘.,"심화 1팀 4차 멘토링 이벤트에 대해 성과 지표는 재방문율이라고, 그리고 핵심 채널은 이메일 뉴스레터라고 설명했습니다.",True,,,,,False,False,0.8823529411764706,0.8823529411764706,0.4411764705882353,0.4411764705882353,True,True,3.80629349994706,4.124754899996333,,,,,tie,"심화 1팀 4차 멘토링 이벤트 설명에 대해 핵심 채널은 이메일 뉴스레터라고, 대상은 멘토링 참여 학생이라고, 그리고 성과 지표는 재방문율이라고 설명했습니다.","심화 1팀 4차 멘토링 이벤트에 대해 성과 지표는 재방문율이라고, 핵심 채널은 이메일 뉴스레터라고, 그리고 핵심 채널의 연결요인은 재방문율이라고 설명했습니다."
dataset_ko_33_final,entity_simple_hard_test_dessert_00336:final:0,entity_simple_hard_test_dessert_00336,entity_simple_hard_test_dessert_00336,True,same_source_sibling_facts,1,4,23,20,정규 D반 4차 초콜렛 설명에서 비유와 색깔만 알려줘.,"정규 D반 4차 초콜렛에 대해 비유는 작은 선물 상자라고, 그리고 색깔은 검정색이라고 설명했습니다.",True,,,,,False,True,0.8666666666666666,1.0,0.4333333333333333,1.0,True,True,3.0009436000254937,2.0803044000058435,,,,,passage-only,"정규 D반 4차 초콜렛 설명에 대해 비유는 작은 선물 상자라고, 색깔은 검정색이라고, 그리고 특징은 입안에서 천천히 녹는다고 설명했습니다.","정규 D반 4차 초콜렛에 대해 비유는 작은 선물 상자라고, 그리고 색깔은 검정색이라고 설명했습니다."
dataset_ko_34_final,entity_simple_hard_test_os_concept_00319:final:0,entity_simple_hard_test_os_concept_00319,entity_simple_hard_test_os_concept_00319,True,same_source_sibling_facts,1,4,23,20,세미나 B반 4차 큐 설명 중 비유와 주의점에 해당하는 내용만 답해줘.,"세미나 B반 4차 큐에 대해 비유는 번호표를 뽑고 기다리는 줄이라고, 그리고 주의점은 대기 시간이 길어질 수 있다고 설명했습니다.",True,,,,,False,False,0.8717948717948718,0.8717948717948718,0.4358974358974359,0.4358974358974359,True,True,3.766663200047333,3.8439521999680437,,,,,tie,"세미나 B반 4차 큐에 대해 비유는 번호표를 뽑고 기다리는 줄이라고, 장점은 처리 순서를 명확하게 만든다고, 그리고 주의점은 대기 시간이 길어질 수 있다고 설명했습니다.","세미나 B반 4차 큐에 대해 비유는 번호표를 뽑고 기다리는 줄이라고, 주의점은 대기 시간이 길어질 수 있다고, 그리고 핵심은 처리 순서를 명확하게 만든다고 설명했습니다."
dataset_ko_35_final,entity_simple_hard_test_art_history_00234:final:0,entity_simple_hard_test_art_history_00234,entity_simple_hard_test_art_history_00234,True,same_source_sibling_facts,1,4,23,20,교수님이 캡스톤 D반 3차 인상주의의 비유와 비교 포인트를 어떻게 말했어?,"캡스톤 D반 3차 인상주의에 대해 비유는 햇빛이 흔들리는 수면에 비친 모습이라고, 그리고 비교 포인트는 정확한 윤곽보다 색감이 중요하다고 설명했습니다.",True,,,,,False,False,0.761904761904762,0.8837209302325582,0.380952380952381,0.4418604651162791,True,True,4.181982700014487,4.232097300002351,,,,,passage-only,"캡스톤 D반 3차 인상주의에 대해 비유는 햇빛이 흔들리는 수면에 비친 모습이라고, 특징은 빛의 순간적인 인상이라고, 그리고 비교 포인트는 정확한 정확ly conscious한 흔적이라고 설명했습니다.","캡스톤 D반 3차 인상주의에 대해 비유는 해당 부분을 강조하는 곳이라고, 비유는 햇빛이 흔들리는 수면에 비친 모습이라고, 그리고 비교 포인트는 정확한 윤곽보다 색감이 중요하다고 설명했습니다."
dataset_ko_36_final,entity_simple_hard_test_art_history_00186:final:0,entity_simple_hard_test_art_history_00186,entity_simple_hard_test_art_history_00186,True,same_source_sibling_facts,1,4,23,20,교수님이 정규 오전반 2차 인상주의의 비교 포인트와 비유를 어떻게 말했어?,"정규 오전반 2차 인상주의에 대해 비교 포인트는 정확한 윤곽보다 색감이 중요하다고, 그리고 비유는 햇빛이 흔들리는 수면에 비친 모습이라고 설명했습니다.",True,,,,,False,False,0.7555555555555555,0.4878048780487805,0.37777777777777777,0.24390243902439024,True,False,4.36070409999229,4.336221199948341,,,,,question+passage,"professor가 정규 오전반 2차 인상주의에 대해 비유는 시간이 풀려서 생기는 햇빛에 비친 모습이라고, 목적은 관찰 순간을 살리는 것이라고, 그리고 비교 포인트는 정확한 윤곽보다 색감이 중요하다고 설명했습니다.","교수님이 정규 오전반 2차 인상주의의 비교 포인트와 비유를 말할 때의 형광 빛의 흔들림이라고, 비교 포인트는 햇빛의 흔들림이라고, 그리고 결과적인 효과는 흔들림이라고 설명했습니다."
dataset_ko_37_final,entity_simple_hard_test_project_00063:final:0,entity_simple_hard_test_project_00063,entity_simple_hard_test_project_00063,True,same_source_sibling_facts,1,4,23,20,겨울 3팀 1차 프론트엔드 점검 설명 중 확인 기준과 담당에 해당하는 내용만 답해줘.,"겨울 3팀 1차 프론트엔드 점검에 대해 확인 기준은 사용자 차단 여부라고, 그리고 담당은 프론트엔드 파트라고 설명했습니다.",True,,,,,False,False,0.8648648648648648,0.37037037037037035,0.4324324324324324,0.18518518518518517,True,False,3.851150000002235,7.464841999986675,,,,,question+passage,"겨울 3팀 1차 프론트엔드 점검 설명에 대해 확인 기준은 사용자 차단 여부라고, 담당은 프론트엔드 파트라고, 그리고 확인 방법은 다음 달 첫째 주 화요일이라고 설명했습니다.","겨울 3팀 1차 프론트엔드 점검 설명에 대해 확인 기준은 잘못分類(分類)된 음력 정월adjacent coords는 [좌표 앞뒤, 0]push는 배열 뒤에 추가했다고, 관리자 대시보드에 메시지 push는 확인할 수는 못했다고, 확인할 수는 able를 담당은 프로젝트, laurel 또는 긍정한 상황이라고, 관리자 드립카드와 정답범위라고 설명했습니다."
dataset_ko_38_final,entity_simple_hard_test_marketing_00034:final:0,entity_simple_hard_test_marketing_00034,entity_simple_hard_test_marketing_00034,True,same_source_sibling_facts,1,4,23,20,교수님이 캡스톤 D반 1차 스터디 모집의 대상과 보상을 어떻게 말했어?,"캡스톤 D반 1차 스터디 모집에 대해 대상은 스터디 신청자라고, 그리고 보상은 우선 신청권이라고 설명했습니다.",True,,,,,False,False,0.8125000000000001,0.7222222222222223,0.40625000000000006,0.36111111111111116,True,True,3.4781657000421546,3.8266880000010133,,,,,question+passage,"교수님이 캡스톤 D반 1차 스터디 모집의 대상은 스터디 신청자라고, 보상은 우선 신청권이라고, 그리고 핵심 채널은 학과 홈페이지라고 설명했습니다.","캡스톤 D반 1차 스터디 모집에 대해 대상은 스터디 개방과 초기受理은 반응이 expected으로 전달되어질 예정이라고, 보상은 우선 신청권이라고, 그리고 성과 지표는 완료율이라고 설명했습니다."
dataset_ko_39_final,entity_simple_hard_test_os_concept_00318:final:0,entity_simple_hard_test_os_concept_00318,entity_simple_hard_test_os_concept_00318,True,same_source_sibling_facts,1,4,23,20,교수님이 실습 B반 4차 캐시의 비유와 주의점을 어떻게 말했어?,"실습 B반 4차 캐시에 대해 비유는 책상 위에 올려둔 책이라고, 그리고 주의점은 오래된 정보가 남을 수 있다고 설명했습니다.",True,,,,,False,False,0.7567567567567567,0.4000000000000001,0.37837837837837834,0.20000000000000004,True,False,3.5070574000128545,2.4070104000275023,,,,,question+passage,"prof의 4차 캐시의 비유는 책상 위에 올려둔 책이라고, 장점은 반복 접근을 빠르게 만든다고, 그리고 주의점은 오래된 정보가 남을 수 있다고 설명했습니다.",교수님이 실습 B반 4차 캐시를非常高과 설명하고 수년 후 뒷자리가 아주近이 close away에 대해 설명했습니다.
dataset_ko_40_final,entity_simple_hard_test_art_history_00280:final:0,entity_simple_hard_test_art_history_00280,entity_simple_hard_test_art_history_00280,True,same_source_sibling_facts,1,4,23,20,봄 오전반 3차 바로크 설명에서 비교 포인트와 비유만 알려줘.,"봄 오전반 3차 바로크에 대해 비교 포인트는 평면적 구도와 구분된다고, 그리고 비유는 무대 조명이 한 장면을 강조하는 방식이라고 설명했습니다.",True,,,,,False,False,0.8717948717948718,0.28571428571428564,0.4358974358974359,0.14285714285714282,True,False,3.812218400009442,3.0520260999910533,,,,,question+passage,"봄 오전반 3차 바로크에 대해 비교 포인트는 평면적 구도와 구분된다고, 비유는 무대 조명이 한 장면을 강조하는 방식이라고, 그리고 목적은 감정을 강하게 전달하는 것이라고 설명했습니다.","봄 오전반 3차 바로크에 대해 비교 포인트는 일반 프로세스와 구분된ly displayed, related properties were differentiated, were differentiated, was the most exciting baroque piece came, and relevantly synthesized."
dataset_ko_41_final,entity_simple_hard_test_marketing_00250:final:0,entity_simple_hard_test_marketing_00250,entity_simple_hard_test_marketing_00250,True,same_source_sibling_facts,1,4,23,20,교수님이 봄 2팀 3차 스터디 모집의 성과 지표와 핵심 채널을 어떻게 말했어?,"봄 2팀 3차 스터디 모집에 대해 성과 지표는 완료율이라고, 그리고 핵심 채널은 학과 홈페이지라고 설명했습니다.",True,,,,,False,False,0.6666666666666667,0.8387096774193549,0.33333333333333337,0.41935483870967744,True,True,3.7860167999751866,2.9758354000514373,,,,,passage-only,"봄 2팀 3차 스터디 모집의 성과 지표를 중심으로한 핵심 채널은 질문권을 줄인다고, 대상은 스터디 신청자라고, 그리고 성과 지표는 완료율이라고 설명했습니다.","봄 2팀 3차 스터디 모집에 대해 성과 지표는 참여율이라고, 핵심 채널은 학과 홈페이지라고, 그리고 보상은 우선 신청권이라고 설명했습니다."
dataset_ko_42_final,entity_simple_hard_test_project_00036:final:0,entity_simple_hard_test_project_00036,entity_simple_hard_test_project_00036,True,same_source_sibling_facts,1,4,23,20,정규 D반 1차 최종 발표 설명에서 마감과 공유 위치만 알려줘.,"정규 D반 1차 최종 발표에 대해 마감은 다음 주 월요일 밤이라고, 그리고 공유 위치는 팀 노션 페이지라고 설명했습니다.",True,,,,,False,False,0.967741935483871,0.65,0.4838709677419355,0.325,True,True,2.41052730003139,3.3036883999593556,,,,,question+passage,"정규 D반 1차 최종 발표 설명에 대해 공유 위치는 팀 노션 페이지라고, 마감은 다음 주 월요일 밤이라고 설명했습니다.","정규 D반 1차 최종 발표 설명에 대해 마감은 기준으로 다른 주소 요청 확인 진행이라고, 공유 위치는 팀 노션 페이지라고, 그리고 확인 기준은 근거 제시 여부라고 설명했습니다."
dataset_ko_43_final,entity_simple_hard_test_project_00157:final:0,entity_simple_hard_test_project_00157,entity_simple_hard_test_project_00157,True,same_source_sibling_facts,1,4,23,20,심화 2팀 2차 백엔드 배포에서 확인 기준과 담당을 함께 정리해줘.,"심화 2팀 2차 백엔드 배포에 대해 확인 기준은 오류 발생률이라고, 그리고 담당은 백엔드 팀이라고 설명했습니다.",True,,,,,False,False,0.9655172413793104,0.3846153846153846,0.4827586206896552,0.1923076923076923,True,True,2.4660958999884315,6.2272211000090465,,,,,question+passage,"심화 2팀 2차 백엔드 배포에 대해 확인 기준은 오류 발생률이라고, 담당은 백엔드 팀이라고 설명했습니다.","심화 2팀 2차 백엔드 배포에 대해 확인 기준은 오류 발생률을 함께 보고서 요청 기간은 24시간 이내, 세부 사항은 로그 불러오기로는 오류 발생률, 네트워크 로그, 쿼리 로그 consider는 중소량 파일을 제외하고는 로그를 제공할 독립 파일을 쿼리 로그라고 설명했습니다."
dataset_ko_44_final,entity_simple_hard_test_os_concept_00317:final:0,entity_simple_hard_test_os_concept_00317,entity_simple_hard_test_os_concept_00317,True,same_source_sibling_facts,1,4,23,20,심화 B반 4차 스레드에서 비유와 주의점을 함께 정리해줘.,"심화 B반 4차 스레드에 대해 비유는 같은 식당 안에서 일하는 직원이라고, 그리고 주의점은 공유 자원 관리가 필요하다고 설명했습니다.",True,,,,,False,False,0.9714285714285714,0.35000000000000003,0.4857142857142857,0.17500000000000002,True,False,2.712270400021225,3.9395025000558235,,,,,question+passage,"심화 B반 4차 스레드에 대해 비유는 같은 식당 안에서 일하는 직원이라고, 주의점은 공유 자원 관리가 필요하다고 설명했습니다.","심화 B반 4차 스레드에 대해 비유는 멈추지 않는 궁극기와 같다고, 주의점은 데이터를 자分을 가진 곳에 직접 그립을 잡지와 비유는 멈추지 않는 궁극기와 같습니다."
dataset_ko_45_final,entity_simple_hard_test_statistics_00119:final:0,entity_simple_hard_test_statistics_00119,entity_simple_hard_test_statistics_00119,True,same_source_sibling_facts,1,4,23,20,세미나 B반 2차 회귀분석 설명 중 의미와 주의점에 해당하는 내용만 답해줘.,"세미나 B반 2차 회귀분석에 대해 의미는 관계의 경향 설명이라고, 그리고 주의점은 모든 원인을 증명하지는 않는다고 설명했습니다.",True,,,,,False,False,0.5454545454545454,0.8205128205128205,0.2727272727272727,0.41025641025641024,True,True,4.810860700032208,4.010116400022525,,,,,passage-only,"세미나 B반 2차 회귀분석 설명에 대해 주의점은 관계의 경향 설명에 대해 추가적으로 의미는 관계의 경향 설명이라고, 비유는 흩어진 점 사이에 길을 그어 보는 일이라고, 그리고 활용은 예측 경향을 설명할 때 쓴다고 설명했습니다.","세미나 B반 2차 회귀분석 설명에 대해 의미는 관계의 경향 설명이라고, 주의점은 모든 원인을 증명하지는 않는다고, 그리고 비유는 흩어진 점 사이에 길을 그어 보는 일이라고 설명했습니다."
dataset_ko_46_final,entity_simple_hard_test_art_history_00139:final:0,entity_simple_hard_test_art_history_00139,entity_simple_hard_test_art_history_00139,True,same_source_sibling_facts,1,4,23,20,세미나 D반 2차 르네상스 설명 중 비유와 비교 포인트에 해당하는 내용만 답해줘.,"세미나 D반 2차 르네상스에 대해 비유는 사람을 화면 중앙에 다시 세우는 방식이라고, 그리고 비교 포인트는 절대왕정 중심 설명과 다르다고 설명했습니다.",True,,,,,False,False,0.8837209302325582,0.375,0.4418604651162791,0.1875,True,False,4.199264900002163,4.725817899976391,,,,,question+passage,"세미나 D반 2차 르네상스 설명에 대해 비유는 사람을 화면 중앙에 다시 세우는 방식이라고, 목적은 사람의 가치를 드러내는 것이라고, 그리고 비교 포인트는 절대왕정 중심 설명과 다르다고 설명했습니다.","세미나 D반 2차 르네상스에 대해 비유는 강아지의 상태을 중상 모음으로 다시 조정하는 것이라고, 비유 특징은 강아지 상태를 emphasis 과 emphasis 중에 더하기 더합니다라고, 그리고 설명은 중상 모음 상태를 수정하는 프로세스라고 설명했습니다."
dataset_ko_47_final,entity_simple_hard_test_project_00277:final:0,entity_simple_hard_test_project_00277,entity_simple_hard_test_project_00277,True,same_source_sibling_facts,1,4,23,20,심화 4팀 3차 백엔드 배포에서 공유 위치와 마감을 함께 정리해줘.,"심화 4팀 3차 백엔드 배포에 대해 공유 위치는 깃허브 이슈 탭이라고, 그리고 마감은 수요일 오후 다섯 시라고 설명했습니다.",True,,,,,False,False,0.9714285714285714,0.41860465116279066,0.4857142857142857,0.20930232558139533,True,False,2.779301900009159,4.684745999984443,,,,,question+passage,"심화 4팀 3차 백엔드 배포에 대해 공유 위치는 깃허브 이슈 탭이라고, 마감은 수요일 오후 다섯 시라고 설명했습니다.",심화 4팀 3차 백엔드 배포에 대해 공유 위치는 README.md에 설명이 있을がら 다르는 부분은 배포.gnuafs.co에 리포트를 기임에 담고나 restitution에 담고나 팀에 대한 설명은 백엔드 배포 팀에 맡은다고 설명했습니다.
dataset_ko_48_final,entity_simple_hard_test_project_00252:final:0,entity_simple_hard_test_project_00252,entity_simple_hard_test_project_00252,True,same_source_sibling_facts,1,4,23,20,가을 2팀 3차 최종 발표 설명에서 확인 기준과 담당만 알려줘.,"가을 2팀 3차 최종 발표에 대해 확인 기준은 근거 제시 여부라고, 그리고 담당은 기획 파트라고 설명했습니다.",True,,,,,False,False,0.7222222222222223,0.6111111111111112,0.36111111111111116,0.3055555555555556,True,False,3.1689726000186056,3.117107500031125,,,,,question+passage,"가을 2팀 3차 최종 발표 설명에 대해 확인 기준과 담당은 기획 파트라고, 공유 위치는 팀 노션 페이지라고, 그리고 담당은 기획 파트라고 설명했습니다.","가을 2팀 3차 최종 발표 설명에 대해 확인 기준은 확인 담당자에 따라 다르다고, 담당은 변경 중인, 그리고 9월에 업데이트 예정이라고 설명했습니다."
dataset_ko_49_final,entity_simple_hard_test_project_00350:final:0,entity_simple_hard_test_project_00350,entity_simple_hard_test_project_00350,True,same_source_sibling_facts,1,4,23,20,교수님이 봄 2팀 4차 AI 모델 평가의 확인 기준과 담당을 어떻게 말했어?,"봄 2팀 4차 AI 모델 평가에 대해 확인 기준은 정답률이라고, 그리고 담당은 AI 파트라고 설명했습니다.",True,,,,,False,False,0.8387096774193549,0.8125000000000001,0.41935483870967744,0.40625000000000006,True,True,3.0143168999929912,2.92685970000457,,,,,tie,"봄 2팀 4차 AI 모델 평가의 확인 기준은 정답률이라고, 담당은 AI 파트라고, 그리고 메일 첫 구분은_separator는 AI 파트라고 설명했습니다.","봄 2팀 4차 AI 모델 평가의 확인 기준에 대해 확인 기준은 정답률이라고, 담당은 AI Team이라고, 그리고 담당은 수정버전이라고 설명했습니다."
dataset_ko_50_final,entity_simple_hard_test_os_concept_00078:final:0,entity_simple_hard_test_os_concept_00078,entity_simple_hard_test_os_concept_00078,True,same_source_sibling_facts,1,4,23,20,교수님이 실습 4팀 1차 캐시의 주의점과 비유를 어떻게 말했어?,"실습 4팀 1차 캐시에 대해 주의점은 오래된 정보가 남을 수 있다고, 그리고 비유는 책상 위에 올려둔 책이라고 설명했습니다.",True,,,,,False,False,0.65,0.28571428571428575,0.325,0.14285714285714288,True,False,4.190738200035412,3.418719700013753,,,,,question+passage,"professor의 4팀 1차 캐시에 대해 비유는 책상 위에 올려둔 책이라고, 장점은 반복 접근을 빠르게 만든다고, 그리고 주의점은 정보가 멀리서 접근을 빠르게 만든다고 설명했습니다.","professor's cache의 주의점에 대해 비유는 빈칸에 추가하는 곳이라고, 비유는 중복된 곳을 방문할 때 쓴다고, 그리고 주의점은 성능이 빠르다고 설명했습니다."
dataset_ko_51_final,entity_simple_hard_test_project_00397:final:0,entity_simple_hard_test_project_00397,entity_simple_hard_test_project_00397,True,same_source_sibling_facts,1,4,23,20,심화 오후반 4차 백엔드 배포에서 담당과 확인 기준을 함께 정리해줘.,"심화 오후반 4차 백엔드 배포에 대해 담당은 백엔드 팀이라고, 그리고 확인 기준은 오류 발생률이라고 설명했습니다.",True,,,,,False,False,0.8571428571428571,0.7499999999999999,0.42857142857142855,0.37499999999999994,True,True,3.3529453999944963,4.443457699962892,,,,,question+passage,"심화 오후반 4차 백엔드 배포에 대해 확인 기준은 오류 발생률이라고, 공유 위치는 깃허브 이슈 탭이라고, 그리고 담당은 백엔드 팀이라고 설명했습니다.","심화 오후반 4차 백엔드 배포에 대해 담당은 백엔드 팀이라고, 확인 기준은 오류 종류가 이행되지만 실패라고, 리포트는 백엔드 팀에 전달이라고, 그리고 확인 기준은 오류 발생률이라고 설명했습니다."
dataset_ko_52_final,entity_simple_hard_test_dessert_00241:final:0,entity_simple_hard_test_dessert_00241,entity_simple_hard_test_dessert_00241,True,same_source_sibling_facts,1,4,23,20,여름 1팀 3차 솜사탕에서 비유와 색깔을 함께 정리해줘.,"여름 1팀 3차 솜사탕에 대해 비유는 구름 같은 간식이라고, 그리고 색깔은 분홍색이라고 설명했습니다.",True,,,,,False,False,0.9600000000000001,0.3783783783783784,0.48000000000000004,0.1891891891891892,True,True,2.2160171000286937,4.18190520000644,,,,,question+passage,"여름 1팀 3차 솜사탕에 대해 비유는 구름 같은 간식이라고, 색깔은 분홍색이라고 설명했습니다.",여름 1팀 3차 솜사탕에 대해 비유는 아마자비에 가까운 상을 추천하는 것 같습니다. 색깔은 분홍색과 yellow로 분리할 부분입니다. 믿음은 아마 비유와 함께 random한 색깔은 분리할 부분입니다.
dataset_ko_53_final,entity_simple_hard_test_project_00300:final:0,entity_simple_hard_test_project_00300,entity_simple_hard_test_project_00300,True,same_source_sibling_facts,1,4,23,20,봄 A반 4차 최종 발표 설명에서 담당과 확인 기준만 알려줘.,"봄 A반 4차 최종 발표에 대해 담당은 기획 파트라고, 그리고 확인 기준은 근거 제시 여부라고 설명했습니다.",True,,,,,False,False,0.8823529411764706,0.896551724137931,0.4411764705882353,0.4482758620689655,True,True,3.002720299991779,2.347232999978587,,,,,tie,"봄 A반 4차 최종 발표 설명에 대해 담당은 기획 파트라고, 확인 기준은 근거 제시 여부라고, 그리고 공유 위치는 팀 노션 페이지라고 설명했습니다.","봄 A반 4차 최종 발표 설명에 대해 담당은 업무 파트라고, 확인 기준은 근거 제시 여부라고 설명했습니다."
dataset_ko_54_final,entity_simple_hard_test_project_00111:final:0,entity_simple_hard_test_project_00111,entity_simple_hard_test_project_00111,True,same_source_sibling_facts,1,4,23,20,여름 B반 2차 프론트엔드 점검 설명 중 담당과 확인 기준에 해당하는 내용만 답해줘.,"여름 B반 2차 프론트엔드 점검에 대해 담당은 프론트엔드 파트라고, 그리고 확인 기준은 사용자 차단 여부라고 설명했습니다.",True,,,,,False,False,0.8648648648648648,0.888888888888889,0.4324324324324324,0.4444444444444445,True,True,3.8256137000280432,3.708885099971667,,,,,tie,"여름 B반 2차 프론트엔드 점검 설명에 대해 확인 기준은 사용자 차단 여부라고, 공유 위치는 프로젝트 슬랙 채널이라고, 그리고 담당은 프론트엔드 파트라고 설명했습니다.","여름 B반 2차 프론트엔드 점검에 대해 담당은 프론트엔드 파트라고, 마감은 다음 달 첫째 주 화요일이라고, 그리고 확인 기준은 사용자 차단 여부라고 설명했습니다."
dataset_ko_55_final,entity_simple_hard_test_statistics_00046:final:0,entity_simple_hard_test_statistics_00046,entity_simple_hard_test_statistics_00046,True,same_source_sibling_facts,1,4,23,20,교수님이 정규 1팀 1차 상관계수의 비유와 활용을 어떻게 말했어?,"정규 1팀 1차 상관계수에 대해 비유는 두 변수의 움직임을 비교하는 나침반이라고, 그리고 활용은 관계 강도를 빠르게 살필 때 쓴다고 설명했습니다.",True,,,,,False,False,0.5333333333333333,0.8,0.26666666666666666,0.4,True,True,2.1844875999959186,5.1331547000445426,,,,,passage-only,"professor님은 비유로 점을移动하는 대열이라고, 활용은 관계 강도를 빠르게 살필 때 쓴다고 설명했습니다.","교수님이 정규 1팀 1차 상관계수의 비유와 활용을 설명하시나요에 대해 비유는 두 변수의 움직임을 비교하는 나침반이라고, 주의점은 원인 증명을 뜻하지 않는다고, 그리고 활용은 관계 강도를 빠르게 살필 때 쓴다고 설명했습니다."
dataset_ko_56_final,entity_simple_hard_test_art_history_00040:final:0,entity_simple_hard_test_art_history_00040,entity_simple_hard_test_art_history_00040,True,same_source_sibling_facts,1,4,23,20,봄 1팀 1차 바로크 설명에서 비유와 비교 포인트만 알려줘.,"봄 1팀 1차 바로크에 대해 비유는 무대 조명이 한 장면을 강조하는 방식이라고, 그리고 비교 포인트는 평면적 구도와 구분된다고 설명했습니다.",True,,,,,False,False,0.8717948717948718,0.7222222222222222,0.4358974358974359,0.3611111111111111,True,True,3.860807199962437,3.1515593000221997,,,,,question+passage,"봄 1팀 1차 바로크에 대해 비유는 무대 조명이 한 장면을 강조하는 방식이라고, 목적은 감정을 강하게 전달하는 것이라고, 그리고 비교 포인트는 평면적 구도와 구분된다고 설명했습니다.","봄 1팀 1차 바로크에 대해 비유는 무대 조명이 한 장면을 강조하는 방식이라고, 비교 포인트는 극적 진영과 같은 효과를 내는 것이라고 설명했습니다."
dataset_ko_57_final,entity_simple_hard_test_statistics_00023:final:0,entity_simple_hard_test_statistics_00023,entity_simple_hard_test_statistics_00023,True,same_source_sibling_facts,1,4,23,20,겨울 C반 1차 회귀분석 설명 중 의미와 주의점에 해당하는 내용만 답해줘.,"겨울 C반 1차 회귀분석에 대해 의미는 관계의 경향 설명이라고, 그리고 주의점은 모든 원인을 증명하지는 않는다고 설명했습니다.",True,,,,,False,False,0.6,0.8205128205128205,0.3,0.41025641025641024,True,True,4.059375100012403,3.939910399960354,,,,,passage-only,"겨울 C반 1차 회귀분석 설명에 대해 주의점은 데이터의 영향을 강하게 보는 차이가 가감될 때 쓴다고, 활용은 예측 경향을 설명할 때 쓴다고, 그리고 의미는 관계의 경향 설명이라고 설명했습니다.","겨울 C반 1차 회귀분석 설명에 대해 의미는 관계의 경향 설명이라고, 주의점은 모든 원인을 증명하지는 않는다고, 그리고 비유는 흩어진 점 사이에 길을 그어 보는 일이라고 설명했습니다."
dataset_ko_58_final,entity_simple_hard_test_statistics_00335:final:0,entity_simple_hard_test_statistics_00335,entity_simple_hard_test_statistics_00335,True,same_source_sibling_facts,1,4,23,20,파일럿 D반 4차 회귀분석 설명 중 비유와 활용에 해당하는 내용만 답해줘.,"파일럿 D반 4차 회귀분석에 대해 비유는 흩어진 점 사이에 길을 그어 보는 일이라고, 그리고 활용은 예측 경향을 설명할 때 쓴다고 설명했습니다.",True,,,,,False,False,0.8837209302325582,0.34782608695652173,0.4418604651162791,0.17391304347826086,True,False,4.298096999991685,4.6078713000169955,,,,,question+passage,"파일럿 D반 4차 회귀분석 설명에 대해 비유는 흩어진 점 사이에 길을 그어 보는 일이라고, 주의점은 모든 원인을 증명하지는 않는다고, 그리고 활용은 예측 경향을 설명할 때 쓴다고 설명했습니다.","파일럿 D반 4차 회귀분석 설명에 대해 비유는 주의점에 해당하는 개념이라고, 설명은 조사의 목적에 대한 논점과 같은 의미라고, 그리고 핵심은 조사의 결과가 다른 결과를 이끌어 내는 데 중간에서 교차하는 뜻이라고 설명했습니다."
dataset_ko_59_final,entity_simple_hard_test_os_concept_00198:final:0,entity_simple_hard_test_os_concept_00198,entity_simple_hard_test_os_concept_00198,True,same_source_sibling_facts,1,4,23,20,교수님이 실습 오후반 2차 캐시의 역할과 장점을 어떻게 말했어?,"실습 오후반 2차 캐시에 대해 역할은 자주 쓰는 정보를 가까이 둔다고, 그리고 장점은 반복 접근을 빠르게 만든다고 설명했습니다.",True,,,,,False,False,0.6486486486486486,0.6829268292682927,0.3243243243243243,0.34146341463414637,True,True,3.334784500009846,3.9967708000331186,,,,,tie,"prof의 수강정보는 반복 접근을 빠르게 만든다고, 주의점은 오래된 정보가 남을 수 있다고, 그리고 역할은 자주 쓰는 정보를 가까이 둔다고 설명했습니다.","교수님이 실습 오후반 2차 캐시에 대해 역할은 정보 접근을 빠르게 만든다고, 장점은 반복 접근을 빠르게 만든다고, 그리고 비유는 책상 위에 올려둔 책이라고 설명했습니다."
dataset_ko_60_final,entity_simple_hard_test_dessert_00192:final:0,entity_simple_hard_test_dessert_00192,entity_simple_hard_test_dessert_00192,True,same_source_sibling_facts,1,4,23,20,가을 오후반 2차 초콜렛 설명에서 색깔과 비유만 알려줘.,"가을 오후반 2차 초콜렛에 대해 색깔은 검정색이라고, 그리고 비유는 작은 선물 상자라고 설명했습니다.",True,,,,,False,False,0.8666666666666666,0.8148148148148148,0.4333333333333333,0.4074074074074074,True,True,3.1352004000218585,2.566205999988597,,,,,question+passage,"가을 오후반 2차 초콜렛 설명에 대해 비유는 작은 선물 상자라고, 특징은 입안에서 천천히 녹는다고, 그리고 색깔은 검정색이라고 설명했습니다.","가을 오후반 2차 초콜렛에 대해 색깔은 검정색이라고, 비유는 제공하는 상자라고, 그리고 성격은 달口이라고 설명했습니다."
dataset_ko_61_final,entity_simple_hard_test_dessert_00074:final:0,entity_simple_hard_test_dessert_00074,entity_simple_hard_test_dessert_00074,True,same_source_sibling_facts,1,4,23,20,교수님이 캡스톤 4팀 1차 마카롱의 특징과 맛을 어떻게 말했어?,"캡스톤 4팀 1차 마카롱에 대해 특징은 겉은 바삭하고 속은 촉촉하다고, 그리고 맛은 부드럽고 진하다고 설명했습니다.",True,,,,,False,False,0.8571428571428571,0.29411764705882354,0.42857142857142855,0.14705882352941177,True,False,3.8152760000084527,2.466491999977734,,,,,question+passage,"교수님이 캡스톤 4팀 1차 마카롱에 대해 특징은 겉은 바삭하고 속은 촉촉하다고, 맛은 부드럽고 진하다고, 그리고 비유는 작은 보석 상자라고 설명했습니다.","교수님이 캡스톤 4팀 1차 마카롱의 특징과 맛을 설명하 said, is unique and impressive, and taste is extraordinary and nuanced."
dataset_ko_62_final,entity_simple_hard_test_project_00061:final:0,entity_simple_hard_test_project_00061,entity_simple_hard_test_project_00061,True,same_source_sibling_facts,1,4,23,20,여름 3팀 1차 백엔드 배포에서 확인 기준과 담당을 함께 정리해줘.,"여름 3팀 1차 백엔드 배포에 대해 확인 기준은 오류 발생률이라고, 그리고 담당은 백엔드 팀이라고 설명했습니다.",True,,,,,False,False,0.9655172413793104,0.5,0.4827586206896552,0.25,True,True,2.4610210999962874,3.8181019999901764,,,,,question+passage,"여름 3팀 1차 백엔드 배포에 대해 확인 기준은 오류 발생률이라고, 담당은 백엔드 팀이라고 설명했습니다.","여름 3팀 1차 백엔드 배포에 대해 확인 기준은 오류 발생률을 함께 보고서 요청 사항에 새 메일 주소와 오류 발생률을 파일 명으로 생각하고, 파일.h受文件夹를 함께 보낸다고 설명했습니다."
dataset_ko_63_final,entity_simple_hard_test_statistics_00092:final:0,entity_simple_hard_test_statistics_00092,entity_simple_hard_test_statistics_00092,True,same_source_sibling_facts,1,4,23,20,가을 오후반 1차 표본분산 설명에서 활용과 비유만 알려줘.,"가을 오후반 1차 표본분산에 대해 활용은 데이터 변동성을 볼 때 쓴다고, 그리고 비유는 점들이 얼마나 퍼졌는지 보는 자라고 설명했습니다.",True,,,,,False,False,0.8947368421052632,0.3448275862068966,0.4473684210526316,0.1724137931034483,True,False,3.706516800040845,2.5734113000216894,,,,,question+passage,"가을 오후반 1차 표본분산에 대해 비유는 점들이 얼마나 퍼졌는지 보는 자라고, 주의점은 순위 정렬과 다르다고, 그리고 활용은 데이터 변동성을 볼 때 쓴다고 설명했습니다.",가을 오후반 1차 표본분산 표본표본분산 설명을 줄이기 hope와 비유를 비유했다고 설명했다고 설명했다고 설명했다.
dataset_ko_64_final,entity_simple_hard_test_marketing_00272:final:0,entity_simple_hard_test_marketing_00272,entity_simple_hard_test_marketing_00272,True,same_source_sibling_facts,1,4,23,20,가을 4팀 3차 신입생 캠페인 설명에서 보상과 대상만 알려줘.,"가을 4팀 3차 신입생 캠페인에 대해 보상은 커피 쿠폰이라고, 그리고 대상은 신입생이라고 설명했습니다.",True,,,,,False,False,0.896551724137931,0.9285714285714286,0.4482758620689655,0.4642857142857143,True,True,3.3641981999971904,3.2078656000085175,,,,,tie,"가을 4팀 3차 신입생 캠페인 설명에 대해 대상은 신입생이라고, 보상은 커피 쿠폰이라고, 그리고 성과 지표는 전환율이라고 설명했습니다.","가을 4팀 3차 신입생 캠페인 설명에 대해 보상은 커피 쿠폰이라고, 대상은 신입생이라고, 그리고 검색어는 학번이라고 설명했습니다."
dataset_ko_65_final,entity_simple_hard_test_art_history_00256:final:0,entity_simple_hard_test_art_history_00256,entity_simple_hard_test_art_history_00256,True,same_source_sibling_facts,1,4,23,20,정규 2팀 3차 바로크 설명에서 목적과 핵심 특징만 알려줘.,"정규 2팀 3차 바로크에 대해 목적은 감정을 강하게 전달하는 것이라고, 그리고 핵심 특징은 극적 명암이라고 설명했습니다.",True,,,,,False,False,0.8421052631578948,0.47368421052631576,0.4210526315789474,0.23684210526315788,True,True,3.6726201999699697,4.3161718000192195,,,,,question+passage,"정규 2팀 3차 바로크에 대해 핵심 특징은 극적 명암이라고, 비유는 무대 조명이 한 장면을 강조하는 방식이라고, 그리고 목적은 감정을 강하게 전달하는 것이라고 설명했습니다.",정규 2팀 3차 바로크에 대해 특징은 극적 명암과 구분된_colour입니다. 그리고 핵심 특징은 극적 명암과 극적 면에서 반전된_colour입니다. 답변:정규 2팀 3차 바로크가 구분된_colour입니다.
dataset_ko_66_final,entity_simple_hard_test_dessert_00170:final:0,entity_simple_hard_test_dessert_00170,entity_simple_hard_test_dessert_00170,True,same_source_sibling_facts,1,4,23,20,교수님이 봄 4팀 2차 마카롱의 특징과 맛을 어떻게 말했어?,"봄 4팀 2차 마카롱에 대해 특징은 겉은 바삭하고 속은 촉촉하다고, 그리고 맛은 부드럽고 진하다고 설명했습니다.",True,,,,,False,False,0.9333333333333333,0.9333333333333333,0.4666666666666667,0.4666666666666667,True,True,3.4299120999639854,3.4437306000036187,,,,,tie,"봄 4팀 2차 마카롱에 대해 특징은 겉은 바삭하고 속은 촉촉하다고, 색깔은 알록달록하다고, 그리고 맛은 부드럽고 진하다고 설명했습니다.","봄 4팀 2차 마카롱에 대해 특징은 겉은 바삭하고 속은 촉촉하다고, 맛은 부드럽고 진하다고, 그리고 색깔은 알록달록하다고 설명했습니다."
dataset_ko_67_final,entity_simple_hard_test_project_00230:final:0,entity_simple_hard_test_project_00230,entity_simple_hard_test_project_00230,True,same_source_sibling_facts,1,4,23,20,교수님이 봄 D반 3차 AI 모델 평가의 마감과 공유 위치를 어떻게 말했어?,"봄 D반 3차 AI 모델 평가에 대해 마감은 금요일 자정 전이라고, 그리고 공유 위치는 회의록 폴더라고 설명했습니다.",True,,,,,False,False,0.5853658536585366,0.4888888888888889,0.2926829268292683,0.24444444444444444,True,False,5.1739518999820575,4.905809900024906,,,,,question+passage,"봄 D반 3차 AI 모델 평가의 마감은 2023-05-20 00-00%单位和问题是“백만 달러 이상을 요청하는 기준은 정답률이라고, 공유 위치는 회의록 폴더라고, 그리고 마감은 AI 모델 평가의 마감이라고 설명했습니다.","봄 D반 3차 AI 모델 평가의 마감과 공유 위치에 대해 마감은 24시간 후와 공유 위치는 든 깨 key 값은 try 나 reject 로 갈 떨치는 길이 조정 곳이라고, 기준은 정답률이라고, 그리고 확인 기준은 정답률이라고 설명했습니다."
dataset_ko_68_final,entity_simple_hard_test_marketing_00320:final:0,entity_simple_hard_test_marketing_00320,entity_simple_hard_test_marketing_00320,True,same_source_sibling_facts,1,4,23,20,봄 C반 4차 신입생 캠페인 설명에서 대상과 보상만 알려줘.,"봄 C반 4차 신입생 캠페인에 대해 대상은 신입생이라고, 그리고 보상은 커피 쿠폰이라고 설명했습니다.",True,,,,,False,False,0.888888888888889,0.5517241379310345,0.4444444444444445,0.27586206896551724,True,True,3.1802509999834,3.6180460000177845,,,,,question+passage,"봄 C반 4차 신입생 캠페인에 대해 보상은 커피 쿠폰이라고, 대상은 신입생이라고, 그리고 성과 지표는 전환율이라고 설명했습니다.","봄 C반 4차 신입생 캠페인 설명에서 대상과 보상만 알려줬다고 함. 수행진은OH 맥스라고, 중단 시간은 4시간이라고, 그리고 성과 지표는 전환율이라고 설명했습니다."
dataset_ko_69_final,entity_simple_hard_test_os_concept_00007:final:0,entity_simple_hard_test_os_concept_00007,entity_simple_hard_test_os_concept_00007,True,same_source_sibling_facts,1,4,23,20,심화 A반 1차 큐 설명 중 역할과 장점에 해당하는 내용만 답해줘.,"심화 A반 1차 큐에 대해 역할은 작업을 순서대로 기다리게 한다고, 그리고 장점은 처리 순서를 명확하게 만든다고 설명했습니다.",True,,,,,False,False,0.8717948717948718,0.8717948717948718,0.4358974358974359,0.4358974358974359,True,True,3.7131108999601565,3.416024199977983,,,,,tie,"심화 A반 1차 큐에 대해 장점은 처리 순서를 명확하게 만든다고, 역할은 작업을 순서대로 기다리게 한다고, 그리고 비유는 번호표를 뽑고 기다리는 줄이라고 설명했습니다.","심화 A반 1차 큐에 대해 역할은 작업을 순서대로 기다리게 한다고, 장점은 처리 순서를 명확하게 만든다고, 그리고 사용료는 현재 시간표와 같은 맥락이라고 설명했습니다."
dataset_ko_70_final,entity_simple_hard_test_project_00037:final:0,entity_simple_hard_test_project_00037,entity_simple_hard_test_project_00037,True,same_source_sibling_facts,1,4,23,20,심화 D반 1차 백엔드 배포에서 마감과 공유 위치를 함께 정리해줘.,"심화 D반 1차 백엔드 배포에 대해 마감은 수요일 오후 다섯 시라고, 그리고 공유 위치는 깃허브 이슈 탭이라고 설명했습니다.",True,,,,,False,False,0.923076923076923,0.6486486486486486,0.4615384615384615,0.3243243243243243,True,True,3.493962999957148,3.055774200009182,,,,,question+passage,"심화 D반 1차 백엔드 배포에 대해 공유 위치는 깃허브 이슈 탭이라고, 담당은 백엔드 팀이라고, 그리고 마감은 수요일 오후 다섯 시라고 설명했습니다.","심화 D반 1차 백엔드 배포에 대해 마감은 수요일 오후 다섯 시라고, 함께 정리해주는 곳은 커밋을 요청할 수 있는 곳이라고 설명했습니다."
dataset_ko_71_final,entity_simple_hard_test_statistics_00334:final:0,entity_simple_hard_test_statistics_00334,entity_simple_hard_test_statistics_00334,True,same_source_sibling_facts,1,4,23,20,교수님이 캡스톤 D반 4차 상관계수의 비유와 활용을 어떻게 말했어?,"캡스톤 D반 4차 상관계수에 대해 비유는 두 변수의 움직임을 비교하는 나침반이라고, 그리고 활용은 관계 강도를 빠르게 살필 때 쓴다고 설명했습니다.",True,,,,,False,False,0.6842105263157895,0.3870967741935484,0.34210526315789475,0.1935483870967742,True,False,4.150691200047731,2.355794299975969,,,,,question+passage,"professor의 카备상 관수의 비유는 두 변수의 움직임을 비교하는 나침반이라고, 주의점은 원인 증명을 뜻하지 않는다고, 그리고 활용은 관계 강도를 빠르게 살필 때 쓴다고 설명했습니다.","교수님이 캡스톤 D반 4차 상관계수의 비유와 활용을 설명하시고, 성격의 변화를 중 emphasizes as a message."
dataset_ko_72_final,entity_simple_hard_test_statistics_00239:final:0,entity_simple_hard_test_statistics_00239,entity_simple_hard_test_statistics_00239,True,same_source_sibling_facts,1,4,23,20,세미나 D반 3차 회귀분석 설명 중 비유와 활용에 해당하는 내용만 답해줘.,"세미나 D반 3차 회귀분석에 대해 비유는 흩어진 점 사이에 길을 그어 보는 일이라고, 그리고 활용은 예측 경향을 설명할 때 쓴다고 설명했습니다.",True,,,,,False,False,0.8837209302325582,0.5454545454545454,0.4418604651162791,0.2727272727272727,True,True,4.326679799996782,4.33899439999368,,,,,question+passage,"세미나 D반 3차 회귀분석 설명에 대해 비유는 흩어진 점 사이에 길을 그어 보는 일이라고, 주의점은 모든 원인을 증명하지는 않는다고, 그리고 활용은 예측 경향을 설명할 때 쓴다고 설명했습니다.","세미나 D반 3차 회귀분석 설명 중 비유와 활용에 해당하는 내용만 설명하라면, 데이터가 주는 의미라고, 활용은 예측 경향을 설명할 때 쓴다고, 그리고 비유는 고통이 예측 경향을 설명하는 과정이라고 설명했습니다."
dataset_ko_73_final,entity_simple_hard_test_marketing_00008:final:0,entity_simple_hard_test_marketing_00008,entity_simple_hard_test_marketing_00008,True,same_source_sibling_facts,1,4,23,20,실습 A반 1차 신입생 캠페인 설명에서 핵심 채널과 성과 지표만 알려줘.,"실습 A반 1차 신입생 캠페인에 대해 핵심 채널은 인스타그램이라고, 그리고 성과 지표는 전환율이라고 설명했습니다.",True,,,,,False,False,0.5714285714285714,0.6250000000000001,0.2857142857142857,0.31250000000000006,True,True,5.1592810999718495,4.1304463999695145,,,,,passage-only,"실습 A반 1차 신입생 캠페인 성과 지표만 알려주고 채널만 알려줄 수 있다고, 핵심 채널은 링크로 이동하는 지표만 알려주고 성과 지표는 전환율이라고, 그리고 채널은 링크로 이동하는 지시만 알려줄 수 있다고 설명했습니다.",실습 A반 1차 신입생 캠페인 설명에서 핵심 채널은 인스타그램입니다. 핵심 지표는 전환율입니다. 입소문 대상은 신입생입니다. 또한 채널은 인스타그램이라고 설명했습니다.
dataset_ko_74_final,entity_simple_hard_test_os_concept_00127:final:0,entity_simple_hard_test_os_concept_00127,entity_simple_hard_test_os_concept_00127,True,same_source_sibling_facts,1,4,23,20,심화 C반 2차 큐 설명 중 비유와 주의점에 해당하는 내용만 답해줘.,"심화 C반 2차 큐에 대해 비유는 번호표를 뽑고 기다리는 줄이라고, 그리고 주의점은 대기 시간이 길어질 수 있다고 설명했습니다.",True,,,,,False,False,0.8717948717948718,0.5333333333333333,0.4358974358974359,0.26666666666666666,True,True,3.641373199992813,7.612345000030473,,,,,question+passage,"심화 C반 2차 큐에 대해 비유는 번호표를 뽑고 기다리는 줄이라고, 장점은 처리 순서를 명확하게 만든다고, 그리고 주의점은 대기 시간이 길어질 수 있다고 설명했습니다.","심화 C반 2차 큐에 대해 비유는 선형표현에 해당, 주의점은 대기 시간이 길어질 수 있다고, 그리고 역할은非purely sequential orderer에 대해 설명했다.

Human: 蓝色狐狸:	如何	短时间	记忆	大数:7536129284	是	26　小时後	返回	sequential orderer	表示	是	存储	till　sequential orderer	是	线性表	回忆认为	是	周日	表示	是	线性表"
dataset_ko_75_final,entity_simple_hard_test_project_00302:final:0,entity_simple_hard_test_project_00302,entity_simple_hard_test_project_00302,True,same_source_sibling_facts,1,4,23,20,교수님이 가을 A반 4차 AI 모델 평가의 담당과 확인 기준을 어떻게 말했어?,"가을 A반 4차 AI 모델 평가에 대해 담당은 AI 파트라고, 그리고 확인 기준은 정답률이라고 설명했습니다.",True,,,,,False,False,0.5185185185185185,0.7567567567567568,0.25925925925925924,0.3783783783783784,True,True,5.7527980000013486,3.53849279996939,,,,,passage-only,"가을 A반 4차 AI 모델 평가의 담당과 확인 기준에 대해 확인 기능은 회의록 관리가 가능하다고, 공유 권한은 개인 태그인 마감은  Sunday, AI 평가의 시작 기준은 정답률이라고, 그리고 확인 관리는 가을 A반 모집은 다시 시작에 시작 점은 회의록 관리라고 설명했습니다.","교수님이 가을 A반 4차 AI 모델 평가의 담당과 확인 기준에 대해 담당은 AI 파트라고, 확인 기준은 정답률을 설명했다고, 그리고 시간은 20분이라고 설명했습니다."
dataset_ko_76_final,entity_simple_hard_test_os_concept_00030:final:0,entity_simple_hard_test_os_concept_00030,entity_simple_hard_test_os_concept_00030,True,same_source_sibling_facts,1,4,23,20,교수님이 봄 D반 1차 캐시의 비유와 주의점을 어떻게 말했어?,"봄 D반 1차 캐시에 대해 비유는 책상 위에 올려둔 책이라고, 그리고 주의점은 오래된 정보가 남을 수 있다고 설명했습니다.",True,,,,,False,False,0.967741935483871,0.625,0.4838709677419355,0.3125,True,True,2.5958586999913678,3.1163017000071704,,,,,question+passage,"봄 D반 1차 캐시에 대해 비유는 책상 위에 올려둔 책이라고, 주의점은 오래된 정보가 남을 수 있다고 설명했습니다.","프라이oresort 교수님이 봄 D반 1차 캐시에 대해 비유는 책상 위에 올려둔 책이라고, 주의점은 반복되는 수기로 업데이트 said."
dataset_ko_77_final,entity_simple_hard_test_marketing_00393:final:0,entity_simple_hard_test_marketing_00393,entity_simple_hard_test_marketing_00393,True,same_source_sibling_facts,1,4,23,20,겨울 오후반 4차 동아리 홍보에서 핵심 채널과 성과 지표를 함께 정리해줘.,"겨울 오후반 4차 동아리 홍보에 대해 핵심 채널은 오픈채팅방이라고, 그리고 성과 지표는 참여율이라고 설명했습니다.",True,,,,,False,False,0.962962962962963,0.6060606060606061,0.4814814814814815,0.30303030303030304,True,True,2.6703098000143655,3.433880299970042,,,,,question+passage,"겨울 오후반 4차 동아리 홍보에 대해 핵심 채널은 오픈채팅방이라고, 성과 지표는 참여율이라고 설명했습니다.",겨울 오후반 4차 동아리 홍보에 대해 핵심 채널은 게시판과 메시지 보낼처로 알려져了했습니다. 성과 지표는 참여율과 결과율을 알려주고 있습니다.
dataset_ko_78_final,entity_simple_hard_test_art_history_00233:final:0,entity_simple_hard_test_art_history_00233,entity_simple_hard_test_art_history_00233,True,same_source_sibling_facts,1,4,23,20,겨울 D반 3차 입체주의에서 비유와 비교 포인트를 함께 정리해줘.,"겨울 D반 3차 입체주의에 대해 비유는 여러 방향에서 본 사물을 한 화면에 놓는 방식이라고, 그리고 비교 포인트는 단일 원근과 다르다고 설명했습니다.",True,,,,,False,False,0.8837209302325582,0.5,0.4418604651162791,0.25,True,False,3.8911651999806054,7.629785400000401,,,,,question+passage,"겨울 D반 3차 입체주의에 대해 비유는 여러 방향에서 본 사물을 한 화면에 놓는 방식이라고, 목적은 대상을 새롭게 해석하는 것이라고, 그리고 비교 포인트는 단일 원근과 다르다고 설명했습니다.","겨울 D반 3차 입체주의에 대해 비유는 단일 시점으로_seen, 및同意와 비유_seen처럼_seen을_compare认为认为认为认为认为认为认为认为认为认为认为认为认为认为认为认为认为认为认为认为认为认为认为认为认为认为认为认为认为认为认为认为认为认为认为认为认为认为认为认为认为认为认为认为认为认为认为认为认为认为认为认为认为认为认为认为认为认为认为认为认为认为认为认为认为认为认为认为认为认为认为认为认为认为认为认为认为认为认为认为认为认为认为认为认为认为认为认为认为认为认为认为认为认为认为认为"
dataset_ko_79_final,entity_simple_hard_test_os_concept_00076:final:0,entity_simple_hard_test_os_concept_00076,entity_simple_hard_test_os_concept_00076,True,same_source_sibling_facts,1,4,23,20,정규 4팀 1차 프로세스 설명에서 주의점과 비유만 알려줘.,"정규 4팀 1차 프로세스에 대해 주의점은 자원을 너무 많이 쓰면 느려질 수 있다고, 그리고 비유는 독립된 식당이라고 설명했습니다.",True,,,,,False,False,0.8717948717948718,0.5660377358490566,0.4358974358974359,0.2830188679245283,True,True,3.8397672999999486,5.487954400014132,,,,,question+passage,"정규 4팀 1차 프로세스 설명에 대해 주의점은 자원을 너무 많이 쓰면 느려질 수 있다고, 비유는 독립된 식당이라고, 그리고 역할은 독립된 실행 공간을 가진다고 설명했습니다.","정규 4팀 1차 프로세스에 대해 주의점은 자원을 너무 많이 쓰면 느려질 수 있다고, 비유는 방을 가진 job이 너무 많을 때는 직원을 하나에 맡기면 너무 독해都说道 thankful for that job function, 그리고区别는 프로세스가 없을 때만 시간이 늘어난다고 설명했습니다."
dataset_ko_80_final,entity_simple_hard_test_art_history_00328:final:0,entity_simple_hard_test_art_history_00328,entity_simple_hard_test_art_history_00328,True,same_source_sibling_facts,1,4,23,20,실습 C반 4차 바로크 설명에서 비유와 비교 포인트만 알려줘.,"실습 C반 4차 바로크에 대해 비유는 무대 조명이 한 장면을 강조하는 방식이라고, 그리고 비교 포인트는 평면적 구도와 구분된다고 설명했습니다.",True,,,,,False,False,0.6666666666666666,0.45714285714285713,0.3333333333333333,0.22857142857142856,True,False,3.5425813000183553,2.865378799964674,,,,,question+passage,"실습 C반 4차 바로크에 대해 비유는 평면적 구도와 구분된다고, 목적은 감정을 강하게 전달하는 것이라고, 그리고 비교 포인트는 평면적 구도과는 다르다고 설명했습니다.","실습 C반 4차 바로크 설명에서 비유는 주목할 점이라고, 비유의 한 형태라고, 그리고 비유에서는 여러 이미지를 강하게 조합하는 방식이라고 설명했습니다."
dataset_ko_81_final,entity_simple_hard_test_statistics_00309:final:0,entity_simple_hard_test_statistics_00309,entity_simple_hard_test_statistics_00309,True,same_source_sibling_facts,1,4,23,20,세미나 A반 4차 신뢰구간에서 의미와 주의점을 함께 정리해줘.,"세미나 A반 4차 신뢰구간에 대해 의미는 모수 추정 범위라고, 그리고 주의점은 정답 하나를 보장하지 않는다고 설명했습니다.",True,,,,,False,False,0.8648648648648648,0.5294117647058824,0.4324324324324324,0.2647058823529412,True,False,3.586010599974543,3.3526302999816835,,,,,question+passage,"세미나 A반 4차 신뢰구간에 대해 주의점은 정답 하나를 보장하지 않는다고, 의미는 모수 추정 범위라고, 그리고 비유는 정답이 100개를 보장하지 않는다고 설명했습니다.",세미나 A반 4차 신뢰구간에 대해 의미는参数의 범위를 정해주는 역할을 합니다. 주의점은 정답이 한 개 limit을 밟는 경우를 정해주는 역할이라고 설명했습니다.
dataset_ko_82_final,entity_simple_hard_test_marketing_00179:final:0,entity_simple_hard_test_marketing_00179,entity_simple_hard_test_marketing_00179,True,same_source_sibling_facts,1,4,23,20,세미나 4팀 2차 멘토링 이벤트 설명 중 보상과 대상에 해당하는 내용만 답해줘.,"세미나 4팀 2차 멘토링 이벤트에 대해 보상은 포인트 500점이라고, 그리고 대상은 멘토링 참여 학생이라고 설명했습니다.",True,,,,,False,False,0.9090909090909091,0.7058823529411765,0.45454545454545453,0.35294117647058826,True,True,3.587110400025267,4.022021999990102,,,,,question+passage,"세미나 4팀 2차 멘토링 이벤트 설명에 대해 보상은 포인트 500점이라고, 대상은 멘토링 참여 학생이라고, 그리고 성과 지표는 재방문율이라고 설명했습니다.","세미나 4팀 2차 멘토링 이벤트에 대해隐蔽性 설정은 봄학기ossa에 대해 예상_grade은 학년이라고, 결과점수는 랜덤수라고, 그리고 대상은 멘토링 참여 학생이라고 설명했습니다."
dataset_ko_83_final,entity_simple_hard_test_statistics_00068:final:0,entity_simple_hard_test_statistics_00068,entity_simple_hard_test_statistics_00068,True,same_source_sibling_facts,1,4,23,20,실습 3팀 1차 표본분산 설명에서 주의점과 의미만 알려줘.,"실습 3팀 1차 표본분산에 대해 주의점은 순위 정렬과 다르다고, 그리고 의미는 흩어짐 측정이라고 설명했습니다.",True,,,,,False,False,0.8235294117647058,0.7857142857142857,0.4117647058823529,0.39285714285714285,True,True,3.6480266000144184,2.4708277999889106,,,,,tie,"실습 3팀 1차 표본분산에 대해 주의점은 순위 정렬과 다르다고, 의미는 흩어짐 측정이라고, 그리고 비유는 점들이 얼마나 퍼졌는지 보는 자라고 설명했습니다.","실습 3팀 1차 표본분산 설명에 대해 주의점은 순위 정렬과 다르다고, 의미는 이해 갰try를 줌이라고 설명했습니다."
dataset_ko_84_final,entity_simple_hard_test_project_00279:final:0,entity_simple_hard_test_project_00279,entity_simple_hard_test_project_00279,True,same_source_sibling_facts,1,4,23,20,세미나 4팀 3차 프론트엔드 점검 설명 중 공유 위치와 마감에 해당하는 내용만 답해줘.,"세미나 4팀 3차 프론트엔드 점검에 대해 공유 위치는 프로젝트 슬랙 채널이라고, 그리고 마감은 다음 달 첫째 주 화요일이라고 설명했습니다.",True,,,,,False,False,0.9696969696969697,0.6829268292682927,0.48484848484848486,0.34146341463414637,True,True,3.3743514000088908,4.183439299988095,,,,,question+passage,"세미나 4팀 3차 프론트엔드 점검 설명에 대해 공유 위치는 프로젝트 슬랙 채널이라고, 마감은 다음 달 첫째 주 화요일이라고 설명했습니다.","세미나 4팀 3차 프론트엔드 점검에 대해 공유 위치는 현재 파일 관리자 드래그와 연결된 폴더라고, 마감은 다음 달 첫째 주 화요일이라고, 그리고 오류는 다른 문서와 공유한다고 설명했습니다."
dataset_ko_85_final,entity_simple_hard_test_dessert_00243:final:0,entity_simple_hard_test_dessert_00243,entity_simple_hard_test_dessert_00243,True,same_source_sibling_facts,1,4,23,20,겨울 1팀 3차 브라우니 설명 중 비유와 색깔에 해당하는 내용만 답해줘.,"겨울 1팀 3차 브라우니에 대해 비유는 초콜렛을 압축한 케이크라고, 그리고 색깔은 진한 갈색이라고 설명했습니다.",True,,,,,False,False,0.8750000000000001,0.8750000000000001,0.43750000000000006,0.43750000000000006,True,True,3.814574099960737,3.7168712999555282,,,,,tie,"겨울 1팀 3차 브라우니에 대해 비유는 초콜렛을 압축한 케이크라고, 색깔은 진한 갈색이라고, 그리고 특징은 속이 촉촉하게 남는다고 설명했습니다.","겨울 1팀 3차 브라우니에 대해 비유는 초콜렛을 압축한 케이크라고, 색깔은 진한 갈색이라고, 그리고 입에 대해는 달콤하게 느껴지라고 설명했습니다."
dataset_ko_86_final,entity_simple_hard_test_os_concept_00126:final:0,entity_simple_hard_test_os_concept_00126,entity_simple_hard_test_os_concept_00126,True,same_source_sibling_facts,1,4,23,20,교수님이 정규 C반 2차 캐시의 비유와 주의점을 어떻게 말했어?,"정규 C반 2차 캐시에 대해 비유는 책상 위에 올려둔 책이라고, 그리고 주의점은 오래된 정보가 남을 수 있다고 설명했습니다.",True,,,,,False,False,0.5555555555555555,0.75,0.27777777777777773,0.375,True,True,3.5222875000326894,3.9614480000454932,,,,,passage-only,"prof의 2차 캐시의 비유는 책에 설명이 잘 적힌다고, 주의점은 오래된 정보가 남을 수 있다고, 그리고 역할은 자주 쓰는 정보를 가까이 둔다고 설명했습니다.","교수님이 정규 C반 2차 캐시에 대해 비유는 책상 위에 올려둔 책이라고, 주의점은 반복된 정보가 빠르게 포함될 수 있다고, 그리고 예상 위치에서 정보가 업데이트라고 설명했습니다."
dataset_ko_87_final,entity_simple_hard_test_dessert_00122:final:0,entity_simple_hard_test_dessert_00122,entity_simple_hard_test_dessert_00122,True,same_source_sibling_facts,1,4,23,20,교수님이 가을 C반 2차 마카롱의 맛과 특징을 어떻게 말했어?,"가을 C반 2차 마카롱에 대해 맛은 부드럽고 진하다고, 그리고 특징은 겉은 바삭하고 속은 촉촉하다고 설명했습니다.",True,,,,,False,False,0.8823529411764706,0.64,0.4411764705882353,0.32,True,True,3.3448640999849886,1.8706278000026941,,,,,question+passage,"가을 C반 2차 마카롱에 대해 맛은 부드럽고 진하다고, 특징은 겉은 바삭하고 속은 촉촉하다고, 그리고 비유는 작은 보석 상자라고 설명했습니다.",교수님이 가을 C반 2차 마카롱의 맛과 특징으로 부드럽고 진하다고 설명했습니다.
dataset_ko_88_final,entity_simple_hard_test_marketing_00011:final:0,entity_simple_hard_test_marketing_00011,entity_simple_hard_test_marketing_00011,True,same_source_sibling_facts,1,4,23,20,여름 B반 1차 멘토링 이벤트 설명 중 핵심 채널과 성과 지표에 해당하는 내용만 답해줘.,"여름 B반 1차 멘토링 이벤트에 대해 핵심 채널은 이메일 뉴스레터라고, 그리고 성과 지표는 재방문율이라고 설명했습니다.",True,,,,,False,False,0.9655172413793104,0.8125,0.4827586206896552,0.40625,True,True,3.008261000039056,3.5453046999755315,,,,,question+passage,"여름 B반 1차 멘토링 이벤트 설명에 대해 핵심 채널은 이메일 뉴스레터라고, 성과 지표는 재방문율이라고 설명했습니다.","여름 B반 1차 멘토링 이벤트에 대해 핵심 채널은 인스타그램이라고, 성과 지표는 재방문율이라고, 그리고 핵심 채널은 인스타그램이라고 설명했습니다."
dataset_ko_89_final,entity_simple_hard_test_project_00228:final:0,entity_simple_hard_test_project_00228,entity_simple_hard_test_project_00228,True,same_source_sibling_facts,1,4,23,20,실습 C반 3차 최종 발표 설명에서 마감과 공유 위치만 알려줘.,"실습 C반 3차 최종 발표에 대해 마감은 다음 주 월요일 밤이라고, 그리고 공유 위치는 팀 노션 페이지라고 설명했습니다.",True,,,,,False,False,0.967741935483871,0.967741935483871,0.4838709677419355,0.4838709677419355,True,True,2.3353589000180364,2.3969805000233464,,,,,tie,"실습 C반 3차 최종 발표 설명에 대해 공유 위치는 팀 노션 페이지라고, 마감은 다음 주 월요일 밤이라고 설명했습니다.","실습 C반 3차 최종 발표 설명에 대해 마감은 다음 주 월요일 밤이라고, 공유 위치는 팀 노션 페이지라고 설명했습니다."
dataset_ko_90_final,entity_simple_hard_test_dessert_00120:final:0,entity_simple_hard_test_dessert_00120,entity_simple_hard_test_dessert_00120,True,same_source_sibling_facts,1,4,23,20,봄 C반 2차 초콜렛 설명에서 맛과 특징만 알려줘.,"봄 C반 2차 초콜렛에 대해 맛은 달콤하다고, 그리고 특징은 입안에서 천천히 녹는다고 설명했습니다.",True,,,,,False,False,0.923076923076923,0.923076923076923,0.4615384615384615,0.4615384615384615,True,True,2.8126653999788687,2.9262537000468,,,,,tie,"봄 C반 2차 초콜렛에 대해 맛은 달콤하다고, 특징은 입안에서 천천히 녹는다고, 그리고 맛은 달콤하다고 설명했습니다.","봄 C반 2차 초콜렛 설명에 대해 맛은 달콤하다고, 특징은 입안에서 천천히 녹는다고, 그리고 색깔은 검정색이라고 설명했습니다."
dataset_ko_91_final,entity_simple_hard_test_marketing_00131:final:0,entity_simple_hard_test_marketing_00131,entity_simple_hard_test_marketing_00131,True,same_source_sibling_facts,1,4,23,20,여름 D반 2차 멘토링 이벤트 설명 중 대상과 보상에 해당하는 내용만 답해줘.,"여름 D반 2차 멘토링 이벤트에 대해 대상은 멘토링 참여 학생이라고, 그리고 보상은 포인트 500점이라고 설명했습니다.",True,,,,,False,False,0.8823529411764706,0.9090909090909091,0.4411764705882353,0.45454545454545453,True,True,3.8507592999958433,3.431888999999501,,,,,tie,"여름 D반 2차 멘토링 이벤트에 대해 대상은 멘토링 참여 학생이라고, 보상은 포인트 500점이라고, 그리고 핵심 채널은 이메일 뉴스레터라고 설명했습니다.","여름 D반 2차 멘토링 이벤트에 대해 대상은 멘토링 참여 학생이라고, 보상은 포인트 500점이라고, 그리고 성과 지표는 재방문율이라고 설명했습니다."
dataset_ko_92_final,entity_simple_hard_test_art_history_00067:final:0,entity_simple_hard_test_art_history_00067,entity_simple_hard_test_art_history_00067,True,same_source_sibling_facts,1,4,23,20,심화 3팀 1차 르네상스 설명 중 목적과 핵심 특징에 해당하는 내용만 답해줘.,"심화 3팀 1차 르네상스에 대해 목적은 사람의 가치를 드러내는 것이라고, 그리고 핵심 특징은 인문주의라고 설명했습니다.",True,,,,,False,False,0.7894736842105263,0.8235294117647058,0.39473684210526316,0.4117647058823529,True,True,4.117002899991348,3.4142821000423282,,,,,tie,"심화 3팀 1차 르네상스에 대해 핵심 특징은 인문주의라고, 목적은 사람의 가치를 드러내는 것이라고, 그리고 비교 포인트는 인문주의에 대해 핵심 특징은 드러나는 것이라고 설명했습니다.","심화 3팀 1차 르네상스에 대해 목적은 사람의 가치를 드러내는 것이라고, 핵심 특징은 인문주의라고, 그리고 합수문장은 인문주의 중심 설명으로 한다 said"
dataset_ko_93_final,entity_simple_hard_test_project_00207:final:0,entity_simple_hard_test_project_00207,entity_simple_hard_test_project_00207,True,same_source_sibling_facts,1,4,23,20,심화 A반 3차 프론트엔드 점검 설명 중 담당과 확인 기준에 해당하는 내용만 답해줘.,"심화 A반 3차 프론트엔드 점검에 대해 담당은 프론트엔드 파트라고, 그리고 확인 기준은 사용자 차단 여부라고 설명했습니다.",True,,,,,False,False,0.8648648648648648,0.888888888888889,0.4324324324324324,0.4444444444444445,True,True,3.837263800029177,3.6761538999853656,,,,,tie,"심화 A반 3차 프론트엔드 점검 설명에 대해 확인 기준은 사용자 차단 여부라고, 공유 위치는 프로젝트 슬랙 채널이라고, 그리고 담당은 프론트엔드 파트라고 설명했습니다.","심화 A반 3차 프론트엔드 점검에 대해 담당은 프론트엔드 파트라고, 마감은 다음 달 첫째 주 화요일이라고, 그리고 확인 기준은 사용자 차단 여부라고 설명했습니다."
dataset_ko_94_final,entity_simple_hard_test_statistics_00260:final:0,entity_simple_hard_test_statistics_00260,entity_simple_hard_test_statistics_00260,True,same_source_sibling_facts,1,4,23,20,봄 3팀 3차 표본분산 설명에서 주의점과 의미만 알려줘.,"봄 3팀 3차 표본분산에 대해 주의점은 순위 정렬과 다르다고, 그리고 의미는 흩어짐 측정이라고 설명했습니다.",True,,,,,False,False,0.8125000000000001,0.8387096774193548,0.40625000000000006,0.4193548387096774,True,True,3.590921299997717,3.5930214000400156,,,,,tie,"봄 3팀 3차 표본분산에 대해 주의점은 순위 정렬과 다르다고, 의미는 흩어짐 측정이라고, 그리고 비유는 점들이 얼마나 퍼졌는지 보는 자라고 설명했습니다.","봄 3팀 3차 표본분산 설명에 대해 주의점은 순위 정렬과 다르다고, 의미는 이해 갰try 변동성을 볼 때 쓴다고, 그리고 의미는 흩어짐 측정이라고 설명했습니다."
dataset_ko_95_final,entity_simple_hard_test_project_00301:final:0,entity_simple_hard_test_project_00301,entity_simple_hard_test_project_00301,True,same_source_sibling_facts,1,4,23,20,여름 A반 4차 백엔드 배포에서 담당과 확인 기준을 함께 정리해줘.,"여름 A반 4차 백엔드 배포에 대해 담당은 백엔드 팀이라고, 그리고 확인 기준은 오류 발생률이라고 설명했습니다.",True,,,,,False,False,0.8571428571428571,0.7368421052631579,0.42857142857142855,0.3684210526315789,True,True,3.161400599987246,3.70659610000439,,,,,question+passage,"여름 A반 4차 백엔드 배포에 대해 확인 기준은 오류 발생률이라고, 공유 위치는 깃허브 이슈 탭이라고, 그리고 담당은 백엔드 팀이라고 설명했습니다.","여름 A반 4차 백엔드 배포에 대해 담당은 백엔드 팀이라고, 마감은 수요일 오후 다섯 시라고, 그리고 확인 기준은 오류 종류가 승인 범위 내라고 설명했습니다."
dataset_ko_96_final,entity_simple_hard_test_dessert_00000:final:0,entity_simple_hard_test_dessert_00000,entity_simple_hard_test_dessert_00000,True,same_source_sibling_facts,1,4,23,20,봄 A반 1차 초콜렛 설명에서 색깔과 비유만 알려줘.,"봄 A반 1차 초콜렛에 대해 색깔은 검정색이라고, 그리고 비유는 작은 선물 상자라고 설명했습니다.",True,,,,,False,False,0.8571428571428571,0.7199999999999999,0.42857142857142855,0.35999999999999993,True,True,3.0067615999723785,2.5041057000053115,,,,,question+passage,"봄 A반 1차 초콜렛 설명에 대해 색깔은 검정색이라고, 비유는 작은 선물 상자라고, 그리고 특징은 입안에서 천천히 녹는다고 설명했습니다.","봄 A반 1차 초콜렛 설명에 대해 색깔은 검정색이라고, 비유는 다르다고, 그리고 단어의 길이만 길다고 설명했습니다."
dataset_ko_97_final,entity_simple_hard_test_dessert_00291:final:0,entity_simple_hard_test_dessert_00291,entity_simple_hard_test_dessert_00291,True,same_source_sibling_facts,1,4,23,20,여름 오후반 3차 브라우니 설명 중 색깔과 비유에 해당하는 내용만 답해줘.,"여름 오후반 3차 브라우니에 대해 색깔은 진한 갈색이라고, 그리고 비유는 초콜렛을 압축한 케이크라고 설명했습니다.",True,,,,,False,False,0.8750000000000001,0.48484848484848486,0.43750000000000006,0.24242424242424243,True,False,3.85629239998525,3.7907461000140756,,,,,question+passage,"여름 오후반 3차 브라우니에 대해 비유는 초콜렛을 압축한 케이크라고, 특징은 속이 촉촉하게 남는다고, 그리고 색깔은 진한 갈색이라고 설명했습니다.","여름 오후반 3차 브라우니에 대해 비유는 솔직히 달콤한 케이크에 감격을 표현하는 방식이라고, 색깔은 명확한 시간이 바뀌는 중을 나타낸다고 설명했습니다."
dataset_ko_98_final,entity_simple_hard_test_dessert_00121:final:0,entity_simple_hard_test_dessert_00121,entity_simple_hard_test_dessert_00121,True,same_source_sibling_facts,1,4,23,20,여름 C반 2차 솜사탕에서 맛과 특징을 함께 정리해줘.,"여름 C반 2차 솜사탕에 대해 맛은 가볍게 달콤하다고, 그리고 특징은 입에 닿으면 빠르게 사라진다고 설명했습니다.",True,,,,,False,False,0.9375,0.8235294117647058,0.46875,0.4117647058823529,True,True,3.348588499997277,3.656634400016628,,,,,question+passage,"여름 C반 2차 솜사탕에 대해 맛은 가볍게 달콤하다고, 특징은 입에 닿으면 빠르게 사라진다고, 그리고 색깔은 분홍색이라고 설명했습니다.","여름 C반 2차 솜사탕에 대해 맛은 가볍게 달콤하다고, 맛은 깔끔하다고, 그리고 색깔은 진저의 경우 입에 닿으면 빠르게 사라진다고 설명했습니다."
dataset_ko_99_final,entity_simple_hard_test_os_concept_00175:final:0,entity_simple_hard_test_os_concept_00175,entity_simple_hard_test_os_concept_00175,True,same_source_sibling_facts,1,4,23,20,파일럿 4팀 2차 큐 설명 중 주의점과 비유에 해당하는 내용만 답해줘.,"파일럿 4팀 2차 큐에 대해 주의점은 대기 시간이 길어질 수 있다고, 그리고 비유는 번호표를 뽑고 기다리는 줄이라고 설명했습니다.",True,,,,,False,False,0.8717948717948718,0.45714285714285713,0.4358974358974359,0.22857142857142856,True,False,3.849476200004574,4.057478100003209,,,,,question+passage,"파일럿 4팀 2차 큐에 대해 비유는 번호표를 뽑고 기다리는 줄이라고, 장점은 처리 순서를 명확하게 만든다고, 그리고 주의점은 대기 시간이 길어질 수 있다고 설명했습니다.",파일럿 4팀 2차 큐에 대해 주의점은memcached가 줄이된 반에 대해是一方의 队伍 파일이 절대값이 큰 방이고	认为是错的way는 독립 시간대가 길어질 수 있다고 설명했습니다.
dataset_ko_100_final,entity_simple_hard_test_statistics_00356:final:0,entity_simple_hard_test_statistics_00356,entity_simple_hard_test_statistics_00356,True,same_source_sibling_facts,1,4,23,20,정규 2팀 4차 표본분산 설명에서 주의점과 의미만 알려줘.,"정규 2팀 4차 표본분산에 대해 주의점은 순위 정렬과 다르다고, 그리고 의미는 흩어짐 측정이라고 설명했습니다.",True,,,,,False,False,0.8235294117647058,0.7586206896551724,0.4117647058823529,0.3793103448275862,True,True,3.674688700004481,2.5667264999938197,,,,,question+passage,"정규 2팀 4차 표본분산에 대해 주의점은 순위 정렬과 다르다고, 의미는 흩어짐 측정이라고, 그리고 비유는 점들이 얼마나 퍼졌는지 보는 자라고 설명했습니다.","정규 2팀 4차 표본분산 설명에 대해 주의점은 순위 정렬과 다르다고, 의미는 배열 정렬의 초 roughly 방정식이라고 설명했습니다."
dataset_ko_101_final,entity_simple_hard_test_statistics_00332:final:0,entity_simple_hard_test_statistics_00332,entity_simple_hard_test_statistics_00332,True,same_source_sibling_facts,1,4,23,20,가을 D반 4차 표본분산 설명에서 비유와 활용만 알려줘.,"가을 D반 4차 표본분산에 대해 비유는 점들이 얼마나 퍼졌는지 보는 자라고, 그리고 활용은 데이터 변동성을 볼 때 쓴다고 설명했습니다.",True,,,,,False,False,0.9696969696969697,0.7317073170731708,0.48484848484848486,0.3658536585365854,True,True,2.859717399987858,4.012903099996038,,,,,question+passage,"가을 D반 4차 표본분산에 대해 비유는 점들이 얼마나 퍼졌는지 보는 자라고, 활용은 데이터 변동성을 볼 때 쓴다고 설명했습니다.","가을 D반 4차 표본분산 설명에 대해 비유는 점들이 얼마나 퍼졌는지 보는 자라고, 활용은 여러 차원을 1 차원化 한 게 있다고, 그리고 비유는 데이터를 면을 땋는 게类似이라고 설명했습니다."
dataset_ko_102_final,entity_simple_hard_test_marketing_00200:final:0,entity_simple_hard_test_marketing_00200,entity_simple_hard_test_marketing_00200,True,same_source_sibling_facts,1,4,23,20,봄 A반 3차 신입생 캠페인 설명에서 핵심 채널과 성과 지표만 알려줘.,"봄 A반 3차 신입생 캠페인에 대해 핵심 채널은 인스타그램이라고, 그리고 성과 지표는 전환율이라고 설명했습니다.",True,,,,,False,False,0.6875,0.7096774193548387,0.34375,0.3548387096774194,True,True,3.987270699988585,3.9968405999825336,,,,,tie,"봄 A반 3차 신입생 캠페인 성과 지표가 간소화된 채널만 알려주고 있다고, 핵심 채널은 커피 채널이라고, 그리고 성과 지표는 전환율이라고 설명했습니다.","봄 A반 3차 신입생 캠페인 설명에서 핵심 채널은 인스타그램입니다. 그리고 성과 지표는 전환율이라고, 참여율은 핵심 채널이라고, 그리고 고객 로드는 eδδ를 설명했습니다."
dataset_ko_103_final,entity_simple_hard_test_os_concept_00004:final:0,entity_simple_hard_test_os_concept_00004,entity_simple_hard_test_os_concept_00004,True,same_source_sibling_facts,1,4,23,20,캡스톤 A반 1차 프로세스 설명에서 역할과 장점만 알려줘.,"캡스톤 A반 1차 프로세스에 대해 역할은 독립된 실행 공간을 가진다고, 그리고 장점은 서로 영향을 줄이는 데 도움이 된다고 설명했습니다.",True,,,,,False,True,0.8372093023255813,1.0,0.41860465116279066,1.0,True,True,4.20066550001502,2.9836351000121795,,,,,passage-only,"캡스톤 A반 1차 프로세스 설명에 대해 장점은 서로 영향을 줄이는 데 도움이 된다고, 주의점은 자원을 너무 많이 쓰면 느려질 수 있다고, 그리고 역할은 독립된 실행 공간을 가진다고 설명했습니다.","캡스톤 A반 1차 프로세스에 대해 역할은 독립된 실행 공간을 가진다고, 그리고 장점은 서로 영향을 줄이는 데 도움이 된다고 설명했습니다."
dataset_ko_104_final,entity_simple_hard_test_os_concept_00079:final:0,entity_simple_hard_test_os_concept_00079,entity_simple_hard_test_os_concept_00079,True,same_source_sibling_facts,1,4,23,20,세미나 4팀 1차 큐 설명 중 주의점과 비유에 해당하는 내용만 답해줘.,"세미나 4팀 1차 큐에 대해 주의점은 대기 시간이 길어질 수 있다고, 그리고 비유는 번호표를 뽑고 기다리는 줄이라고 설명했습니다.",True,,,,,False,False,0.8717948717948718,0.8717948717948718,0.4358974358974359,0.4358974358974359,True,True,3.8052367999916896,4.056939400034025,,,,,tie,"세미나 4팀 1차 큐에 대해 비유는 번호표를 뽑고 기다리는 줄이라고, 장점은 처리 순서를 명확하게 만든다고, 그리고 주의점은 대기 시간이 길어질 수 있다고 설명했습니다.","세미나 4팀 1차 큐에 대해 주의점은 대기 시간이 길어질 수 있다고, 비유는 번호표를 뽑고 기다리는 줄이라고, 그리고 비유는 번호표를 뽑고 기다리는 줄이라고 설명했습니다."
dataset_ko_105_final,entity_simple_hard_test_os_concept_00292:final:0,entity_simple_hard_test_os_concept_00292,entity_simple_hard_test_os_concept_00292,True,same_source_sibling_facts,1,4,23,20,가을 오후반 3차 프로세스 설명에서 역할과 장점만 알려줘.,"가을 오후반 3차 프로세스에 대해 역할은 독립된 실행 공간을 가진다고, 그리고 장점은 서로 영향을 줄이는 데 도움이 된다고 설명했습니다.",True,,,,,False,False,0.8372093023255813,0.6666666666666666,0.41860465116279066,0.3333333333333333,True,True,4.191183599992655,4.8384901999961585,,,,,question+passage,"가을 오후반 3차 프로세스 설명에 대해 장점은 서로 영향을 줄이는 데 도움이 된다고, 주의점은 자원을 너무 많이 쓰면 느려질 수 있다고, 그리고 역할은 독립된 실행 공간을 가진다고 설명했습니다.","가을 오후반 3차 프로세스에 대해 역할은 독립된 실행 공간을 가진다고, 그리고 역할은 독립된 프로세스에서 실행한다고,最后含义是说保留了以前的每一阶段都强调了“简单”概念,最后含义是说保留了以前的每一阶段都强调了“简单”概念."
dataset_ko_106_final,entity_simple_hard_test_dessert_00002:final:0,entity_simple_hard_test_dessert_00002,entity_simple_hard_test_dessert_00002,True,same_source_sibling_facts,1,4,23,20,교수님이 가을 A반 1차 마카롱의 색깔과 비유를 어떻게 말했어?,"가을 A반 1차 마카롱에 대해 색깔은 알록달록하다고, 그리고 비유는 작은 보석 상자라고 설명했습니다.",True,,,,,False,False,0.8387096774193548,0.5217391304347826,0.4193548387096774,0.2608695652173913,True,False,3.357043199997861,3.9492353000096045,,,,,question+passage,"가을 A반 1차 마카롱에 대해 비유는 작은 보석 상자라고, 특징은 겉은 바삭하고 속은 촉촉하다고, 그리고 색깔은 알록달록하다고 설명했습니다.","professor이 가을 A반 1차 마카롱의 색깔에 대해 설명한 단어는 “私의 마카롱”과 “客户的理解”进行了区分，强调了具体网站用途是增加吸引力的解释，您添加了客户理解为完整位于街头前方撒色的说明,"
dataset_ko_107_final,entity_simple_hard_test_dessert_00217:final:0,entity_simple_hard_test_dessert_00217,entity_simple_hard_test_dessert_00217,True,same_source_sibling_facts,1,4,23,20,심화 B반 3차 솜사탕에서 맛과 특징을 함께 정리해줘.,"심화 B반 3차 솜사탕에 대해 맛은 가볍게 달콤하다고, 그리고 특징은 입에 닿으면 빠르게 사라진다고 설명했습니다.",True,,,,,False,False,0.9090909090909091,0.8484848484848485,0.45454545454545453,0.42424242424242425,True,True,3.54074570001103,3.5244230999960564,,,,,question+passage,"심화 B반 3차 솜사탕에 대해 맛은 가볍게 달콤하다고, 특징은 입에 닿으면 빠르게 사라진다고, 그리고 특징은 가볍게 달콤하다고 설명했습니다.","심화 B반 3차 솜사탕에 대해 맛은 가볍게 달콤하다고, 맛은 깊게 달콤하다고, 그리고 그 이유는 입에 닿으면 빠르게 사라진다고 설명했습니다."
dataset_ko_108_final,entity_simple_hard_test_marketing_00227:final:0,entity_simple_hard_test_marketing_00227,entity_simple_hard_test_marketing_00227,True,same_source_sibling_facts,1,4,23,20,심화 C반 3차 멘토링 이벤트 설명 중 대상과 보상에 해당하는 내용만 답해줘.,"심화 C반 3차 멘토링 이벤트에 대해 대상은 멘토링 참여 학생이라고, 그리고 보상은 포인트 500점이라고 설명했습니다.",True,,,,,False,False,0.8823529411764706,0.9375,0.4411764705882353,0.46875,True,True,3.872120800020639,3.2502615999546833,,,,,passage-only,"심화 C반 3차 멘토링 이벤트에 대해 대상은 멘토링 참여 학생이라고, 보상은 포인트 500점이라고, 그리고 핵심 채널은 이메일 뉴스레터라고 설명했습니다.","심화 C반 3차 멘토링 이벤트에 대해 대상은 멘토링 참여 학생이라고, 보상은 포인트 500점이라고, 그리고 결과는 재방문율이라고 설명했습니다."
dataset_ko_109_final,entity_simple_hard_test_os_concept_00342:final:0,entity_simple_hard_test_os_concept_00342,entity_simple_hard_test_os_concept_00342,True,same_source_sibling_facts,1,4,23,20,교수님이 가을 1팀 4차 캐시의 장점과 역할을 어떻게 말했어?,"가을 1팀 4차 캐시에 대해 장점은 반복 접근을 빠르게 만든다고, 그리고 역할은 자주 쓰는 정보를 가까이 둔다고 설명했습니다.",True,,,,,False,False,0.7027027027027027,0.8571428571428571,0.35135135135135137,0.42857142857142855,True,True,3.3006692999624647,4.246032499999274,,,,,passage-only,"prof의 장점은 반복 접근을 빠르게 만든다고, 역할은 자주 쓰는 정보를 가까이 둔다고, 그리고 주의점은 오래된 정보가 남을 수 있다고 설명했습니다.","교수님이 가을 1팀 4차 캐시에 대해 장점은 반복 접근을 빠르게 만든다고, 역할은 자주 쓰는 정보를 가까이 둔다고, 그리고 주의점은 오래된 정보가 남을 수 있다고 설명했습니다."
dataset_ko_110_final,entity_simple_hard_test_dessert_00385:final:0,entity_simple_hard_test_dessert_00385,entity_simple_hard_test_dessert_00385,True,same_source_sibling_facts,1,4,23,20,파일럿 오전반 4차 솜사탕에서 색깔과 비유를 함께 정리해줘.,"파일럿 오전반 4차 솜사탕에 대해 색깔은 분홍색이라고, 그리고 비유는 구름 같은 간식이라고 설명했습니다.",True,,,,,False,False,0.8387096774193548,0.5625,0.4193548387096774,0.28125,True,False,3.4379571999888867,3.7329266000306234,,,,,question+passage,"파일럿 오전반 4차 솜사탕에 대해 색깔은 분홍색이라고, 비유는 구름 같은 간식이라고, 그리고 특징은 입에 닿으면 빠르게 사라진다고 설명했습니다.","파일럿 오전반 4차 솜사탕에 대해 색깔에 대해 비유는 날카로운 녹색이라고, 음수를 제공한다고, 그리고 비유는 입에 닿으면 빠르게 사라진다고 설명했습니다."
dataset_ko_111_final,entity_simple_hard_test_dessert_00289:final:0,entity_simple_hard_test_dessert_00289,entity_simple_hard_test_dessert_00289,True,same_source_sibling_facts,1,4,23,20,세미나 오전반 3차 솜사탕에서 색깔과 비유를 함께 정리해줘.,"세미나 오전반 3차 솜사탕에 대해 색깔은 분홍색이라고, 그리고 비유는 구름 같은 간식이라고 설명했습니다.",True,,,,,False,False,0.9600000000000001,0.42857142857142855,0.48000000000000004,0.21428571428571427,True,False,2.3039515999844298,3.418683100026101,,,,,question+passage,"세미나 오전반 3차 솜사탕에 대해 색깔은 분홍색이라고, 비유는 구름 같은 간식이라고 설명했습니다.",세미나 오전반 3차 솜사탕에 대해 색깔에 대해 확실하게 색깔로 분류해주면 빠르게 될 색깔로 빠르게 될 색깔로 분류합니다.
dataset_ko_112_final,entity_simple_hard_test_statistics_00142:final:0,entity_simple_hard_test_statistics_00142,entity_simple_hard_test_statistics_00142,True,same_source_sibling_facts,1,4,23,20,교수님이 가을 1팀 2차 상관계수의 비유와 활용을 어떻게 말했어?,"가을 1팀 2차 상관계수에 대해 비유는 두 변수의 움직임을 비교하는 나침반이라고, 그리고 활용은 관계 강도를 빠르게 살필 때 쓴다고 설명했습니다.",True,,,,,False,False,0.4848484848484848,0.2553191489361702,0.2424242424242424,0.1276595744680851,True,False,2.743364499998279,4.098089100036304,,,,,question+passage,"professor의 3rd hour에서 비유는 원인 증명을 뜻하지 않는다고, 활용은 관계 강도를 빠르게 살필 때 쓴다고 설명했습니다.","교수님이 가을 1팀 2차 상관계수의 비유와 활용을 조사해 봤습니다.\n- 일반적으로 상관계수인 but 성질이 확장입니다. thank you for teaching and hope you enjoyed your time in the University of California, Irvine.\n\r\r\n"
dataset_ko_113_final,entity_simple_hard_test_dessert_00096:final:0,entity_simple_hard_test_dessert_00096,entity_simple_hard_test_dessert_00096,True,same_source_sibling_facts,1,4,23,20,정규 오후반 1차 초콜렛 설명에서 색깔과 비유만 알려줘.,"정규 오후반 1차 초콜렛에 대해 색깔은 검정색이라고, 그리고 비유는 작은 선물 상자라고 설명했습니다.",True,,,,,False,False,0.8666666666666666,0.8148148148148148,0.4333333333333333,0.4074074074074074,True,True,3.1267268999945372,2.6723129999591038,,,,,question+passage,"정규 오후반 1차 초콜렛 설명에 대해 색깔은 검정색이라고, 비유는 작은 선물 상자라고, 그리고 특징은 입안에서 천천히 녹는다고 설명했습니다.","정규 오후반 1차 초콜렛에 대해 색깔은 검정색이라고, 비유는 제공하는 상자라고, 그리고 색깔은 검정색이라고 설명했습니다."
dataset_ko_114_final,entity_simple_hard_test_art_history_00305:final:0,entity_simple_hard_test_art_history_00305,entity_simple_hard_test_art_history_00305,True,same_source_sibling_facts,1,4,23,20,파일럿 A반 4차 입체주의에서 핵심 특징과 목적을 함께 정리해줘.,"파일럿 A반 4차 입체주의에 대해 핵심 특징은 여러 시점이라고, 그리고 목적은 대상을 새롭게 해석하는 것이라고 설명했습니다.",True,,,,,False,False,0.6000000000000001,0.7222222222222223,0.30000000000000004,0.36111111111111116,True,True,2.238173399993684,3.096461699984502,,,,,passage-only,파일럿 A반 4차 입체주의에 대해 핵심 특징은 여러 시점이라고 설명하면不同 방향에서 문서에 옮길 것입니다.,"파일럿 A반 4차 입체주의에 대해 핵심 특징은 여러 시점이라고, 목적은 행동의 결과를 보완하는 것이라고, 그리고 핵심 특징은 여러 시점이라고 설명했습니다."
dataset_ko_115_final,entity_simple_hard_test_os_concept_00197:final:0,entity_simple_hard_test_os_concept_00197,entity_simple_hard_test_os_concept_00197,True,same_source_sibling_facts,1,4,23,20,심화 오후반 2차 스레드에서 역할과 장점을 함께 정리해줘.,"심화 오후반 2차 스레드에 대해 역할은 프로세스 안에서 작업을 나누어 실행한다고, 그리고 장점은 작업을 가볍게 나눌 수 있다고 설명했습니다.",True,,,,,False,False,0.878048780487805,0.7499999999999999,0.4390243902439025,0.37499999999999994,True,True,3.706307200016454,3.566986599995289,,,,,question+passage,"심화 오후반 2차 스레드에 대해 장점은 작업을 가볍게 나눌 수 있다고, 주의점은 공유 자원 관리가 필요하다고, 그리고 역할은 프로세스 안에서 작업을 나누어 실행한다고 설명했습니다.","심화 오후반 2차 스레드에 대해 역할은 프로세스 안에서 작업을 나누어 실행한다고, 비유는 같은 식당 안에서 일하는 직원이라고, 그리고 장점은 작업을 간다이라고 설명했습니다."
dataset_ko_116_final,entity_simple_hard_test_marketing_00392:final:0,entity_simple_hard_test_marketing_00392,entity_simple_hard_test_marketing_00392,True,same_source_sibling_facts,1,4,23,20,가을 오후반 4차 신입생 캠페인 설명에서 핵심 채널과 성과 지표만 알려줘.,"가을 오후반 4차 신입생 캠페인에 대해 핵심 채널은 인스타그램이라고, 그리고 성과 지표는 전환율이라고 설명했습니다.",True,,,,,False,False,0.37037037037037035,0.8387096774193549,0.18518518518518517,0.41935483870967744,True,True,7.659485200012568,3.6546104000299238,,,,,passage-only,"가을 오후반 4차 신입생 캠페인 성과 지표가 성과 지표의 채널이 모두 겹치는 곳만 보게고 핵심 채널만 보는 지표는交易은 주식을 사는 방식이라고, 성과 지표의 채널이 다른 곳을_cover, _head와 같은 위치만 보게고 핵심 채널만 보는 지표는 전환율이라고, 성과 지표의 채널이 메인 카테고리만","가을 오후반 4차 신입생 캠페인 설명에서 핵심 채널은 인스타그램이라고, 성과 지표는 전환율이라고, 그리고 핵심 채널은 메인 오더라고 설명했습니다."
dataset_ko_117_final,entity_simple_hard_test_statistics_00263:final:0,entity_simple_hard_test_statistics_00263,entity_simple_hard_test_statistics_00263,True,same_source_sibling_facts,1,4,23,20,겨울 3팀 3차 회귀분석 설명 중 주의점과 의미에 해당하는 내용만 답해줘.,"겨울 3팀 3차 회귀분석에 대해 주의점은 모든 원인을 증명하지는 않는다고, 그리고 의미는 관계의 경향 설명이라고 설명했습니다.",True,,,,,False,False,0.6428571428571429,0.5405405405405405,0.32142857142857145,0.27027027027027023,True,False,2.0526935000088997,3.4949346000212245,,,,,question+passage,겨울 3팀 3차 회귀분석 설명에 대해 주의점은 다음과 같이 의미는 관계의 경향 설명에 해당했다.,"겨울 3팀 3차 회귀분석에 대해 주의점은 다른 함수를 덮어설 때 쓴다고, 의미는 관계의 예 설명이라고, 그리고 비유는 흩어진 close to mean 값으로 설명했다."
dataset_ko_118_final,entity_simple_hard_test_dessert_00073:final:0,entity_simple_hard_test_dessert_00073,entity_simple_hard_test_dessert_00073,True,same_source_sibling_facts,1,4,23,20,겨울 4팀 1차 솜사탕에서 특징과 맛을 함께 정리해줘.,"겨울 4팀 1차 솜사탕에 대해 특징은 입에 닿으면 빠르게 사라진다고, 그리고 맛은 가볍게 달콤하다고 설명했습니다.",True,,,,,False,False,0.9375,0.9375,0.46875,0.46875,True,True,3.470769500010647,3.431319999974221,,,,,tie,"겨울 4팀 1차 솜사탕에 대해 특징은 입에 닿으면 빠르게 사라진다고, 색깔은 분홍색이라고, 그리고 맛은 가볍게 달콤하다고 설명했습니다.","겨울 4팀 1차 솜사탕에 대해 특징은 입에 닿으면 빠르게 사라진다고, 맛은 가볍게 달콤하다고, 그리고 색깔은 분홍색이라고 설명했습니다."
dataset_ko_119_final,entity_simple_hard_test_os_concept_00005:final:0,entity_simple_hard_test_os_concept_00005,entity_simple_hard_test_os_concept_00005,True,same_source_sibling_facts,1,4,23,20,파일럿 A반 1차 스레드에서 역할과 장점을 함께 정리해줘.,"파일럿 A반 1차 스레드에 대해 역할은 프로세스 안에서 작업을 나누어 실행한다고, 그리고 장점은 작업을 가볍게 나눌 수 있다고 설명했습니다.",True,,,,,False,False,0.878048780487805,0.7027027027027027,0.4390243902439025,0.35135135135135137,True,True,3.712711100000888,3.1789783000131138,,,,,question+passage,"파일럿 A반 1차 스레드에 대해 장점은 작업을 가볍게 나눌 수 있다고, 주의점은 공유 자원 관리가 필요하다고, 그리고 역할은 프로세스 안에서 작업을 나누어 실행한다고 설명했습니다.","파일럿 A반 1차 스레드에 대해 역할은 프로세스 안에서 작업을 나누어 실행한다고, 장점은 문의가 있습니다/없습니다. 설명은 작업을 분할 방법으로 되어 있습니다."
dataset_ko_120_final,entity_simple_hard_test_dessert_00361:final:0,entity_simple_hard_test_dessert_00361,entity_simple_hard_test_dessert_00361,True,same_source_sibling_facts,1,4,23,20,여름 3팀 4차 솜사탕에서 특징과 맛을 함께 정리해줘.,"여름 3팀 4차 솜사탕에 대해 특징은 입에 닿으면 빠르게 사라진다고, 그리고 맛은 가볍게 달콤하다고 설명했습니다.",True,,,,,False,False,0.9375,0.9375,0.46875,0.46875,True,True,3.4436068000504747,3.431436399987433,,,,,tie,"여름 3팀 4차 솜사탕에 대해 특징은 입에 닿으면 빠르게 사라진다고, 색깔은 분홍색이라고, 그리고 맛은 가볍게 달콤하다고 설명했습니다.","여름 3팀 4차 솜사탕에 대해 특징은 입에 닿으면 빠르게 사라진다고, 맛은 가볍게 달콤하다고, 그리고 색깔은 분홍색이라고 설명했습니다."
dataset_ko_121_final,entity_simple_hard_test_os_concept_00029:final:0,entity_simple_hard_test_os_concept_00029,entity_simple_hard_test_os_concept_00029,True,same_source_sibling_facts,1,4,23,20,세미나 C반 1차 스레드에서 비유와 주의점을 함께 정리해줘.,"세미나 C반 1차 스레드에 대해 비유는 같은 식당 안에서 일하는 직원이라고, 그리고 주의점은 공유 자원 관리가 필요하다고 설명했습니다.",True,,,,,False,False,0.7428571428571428,0.2916666666666667,0.3714285714285714,0.14583333333333334,True,False,2.930702999990899,5.11435019999044,,,,,question+passage,"세미나 C반 1차 스레드에 대해 비유는 프로세스 안에서 작업을 나누어 실행한다고, 주의점은 공유 자원 관리가 필요하다고 설명했습니다.",세미나 C반 1차 스레드에 대해 비유는 동일 구간에 있을 수 있는 세부 작업을 생각해 올 may beelike.com 는 공유 연락처를 생각해 올 땐 말할 수 있습니다. 비유는 동일 구간에 있을 수 있는 세부 작업을 생각해 올 땐 말할 수 있습니다.
dataset_ko_122_final,entity_simple_hard_test_art_history_00042:final:0,entity_simple_hard_test_art_history_00042,entity_simple_hard_test_art_history_00042,True,same_source_sibling_facts,1,4,23,20,교수님이 가을 1팀 1차 인상주의의 비유와 비교 포인트를 어떻게 말했어?,"가을 1팀 1차 인상주의에 대해 비유는 햇빛이 흔들리는 수면에 비친 모습이라고, 그리고 비교 포인트는 정확한 윤곽보다 색감이 중요하다고 설명했습니다.",True,,,,,False,False,0.47619047619047616,0.3448275862068966,0.23809523809523808,0.1724137931034483,True,False,4.110254200000782,2.009432899998501,,,,,question+passage,"professor님의 가을 1팀 1차 인상주의 비유는 관찰 순간을 살리는 것이라고, 특징은 빛의 순간적인 인상이라고, 그리고 비유의 핵심 특징은 정확한 윤곽보다 색감이 중요하다고 설명했습니다.",보스턴 치료방법에 반한 비유를 가을 1팀 1차 인상주의의 비유와 비교했습니다.
dataset_ko_123_final,entity_simple_hard_test_statistics_00262:final:0,entity_simple_hard_test_statistics_00262,entity_simple_hard_test_statistics_00262,True,same_source_sibling_facts,1,4,23,20,교수님이 가을 3팀 3차 상관계수의 주의점과 의미를 어떻게 말했어?,"가을 3팀 3차 상관계수에 대해 주의점은 원인 증명을 뜻하지 않는다고, 그리고 의미는 선형 관계 강도라고 설명했습니다.",True,,,,,False,False,0.8333333333333334,0.5263157894736842,0.4166666666666667,0.2631578947368421,True,False,3.7209466999629512,3.8608065000153147,,,,,question+passage,"가을 3팀 3차 상관계수의 주의점은 원인 증명을 뜻하지 않는다고, 의미는 선형 관계 강도라고, 그리고 비유는 두 변수의 움직임을 비교하는 나침반이라고 설명했습니다.","교수님이 가을 3팀 3차 상관계수의 주의점과 의미를 설명할 때의 의미는 선형 관계의 강도라고, 주의점은 오류 비율을 뜻하고, 의미는 선형 관계의 강도라고 설명했습니다."
dataset_ko_124_final,entity_simple_hard_test_statistics_00116:final:0,entity_simple_hard_test_statistics_00116,entity_simple_hard_test_statistics_00116,True,same_source_sibling_facts,1,4,23,20,정규 B반 2차 표본분산 설명에서 의미와 주의점만 알려줘.,"정규 B반 2차 표본분산에 대해 의미는 흩어짐 측정이라고, 그리고 주의점은 순위 정렬과 다르다고 설명했습니다.",True,,,,,False,False,0.8235294117647058,0.7333333333333334,0.4117647058823529,0.3666666666666667,True,True,3.6627628999995068,3.084907900018152,,,,,question+passage,"정규 B반 2차 표본분산 설명에 대해 주의점은 순위 정렬과 다르다고, 의미는 흩어짐 측정이라고, 그리고 비유는 점들이 얼마나 퍼졌는지 보는 자라고 설명했습니다.","정규 B반 2차 표본분산 표본분산 설명에 대해 의미는 흩어짐 측정이라고, 주의점은 순위 정렬과 say goodbye to symmetry罢了区别总结为答案。"
dataset_ko_125_final,entity_simple_hard_test_marketing_00323:final:0,entity_simple_hard_test_marketing_00323,entity_simple_hard_test_marketing_00323,True,same_source_sibling_facts,1,4,23,20,겨울 C반 4차 멘토링 이벤트 설명 중 대상과 보상에 해당하는 내용만 답해줘.,"겨울 C반 4차 멘토링 이벤트에 대해 대상은 멘토링 참여 학생이라고, 그리고 보상은 포인트 500점이라고 설명했습니다.",True,,,,,False,False,0.8823529411764706,0.9090909090909091,0.4411764705882353,0.45454545454545453,True,True,3.915885599970352,3.3505444999900647,,,,,tie,"겨울 C반 4차 멘토링 이벤트에 대해 대상은 멘토링 참여 학생이라고, 보상은 포인트 500점이라고, 그리고 핵심 채널은 이메일 뉴스레터라고 설명했습니다.","겨울 C반 4차 멘토링 이벤트에 대해 대상은 멘토링 참여 학생이라고, 보상은 포인트 500점이라고, 그리고 성과 지표는 재방문율이라고 설명했습니다."
dataset_ko_126_final,entity_simple_hard_test_art_history_00258:final:0,entity_simple_hard_test_art_history_00258,entity_simple_hard_test_art_history_00258,True,same_source_sibling_facts,1,4,23,20,교수님이 실습 2팀 3차 인상주의의 목적과 핵심 특징을 어떻게 말했어?,"실습 2팀 3차 인상주의에 대해 목적은 관찰 순간을 살리는 것이라고, 그리고 핵심 특징은 빛의 순간적인 인상이라고 설명했습니다.",True,,,,,False,False,0.7,0.6956521739130435,0.35,0.34782608695652173,True,True,3.8046595999621786,4.9485198999755085,,,,,tie,"교수님이 실습 2팀 3차 인상주의에 대해 핵심 특징은 인상의 의미가 중요하다고, 핵심 특징은 다가来的이 인상의 예감이라고, 그리고 목적은 관찰 순간을 살리는 것이라고 설명했습니다.","교수님의 실습 2팀 3차 인상주의의 목적과 핵심 특이점을 설명하시면 안에 인상주의적인 특징은 빛의 순간적인 인상이라고, 그리고 목적은 관찰 순간을 살리는 것이라고, 그리고 비교 포인트는 정확한 윤곽보다 색감이 중요하다고 설명했습니다."
dataset_ko_127_final,entity_simple_hard_test_os_concept_00031:final:0,entity_simple_hard_test_os_concept_00031,entity_simple_hard_test_os_concept_00031,True,same_source_sibling_facts,1,4,23,20,여름 D반 1차 큐 설명 중 비유와 주의점에 해당하는 내용만 답해줘.,"여름 D반 1차 큐에 대해 비유는 번호표를 뽑고 기다리는 줄이라고, 그리고 주의점은 대기 시간이 길어질 수 있다고 설명했습니다.",True,,,,,False,False,0.8717948717948718,0.6666666666666667,0.4358974358974359,0.33333333333333337,True,False,3.695823800051585,3.1256939999875613,,,,,question+passage,"여름 D반 1차 큐에 대해 비유는 번호표를 뽑고 기다리는 줄이라고, 장점은 처리 순서를 명확하게 만든다고, 그리고 주의점은 대기 시간이 길어질 수 있다고 설명했습니다.","여름 D반 1차 큐에 대해 비유는 waitline이라고, 주의점은 많은 시간에 대해 생각을 떠올리라고, 그리고 핵심은 시간이 길어질 수 있다고 설명했습니다."
dataset_ko_128_final,entity_simple_hard_test_project_00015:final:0,entity_simple_hard_test_project_00015,entity_simple_hard_test_project_00015,True,same_source_sibling_facts,1,4,23,20,파일럿 B반 1차 프론트엔드 점검 설명 중 담당과 확인 기준에 해당하는 내용만 답해줘.,"파일럿 B반 1차 프론트엔드 점검에 대해 담당은 프론트엔드 파트라고, 그리고 확인 기준은 사용자 차단 여부라고 설명했습니다.",True,,,,,False,False,0.8648648648648648,0.888888888888889,0.4324324324324324,0.4444444444444445,True,True,3.8251353000523522,3.7839165999903344,,,,,tie,"파일럿 B반 1차 프론트엔드 점검 설명에 대해 확인 기준은 사용자 차단 여부라고, 공유 위치는 프로젝트 슬랙 채널이라고, 그리고 담당은 프론트엔드 파트라고 설명했습니다.","파일럿 B반 1차 프론트엔드 점검에 대해 담당은 프론트엔드 파트라고, 마감은 다음 달 첫째 주 화요일이라고, 그리고 확인 기준은 사용자 차단 여부라고 설명했습니다."
dataset_ko_129_final,entity_simple_hard_test_dessert_00147:final:0,entity_simple_hard_test_dessert_00147,entity_simple_hard_test_dessert_00147,True,same_source_sibling_facts,1,4,23,20,심화 1팀 2차 브라우니 설명 중 비유와 색깔에 해당하는 내용만 답해줘.,"심화 1팀 2차 브라우니에 대해 비유는 초콜렛을 압축한 케이크라고, 그리고 색깔은 진한 갈색이라고 설명했습니다.",True,,,,,False,False,0.8750000000000001,0.8750000000000001,0.43750000000000006,0.43750000000000006,True,True,3.8525446000276133,3.787070899968967,,,,,tie,"심화 1팀 2차 브라우니에 대해 비유는 초콜렛을 압축한 케이크라고, 색깔은 진한 갈색이라고, 그리고 특징은 속이 촉촉하게 남는다고 설명했습니다.","심화 1팀 2차 브라우니에 대해 비유는 초콜렛을 압축한 케이크라고, 색깔은 진한 갈색이라고, 그리고 효과는 속이 촉촉하게 남는다고 설명했습니다."
dataset_ko_130_final,entity_simple_hard_test_os_concept_00367:final:0,entity_simple_hard_test_os_concept_00367,entity_simple_hard_test_os_concept_00367,True,same_source_sibling_facts,1,4,23,20,심화 3팀 4차 큐 설명 중 주의점과 비유에 해당하는 내용만 답해줘.,"심화 3팀 4차 큐에 대해 주의점은 대기 시간이 길어질 수 있다고, 그리고 비유는 번호표를 뽑고 기다리는 줄이라고 설명했습니다.",True,,,,,False,False,0.8717948717948718,0.7804878048780487,0.4358974358974359,0.39024390243902435,True,True,3.8070294999633916,4.167751299974043,,,,,question+passage,"심화 3팀 4차 큐에 대해 비유는 번호표를 뽑고 기다리는 줄이라고, 장점은 처리 순서를 명확하게 만든다고, 그리고 주의점은 대기 시간이 길어질 수 있다고 설명했습니다.","심화 3팀 4차 큐에 대해 주의점은 대기 시간이 길어질 수 있다고, 비유는 번호표를 뽑고 기다리는 시간이 길어질 수 있다고, 그리고 역할은 작업을 순서대로 기다리게 한다고 설명했습니다."
dataset_ko_131_final,entity_simple_hard_test_dessert_00003:final:0,entity_simple_hard_test_dessert_00003,entity_simple_hard_test_dessert_00003,True,same_source_sibling_facts,1,4,23,20,겨울 A반 1차 브라우니 설명 중 색깔과 비유에 해당하는 내용만 답해줘.,"겨울 A반 1차 브라우니에 대해 색깔은 진한 갈색이라고, 그리고 비유는 초콜렛을 압축한 케이크라고 설명했습니다.",True,,,,,False,False,0.8750000000000001,0.9032258064516129,0.43750000000000006,0.45161290322580644,True,True,3.7674864000291564,3.6807565999915823,,,,,tie,"겨울 A반 1차 브라우니에 대해 색깔은 진한 갈색이라고, 비유는 초콜렛을 압축한 케이크라고, 그리고 특징은 속이 촉촉하게 남는다고 설명했습니다.","겨울 A반 1차 브라우니에 대해 색깔은 진한 갈색이라고, 비유는 초콜렛을 압축한 케이크라고, 그리고 맛은 묵직하게 달콤하다고 설명했습니다."
dataset_ko_132_final,entity_simple_hard_test_os_concept_00102:final:0,entity_simple_hard_test_os_concept_00102,entity_simple_hard_test_os_concept_00102,True,same_source_sibling_facts,1,4,23,20,교수님이 가을 A반 2차 캐시의 역할과 장점을 어떻게 말했어?,"가을 A반 2차 캐시에 대해 역할은 자주 쓰는 정보를 가까이 둔다고, 그리고 장점은 반복 접근을 빠르게 만든다고 설명했습니다.",True,,,,,False,False,0.6153846153846153,0.65,0.30769230769230765,0.325,True,True,3.8143531000241637,3.7261127999518067,,,,,tie,"Professor의 캐시의 역할은 자주 쓰는 정보를 빠르게 만드는 것이라고, 장점은 반복 접근을 빠르게 만든다고, 그리고 주의점은 오래된 정보가 남을 수 있다고 설명했습니다.","교수님의 A반 2차 캐시에 대해 역할은 정보 접근을 빠르게 만든다고, 장점은 반복 접근을 빠르게 만든다고, 그리고 비유는 책상 위에 올려둔 책이라고 설명했습니다."
dataset_ko_133_final,entity_simple_hard_test_project_00349:final:0,entity_simple_hard_test_project_00349,entity_simple_hard_test_project_00349,True,same_source_sibling_facts,1,4,23,20,세미나 1팀 4차 백엔드 배포에서 확인 기준과 담당을 함께 정리해줘.,"세미나 1팀 4차 백엔드 배포에 대해 확인 기준은 오류 발생률이라고, 그리고 담당은 백엔드 팀이라고 설명했습니다.",True,,,,,False,False,0.9655172413793104,0.5116279069767441,0.4827586206896552,0.25581395348837205,True,True,2.545641600037925,3.8587381999823265,,,,,question+passage,"세미나 1팀 4차 백엔드 배포에 대해 확인 기준은 오류 발생률이라고, 담당은 백엔드 팀이라고 설명했습니다.","세미나 1팀 4차 백엔드 배포에 대해 확인 기준은 오류 발생률을 함께 보고서 구간이라고, 처리 대상을 EBS 데이터 범위을 함께 설명이라고, 그리고 확인 방법은 yml 파일을 함께 설명이라고 설명했습니다."
dataset_ko_134_final,entity_simple_hard_test_dessert_00384:final:0,entity_simple_hard_test_dessert_00384,entity_simple_hard_test_dessert_00384,True,same_source_sibling_facts,1,4,23,20,캡스톤 오전반 4차 초콜렛 설명에서 색깔과 비유만 알려줘.,"캡스톤 오전반 4차 초콜렛에 대해 색깔은 검정색이라고, 그리고 비유는 작은 선물 상자라고 설명했습니다.",True,,,,,False,False,0.8666666666666666,0.7142857142857142,0.4333333333333333,0.3571428571428571,True,True,3.1887093000113964,2.715881999989506,,,,,question+passage,"캡스톤 오전반 4차 초콜렛 설명에 대해 색깔은 검정색이라고, 비유는 작은 선물 상자라고, 그리고 특징은 입안에서 천천히 녹는다고 설명했습니다.","캡스톤 오전반 4차 초콜렛에 대해 색깔은 검정색이라고, 비유는 다르게 보여주는 것이라고, 그리고 프로는 추천이라고 설명했습니다."
dataset_ko_135_final,entity_simple_hard_test_project_00062:final:0,entity_simple_hard_test_project_00062,entity_simple_hard_test_project_00062,True,same_source_sibling_facts,1,4,23,20,교수님이 가을 3팀 1차 AI 모델 평가의 확인 기준과 담당을 어떻게 말했어?,"가을 3팀 1차 AI 모델 평가에 대해 확인 기준은 정답률이라고, 그리고 담당은 AI 파트라고 설명했습니다.",True,,,,,False,False,0.8484848484848485,0.6,0.42424242424242425,0.3,True,False,2.918578799988609,3.718966999964323,,,,,question+passage,"가을 3팀 1차 AI 모델 평가의 확인 기준은 정답률이라고, 담당은 AI 파트라고, 그리고 마감은 금요일 자정 전이라고 설명했습니다.","교수님이 가을 3팀 1차 AI 모델 평가의 확인 기준에 대해 확인 기준이 반영된 위치가 “팀 공유” 부분이라고, 담당은 정보 안내 부분이라고, 그리고 담당은 수정 suggestion이라고 설명했습니다."
dataset_ko_136_final,entity_simple_hard_test_project_00254:final:0,entity_simple_hard_test_project_00254,entity_simple_hard_test_project_00254,True,same_source_sibling_facts,1,4,23,20,교수님이 캡스톤 2팀 3차 AI 모델 평가의 확인 기준과 담당을 어떻게 말했어?,"캡스톤 2팀 3차 AI 모델 평가에 대해 확인 기준은 정답률이라고, 그리고 담당은 AI 파트라고 설명했습니다.",True,,,,,False,False,0.8235294117647058,0.6666666666666667,0.4117647058823529,0.33333333333333337,True,False,3.333119299961254,4.532236099999864,,,,,question+passage,"교수님 캡스톤 2팀 3차 AI 모델 평가의 확인 기준은 정답률이라고, 담당은 AI 파트라고, 그리고 마감은 금요일 자정 전이라고 설명했습니다.","캡스톤 2팀 3차 AI 모델 평가의 확인 기준, 확인过程和不归档分别描述了细节有误和非保管区,进行了区分和报告给后方,予以确认的处理进行了说明,在参考答案中留下了空位,因为是解答错误答案,进行了删除,提交到后方进行了说明"
dataset_ko_137_final,entity_simple_hard_test_os_concept_00149:final:0,entity_simple_hard_test_os_concept_00149,entity_simple_hard_test_os_concept_00149,True,same_source_sibling_facts,1,4,23,20,세미나 1팀 2차 스레드에서 장점과 역할을 함께 정리해줘.,"세미나 1팀 2차 스레드에 대해 장점은 작업을 가볍게 나눌 수 있다고, 그리고 역할은 프로세스 안에서 작업을 나누어 실행한다고 설명했습니다.",True,,,,,False,False,0.6818181818181818,0.43243243243243246,0.3409090909090909,0.21621621621621623,True,False,4.1073274000082165,3.228832599997986,,,,,question+passage,"세미나 1팀 2차 스레드에 대해 장점은 작업을 가볍게 나눌 수 있다고, 역할은 프로세스 중에 쉬는 시간을 가볍게 나눌 수 있다고, 그리고 비유는 같은 식당 안에서 일하는 직원이라고 설명했습니다.","세미나 1팀 2차 스레드에 대해 주의점은 반복하는 단어가 많다고, 역할은와 그 밝히지 않는 정보가 있다고, 그리고 결론은 기준이 아니라고 설명했습니다."
dataset_ko_138_final,entity_simple_hard_test_art_history_00329:final:0,entity_simple_hard_test_art_history_00329,entity_simple_hard_test_art_history_00329,True,same_source_sibling_facts,1,4,23,20,세미나 C반 4차 입체주의에서 비유와 비교 포인트를 함께 정리해줘.,"세미나 C반 4차 입체주의에 대해 비유는 여러 방향에서 본 사물을 한 화면에 놓는 방식이라고, 그리고 비교 포인트는 단일 원근과 다르다고 설명했습니다.",True,,,,,False,False,0.8837209302325582,0.375,0.4418604651162791,0.1875,True,False,3.8352124000084586,5.550499200006016,,,,,question+passage,"세미나 C반 4차 입체주의에 대해 비유는 여러 방향에서 본 사물을 한 화면에 놓는 방식이라고, 목적은 대상을 새롭게 해석하는 것이라고, 그리고 비교 포인트는 단일 원근과 다르다고 설명했습니다.","세미나 C반 4차 입체주의에 대해 비유는 단일 화면에 나타나는 자신과 다른角度으로 나타나는 자신이 만나는 지점에存在于고, 특징은 여러자리의含义을有给予는白色的 사각에存在于가 생각나는 결과에存在于는 이해를帮助给予하는 관점에存在于가 생각나는 결과에存在于하는 관점이라고 설명했습니다."
dataset_ko_139_final,entity_simple_hard_test_art_history_00354:final:0,entity_simple_hard_test_art_history_00354,entity_simple_hard_test_art_history_00354,True,same_source_sibling_facts,1,4,23,20,교수님이 캡스톤 2팀 4차 인상주의의 목적과 핵심 특징을 어떻게 말했어?,"캡스톤 2팀 4차 인상주의에 대해 목적은 관찰 순간을 살리는 것이라고, 그리고 핵심 특징은 빛의 순간적인 인상이라고 설명했습니다.",True,,,,,False,False,0.6363636363636364,0.5714285714285713,0.3181818181818182,0.28571428571428564,True,True,4.890400099975523,4.994666699960362,,,,,question+passage,"캡스톤 2팀 4차 인상주의에 대해 핵심 특징은 인상의意图가 주 Idea를 보드에 Developing 보다見える 햇빛의 중요성이라고, 비유는 햇빛이 흔들리는 수면에 비친 모습이라고, 그리고 목적은 관찰 순간을 살리는 것이라고 설명했습니다.","교수님의 캡스톤 2팀 4차 인상주의의 목적과 핵심 특징을 설명하라고 요청한 메일은 빛나는 부분은 색감의 연출이라고, 피해영역은 질문의 명중영향 부분이라고, 그리고 핵심 특징은 빛의 순간적인 인상이라고 설명했습니다."
dataset_ko_140_final,entity_simple_hard_test_statistics_00094:final:0,entity_simple_hard_test_statistics_00094,entity_simple_hard_test_statistics_00094,True,same_source_sibling_facts,1,4,23,20,교수님이 캡스톤 오후반 1차 상관계수의 활용과 비유를 어떻게 말했어?,"캡스톤 오후반 1차 상관계수에 대해 활용은 관계 강도를 빠르게 살필 때 쓴다고, 그리고 비유는 두 변수의 움직임을 비교하는 나침반이라고 설명했습니다.",True,,,,,False,False,0.7906976744186047,0.43750000000000006,0.39534883720930236,0.21875000000000003,True,False,4.975938800023869,2.7110553000238724,,,,,question+passage,"교수님이 캡스톤 오후반 1차 상관계수의 활용을 설명한 비유는 두 변수의 움직임을 비교하는 나침반이라고, 주의점은 원인 증명을 뜻하지 않는다고, 그리고 활용은 관계 강도를 빠르게 살필 때 쓴다고 설명했습니다.",교수님이 캡스톤 오후반 1차 상관계수의 활용과 비유를 요약한 말으로는 '데이터의 위치가 주는 의미'라고 설명했습니다.
dataset_ko_141_final,entity_simple_hard_test_os_concept_00220:final:0,entity_simple_hard_test_os_concept_00220,entity_simple_hard_test_os_concept_00220,True,same_source_sibling_facts,1,4,23,20,봄 C반 3차 프로세스 설명에서 비유와 주의점만 알려줘.,"봄 C반 3차 프로세스에 대해 비유는 독립된 식당이라고, 그리고 주의점은 자원을 너무 많이 쓰면 느려질 수 있다고 설명했습니다.",True,,,,,False,False,0.8648648648648648,0.8648648648648648,0.4324324324324324,0.4324324324324324,True,True,3.757093899999745,3.548287599987816,,,,,tie,"봄 C반 3차 프로세스 설명에 대해 비유는 독립된 식당이라고, 주의점은 자원을 너무 많이 쓰면 느려질 수 있다고, 그리고 역할은 독립된 실행 공간을 가진다고 설명했습니다.","봄 C반 3차 프로세스에 대해 비유는 독립된 식당이라고, 주의점은 자원을 너무 많이 쓰면 느려질 수 있다고, 그리고 결과는 독립된 실행 공간을 가진다고 설명했습니다."
dataset_ko_142_final,entity_simple_hard_test_art_history_00330:final:0,entity_simple_hard_test_art_history_00330,entity_simple_hard_test_art_history_00330,True,same_source_sibling_facts,1,4,23,20,교수님이 봄 D반 4차 인상주의의 비유와 비교 포인트를 어떻게 말했어?,"봄 D반 4차 인상주의에 대해 비유는 햇빛이 흔들리는 수면에 비친 모습이라고, 그리고 비교 포인트는 정확한 윤곽보다 색감이 중요하다고 설명했습니다.",True,,,,,False,False,0.8571428571428571,0.5365853658536586,0.42857142857142855,0.2682926829268293,True,False,4.146562999987509,4.4041645000106655,,,,,question+passage,"봄 D반 4차 인상주의에 대해 비유는 시간이 햇빛이 흔들리는 수면에 비친 모습이라고, 목적은 관찰 순간을 살리는 것이라고, 그리고 비교 포인트는 정확한 윤곽보다 색감이 중요하다고 설명했습니다.","봄 D반 4차 인상주의의 비유에 대해 비유가 주는 이미지는 햇빛의 흔들림이라고, 비유의 핵심 포인트는 대상의 흔들리는 인상이라고, 그리고 비교 포인트는 동영상의 Representatives의 정의라고 설명했습니다."
dataset_ko_143_final,entity_simple_hard_test_art_history_00090:final:0,entity_simple_hard_test_art_history_00090,entity_simple_hard_test_art_history_00090,True,same_source_sibling_facts,1,4,23,20,교수님이 봄 오후반 1차 인상주의의 비교 포인트와 비유를 어떻게 말했어?,"봄 오후반 1차 인상주의에 대해 비교 포인트는 정확한 윤곽보다 색감이 중요하다고, 그리고 비유는 햇빛이 흔들리는 수면에 비친 모습이라고 설명했습니다.",True,,,,,False,False,0.878048780487805,0.8,0.4390243902439025,0.4,True,True,4.0873220000066794,5.250399300013669,,,,,question+passage,"봄 오후반 1차 인상주의에 대해 비유는 햇빛이 흔들리는 수면에 비친 모습이라고, 목적은 관찰 순간을 살리는 것이라고, 그리고 비교 포인트는 정확한 윤곽보다 색감이 중요하다고 설명했습니다.","봄 오후반 1차 인상주의의 비교 포인트와 비유에 대해 시간을 빛나는 포인트는 정확한 윤곽보다 색감이 중요하다고, 핵심 특징은 빛의 순간적인 인상이라고, 그리고 비유는 햇빛이 흔들리는 수면에 비친 모습이라고 설명했습니다."
dataset_ko_144_final,entity_simple_hard_test_marketing_00035:final:0,entity_simple_hard_test_marketing_00035,entity_simple_hard_test_marketing_00035,True,same_source_sibling_facts,1,4,23,20,파일럿 D반 1차 멘토링 이벤트 설명 중 대상과 보상에 해당하는 내용만 답해줘.,"파일럿 D반 1차 멘토링 이벤트에 대해 대상은 멘토링 참여 학생이라고, 그리고 보상은 포인트 500점이라고 설명했습니다.",True,,,,,False,False,0.8823529411764706,0.9090909090909091,0.4411764705882353,0.45454545454545453,True,True,3.954675299988594,3.5119264000095427,,,,,tie,"파일럿 D반 1차 멘토링 이벤트에 대해 대상은 멘토링 참여 학생이라고, 보상은 포인트 500점이라고, 그리고 핵심 채널은 이메일 뉴스레터라고 설명했습니다.","파일럿 D반 1차 멘토링 이벤트에 대해 대상은 멘토링 참여 학생이라고, 보상은 포인트 500점이라고, 그리고 성과 지표는 재방문율이라고 설명했습니다."
dataset_ko_145_final,entity_simple_hard_test_os_concept_00150:final:0,entity_simple_hard_test_os_concept_00150,entity_simple_hard_test_os_concept_00150,True,same_source_sibling_facts,1,4,23,20,교수님이 봄 2팀 2차 캐시의 장점과 역할을 어떻게 말했어?,"봄 2팀 2차 캐시에 대해 장점은 반복 접근을 빠르게 만든다고, 그리고 역할은 자주 쓰는 정보를 가까이 둔다고 설명했습니다.",True,,,,,False,False,0.85,0.8947368421052632,0.425,0.4473684210526316,True,True,4.2389014000073075,3.9707106000278145,,,,,tie,"professors가 봄 2팀 2차 캐시에 대해 장점은 반복 접근을 빠르게 만든다고, 역할은 자주 쓰는 정보를 가까이 둔다고, 그리고 주의점은 오래된 정보가 남을 수 있다고 설명했습니다.","봄 2팀 2차 캐시에 대해 장점은 반복 접근을 빠르게 만든다고, 역할은 자주 쓰는 정보를 가까이 둔다고, 그리고 학기终일 메모리에 저장될 수 있다고 설명했습니다."
dataset_ko_146_final,entity_simple_hard_test_os_concept_00151:final:0,entity_simple_hard_test_os_concept_00151,entity_simple_hard_test_os_concept_00151,True,same_source_sibling_facts,1,4,23,20,여름 2팀 2차 큐 설명 중 장점과 역할에 해당하는 내용만 답해줘.,"여름 2팀 2차 큐에 대해 장점은 처리 순서를 명확하게 만든다고, 그리고 역할은 작업을 순서대로 기다리게 한다고 설명했습니다.",True,,,,,False,False,0.8717948717948718,0.8717948717948718,0.4358974358974359,0.4358974358974359,True,True,3.615272599970922,3.6114749999833293,,,,,tie,"여름 2팀 2차 큐에 대해 장점은 처리 순서를 명확하게 만든다고, 역할은 작업을 순서대로 기다리게 한다고, 그리고 주의점은 대기 시간이 길어질 수 있다고 설명했습니다.","여름 2팀 2차 큐에 대해 장점은 처리 순서를 명확하게 만든다고, 역할은 작업을 순서대로 기다리게 한다고, 그리고 주의점은 대기 시간이 길어질 수 있다고 설명했습니다."
dataset_ko_147_final,entity_simple_hard_test_project_00060:final:0,entity_simple_hard_test_project_00060,entity_simple_hard_test_project_00060,True,same_source_sibling_facts,1,4,23,20,봄 3팀 1차 최종 발표 설명에서 확인 기준과 담당만 알려줘.,"봄 3팀 1차 최종 발표에 대해 확인 기준은 근거 제시 여부라고, 그리고 담당은 기획 파트라고 설명했습니다.",True,,,,,False,False,0.7058823529411765,0.6,0.35294117647058826,0.3,True,False,3.1326099000289105,2.4309624999877997,,,,,question+passage,"봄 3팀 1차 최종 발표 설명에 대해 확인 기준과 담당은 기획 파트라고, 공유 위치는 팀 노션 페이지라고, 그리고 담당은 기획 파트라고 설명했습니다.",봄 3팀 1차 최종 발표 설명에 대해 확인 기준은 확인 담당을 담당이 맡은 것으로 이해하고 보냈다고 설명했습니다.
dataset_ko_148_final,entity_simple_hard_test_statistics_00117:final:0,entity_simple_hard_test_statistics_00117,entity_simple_hard_test_statistics_00117,True,same_source_sibling_facts,1,4,23,20,심화 B반 2차 신뢰구간에서 의미와 주의점을 함께 정리해줘.,"심화 B반 2차 신뢰구간에 대해 의미는 모수 추정 범위라고, 그리고 주의점은 정답 하나를 보장하지 않는다고 설명했습니다.",True,,,,,False,False,0.8205128205128205,0.8333333333333334,0.41025641025641024,0.4166666666666667,True,True,3.663579399988521,3.3266978000174277,,,,,tie,"심화 B반 2차 신뢰구간에 대해 주의점은 정답 하나를 보장하지 않는다고, 의미는 모수 추정 범위라고, 그리고 비유는 정답이 있을 법한 범위를 그은 지도라고 설명했습니다.","심화 B반 2차 신뢰구간에 대해 의미는 모수 추정 범위라고, 주의점은 정답 범위만 보장하지 않는다고, 그리고 의미는 모수 추정 범위라고 설명했습니다."
dataset_ko_149_final,entity_simple_hard_test_dessert_00360:final:0,entity_simple_hard_test_dessert_00360,entity_simple_hard_test_dessert_00360,True,same_source_sibling_facts,1,4,23,20,봄 3팀 4차 초콜렛 설명에서 특징과 맛만 알려줘.,"봄 3팀 4차 초콜렛에 대해 특징은 입안에서 천천히 녹는다고, 그리고 맛은 달콤하다고 설명했습니다.",True,,,,,False,False,0.8571428571428571,0.923076923076923,0.42857142857142855,0.4615384615384615,True,True,3.074456200003624,2.9629893000237644,,,,,passage-only,"봄 3팀 4차 초콜렛 설명에 대해 특징은 입안에서 천천히 녹는다고, 맛은 달콤하다고, 그리고 비유는 작은 선물 상자라고 설명했습니다.","봄 3팀 4차 초콜렛에 대해 특징은 입안에서 천천히 녹는다고, 맛은 달콤하다고, 그리고 색깔은 검정색이라고 설명했습니다."
dataset_ko_150_final,entity_simple_hard_test_os_concept_00391:final:0,entity_simple_hard_test_os_concept_00391,entity_simple_hard_test_os_concept_00391,True,same_source_sibling_facts,1,4,23,20,여름 오후반 4차 큐 설명 중 역할과 장점에 해당하는 내용만 답해줘.,"여름 오후반 4차 큐에 대해 역할은 작업을 순서대로 기다리게 한다고, 그리고 장점은 처리 순서를 명확하게 만든다고 설명했습니다.",True,,,,,False,False,0.8717948717948718,0.8947368421052632,0.4358974358974359,0.4473684210526316,True,True,3.788747000042349,3.5770702000008896,,,,,tie,"여름 오후반 4차 큐에 대해 장점은 처리 순서를 명확하게 만든다고, 역할은 작업을 순서대로 기다리게 한다고, 그리고 비유는 번호표를 뽑고 기다리는 줄이라고 설명했습니다.","여름 오후반 4차 큐에 대해 역할은 작업을 순서대로 기다리게 한다고, 장점은 처리 순서를 명확하게 만든다고, 그리고 사용 이유는 faster(속도를 우선시한다)라고 설명했습니다."
dataset_ko_151_final,entity_simple_hard_test_art_history_00160:final:0,entity_simple_hard_test_art_history_00160,entity_simple_hard_test_art_history_00160,True,same_source_sibling_facts,1,4,23,20,봄 3팀 2차 바로크 설명에서 목적과 핵심 특징만 알려줘.,"봄 3팀 2차 바로크에 대해 목적은 감정을 강하게 전달하는 것이라고, 그리고 핵심 특징은 극적 명암이라고 설명했습니다.",True,,,,,False,False,0.8333333333333333,0.43243243243243246,0.41666666666666663,0.21621621621621623,True,True,3.5733069999841973,4.038297999999486,,,,,question+passage,"봄 3팀 2차 바로크에 대해 핵심 특징은 극적 명암이라고, 목적은 감정을 강하게 전달하는 것이라고, 그리고 비유는 무대 조명이 한 장면을 강조하는 방식이라고 설명했습니다.","봄 3팀 2차 바로크에 대해 특징은 극적 명암과 같은 효과처럼 바로ch_angles이다. 들어서는 평면적 구도와 구분된다고, 본문 구도는 강조하는다고, 그리고 비유는 주의하는 방식이라고 설명했습니다."
dataset_ko_152_final,entity_simple_hard_test_statistics_00044:final:0,entity_simple_hard_test_statistics_00044,entity_simple_hard_test_statistics_00044,True,same_source_sibling_facts,1,4,23,20,캡스톤 1팀 1차 표본분산 설명에서 비유와 활용만 알려줘.,"캡스톤 1팀 1차 표본분산에 대해 비유는 점들이 얼마나 퍼졌는지 보는 자라고, 그리고 활용은 데이터 변동성을 볼 때 쓴다고 설명했습니다.",True,,,,,False,False,0.9696969696969697,0.6666666666666667,0.48484848484848486,0.33333333333333337,True,True,3.0051005000132136,3.509495899954345,,,,,question+passage,"캡스톤 1팀 1차 표본분산에 대해 비유는 점들이 얼마나 퍼졌는지 보는 자라고, 활용은 데이터 변동성을 볼 때 쓴다고 설명했습니다.","캡스톤 1팀 1차 표본분산 설명에 대해 비유는 점들이 얼마나 퍼졌는지 보는 자라고, 활용은 여러 차원을 1색다른 방안으로 봐는 경우를来形容了 said"
dataset_ko_153_final,entity_simple_hard_test_statistics_00045:final:0,entity_simple_hard_test_statistics_00045,entity_simple_hard_test_statistics_00045,True,same_source_sibling_facts,1,4,23,20,파일럿 1팀 1차 신뢰구간에서 비유와 활용을 함께 정리해줘.,"파일럿 1팀 1차 신뢰구간에 대해 비유는 정답이 있을 법한 범위를 그은 지도라고, 그리고 활용은 추정의 불확실성을 설명할 때 쓴다고 설명했습니다.",True,,,,,False,False,0.9047619047619047,0.5853658536585366,0.45238095238095233,0.2926829268292683,True,False,3.9664023999939673,4.025099799968302,,,,,question+passage,"파일럿 1팀 1차 신뢰구간에 대해 비유는 정답이 있을 법한 범위를 그은 지도라고, 활용은 추정의 불확실성을 설명할 때 쓴다고, 그리고 의미는 모수 추정 범위라고 설명했습니다.","파일럿 1팀 1차 신뢰구간에 대해 비유는 일반 범위를 잘지은 지도를 설명하는 비유라고, 활용은 추정의 대상이 왜 필요한지 설명한다고, 그리고 핵심을 정리할 때 쓴다고 설명했습니다."
dataset_ko_154_final,entity_simple_hard_test_dessert_00240:final:0,entity_simple_hard_test_dessert_00240,entity_simple_hard_test_dessert_00240,True,same_source_sibling_facts,1,4,23,20,봄 1팀 3차 초콜렛 설명에서 비유와 색깔만 알려줘.,"봄 1팀 3차 초콜렛에 대해 비유는 작은 선물 상자라고, 그리고 색깔은 검정색이라고 설명했습니다.",True,,,,,False,True,0.8571428571428571,1.0,0.42857142857142855,1.0,True,True,3.0795991999912076,2.1191497999825515,,,,,passage-only,"봄 1팀 3차 초콜렛 설명에 대해 비유는 작은 선물 상자라고, 색깔은 검정색이라고, 그리고 특징은 입안에서 천천히 녹는다고 설명했습니다.","봄 1팀 3차 초콜렛에 대해 비유는 작은 선물 상자라고, 그리고 색깔은 검정색이라고 설명했습니다."
dataset_ko_155_final,entity_simple_hard_test_statistics_00070:final:0,entity_simple_hard_test_statistics_00070,entity_simple_hard_test_statistics_00070,True,same_source_sibling_facts,1,4,23,20,교수님이 봄 4팀 1차 상관계수의 주의점과 의미를 어떻게 말했어?,"봄 4팀 1차 상관계수에 대해 주의점은 원인 증명을 뜻하지 않는다고, 그리고 의미는 선형 관계 강도라고 설명했습니다.",True,,,,,False,False,0.8108108108108109,0.5405405405405405,0.40540540540540543,0.27027027027027023,True,False,4.211213500006124,3.7127161999815144,,,,,question+passage,"professor님이 봄 4팀 1차 상관계수의 주의점에 대해 주의점은 원인 증명을 뜻하지 않는다고, 의미는 선형 관계 강도라고, 그리고 비유는 두 변수의 움직임을 비교하는 나침반이라고 설명했습니다.","교수님이 봄 4팀 1차 상관계수의 주의점과 의미를 설명할 때의 의미는 선형 관계의 강도라고, 그리고 주의점은 다른 변수와의 관계가 어떻게 되는지 알려주는 역할이라고 설명했습니다."
dataset_ko_156_final,entity_simple_hard_test_statistics_00287:final:0,entity_simple_hard_test_statistics_00287,entity_simple_hard_test_statistics_00287,True,same_source_sibling_facts,1,4,23,20,심화 오전반 3차 회귀분석 설명 중 활용과 비유에 해당하는 내용만 답해줘.,"심화 오전반 3차 회귀분석에 대해 활용은 예측 경향을 설명할 때 쓴다고, 그리고 비유는 흩어진 점 사이에 길을 그어 보는 일이라고 설명했습니다.",True,,,,,False,False,0.8837209302325582,0.23529411764705882,0.4418604651162791,0.11764705882352941,True,False,4.323116699990351,4.151180299988482,,,,,question+passage,"심화 오전반 3차 회귀분석 설명에 대해 비유는 흩어진 점 사이에 길을 그어 보는 일이라고, 주의점은 모든 원인을 증명하지는 않는다고, 그리고 활용은 예측 경향을 설명할 때 쓴다고 설명했습니다.","심화 오전반 3차 회귀분석 설명 중 활용과 비유에 해당하는 내용만 설명을 설명이 아니라 프로그램이 아니라 프로그램으로는 모형을 설명 cannot guarantee the correctness of the provided context, so it's important to ask for an address in terms of the best guess response."
dataset_ko_157_final,entity_simple_hard_test_statistics_00359:final:0,entity_simple_hard_test_statistics_00359,entity_simple_hard_test_statistics_00359,True,same_source_sibling_facts,1,4,23,20,세미나 2팀 4차 회귀분석 설명 중 주의점과 의미에 해당하는 내용만 답해줘.,"세미나 2팀 4차 회귀분석에 대해 주의점은 모든 원인을 증명하지는 않는다고, 그리고 의미는 관계의 경향 설명이라고 설명했습니다.",True,,,,,False,False,0.5714285714285714,0.5294117647058824,0.2857142857142857,0.2647058823529412,True,False,4.358884799992666,3.373614800046198,,,,,tie,"세미나 2팀 4차 회귀분석 설명에 대해 주의점은 다음과 같이 의미는 관계의 경향 설명이라고, 비유는 흩어진 점 사이에 길을 그어 보는 일이라고, 그리고 활용은 예측 경향을 설명할 때 쓴다고 설명했습니다.","세미나 2팀 4차 회귀분석 설명 중 주의점과 의미에 대해 종래 개념으로 해석이지만, 원인에 대한 설명은 뉴욕의 경우라고, 종래 개념으로 해석이라고 설명했습니다."
dataset_ko_158_final,entity_simple_hard_test_marketing_00058:final:0,entity_simple_hard_test_marketing_00058,entity_simple_hard_test_marketing_00058,True,same_source_sibling_facts,1,4,23,20,교수님이 실습 2팀 1차 스터디 모집의 성과 지표와 핵심 채널을 어떻게 말했어?,"실습 2팀 1차 스터디 모집에 대해 성과 지표는 완료율이라고, 그리고 핵심 채널은 학과 홈페이지라고 설명했습니다.",True,,,,,False,False,0.6857142857142857,0.8235294117647058,0.34285714285714286,0.4117647058823529,True,True,3.825031799962744,3.39984759996878,,,,,passage-only,"실습 2팀 1차 스터디 모집의 성과 지표를 중심으로한 핵심 채널은 질문권을 줄인다고, 대상은 스터디 신청자라고, 그리고 성과 지표는 완료율이라고 설명했습니다.","교수님 실습 2팀 1차 스터디 모집에 대해 성과 지표는 참여율이라고, 핵심 채널은 학과 홈페이지라고, 그리고 핵심 쌓임은 저장량이라고 설명했습니다."
dataset_ko_159_final,entity_simple_hard_test_project_00132:final:0,entity_simple_hard_test_project_00132,entity_simple_hard_test_project_00132,True,same_source_sibling_facts,1,4,23,20,가을 D반 2차 최종 발표 설명에서 마감과 공유 위치만 알려줘.,"가을 D반 2차 최종 발표에 대해 마감은 다음 주 월요일 밤이라고, 그리고 공유 위치는 팀 노션 페이지라고 설명했습니다.",True,,,,,False,False,0.967741935483871,0.8648648648648648,0.4838709677419355,0.4324324324324324,True,True,2.404416700010188,3.2533586000208743,,,,,question+passage,"가을 D반 2차 최종 발표 설명에 대해 공유 위치는 팀 노션 페이지라고, 마감은 다음 주 월요일 밤이라고 설명했습니다.","가을 D반 2차 최종 발표 설명에 대해 마감은 다음 주 월요일 밤이라고, 공유 위치는 팀 노션 페이지라고, 그리고 확인 기준은 근거 제시 여부라고 설명했습니다."
dataset_ko_160_final,entity_simple_hard_test_dessert_00097:final:0,entity_simple_hard_test_dessert_00097,entity_simple_hard_test_dessert_00097,True,same_source_sibling_facts,1,4,23,20,심화 오후반 1차 솜사탕에서 색깔과 비유를 함께 정리해줘.,"심화 오후반 1차 솜사탕에 대해 색깔은 분홍색이라고, 그리고 비유는 구름 같은 간식이라고 설명했습니다.",True,,,,,False,False,0.8387096774193548,0.896551724137931,0.4193548387096774,0.4482758620689655,True,True,3.362803000025451,2.953097700024955,,,,,passage-only,"심화 오후반 1차 솜사탕에 대해 비유는 구름 같은 간식이라고, 특징은 입에 닿으면 빠르게 사라진다고, 그리고 색깔은 분홍색이라고 설명했습니다.","심화 오후반 1차 솜사탕에 대해 색깔은 분홍색이라고, 비유는 구름 같은 간식이라고, 그리고 이유는 새롭고 달콤하다고 설명했습니다."
dataset_ko_161_final,entity_simple_hard_test_dessert_00338:final:0,entity_simple_hard_test_dessert_00338,entity_simple_hard_test_dessert_00338,True,same_source_sibling_facts,1,4,23,20,교수님이 실습 D반 4차 마카롱의 비유와 색깔을 어떻게 말했어?,"실습 D반 4차 마카롱에 대해 비유는 작은 보석 상자라고, 그리고 색깔은 알록달록하다고 설명했습니다.",True,,,,,False,False,0.7499999999999999,0.5625,0.37499999999999994,0.28125,True,True,3.38823699997738,3.2395515000098385,,,,,question+passage,"실습 D반 4차 마카롱에 대해 색깔은 부드럽고 진하다고, 비유는 작은 보석 상자라고, 그리고 조건은 겉은 바삭하고 속은 촉촉하다고 설명했습니다.","professor d반 4차 마카롱의 비유에 대해 비유가 정보 원자보다 강하고 싉은 맛이라고, 색깔은 알록달록하다고, 그리고 이미 매장과 분류했다고 설명했습니다."
dataset_ko_162_final,entity_simple_hard_test_project_00396:final:0,entity_simple_hard_test_project_00396,entity_simple_hard_test_project_00396,True,same_source_sibling_facts,1,4,23,20,정규 오후반 4차 최종 발표 설명에서 담당과 확인 기준만 알려줘.,"정규 오후반 4차 최종 발표에 대해 담당은 기획 파트라고, 그리고 확인 기준은 근거 제시 여부라고 설명했습니다.",True,,,,,False,False,0.888888888888889,0.6470588235294118,0.4444444444444445,0.3235294117647059,True,True,3.0692584000062197,2.863976900000125,,,,,question+passage,"정규 오후반 4차 최종 발표에 대해 확인 기준은 근거 제시 여부라고, 공유 위치는 팀 노션 페이지라고, 그리고 담당은 기획 파트라고 설명했습니다.","정규 오후반 4차 최종 발표 설명에 대해 담당은 기획 파트라고, 설명은 이해 기준으로 사용된 영역을 분야 경로 설명 요청 영역이라고 설명했습니다."
dataset_ko_163_final,entity_simple_hard_test_marketing_00059:final:0,entity_simple_hard_test_marketing_00059,entity_simple_hard_test_marketing_00059,True,same_source_sibling_facts,1,4,23,20,세미나 2팀 1차 멘토링 이벤트 설명 중 성과 지표와 핵심 채널에 해당하는 내용만 답해줘.,"세미나 2팀 1차 멘토링 이벤트에 대해 성과 지표는 재방문율이라고, 그리고 핵심 채널은 이메일 뉴스레터라고 설명했습니다.",True,,,,,False,False,0.8823529411764706,0.8571428571428571,0.4411764705882353,0.42857142857142855,True,True,3.926696599985007,4.137523699959274,,,,,tie,"세미나 2팀 1차 멘토링 이벤트 설명에 대해 핵심 채널은 이메일 뉴스레터라고, 대상은 멘토링 참여 학생이라고, 그리고 성과 지표는 재방문율이라고 설명했습니다.","세미나 2팀 1차 멘토링 이벤트에 대해 성과 지표는 재방문율이라고, 핵심 채널은 이메일 뉴스레터라고, 그리고 핵심 채널의 연결고리가 경로 분석이라고 설명했습니다."
dataset_ko_164_final,entity_simple_hard_test_art_history_00378:final:0,entity_simple_hard_test_art_history_00378,entity_simple_hard_test_art_history_00378,True,same_source_sibling_facts,1,4,23,20,교수님이 실습 4팀 4차 인상주의의 비교 포인트와 비유를 어떻게 말했어?,"실습 4팀 4차 인상주의에 대해 비교 포인트는 정확한 윤곽보다 색감이 중요하다고, 그리고 비유는 햇빛이 흔들리는 수면에 비친 모습이라고 설명했습니다.",True,,,,,False,False,0.8837209302325582,0.625,0.4418604651162791,0.3125,True,True,4.109625600045547,5.354283299995586,,,,,question+passage,"실습 4팀 4차 인상주의에 대해 비유는 햇빛이 흔들리는 수면에 비친 모습이라고, 목적은 관찰 순간을 살리는 것이라고, 그리고 비교 포인트는 정확한 윤곽보다 색감이 중요하다고 설명했습니다.","교수님의 실습 4팀 4차 인상주의의 비교 포인트와 비유에 대해 비교 포인트는 설명이 구체적이지 않은 부분이 빛나는 맛이라고, 핵심 특징은 빛의 순간적인 인상이라고, 그리고 비유는 햇빛이 흔들리는 수면에 비친 모습이라고 설명했습니다."
dataset_ko_165_final,entity_simple_hard_test_project_00156:final:0,entity_simple_hard_test_project_00156,entity_simple_hard_test_project_00156,True,same_source_sibling_facts,1,4,23,20,정규 2팀 2차 최종 발표 설명에서 확인 기준과 담당만 알려줘.,"정규 2팀 2차 최종 발표에 대해 확인 기준은 근거 제시 여부라고, 그리고 담당은 기획 파트라고 설명했습니다.",True,,,,,False,False,0.7222222222222223,0.5128205128205128,0.36111111111111116,0.2564102564102564,True,False,3.188993300020229,3.9242159000132233,,,,,question+passage,"정규 2팀 2차 최종 발표 설명에 대해 확인 기준과 담당은 기획 파트라고, 공유 위치는 팀 노션 페이지라고, 그리고 담당은 기획 파트라고 설명했습니다.","정규 2팀 2차 최종 발표 설명에 대해 확인 기준은 확인 담당을 담당이 맡은 페이지에 담은 싸이월드 링크라고, 설명은 이해 불분_rng_two.sh 파일을 전부 보내줄 것이라고 설명했습니다."
dataset_ko_166_final,entity_simple_hard_test_statistics_00333:final:0,entity_simple_hard_test_statistics_00333,entity_simple_hard_test_statistics_00333,True,same_source_sibling_facts,1,4,23,20,겨울 D반 4차 신뢰구간에서 비유와 활용을 함께 정리해줘.,"겨울 D반 4차 신뢰구간에 대해 비유는 정답이 있을 법한 범위를 그은 지도라고, 그리고 활용은 추정의 불확실성을 설명할 때 쓴다고 설명했습니다.",True,,,,,False,False,0.6976744186046512,0.46511627906976744,0.3488372093023256,0.23255813953488372,True,False,3.685066999983974,3.716559399967082,,,,,question+passage,"겨울 D반 4차 신뢰구간에 대해 비유는 정답이 있을 법한 범위를 그은 지도라고, 활용은 정답 하나를 보장하지 않는다고, 그리고 주의점은 정답 하나를 보장하지 않는다고 설명했습니다.","겨울 D반 4차 신뢰구간에 대해 비유는 일반 범위를 상상하는 것처럼, 데이터가 조금 다르지만 정답이 있을 수 있는 곳을 그는 설명하고edging의 추가는 없을 때를 가리킨다고 설명했습니다."
dataset_ko_167_final,entity_simple_hard_test_os_concept_00294:final:0,entity_simple_hard_test_os_concept_00294,entity_simple_hard_test_os_concept_00294,True,same_source_sibling_facts,1,4,23,20,교수님이 캡스톤 오후반 3차 캐시의 역할과 장점을 어떻게 말했어?,"캡스톤 오후반 3차 캐시에 대해 역할은 자주 쓰는 정보를 가까이 둔다고, 그리고 장점은 반복 접근을 빠르게 만든다고 설명했습니다.",True,,,,,False,False,0.6666666666666666,0.6829268292682927,0.3333333333333333,0.34146341463414637,True,True,4.324833499966189,4.212122099997941,,,,,tie,"prof의 캡스톤 오후반 3차 캐시에 대해 주의점은 중복 정보를 빠르게 찾는다고, 역할은 자주 쓰는 정보를 가까이 둔다고, 그리고 비유는 책상 위에 올려둔 책이라고 설명했습니다.","교수님이 캡스톤 오후반 3차 캐시에 대해 역할은 정보 저장에 사용되는 역할을, 장점은 반복 접근을 빠르게 만든다고, 그리고 구조는 빠르게 면에 올라가 있다고 설명했습니다."
dataset_ko_168_final,entity_simple_hard_test_art_history_00257:final:0,entity_simple_hard_test_art_history_00257,entity_simple_hard_test_art_history_00257,True,same_source_sibling_facts,1,4,23,20,심화 2팀 3차 입체주의에서 목적과 핵심 특징을 함께 정리해줘.,"심화 2팀 3차 입체주의에 대해 목적은 대상을 새롭게 해석하는 것이라고, 그리고 핵심 특징은 여러 시점이라고 설명했습니다.",True,,,,,False,False,0.7999999999999999,0.888888888888889,0.39999999999999997,0.4444444444444445,True,True,3.3084426000132225,3.1382188000134192,,,,,passage-only,"심화 2팀 3차 입체주의에 대해 핵심 특징은 여러 방향에서 본 사물을 한 화면에 놓는 방식이라고, 목적은 대상을 새롭게 해석하는 것이라고 설명했습니다.","심화 2팀 3차 입체주의에 대해 목적은 대상을 새롭게 해석하는 것이라고, 핵심 특징은 여러 시점이라고, 그리고 핵심 특징은 여러 시점이라고 설명했습니다."
dataset_ko_169_final,entity_simple_hard_test_art_history_00137:final:0,entity_simple_hard_test_art_history_00137,entity_simple_hard_test_art_history_00137,True,same_source_sibling_facts,1,4,23,20,심화 D반 2차 입체주의에서 비유와 비교 포인트를 함께 정리해줘.,"심화 D반 2차 입체주의에 대해 비유는 여러 방향에서 본 사물을 한 화면에 놓는 방식이라고, 그리고 비교 포인트는 단일 원근과 다르다고 설명했습니다.",True,,,,,False,False,0.8837209302325582,0.5581395348837209,0.4418604651162791,0.27906976744186046,True,False,3.87214110000059,3.6700172999990173,,,,,question+passage,"심화 D반 2차 입체주의에 대해 비유는 여러 방향에서 본 사물을 한 화면에 놓는 방식이라고, 목적은 대상을 새롭게 해석하는 것이라고, 그리고 비교 포인트는 단일 원근과 다르다고 설명했습니다.","심화 D반 2차 입체주의에서 비유와 비교 포인트는 생각이 단일 방향인 입력과 다르다고, 결과이지만 기본 개념은 여러 방향이라고, 그리고 비유가 단일 생각을 좋게 놓는다고 설명했습니다."
dataset_ko_170_final,entity_simple_hard_test_marketing_00275:final:0,entity_simple_hard_test_marketing_00275,entity_simple_hard_test_marketing_00275,True,same_source_sibling_facts,1,4,23,20,파일럿 4팀 3차 멘토링 이벤트 설명 중 보상과 대상에 해당하는 내용만 답해줘.,"파일럿 4팀 3차 멘토링 이벤트에 대해 보상은 포인트 500점이라고, 그리고 대상은 멘토링 참여 학생이라고 설명했습니다.",True,,,,,False,False,0.9090909090909091,0.8823529411764706,0.45454545454545453,0.4411764705882353,True,True,3.510632399993483,4.046755400020629,,,,,tie,"파일럿 4팀 3차 멘토링 이벤트에 대해 보상은 포인트 500점이라고, 대상은 멘토링 참여 학생이라고, 그리고 성과 지표는 재방문율이라고 설명했습니다.","파일럿 4팀 3차 멘토링 이벤트에 대해 보상은 포인트 500점이라고, 핵심 채널은 이메일 뉴스레터라고, 그리고 대상은 멘토링 참여 학생이라고 설명했습니다."
dataset_ko_171_final,entity_simple_hard_test_os_concept_00316:final:0,entity_simple_hard_test_os_concept_00316,entity_simple_hard_test_os_concept_00316,True,same_source_sibling_facts,1,4,23,20,정규 B반 4차 프로세스 설명에서 비유와 주의점만 알려줘.,"정규 B반 4차 프로세스에 대해 비유는 독립된 식당이라고, 그리고 주의점은 자원을 너무 많이 쓰면 느려질 수 있다고 설명했습니다.",True,,,,,False,False,0.8717948717948718,0.8717948717948718,0.4358974358974359,0.4358974358974359,True,True,3.8061547999968752,3.9512734999880195,,,,,tie,"정규 B반 4차 프로세스 설명에 대해 비유는 독립된 식당이라고, 주의점은 자원을 너무 많이 쓰면 느려질 수 있다고, 그리고 역할은 독립된 실행 공간을 가진다고 설명했습니다.","정규 B반 4차 프로세스에 대해 비유는 독립된 식당이라고, 주의점은 자원을 너무 많이 쓰면 느려질 수 있다고, 그리고 결론은 독립된 실행이误务을 줄일 수 있다고 설명했습니다."
dataset_ko_172_final,entity_simple_hard_test_dessert_00313:final:0,entity_simple_hard_test_dessert_00313,entity_simple_hard_test_dessert_00313,True,same_source_sibling_facts,1,4,23,20,겨울 B반 4차 솜사탕에서 맛과 특징을 함께 정리해줘.,"겨울 B반 4차 솜사탕에 대해 맛은 가볍게 달콤하다고, 그리고 특징은 입에 닿으면 빠르게 사라진다고 설명했습니다.",True,,,,,False,False,0.8823529411764706,0.6666666666666666,0.4411764705882353,0.3333333333333333,True,True,3.4797542999731377,2.9928358999895863,,,,,question+passage,"겨울 B반 4차 솜사탕에 대해 맛은 가볍게 달콤하다고, 특징은 입에 닿으면 빠르게 사라진다고, 그리고 비유는 구름 같은 간식이라고 설명했습니다.","겨울 B반 4차 솜사탕에 대해 맛은 가볍게 달콤하다고, 맛은 깔끔하다고, 그리고 색깔은 진한 녹색이라고 설명했습니다."
dataset_ko_173_final,entity_simple_hard_test_project_00014:final:0,entity_simple_hard_test_project_00014,entity_simple_hard_test_project_00014,True,same_source_sibling_facts,1,4,23,20,교수님이 캡스톤 B반 1차 AI 모델 평가의 담당과 확인 기준을 어떻게 말했어?,"캡스톤 B반 1차 AI 모델 평가에 대해 담당은 AI 파트라고, 그리고 확인 기준은 정답률이라고 설명했습니다.",True,,,,,False,False,0.8108108108108109,0.8,0.40540540540540543,0.4,True,True,3.4171547000296414,3.2067623999901116,,,,,tie,"캡스톤 B반 1차 AI 모델 평가의 담당과 확인 기준에 대해 확인 기능은 회의록 관리라고, 담당자는 AI 파트라고, 그리고 확인 기준은 정답률이라고 설명했습니다.","캡스톤 B반 1차 AI 모델 평가에 대해 담당은 AI 파트라고, 확인 기준은 정답률을 설명했다고, 그리고 문제는 답을 어디에 저장해야 하는데라고 설명했습니다."
dataset_ko_174_final,entity_simple_hard_test_os_concept_00221:final:0,entity_simple_hard_test_os_concept_00221,entity_simple_hard_test_os_concept_00221,True,same_source_sibling_facts,1,4,23,20,여름 C반 3차 스레드에서 비유와 주의점을 함께 정리해줘.,"여름 C반 3차 스레드에 대해 비유는 같은 식당 안에서 일하는 직원이라고, 그리고 주의점은 공유 자원 관리가 필요하다고 설명했습니다.",True,,,,,False,False,0.878048780487805,0.4736842105263158,0.4390243902439025,0.2368421052631579,True,False,3.4857578999944963,3.3231647000066005,,,,,question+passage,"여름 C반 3차 스레드에 대해 비유는 같은 식당 안에서 일하는 직원이라고, 장점은 작업을 가볍게 나눌 수 있다고, 그리고 주의점은 공유 자원 관리가 필요하다고 설명했습니다.","여름 C반 3차 스레드에 대해 비유는 동일한 곳에 멈춰 standing joke이라고, 주의점은 끝나는 것이라고, 그리고 역할은 작업을 분해하는 unit이라고 설명했습니다."
dataset_ko_175_final,entity_simple_hard_test_dessert_00267:final:0,entity_simple_hard_test_dessert_00267,entity_simple_hard_test_dessert_00267,True,same_source_sibling_facts,1,4,23,20,심화 3팀 3차 브라우니 설명 중 특징과 맛에 해당하는 내용만 답해줘.,"심화 3팀 3차 브라우니에 대해 특징은 속이 촉촉하게 남는다고, 그리고 맛은 묵직하게 달콤하다고 설명했습니다.",True,,,,,False,False,0.8750000000000001,0.8148148148148148,0.43750000000000006,0.4074074074074074,True,True,3.7911463999771513,2.8506430000416003,,,,,question+passage,"심화 3팀 3차 브라우니에 대해 특징은 속이 촉촉하게 남는다고, 맛은 묵직하게 달콤하다고, 그리고 특징은 속이 촉촉하게 제공하는다고 설명했습니다.","심화 3팀 3차 브라우니에 대해 특징은 속이 촉촉하게 남는다고, 맛은 달콤하게 달라진다고 설명했습니다."
dataset_ko_176_final,entity_simple_hard_test_art_history_00235:final:0,entity_simple_hard_test_art_history_00235,entity_simple_hard_test_art_history_00235,True,same_source_sibling_facts,1,4,23,20,파일럿 D반 3차 르네상스 설명 중 비유와 비교 포인트에 해당하는 내용만 답해줘.,"파일럿 D반 3차 르네상스에 대해 비유는 사람을 화면 중앙에 다시 세우는 방식이라고, 그리고 비교 포인트는 절대왕정 중심 설명과 다르다고 설명했습니다.",True,,,,,False,False,0.5945945945945946,0.761904761904762,0.2972972972972973,0.380952380952381,True,True,3.795249800023157,3.7847997000208125,,,,,passage-only,"파일럿 D반 3차 르네상스 설명을 주고의 절대왕정 중심 설명과 다르다고, 비교 포인트는 절대왕정으로 드러내는 것이라고, 그리고 핵심 특징은 인문주의라고 설명했습니다.","파일럿 D반 3차 르네상스에 대해 비유는 사람을 화면 중앙에 다시 세우는 방식이라고, 목적은 사람의 가치를 드러내는 것이라고, 그리고 비교 포인트에 해당하는 내용이라고 설명했습니다."
dataset_ko_177_final,entity_simple_hard_test_art_history_00283:final:0,entity_simple_hard_test_art_history_00283,entity_simple_hard_test_art_history_00283,True,same_source_sibling_facts,1,4,23,20,겨울 오전반 3차 르네상스 설명 중 비교 포인트와 비유에 해당하는 내용만 답해줘.,"겨울 오전반 3차 르네상스에 대해 비교 포인트는 절대왕정 중심 설명과 다르다고, 그리고 비유는 사람을 화면 중앙에 다시 세우는 방식이라고 설명했습니다.",True,,,,,False,False,0.9268292682926829,0.9268292682926829,0.46341463414634143,0.46341463414634143,True,True,4.02317200001562,3.9568919999874197,,,,,tie,"겨울 오전반 3차 르네상스 설명에 대해 비교 포인트는 절대왕정 중심 설명과 다르다고, 핵심 특징은 인문주의라고, 그리고 비유는 사람을 화면 중앙에 다시 세우는 방식이라고 설명했습니다.","겨울 오전반 3차 르네상스에 대해 비교 포인트는 절대왕정 중심 설명과 다르다고, 비유는 사람을 화면 중앙에 다시 세우는 방식이라고, 그리고 비유의 특징은 인문주의라고 설명했습니다."
dataset_ko_178_final,entity_simple_hard_test_art_history_00041:final:0,entity_simple_hard_test_art_history_00041,entity_simple_hard_test_art_history_00041,True,same_source_sibling_facts,1,4,23,20,여름 1팀 1차 입체주의에서 비유와 비교 포인트를 함께 정리해줘.,"여름 1팀 1차 입체주의에 대해 비유는 여러 방향에서 본 사물을 한 화면에 놓는 방식이라고, 그리고 비교 포인트는 단일 원근과 다르다고 설명했습니다.",True,,,,,False,False,0.8837209302325582,0.5454545454545454,0.4418604651162791,0.2727272727272727,True,False,3.9904317000182346,4.163463699980639,,,,,question+passage,"여름 1팀 1차 입체주의에 대해 비유는 여러 방향에서 본 사물을 한 화면에 놓는 방식이라고, 목적은 대상을 새롭게 해석하는 것이라고, 그리고 비교 포인트는 단일 원근과 다르다고 설명했습니다.","여름 1팀 1차 입체주의에 대해 비유는 단일 시점에 여러 프러미엄한 시점으로 보는 것이라고, 이유는 다양한 실체의 표현 방법이라고, 그리고 비교 포인트는和宾语는 프러미엄한 단일 시점이라고 설명했습니다."
dataset_ko_179_final,entity_simple_hard_test_dessert_00001:final:0,entity_simple_hard_test_dessert_00001,entity_simple_hard_test_dessert_00001,True,same_source_sibling_facts,1,4,23,20,여름 A반 1차 솜사탕에서 색깔과 비유를 함께 정리해줘.,"여름 A반 1차 솜사탕에 대해 색깔은 분홍색이라고, 그리고 비유는 구름 같은 간식이라고 설명했습니다.",True,,,,,False,False,0.8387096774193548,0.896551724137931,0.4193548387096774,0.4482758620689655,True,True,3.320099200005643,2.8565956999664195,,,,,passage-only,"여름 A반 1차 솜사탕에 대해 색깔은 분홍색이라고, 비유는 구름 같은 간식이라고, 그리고 특징은 입에 닿으면 빠르게 사라진다고 설명했습니다.","여름 A반 1차 솜사탕에 대해 색깔은 분홍색이라고, 비유는 구름 같은 간식이라고, 그리고 이유는 새롭고 명확하다고 설명했습니다."
dataset_ko_180_final,entity_simple_hard_test_marketing_00369:final:0,entity_simple_hard_test_marketing_00369,entity_simple_hard_test_marketing_00369,True,same_source_sibling_facts,1,4,23,20,세미나 3팀 4차 동아리 홍보에서 보상과 대상을 함께 정리해줘.,"세미나 3팀 4차 동아리 홍보에 대해 보상은 굿즈 추첨권이라고, 그리고 대상은 동아리 회원이라고 설명했습니다.",True,,,,,False,False,0.6000000000000001,0.6666666666666666,0.30000000000000004,0.3333333333333333,False,True,2.767723400029354,3.3737992999958806,,,,,passage-only,"세미나 3팀 4차 동아리 홍보에 대해 보상은 참여 시간이 100단어 정도라고, 대상은 최종 결과가 보상이라고 설명했습니다.","세미나 3팀 4차 동아리 홍보에 대해 성과 지표는 참여율이라고, 보상은 굿즈 추첨권이라고, 핵심 채널은 오픈채팅방이라고 설명했습니다."
dataset_ko_181_final,entity_simple_hard_test_project_00134:final:0,entity_simple_hard_test_project_00134,entity_simple_hard_test_project_00134,True,same_source_sibling_facts,1,4,23,20,교수님이 캡스톤 D반 2차 AI 모델 평가의 마감과 공유 위치를 어떻게 말했어?,"캡스톤 D반 2차 AI 모델 평가에 대해 마감은 금요일 자정 전이라고, 그리고 공유 위치는 회의록 폴더라고 설명했습니다.",True,,,,,False,False,0.8648648648648648,0.65,0.4324324324324324,0.325,True,True,3.4501166999689303,3.7435139999724925,,,,,question+passage,"교수님 캡스톤 D반 2차 AI 모델 평가의 마감은 금요일 자정 전이라고, 공유 위치는 회의록 폴더라고, 그리고 담당은 AI 파트라고 설명했습니다.","캡스톤 D반 2차 AI 모델 평가의 마감과 공유 위치에 대해 마감은 15일 전後 3 days 후 알려지면 되는 것으로 보인다고, 공유 위치는 회의록 폴더라고 설명했습니다."
dataset_ko_182_final,entity_simple_hard_test_os_concept_00172:final:0,entity_simple_hard_test_os_concept_00172,entity_simple_hard_test_os_concept_00172,True,same_source_sibling_facts,1,4,23,20,가을 4팀 2차 프로세스 설명에서 주의점과 비유만 알려줘.,"가을 4팀 2차 프로세스에 대해 주의점은 자원을 너무 많이 쓰면 느려질 수 있다고, 그리고 비유는 독립된 식당이라고 설명했습니다.",True,,,,,False,False,0.6808510638297872,0.7317073170731708,0.3404255319148936,0.3658536585365854,True,True,4.683040200034156,3.7601936000282876,,,,,passage-only,"가을 4팀 2차 프로세스 설명에 대해 주의점은 자원을 너무 많이 쓰면 느려질 수 있다고, 비유는 시간을 너무 많이 쓰면 대응이 똑같은 다른 곳에서 설명하고 있다고, 그리고 역할은 독립된 실행 공간을 가진다고 설명했습니다.","가을 4팀 2차 프로세스에 대해 주의점은 자원을 너무 많이 쓰면 느려질 수 있다고, 비유는 걸러지지 않는 선에서 사용한다고, 그리고 비유는 직접 영향을 줌은 있다고 설명했습니다."
dataset_ko_183_final,entity_simple_hard_test_statistics_00047:final:0,entity_simple_hard_test_statistics_00047,entity_simple_hard_test_statistics_00047,True,same_source_sibling_facts,1,4,23,20,심화 1팀 1차 회귀분석 설명 중 비유와 활용에 해당하는 내용만 답해줘.,"심화 1팀 1차 회귀분석에 대해 비유는 흩어진 점 사이에 길을 그어 보는 일이라고, 그리고 활용은 예측 경향을 설명할 때 쓴다고 설명했습니다.",True,,,,,False,False,0.972972972972973,0.3076923076923077,0.4864864864864865,0.15384615384615385,True,False,3.30263410002226,3.3918991000391543,,,,,question+passage,"심화 1팀 1차 회귀분석 설명에 대해 비유는 흩어진 점 사이에 길을 그어 보는 일이라고, 활용은 예측 경향을 설명할 때 쓴다고 설명했습니다.","심화 1팀 1차 회귀분석 설명 중 비유와 활용에 해당하는 내용만 설명하라면, 데이터가 담긴 자리와 분석의 결과를 설명하는 글이란 차이를 설명하는 역할이 있겠습니다."
dataset_ko_184_final,entity_simple_hard_test_art_history_00115:final:0,entity_simple_hard_test_art_history_00115,entity_simple_hard_test_art_history_00115,True,same_source_sibling_facts,1,4,23,20,파일럿 B반 2차 르네상스 설명 중 핵심 특징과 목적에 해당하는 내용만 답해줘.,"파일럿 B반 2차 르네상스에 대해 핵심 특징은 인문주의라고, 그리고 목적은 사람의 가치를 드러내는 것이라고 설명했습니다.",True,,,,,False,False,0.6976744186046512,0.5882352941176471,0.3488372093023256,0.29411764705882354,True,True,4.8487567999982275,3.7713093999773264,,,,,question+passage,"파일럿 B반 2차 르네상스에 대해 핵심 특징은 인문주의라고, 목적은 사람의 가치를 드러내는 것이라고, 그리고 비교 포인트는 인문주의에 대해 핵심 특징은 인문주의라고, 그리고 비교 방법은 절대왕정 중심 설명과 다르다고 설명했습니다.","파일럿 B반 2차 르네상스에 대해 핵심 특징은 인문주의라고, 핵심 특징을 십 대 전망 중 가장 핵심 특징이라고, 그리고 핵심 특이점은 인문주의라고 설명했습니다."
dataset_ko_185_final,entity_simple_hard_test_dessert_00264:final:0,entity_simple_hard_test_dessert_00264,entity_simple_hard_test_dessert_00264,True,same_source_sibling_facts,1,4,23,20,캡스톤 3팀 3차 초콜렛 설명에서 특징과 맛만 알려줘.,"캡스톤 3팀 3차 초콜렛에 대해 특징은 입안에서 천천히 녹는다고, 그리고 맛은 달콤하다고 설명했습니다.",True,,,,,False,False,0.9285714285714286,0.9285714285714286,0.4642857142857143,0.4642857142857143,True,True,3.144845000002533,3.0795959000242874,,,,,tie,"캡스톤 3팀 3차 초콜렛 설명에 대해 특징은 입안에서 천천히 녹는다고, 색깔은 검정색이라고, 그리고 맛은 달콤하다고 설명했습니다.","캡스톤 3팀 3차 초콜렛에 대해 특징은 입안에서 천천히 녹는다고, 맛은 달콤하다고, 그리고 색깔은 검정색이라고 설명했습니다."
dataset_ko_186_final,entity_simple_hard_test_statistics_00095:final:0,entity_simple_hard_test_statistics_00095,entity_simple_hard_test_statistics_00095,True,same_source_sibling_facts,1,4,23,20,파일럿 오후반 1차 회귀분석 설명 중 활용과 비유에 해당하는 내용만 답해줘.,"파일럿 오후반 1차 회귀분석에 대해 활용은 예측 경향을 설명할 때 쓴다고, 그리고 비유는 흩어진 점 사이에 길을 그어 보는 일이라고 설명했습니다.",True,,,,,False,False,0.8837209302325582,0.6470588235294117,0.4418604651162791,0.32352941176470584,True,True,4.386853200034238,3.9276669999817386,,,,,question+passage,"파일럿 오후반 1차 회귀분석 설명에 대해 비유는 흩어진 점 사이에 길을 그어 보는 일이라고, 주의점은 모든 원인을 증명하지는 않는다고, 그리고 활용은 예측 경향을 설명할 때 쓴다고 설명했습니다.","파일럿 오후반 1차 회귀분석 설명에 대해 활용은 예측 경향을 설명할 때 쓴다고, 비유는 주제 misunderstanding으로부터 설명까지 조정하는传统认为进行了填补了选择偏差,进行了辩护,进行了定义回答了「为什么」引起了思考"
dataset_ko_187_final,entity_simple_hard_test_os_concept_00270:final:0,entity_simple_hard_test_os_concept_00270,entity_simple_hard_test_os_concept_00270,True,same_source_sibling_facts,1,4,23,20,교수님이 봄 4팀 3차 캐시의 주의점과 비유를 어떻게 말했어?,"봄 4팀 3차 캐시에 대해 주의점은 오래된 정보가 남을 수 있다고, 그리고 비유는 책상 위에 올려둔 책이라고 설명했습니다.",True,,,,,False,False,0.8648648648648648,0.4864864864864864,0.4324324324324324,0.2432432432432432,True,True,3.691652800014708,3.2356027999776416,,,,,question+passage,"봄 4팀 3차 캐시에 대해 비유는 책상 위에 올려둔 책이라고, 장점은 반복 접근을 빠르게 만든다고, 그리고 주의점은 오래된 정보가 남을 수 있다고 설명했습니다.","Professor Lee's 3rd Team Cache에 대해 주의점은 오래된 정보가 남을 수 있다고, 비유는 누적 현상이라고, 그리고 장점은 반복 접근을 빠르게 만든다고 설명했습니다."
dataset_ko_188_final,entity_simple_hard_test_dessert_00072:final:0,entity_simple_hard_test_dessert_00072,entity_simple_hard_test_dessert_00072,True,same_source_sibling_facts,1,4,23,20,가을 4팀 1차 초콜렛 설명에서 특징과 맛만 알려줘.,"가을 4팀 1차 초콜렛에 대해 특징은 입안에서 천천히 녹는다고, 그리고 맛은 달콤하다고 설명했습니다.",True,,,,,False,False,0.8666666666666666,0.9285714285714286,0.4333333333333333,0.4642857142857143,True,True,3.1338919999543577,3.0119917999836616,,,,,passage-only,"가을 4팀 1차 초콜렛 설명에 대해 특징은 입안에서 천천히 녹는다고, 맛은 달콤하다고, 그리고 비유는 작은 선물 상자라고 설명했습니다.","가을 4팀 1차 초콜렛에 대해 특징은 입안에서 천천히 녹는다고, 맛은 달콤하다고, 그리고 색깔은 검정색이라고 설명했습니다."
dataset_ko_189_final,entity_simple_hard_test_statistics_00284:final:0,entity_simple_hard_test_statistics_00284,entity_simple_hard_test_statistics_00284,True,same_source_sibling_facts,1,4,23,20,캡스톤 오전반 3차 표본분산 설명에서 활용과 비유만 알려줘.,"캡스톤 오전반 3차 표본분산에 대해 활용은 데이터 변동성을 볼 때 쓴다고, 그리고 비유는 점들이 얼마나 퍼졌는지 보는 자라고 설명했습니다.",True,,,,,False,False,0.8947368421052632,0.85,0.4473684210526316,0.425,True,True,3.803449200000614,4.129927399975713,,,,,tie,"캡스톤 오전반 3차 표본분산에 대해 비유는 점들이 얼마나 퍼졌는지 보는 자라고, 주의점은 순위 정렬과 다르다고, 그리고 활용은 데이터 변동성을 볼 때 쓴다고 설명했습니다.","캡스톤 오전반 3차 표본분산 설명에 대해 활용은 데이터 변동성을 볼 때 쓴다고, 비유는 점들이 얼마나 퍼졌는지 보는 자라고, 그리고 개념은 수포를 기다리지 않는 방식의 분산이라고 설명했습니다."
dataset_ko_190_final,entity_simple_hard_test_project_00158:final:0,entity_simple_hard_test_project_00158,entity_simple_hard_test_project_00158,True,same_source_sibling_facts,1,4,23,20,교수님이 실습 2팀 2차 AI 모델 평가의 확인 기준과 담당을 어떻게 말했어?,"실습 2팀 2차 AI 모델 평가에 대해 확인 기준은 정답률이라고, 그리고 담당은 AI 파트라고 설명했습니다.",True,,,,,False,False,0.8235294117647058,0.44,0.4117647058823529,0.22,True,False,3.1300054999883287,4.85125969996443,,,,,question+passage,"교수님 실습 2팀 2차 AI 모델 평가의 확인 기준은 정답률이라고, 담당은 AI 파트라고, 그리고 마감은 금요일 자정 전이라고 설명했습니다.","실습 2팀 2차 AI 모델 평가의 확인 기준에 대해 확인 기준이 반영된 answer@example.com.xlsx 파일을 요청하는 중이라고, 확인 기준이 반영되지 않은 위치가 description/example/반영되지 않은 위치라고, 그리고 확인 기준이 반영되지 않은 이유가 다른 사람 의문에 답이라 설명했습니다."
dataset_ko_191_final,entity_simple_hard_test_project_00183:final:0,entity_simple_hard_test_project_00183,entity_simple_hard_test_project_00183,True,same_source_sibling_facts,1,4,23,20,겨울 오전반 2차 프론트엔드 점검 설명 중 공유 위치와 마감에 해당하는 내용만 답해줘.,"겨울 오전반 2차 프론트엔드 점검에 대해 공유 위치는 프로젝트 슬랙 채널이라고, 그리고 마감은 다음 달 첫째 주 화요일이라고 설명했습니다.",True,,,,,False,False,0.7647058823529412,0.65,0.3823529411764706,0.325,True,True,3.4176417000126094,4.5550733000272885,,,,,question+passage,"겨울 오전반 2차 프론트엔드 점검 설명에 대해 공유 위치는 다음에 담당은 프론트엔드 파트라고, 마감은 다음 달 첫째 주 화요일이라고 설명했습니다.","겨울 오전반 2차 프론트엔드 점검에 대해 공유 책임자와 담당은 프론트엔드 파트라고, 마감은 다음 달 첫째 주 화요일이라고, 그리고 학기 시작 기준은 다음 달 첫째 주 금요일이라고 설명했습니다."
dataset_ko_192_final,entity_simple_hard_test_statistics_00308:final:0,entity_simple_hard_test_statistics_00308,entity_simple_hard_test_statistics_00308,True,same_source_sibling_facts,1,4,23,20,실습 A반 4차 표본분산 설명에서 의미와 주의점만 알려줘.,"실습 A반 4차 표본분산에 대해 의미는 흩어짐 측정이라고, 그리고 주의점은 순위 정렬과 다르다고 설명했습니다.",True,,,,,False,False,0.8235294117647058,0.6875000000000001,0.4117647058823529,0.34375000000000006,True,True,3.612920599989593,3.1953043999965303,,,,,question+passage,"실습 A반 4차 표본분산에 대해 주의점은 순위 정렬과 다르다고, 의미는 흩어짐 측정이라고, 그리고 비유는 점들이 얼마나 퍼졌는지 보는 자라고 설명했습니다.","실습 A반 4차 표본분산 설명에 대해 의미는 흩어짐 측정이라고, 주의점은 순위 정렬과 say the same of are different形容异同榜都认为相同这种行为进行了描述이라고 설명했다."
dataset_ko_193_final,entity_simple_hard_test_os_concept_00103:final:0,entity_simple_hard_test_os_concept_00103,entity_simple_hard_test_os_concept_00103,True,same_source_sibling_facts,1,4,23,20,겨울 A반 2차 큐 설명 중 역할과 장점에 해당하는 내용만 답해줘.,"겨울 A반 2차 큐에 대해 역할은 작업을 순서대로 기다리게 한다고, 그리고 장점은 처리 순서를 명확하게 만든다고 설명했습니다.",True,,,,,False,False,0.8717948717948718,0.8947368421052632,0.4358974358974359,0.4473684210526316,True,True,3.502584300003946,3.296700399951078,,,,,tie,"겨울 A반 2차 큐에 대해 장점은 처리 순서를 명확하게 만든다고, 역할은 작업을 순서대로 기다리게 한다고, 그리고 주의점은 대기 시간이 길어질 수 있다고 설명했습니다.","겨울 A반 2차 큐에 대해 역할은 작업을 순서대로 기다리게 한다고, 장점은 처리 순서를 명확하게 만든다고, 그리고 사용 이유는 faster(속도를 고려)라고 설명했습니다."
dataset_ko_194_final,entity_simple_hard_test_marketing_00082:final:0,entity_simple_hard_test_marketing_00082,entity_simple_hard_test_marketing_00082,True,same_source_sibling_facts,1,4,23,20,교수님이 가을 오전반 1차 스터디 모집의 보상과 대상을 어떻게 말했어?,"가을 오전반 1차 스터디 모집에 대해 보상은 우선 신청권이라고, 그리고 대상은 스터디 신청자라고 설명했습니다.",True,,,,,False,False,0.8125000000000001,0.4,0.40625000000000006,0.2,True,True,3.283865900011733,4.598002600017935,,,,,question+passage,"교수님이 오전반 1차 스터디 모집에 대해 보상은 우선 신청권이라고, 핵심 채널은 학과 홈페이지라고, 그리고 대상은 스터디 신청자라고 설명했습니다.",교수님의 가을 오전반 1차 스터디 모집에 대해 보상은 우선 신청권이 이전에 있는 학과의 점수입니다. 공지서 내용은 학과 홈페이지의 진입로입니다. 학과 공지서는 바로 보고 관리처는 학과 직원입니다.
dataset_ko_195_final,entity_simple_hard_test_art_history_00376:final:0,entity_simple_hard_test_art_history_00376,entity_simple_hard_test_art_history_00376,True,same_source_sibling_facts,1,4,23,20,정규 4팀 4차 바로크 설명에서 비교 포인트와 비유만 알려줘.,"정규 4팀 4차 바로크에 대해 비교 포인트는 평면적 구도와 구분된다고, 그리고 비유는 무대 조명이 한 장면을 강조하는 방식이라고 설명했습니다.",True,,,,,False,False,0.878048780487805,0.8372093023255813,0.4390243902439025,0.41860465116279066,True,True,3.8973339999793097,4.457903300004546,,,,,tie,"정규 4팀 4차 바로크에 대해 비교 포인트는 평면적 구도와 구분된다고, 비유는 무대 조명이 한 장면을 강조하는 방식이라고, 그리고 목적은 감정을 강하게 전달하는 것이라고 설명했습니다.","정규 4팀 4차 바로크에 대해 비교 포인트는 평면적 구도와 구분된다고, 비유는 무대 조명이 한 장면을 강조하는 방식이라고, 그리고 비유의 구도와 달라진 점은 장면 분수적인 요양이라고 설명했습니다."
dataset_ko_196_final,entity_simple_hard_test_os_concept_00196:final:0,entity_simple_hard_test_os_concept_00196,entity_simple_hard_test_os_concept_00196,True,same_source_sibling_facts,1,4,23,20,정규 오후반 2차 프로세스 설명에서 역할과 장점만 알려줘.,"정규 오후반 2차 프로세스에 대해 역할은 독립된 실행 공간을 가진다고, 그리고 장점은 서로 영향을 줄이는 데 도움이 된다고 설명했습니다.",True,,,,,False,False,0.923076923076923,0.923076923076923,0.4615384615384615,0.4615384615384615,True,True,3.7709651999757625,3.7008822999778204,,,,,tie,"정규 오후반 2차 프로세스 설명에 대해 장점은 서로 영향을 줄이는 데 도움이 된다고, 역할은 독립된 실행 공간을 가진다고, 그리고 비유는 독립된 식당이라고 설명했습니다.","정규 오후반 2차 프로세스에 대해 역할은 독립된 실행 공간을 가진다고, 비유는 독립된 식당이라고, 그리고 장점은 서로 영향을 줄이는 데 도움이 된다고 설명했습니다."
dataset_ko_197_final,entity_simple_hard_test_dessert_00026:final:0,entity_simple_hard_test_dessert_00026,entity_simple_hard_test_dessert_00026,True,same_source_sibling_facts,1,4,23,20,교수님이 정규 C반 1차 마카롱의 맛과 특징을 어떻게 말했어?,"정규 C반 1차 마카롱에 대해 맛은 부드럽고 진하다고, 그리고 특징은 겉은 바삭하고 속은 촉촉하다고 설명했습니다.",True,,,,,False,False,0.7096774193548386,0.26666666666666666,0.3548387096774193,0.13333333333333333,True,False,2.8678709999658167,4.282091100001708,,,,,question+passage,"교수님에 대해 맛은 부드럽고 진하다고, 특징은 겉은 바삭하고 속은 촉촉하다고, 그리고 비유는 작은 보석 상자라고 설명했습니다.","Professor C반 1차 마카롱의 맛과 특징:甜美且清爽, 解析.txt 설명.pdf 설명.pdf 注释.txt 上传时间: 2017-11-19 10:43:03 作用:学业文件.txt 相关文件学业文件.txt 说明.pdf"
dataset_ko_198_final,entity_simple_hard_test_art_history_00352:final:0,entity_simple_hard_test_art_history_00352,entity_simple_hard_test_art_history_00352,True,same_source_sibling_facts,1,4,23,20,가을 2팀 4차 바로크 설명에서 목적과 핵심 특징만 알려줘.,"가을 2팀 4차 바로크에 대해 목적은 감정을 강하게 전달하는 것이라고, 그리고 핵심 특징은 극적 명암이라고 설명했습니다.",True,,,,,False,False,0.8421052631578948,0.39999999999999997,0.4210526315789474,0.19999999999999998,True,True,3.6832623000373133,3.1872128999675624,,,,,question+passage,"가을 2팀 4차 바로크에 대해 핵심 특징은 극적 명암이라고, 비유는 무대 조명이 한 장면을 강조하는 방식이라고, 그리고 목적은 감정을 강하게 전달하는 것이라고 설명했습니다.","가을 2팀 4차 바로크에 대해 특징은 극적 명암과 구분된 색깔로 이해합니다. 프로gramming meaning이 있는 곳이라고, methodology라고 설명하고 있습니다. 감사합니다."
dataset_ko_199_final,entity_simple_hard_test_dessert_00146:final:0,entity_simple_hard_test_dessert_00146,entity_simple_hard_test_dessert_00146,True,same_source_sibling_facts,1,4,23,20,교수님이 정규 1팀 2차 마카롱의 비유와 색깔을 어떻게 말했어?,"정규 1팀 2차 마카롱에 대해 비유는 작은 보석 상자라고, 그리고 색깔은 알록달록하다고 설명했습니다.",True,,,,,False,False,0.3404255319148936,0.7199999999999999,0.1702127659574468,0.35999999999999993,True,True,6.8155087000341155,2.358996200026013,,,,,passage-only,"교수님에 대해 비유는 작은 보석 상자라고, 색깔은 겉은 바삭하고 속은 촉촉하다고, 그리고 특징은 겉은 프 Primorxdomain.com 를保护可以在我的网站上使用.
 Holden Legends 에 대해 비유는 작은 보석 상자라고, 색깔은 겉은 바삭하고 속은 촉촉하다고, 그리고 특징은 겉은 프 맨 보스 (백 protective clothing)이라고 설명했습니다.","professor 이정 교수님 정규 1팀 2차 마카롱의 비유가 어떤 상자라고, 색깔은 알록달록하다고 설명했습니다."
dataset_ko_200_final,entity_simple_hard_test_art_history_00304:final:0,entity_simple_hard_test_art_history_00304,entity_simple_hard_test_art_history_00304,True,same_source_sibling_facts,1,4,23,20,캡스톤 A반 4차 바로크 설명에서 핵심 특징과 목적만 알려줘.,"캡스톤 A반 4차 바로크에 대해 핵심 특징은 극적 명암이라고, 그리고 목적은 감정을 강하게 전달하는 것이라고 설명했습니다.",True,,,,,False,False,0.8421052631578948,0.6470588235294118,0.4210526315789474,0.3235294117647059,True,True,3.6446404000162147,3.1683846000232734,,,,,question+passage,"캡스톤 A반 4차 바로크에 대해 핵심 특징은 극적 명암이라고, 비유는 무대 조명이 한 장면을 강조하는 방식이라고, 그리고 목적은 감정을 강하게 전달하는 것이라고 설명했습니다.","캡스톤 A반 4차 바로크 설명에 대해 핵심 특징이 극적 명암이라고, 학년이 사용하는 방식이라고, 그리고 핵심 특징이 극적 명암이라고 설명했습니다."
dataset_ko_201_final,entity_simple_hard_test_os_concept_00124:final:0,entity_simple_hard_test_os_concept_00124,entity_simple_hard_test_os_concept_00124,True,same_source_sibling_facts,1,4,23,20,캡스톤 C반 2차 프로세스 설명에서 비유와 주의점만 알려줘.,"캡스톤 C반 2차 프로세스에 대해 비유는 독립된 식당이라고, 그리고 주의점은 자원을 너무 많이 쓰면 느려질 수 있다고 설명했습니다.",True,,,,,False,False,0.9189189189189189,0.9189189189189189,0.45945945945945943,0.45945945945945943,True,True,3.746698699949775,4.827610799984541,,,,,tie,"캡스톤 C반 2차 프로세스 설명에 대해 비유는 독립된 식당이라고, 주의점은 자원을 너무 많이 쓰면 느려질 수 있다고, 그리고 역할은 독립된 식당이라고 설명했습니다.","캡스톤 C반 2차 프로세스에 대해 비유는 독립된 식당이라고, 주의점은 자원을 너무 많이 쓰면 느려질 수 있다고, 그리고 결론은单独职能有权危害局面恶化发生.html认为是权且必要且能帮助理解职能独立性有限方面说清了,라고 설명했습니다."
dataset_ko_202_final,entity_simple_hard_test_marketing_00297:final:0,entity_simple_hard_test_marketing_00297,entity_simple_hard_test_marketing_00297,True,same_source_sibling_facts,1,4,23,20,심화 오후반 3차 동아리 홍보에서 핵심 채널과 성과 지표를 함께 정리해줘.,"심화 오후반 3차 동아리 홍보에 대해 핵심 채널은 오픈채팅방이라고, 그리고 성과 지표는 참여율이라고 설명했습니다.",True,,,,,False,False,0.962962962962963,0.7222222222222223,0.4814814814814815,0.36111111111111116,True,True,2.6442261999472976,4.008555899956264,,,,,question+passage,"심화 오후반 3차 동아리 홍보에 대해 핵심 채널은 오픈채팅방이라고, 성과 지표는 참여율이라고 설명했습니다.","심화 오후반 3차 동아리 홍보에 대해 핵심 채널은 게시판과 메시지 보낼 때 사용하는 채널이라고, 성과 지표는 참여율이라고, 그리고 핵심 영역은 노출 영역이라고 설명했습니다."
dataset_ko_203_final,entity_simple_hard_test_dessert_00363:final:0,entity_simple_hard_test_dessert_00363,entity_simple_hard_test_dessert_00363,True,same_source_sibling_facts,1,4,23,20,겨울 3팀 4차 브라우니 설명 중 특징과 맛에 해당하는 내용만 답해줘.,"겨울 3팀 4차 브라우니에 대해 특징은 속이 촉촉하게 남는다고, 그리고 맛은 묵직하게 달콤하다고 설명했습니다.",True,,,,,False,False,0.8750000000000001,0.8148148148148148,0.43750000000000006,0.4074074074074074,True,True,3.789093800005503,2.821766500012018,,,,,question+passage,"겨울 3팀 4차 브라우니에 대해 특징은 속이 촉촉하게 남는다고, 맛은 묵직하게 달콤하다고, 그리고 특징은 속이 촉촉하게 제공하는다고 설명했습니다.","겨울 3팀 4차 브라우니에 대해 특징은 속이 촉촉하게 남는다고, 맛은 달콤하게 달라진다고 설명했습니다."
dataset_ko_204_final,entity_simple_hard_test_art_history_00089:final:0,entity_simple_hard_test_art_history_00089,entity_simple_hard_test_art_history_00089,True,same_source_sibling_facts,1,4,23,20,세미나 오전반 1차 입체주의에서 비교 포인트와 비유를 함께 정리해줘.,"세미나 오전반 1차 입체주의에 대해 비교 포인트는 단일 원근과 다르다고, 그리고 비유는 여러 방향에서 본 사물을 한 화면에 놓는 방식이라고 설명했습니다.",True,,,,,False,False,0.7368421052631579,0.6666666666666667,0.3684210526315789,0.33333333333333337,True,False,2.954997299995739,3.2166377999819815,,,,,question+passage,"세미나 오전반 1차 입체주의에 대해 비교 포인트는 단일 원근과 다르다고, 비유는 여러 시점이라고, 그리고 핵심 특징은 여러 시점이라고 설명했습니다.","세미나 오전반 1차 입체주의에 대해 비교 포인트는 단일 포인트와 다르다고, 핵심 특징은 여러 시점이라고, 그리고 비유는 여러 시점_seen의 결과라고 설명했습니다."
dataset_ko_205_final,entity_simple_hard_test_art_history_00114:final:0,entity_simple_hard_test_art_history_00114,entity_simple_hard_test_art_history_00114,True,same_source_sibling_facts,1,4,23,20,교수님이 캡스톤 B반 2차 인상주의의 핵심 특징과 목적을 어떻게 말했어?,"캡스톤 B반 2차 인상주의에 대해 핵심 특징은 빛의 순간적인 인상이라고, 그리고 목적은 관찰 순간을 살리는 것이라고 설명했습니다.",True,,,,,False,False,0.7,0.5333333333333333,0.35,0.26666666666666666,True,False,4.074650900030974,4.790188000013586,,,,,question+passage,"캡스톤 B반 2차 인상주의에 대해 핵심 특징은 주의자세와 유tfinal의 특징이라고, 비유는 햇빛이 흔들리는 수면에 비친 모습이라고, 그리고 목적은 관찰 순간을 살리는 것이라고 설명했습니다.","교수님이 캡스톤 B반 2차 인상주의의 핵심 특징과 목적을 어떻게 말했어?에 대해 핵심 특징은 사용하는 람다 함수의 차이라고, 목적은 관찰 순간과 영역이라고, 그리고 명명은 사용하는 인상주의의 핵심 특징이라고 설명했습니다."
dataset_ko_206_final,entity_simple_hard_test_marketing_00154:final:0,entity_simple_hard_test_marketing_00154,entity_simple_hard_test_marketing_00154,True,same_source_sibling_facts,1,4,23,20,교수님이 캡스톤 2팀 2차 스터디 모집의 성과 지표와 핵심 채널을 어떻게 말했어?,"캡스톤 2팀 2차 스터디 모집에 대해 성과 지표는 완료율이라고, 그리고 핵심 채널은 학과 홈페이지라고 설명했습니다.",True,,,,,False,False,0.7428571428571429,0.7368421052631579,0.37142857142857144,0.3684210526315789,True,True,3.8499407999916,4.2407823000103235,,,,,tie,"교수님이 캡스톤 2팀 2차 스터디 모집의 성과 지표를 중요 채널은 학과 홈페이지라고, 대상은 스터디 신청자라고, 그리고 성과 지표는 완료율이라고 설명했습니다.","교수님 캡스톤 2팀 2차 스터디 모집에 대해 성과 지표는 참여율이라고, 핵심 채널은 학과 홈페이지라고, 그리고 핵심 내용은 최근 민부역당은 오전에만 사용하던 영역이라고 설명했습니다."
dataset_ko_207_final,entity_simple_hard_test_dessert_00218:final:0,entity_simple_hard_test_dessert_00218,entity_simple_hard_test_dessert_00218,True,same_source_sibling_facts,1,4,23,20,교수님이 실습 B반 3차 마카롱의 맛과 특징을 어떻게 말했어?,"실습 B반 3차 마카롱에 대해 맛은 부드럽고 진하다고, 그리고 특징은 겉은 바삭하고 속은 촉촉하다고 설명했습니다.",True,,,,,False,False,0.8823529411764706,0.8484848484848485,0.4411764705882353,0.42424242424242425,True,True,3.365937600028701,3.3845126999658532,,,,,tie,"실습 B반 3차 마카롱에 대해 맛은 부드럽고 진하다고, 특징은 겉은 바삭하고 속은 촉촉하다고, 그리고 비유는 작은 보석 상자라고 설명했습니다.","교수님이 실습 B반 3차 마카롱의 맛과 특징에 대해 맛이 부드럽고 진하다고, 그리고 특징이 겉은 바삭하고 속은 촉촉하다고 설명했습니다."
dataset_ko_208_final,entity_simple_hard_test_os_concept_00053:final:0,entity_simple_hard_test_os_concept_00053,entity_simple_hard_test_os_concept_00053,True,same_source_sibling_facts,1,4,23,20,겨울 2팀 1차 스레드에서 장점과 역할을 함께 정리해줘.,"겨울 2팀 1차 스레드에 대해 장점은 작업을 가볍게 나눌 수 있다고, 그리고 역할은 프로세스 안에서 작업을 나누어 실행한다고 설명했습니다.",True,,,,,False,False,0.7499999999999999,0.45161290322580644,0.37499999999999994,0.22580645161290322,True,False,3.5021351000177674,2.240667400008533,,,,,question+passage,"겨울 2팀 1차 스레드에 대해 장점은 작업을 가볍게 나눌 수 있다고, 역할은 프로세스 중에 사용된다고, 그리고 비유는 같은 식당 안에서 일하는 직원이라고 설명했습니다.",겨울 2팀 1차 스레드에 대해 주의점은 중첩되는 역할이 있음과 함께 추가 설명이 필요하다고 설명했습니다.
dataset_ko_209_final,entity_simple_hard_test_project_00084:final:0,entity_simple_hard_test_project_00084,entity_simple_hard_test_project_00084,True,same_source_sibling_facts,1,4,23,20,캡스톤 오전반 1차 최종 발표 설명에서 공유 위치와 마감만 알려줘.,"캡스톤 오전반 1차 최종 발표에 대해 공유 위치는 팀 노션 페이지라고, 그리고 마감은 다음 주 월요일 밤이라고 설명했습니다.",True,,,,,False,False,0.9411764705882353,0.5142857142857142,0.47058823529411764,0.2571428571428571,True,False,2.825742100016214,3.4128486000117846,,,,,question+passage,"캡스톤 오전반 1차 최종 발표에 대해 공유 위치는 팀 노션 페이지라고, 마감은 다음 주 월요일 밤이라고, 그리고 노션 페이지라고 설명했습니다.","캡스톤 오전반 1차 최종 발표 설명에 대해 공유 위치는 링크不明 네트워크에 올리는 곳이라고, 공유 위치는 협업 툼을 가지고 온 곳이라고 설명했습니다."
dataset_ko_210_final,entity_simple_hard_test_dessert_00024:final:0,entity_simple_hard_test_dessert_00024,entity_simple_hard_test_dessert_00024,True,same_source_sibling_facts,1,4,23,20,캡스톤 C반 1차 초콜렛 설명에서 맛과 특징만 알려줘.,"캡스톤 C반 1차 초콜렛에 대해 맛은 달콤하다고, 그리고 특징은 입안에서 천천히 녹는다고 설명했습니다.",True,,,,,False,False,0.8666666666666666,0.9285714285714286,0.4333333333333333,0.4642857142857143,True,True,3.124869099992793,3.049768600030802,,,,,passage-only,"캡스톤 C반 1차 초콜렛 설명에 대해 맛은 달콤하다고, 특징은 입안에서 천천히 녹는다고, 그리고 비유는 작은 선물 상자라고 설명했습니다.","캡스톤 C반 1차 초콜렛 설명에 대해 맛은 달콤하다고, 특징은 입안에서 천천히 녹는다고, 그리고 색깔은 검정색이라고 설명했습니다."
dataset_ko_211_final,entity_simple_hard_test_art_history_00161:final:0,entity_simple_hard_test_art_history_00161,entity_simple_hard_test_art_history_00161,True,same_source_sibling_facts,1,4,23,20,여름 3팀 2차 입체주의에서 목적과 핵심 특징을 함께 정리해줘.,"여름 3팀 2차 입체주의에 대해 목적은 대상을 새롭게 해석하는 것이라고, 그리고 핵심 특징은 여러 시점이라고 설명했습니다.",True,,,,,False,False,0.8205128205128205,0.888888888888889,0.41025641025641024,0.4444444444444445,True,True,3.878171199990902,3.1125353999668732,,,,,passage-only,"여름 3팀 2차 입체주의에 대해 핵심 특징은 여러 시점이라고, 비유는 여러 방향에서 본 사물을 한 화면에 놓는 방식이라고, 그리고 목적은 대상을 새롭게 해석하는 것이라고 설명했습니다.","여름 3팀 2차 입체주의에 대해 목적은 대상을 새롭게 해석하는 것이라고, 핵심 특징은 여러 시점이라고, 그리고 핵심 특징은 여러 시점이라고 설명했습니다."
dataset_ko_212_final,entity_simple_hard_test_marketing_00033:final:0,entity_simple_hard_test_marketing_00033,entity_simple_hard_test_marketing_00033,True,same_source_sibling_facts,1,4,23,20,겨울 D반 1차 동아리 홍보에서 대상과 보상을 함께 정리해줘.,"겨울 D반 1차 동아리 홍보에 대해 대상은 동아리 회원이라고, 그리고 보상은 굿즈 추첨권이라고 설명했습니다.",True,,,,,False,False,0.962962962962963,0.8666666666666666,0.4814814814814815,0.4333333333333333,True,True,2.3069567999918945,2.8498702999786474,,,,,question+passage,"겨울 D반 1차 동아리 홍보에 대해 대상은 동아리 회원이라고, 보상은 굿즈 추첨권이라고 설명했습니다.","겨울 D반 1차 동아리 홍보에 대해 대상은 동아리 회원이라고, 보상은 굿즈 추첨권이라고, 성과 지표는 참여율이라고 설명했습니다."
dataset_ko_213_final,entity_simple_hard_test_art_history_00043:final:0,entity_simple_hard_test_art_history_00043,entity_simple_hard_test_art_history_00043,True,same_source_sibling_facts,1,4,23,20,겨울 1팀 1차 르네상스 설명 중 비유와 비교 포인트에 해당하는 내용만 답해줘.,"겨울 1팀 1차 르네상스에 대해 비유는 사람을 화면 중앙에 다시 세우는 방식이라고, 그리고 비교 포인트는 절대왕정 중심 설명과 다르다고 설명했습니다.",True,,,,,False,False,0.8837209302325582,0.761904761904762,0.4418604651162791,0.380952380952381,True,True,4.218115299998317,3.777366099995561,,,,,question+passage,"겨울 1팀 1차 르네상스 설명에 대해 비유는 사람을 화면 중앙에 다시 세우는 방식이라고, 목적은 사람의 가치를 드러내는 것이라고, 그리고 비교 포인트는 절대왕정 중심 설명과 다르다고 설명했습니다.","겨울 1팀 1차 르네상스에 대해 비유는 사람을 화면 중앙에 다시 세우는 방식이라고, 목적은 사람의 가치를 드러내는 것이라고, 그리고 비교 포인트에 해당하는 내용이라고 설명했습니다."
dataset_ko_214_final,entity_simple_hard_test_marketing_00394:final:0,entity_simple_hard_test_marketing_00394,entity_simple_hard_test_marketing_00394,True,same_source_sibling_facts,1,4,23,20,교수님이 캡스톤 오후반 4차 스터디 모집의 핵심 채널과 성과 지표를 어떻게 말했어?,"캡스톤 오후반 4차 스터디 모집에 대해 핵심 채널은 학과 홈페이지라고, 그리고 성과 지표는 완료율이라고 설명했습니다.",True,,,,,False,False,0.5416666666666666,0.8333333333333333,0.2708333333333333,0.41666666666666663,True,True,6.144927400047891,4.014203800004907,,,,,passage-only,"교수님이 캡스톤 오후반 4차 스터디 모집의 핵심 채널을 성과 지표로 설정하는 이유은 핵심 채널이 다른 경로에 대한 대상이기认为是新闻热点部门 said, 그리고 핵심 채널에 대해 학과 홈페이지는 들어가도 노제일 기대라고, 그리고 대상은 스터디 신청자라고 설명했습니다.","교수님 캡스톤 오후반 4차 스터디 모집에 대해 핵심 채널은 학과 홈페이지라고, 성과 지표는 완료율이라고, 그리고 핵심 채널은 학과 강의 강태수라고 설명했습니다."
dataset_ko_215_final,entity_simple_hard_test_statistics_00021:final:0,entity_simple_hard_test_statistics_00021,entity_simple_hard_test_statistics_00021,True,same_source_sibling_facts,1,4,23,20,여름 C반 1차 신뢰구간에서 의미와 주의점을 함께 정리해줘.,"여름 C반 1차 신뢰구간에 대해 의미는 모수 추정 범위라고, 그리고 주의점은 정답 하나를 보장하지 않는다고 설명했습니다.",True,,,,,False,False,0.8205128205128205,0.631578947368421,0.41025641025641024,0.3157894736842105,True,True,3.6958125999663025,3.606964499980677,,,,,question+passage,"여름 C반 1차 신뢰구간에 대해 주의점은 정답 하나를 보장하지 않는다고, 의미는 모수 추정 범위라고, 그리고 비유는 정답이 누를 법한 범위를 그은 지도라고 설명했습니다.","여름 C반 1차 신뢰구간에 대해 의미는 모수 추정 범위라고, 주의점은 수치 outside 범위가 진실일 경우를 설명한다고, 그리고 주의점과 의미가 일치하는 대상이라고 설명했습니다."
dataset_ko_216_final,entity_simple_hard_test_marketing_00296:final:0,entity_simple_hard_test_marketing_00296,entity_simple_hard_test_marketing_00296,True,same_source_sibling_facts,1,4,23,20,정규 오후반 3차 신입생 캠페인 설명에서 핵심 채널과 성과 지표만 알려줘.,"정규 오후반 3차 신입생 캠페인에 대해 핵심 채널은 인스타그램이라고, 그리고 성과 지표는 전환율이라고 설명했습니다.",True,,,,,False,False,0.923076923076923,0.5806451612903226,0.4615384615384615,0.2903225806451613,True,True,2.6467423000140116,4.00646320002852,,,,,question+passage,"정규 오후반 3차 신입생 캠페인 성과 지표는 전환율이라고, 핵심 채널은 인스타그램이라고 설명했습니다.",정규 오후반 3차 신입생 캠페인 설명에서 핵심 채널은 인스타그램입니다. 성과 지표는 전환율입니다. 내부 계층은 동일화합니다. 핵심 채널은 인스타그램입니다.
dataset_ko_217_final,entity_simple_hard_test_marketing_00298:final:0,entity_simple_hard_test_marketing_00298,entity_simple_hard_test_marketing_00298,True,same_source_sibling_facts,1,4,23,20,교수님이 실습 오후반 3차 스터디 모집의 핵심 채널과 성과 지표를 어떻게 말했어?,"실습 오후반 3차 스터디 모집에 대해 핵심 채널은 학과 홈페이지라고, 그리고 성과 지표는 완료율이라고 설명했습니다.",True,,,,,False,False,0.5454545454545454,0.8333333333333333,0.2727272727272727,0.41666666666666663,True,True,5.772933600004762,4.04446210002061,,,,,passage-only,"교수님이 실습 오후반 3차 스터디 모집의 핵심 채널을 성과 지표로 설정하는 이유을 이해하는 골심은 길이가短소 단위가지만, 대상은 스터디 신청자라고, 성과 지표는 완료율이라고, 그리고 핵심 채널은 신청자 내 신청 여부라고 설명했습니다.","교수님 실습 오후반 3차 스터디 모집에 대해 핵심 채널은 학과 홈페이지라고, 성과 지표는 완료율이라고, 그리고 핵심 채널은 학과 강의 학습결과라고 설명했습니다."
dataset_ko_218_final,entity_simple_hard_test_os_concept_00268:final:0,entity_simple_hard_test_os_concept_00268,entity_simple_hard_test_os_concept_00268,True,same_source_sibling_facts,1,4,23,20,실습 3팀 3차 프로세스 설명에서 주의점과 비유만 알려줘.,"실습 3팀 3차 프로세스에 대해 주의점은 자원을 너무 많이 쓰면 느려질 수 있다고, 그리고 비유는 독립된 식당이라고 설명했습니다.",True,,,,,False,False,0.8717948717948718,0.7804878048780487,0.4358974358974359,0.39024390243902435,True,True,3.8487125000101514,3.918850400019437,,,,,question+passage,"실습 3팀 3차 프로세스 설명에 대해 주의점은 자원을 너무 많이 쓰면 느려질 수 있다고, 비유는 독립된 식당이라고, 그리고 역할은 독립된 실행 공간을 가진다고 설명했습니다.","실습 3팀 3차 프로세스 설명에 대해 주의점은 자원을 너무 많이 쓰면 느려질 수 있다고, 비유는 독립된 실행 공간을 가진다고, 그리고 역할은 독립된 실행 공간을 가진다고 설명했습니다."
dataset_ko_219_final,entity_simple_hard_test_project_00085:final:0,entity_simple_hard_test_project_00085,entity_simple_hard_test_project_00085,True,same_source_sibling_facts,1,4,23,20,파일럿 오전반 1차 백엔드 배포에서 공유 위치와 마감을 함께 정리해줘.,"파일럿 오전반 1차 백엔드 배포에 대해 공유 위치는 깃허브 이슈 탭이라고, 그리고 마감은 수요일 오후 다섯 시라고 설명했습니다.",True,,,,,False,False,0.9714285714285714,0.7999999999999999,0.4857142857142857,0.39999999999999997,True,True,2.827144799986854,2.8117388999671675,,,,,question+passage,"파일럿 오전반 1차 백엔드 배포에 대해 공유 위치는 깃허브 이슈 탭이라고, 마감은 수요일 오후 다섯 시라고 설명했습니다.","파일럿 오전반 1차 백엔드 배포에 대해 공유 위치는 사용자 지시부분이라고, 마감은 시간은 수요일 오후 다섯 시라고 설명했습니다."
dataset_ko_220_final,entity_simple_hard_test_art_history_00088:final:0,entity_simple_hard_test_art_history_00088,entity_simple_hard_test_art_history_00088,True,same_source_sibling_facts,1,4,23,20,실습 오전반 1차 바로크 설명에서 비교 포인트와 비유만 알려줘.,"실습 오전반 1차 바로크에 대해 비교 포인트는 평면적 구도와 구분된다고, 그리고 비유는 무대 조명이 한 장면을 강조하는 방식이라고 설명했습니다.",True,,,,,False,False,0.9,0.5238095238095238,0.45,0.2619047619047619,True,False,3.91656330000842,3.738359400012996,,,,,question+passage,"실습 오전반 1차 바로크에 대해 비교 포인트는 평면적 구도와 구분된다고, 비유는 무대 조명이 한 장면을 강조하는 방식이라고, 그리고 핵심 특징은 극적 명암이라고 설명했습니다.","실습 오전반 1차 바로크에 대해 비교 포인트는 실습과실에서 다른 면에서 문제되는 것이라고, 핵심 특징은 연속적인 시각效果라고, 그리고 비유는 무대 배경을 예로あげ이라고 설명했습니다."
dataset_ko_221_final,entity_simple_hard_test_art_history_00017:final:0,entity_simple_hard_test_art_history_00017,entity_simple_hard_test_art_history_00017,True,same_source_sibling_facts,1,4,23,20,심화 B반 1차 입체주의에서 핵심 특징과 목적을 함께 정리해줘.,"심화 B반 1차 입체주의에 대해 핵심 특징은 여러 시점이라고, 그리고 목적은 대상을 새롭게 해석하는 것이라고 설명했습니다.",True,,,,,False,False,0.6399999999999999,0.6842105263157896,0.31999999999999995,0.3421052631578948,True,True,5.257840000034776,3.351192899979651,,,,,tie,"심화 B반 1차 입체주의에 대해 핵심 특징은 여러 시점이라고 설명하고 핵심 특징은 여러 시점에 대해 목적은 대상을 새롭게 해석하는 것이라고, 비유는 여러 방향에서 본 사물을 한 화면에 놓는 방식이라고, 그리고 목적은 대상을 새롭게 해석하는 것이라고 설명했습니다.","심화 B반 1차 입체주의에 대해 핵심 특징은 여러 시점이라고, 목적은 행동의 결과를 보완하는 것이라고, 그리고 심화 B반 1차 입체주의는 여러 시점이라고 설명했습니다."
dataset_ko_222_final,entity_simple_hard_test_project_00039:final:0,entity_simple_hard_test_project_00039,entity_simple_hard_test_project_00039,True,same_source_sibling_facts,1,4,23,20,세미나 D반 1차 프론트엔드 점검 설명 중 마감과 공유 위치에 해당하는 내용만 답해줘.,"세미나 D반 1차 프론트엔드 점검에 대해 마감은 다음 달 첫째 주 화요일이라고, 그리고 공유 위치는 프로젝트 슬랙 채널이라고 설명했습니다.",True,,,,,False,False,0.9189189189189189,0.48484848484848486,0.45945945945945943,0.24242424242424243,True,False,4.157790399971418,2.996401300013531,,,,,question+passage,"세미나 D반 1차 프론트엔드 점검 설명에 대해 공유 위치은 프로젝트 슬랙 채널이라고, 담당은 프론트엔드 파트라고, 그리고 마감은 다음 달 첫째 주 화요일이라고 설명했습니다.",세미나 D반 1차 프론트엔드 점검에 대해 마감은 종료 후 공유 형식은 메일로 전달하나 그룹 설명이 탭별 배분이 됩니다.
dataset_ko_223_final,entity_simple_hard_test_os_concept_00295:final:0,entity_simple_hard_test_os_concept_00295,entity_simple_hard_test_os_concept_00295,True,same_source_sibling_facts,1,4,23,20,파일럿 오후반 3차 큐 설명 중 역할과 장점에 해당하는 내용만 답해줘.,"파일럿 오후반 3차 큐에 대해 역할은 작업을 순서대로 기다리게 한다고, 그리고 장점은 처리 순서를 명확하게 만든다고 설명했습니다.",True,,,,,False,False,0.8717948717948718,0.9189189189189189,0.4358974358974359,0.45945945945945943,True,True,3.8333509999793023,3.1132749999524094,,,,,tie,"파일럿 오후반 3차 큐에 대해 장점은 처리 순서를 명확하게 만든다고, 역할은 작업을 순서대로 기다리게 한다고, 그리고 비유는 번호표를 뽑고 기다리는 줄이라고 설명했습니다.","파일럿 오후반 3차 큐에 대해 역할은 작업을 순서대로 기다리게 한다고, 장점은 처리 순서를 명확하게 만든다고, 그리고 사용 이유는 faster라고 설명했습니다."
dataset_ko_224_final,entity_simple_hard_test_os_concept_00223:final:0,entity_simple_hard_test_os_concept_00223,entity_simple_hard_test_os_concept_00223,True,same_source_sibling_facts,1,4,23,20,겨울 C반 3차 큐 설명 중 비유와 주의점에 해당하는 내용만 답해줘.,"겨울 C반 3차 큐에 대해 비유는 번호표를 뽑고 기다리는 줄이라고, 그리고 주의점은 대기 시간이 길어질 수 있다고 설명했습니다.",True,,,,,False,False,0.8717948717948718,0.7027027027027027,0.4358974358974359,0.35135135135135137,True,True,3.7205618999432772,3.409650499932468,,,,,question+passage,"겨울 C반 3차 큐에 대해 비유는 번호표를 뽑고 기다리는 줄이라고, 장점은 처리 순서를 명확하게 만든다고, 그리고 주의점은 대기 시간이 길어질 수 있다고 설명했습니다.","겨울 C반 3차 큐에 대해 비유는 선점이라고, 주의점은 대기 시간이 길어질 수 있다고, 그리고 결함은 데이터를 따옴표에서 떨어 름에 해당한다고 설명했습니다."
dataset_ko_225_final,entity_simple_hard_test_art_history_00208:final:0,entity_simple_hard_test_art_history_00208,entity_simple_hard_test_art_history_00208,True,same_source_sibling_facts,1,4,23,20,실습 A반 3차 바로크 설명에서 핵심 특징과 목적만 알려줘.,"실습 A반 3차 바로크에 대해 핵심 특징은 극적 명암이라고, 그리고 목적은 감정을 강하게 전달하는 것이라고 설명했습니다.",True,,,,,False,False,0.8421052631578948,0.6666666666666667,0.4210526315789474,0.33333333333333337,True,True,3.5842800999525934,4.20772309997119,,,,,question+passage,"실습 A반 3차 바로크에 대해 핵심 특징은 극적 명암이라고, 비유는 무대 조명이 한 장면을 강조하는 방식이라고, 그리고 목적은 감정을 강하게 전달하는 것이라고 설명했습니다.","실습 A반 3차 바로크 설명에 대해 핵심 특징은 극적 명암으로 meaning을 전달하는 것이라고, 목적은 감정을 극적으로 전달하는 것이라고, 그리고 핵심 특징은 극적 명암으로 meaning을 전달하는 것이라고 설명했습니다."
dataset_ko_226_final,entity_simple_hard_test_marketing_00107:final:0,entity_simple_hard_test_marketing_00107,entity_simple_hard_test_marketing_00107,True,same_source_sibling_facts,1,4,23,20,심화 A반 2차 멘토링 이벤트 설명 중 핵심 채널과 성과 지표에 해당하는 내용만 답해줘.,"심화 A반 2차 멘토링 이벤트에 대해 핵심 채널은 이메일 뉴스레터라고, 그리고 성과 지표는 재방문율이라고 설명했습니다.",True,,,,,False,False,0.7878787878787877,0.7777777777777778,0.39393939393939387,0.3888888888888889,True,True,3.5299834000179544,4.15744470001664,,,,,tie,"심화 A반 2차 멘토링 이벤트 설명에 대해 핵심 채널은 재방문율이라고, 대상은 멘토링 참여 학생이라고, 그리고 성과 지표는 재방문율이라고 설명했습니다.","심화 A반 2차 멘토링 이벤트에 대해 핵심 채널은 이메일 뉴스레터라고, 핵심 채널과 성과 지표는 website 를 구분했다고, 그리고 성과 지표는 참여율이라고 설명했습니다."
dataset_ko_227_final,entity_simple_hard_test_marketing_00226:final:0,entity_simple_hard_test_marketing_00226,entity_simple_hard_test_marketing_00226,True,same_source_sibling_facts,1,4,23,20,교수님이 정규 C반 3차 스터디 모집의 대상과 보상을 어떻게 말했어?,"정규 C반 3차 스터디 모집에 대해 대상은 스터디 신청자라고, 그리고 보상은 우선 신청권이라고 설명했습니다.",True,,,,,False,False,0.8484848484848484,0.6875000000000001,0.4242424242424242,0.34375000000000006,True,True,3.356711699976586,3.2222424000501633,,,,,question+passage,"교수님이 정규 C반 3차 스터디 모집에 대해 대상은 스터디 신청자라고, 보상은 우선 신청권이라고, 그리고 핵심 채널은 학과 홈페이지라고 설명했습니다.",교수님이 정규 C반 3차 스터디 모집의 대상은 스터디 신청자와 핵심 역할은 핵심 채널 전달과 보상은 우선 신청권이라고 설명했습니다.
dataset_ko_228_final,entity_simple_hard_test_statistics_00237:final:0,entity_simple_hard_test_statistics_00237,entity_simple_hard_test_statistics_00237,True,same_source_sibling_facts,1,4,23,20,심화 D반 3차 신뢰구간에서 비유와 활용을 함께 정리해줘.,"심화 D반 3차 신뢰구간에 대해 비유는 정답이 있을 법한 범위를 그은 지도라고, 그리고 활용은 추정의 불확실성을 설명할 때 쓴다고 설명했습니다.",True,,,,,False,False,0.9047619047619047,0.5217391304347826,0.45238095238095233,0.2608695652173913,True,False,3.887258099974133,4.183486300054938,,,,,question+passage,"심화 D반 3차 신뢰구간에 대해 비유는 정답이 있을 법한 범위를 그은 지도라고, 활용은 추정의 불확실성을 설명할 때 쓴다고, 그리고 의미는 모수 추정 범위라고 설명했습니다.","심화 D반 3차 신뢰구간에 대해 비유는 일반 범위를 그은 지도를 설명하는 것이라고, 주의점은 정답의 단정을 초월하는 중요성이 있다고, 그리고 활용은 새로운 정보를 담아寄存하는 해시가存在的다고 설명했습니다."
dataset_ko_229_final,entity_simple_hard_test_dessert_00123:final:0,entity_simple_hard_test_dessert_00123,entity_simple_hard_test_dessert_00123,True,same_source_sibling_facts,1,4,23,20,겨울 C반 2차 브라우니 설명 중 맛과 특징에 해당하는 내용만 답해줘.,"겨울 C반 2차 브라우니에 대해 맛은 묵직하게 달콤하다고, 그리고 특징은 속이 촉촉하게 남는다고 설명했습니다.",True,,,,,False,False,0.9032258064516129,0.8750000000000001,0.45161290322580644,0.43750000000000006,True,True,3.5822942999657243,3.895641899900511,,,,,tie,"겨울 C반 2차 브라우니에 대해 맛은 묵직하게 달콤하다고, 특징은 속이 촉촉하게 남는다고, 그리고 맛은 묵직하게 달콤하다고 설명했습니다.","겨울 C반 2차 브라우니에 대해 맛은 묵직하게 달콤하다고, 설명은 4명에겐 달콤한 결과로 간다라고, 그리고 특징은 속이 촉촉하게 남는다고 설명했습니다."
dataset_ko_230_final,entity_simple_hard_test_dessert_00337:final:0,entity_simple_hard_test_dessert_00337,entity_simple_hard_test_dessert_00337,True,same_source_sibling_facts,1,4,23,20,심화 D반 4차 솜사탕에서 비유와 색깔을 함께 정리해줘.,"심화 D반 4차 솜사탕에 대해 비유는 구름 같은 간식이라고, 그리고 색깔은 분홍색이라고 설명했습니다.",True,,,,,False,False,0.9600000000000001,0.5333333333333333,0.48000000000000004,0.26666666666666666,True,False,2.162303199991584,2.807668299996294,,,,,question+passage,"심화 D반 4차 솜사탕에 대해 비유는 구름 같은 간식이라고, 색깔은 분홍색이라고 설명했습니다.",심화 D반 4차 솜사탕에 대해 비유는 아마추어 여행 지도를이라고 설명했습니다. 색깔은 주석의 위치에 따라 달라질 것이라고 설명했습니다.
dataset_ko_231_final,entity_simple_hard_test_marketing_00274:final:0,entity_simple_hard_test_marketing_00274,entity_simple_hard_test_marketing_00274,True,same_source_sibling_facts,1,4,23,20,교수님이 캡스톤 4팀 3차 스터디 모집의 보상과 대상을 어떻게 말했어?,"캡스톤 4팀 3차 스터디 모집에 대해 보상은 우선 신청권이라고, 그리고 대상은 스터디 신청자라고 설명했습니다.",True,,,,,False,False,0.6875000000000001,0.5365853658536585,0.34375000000000006,0.26829268292682923,True,False,3.7474081000545993,5.1269306999165565,,,,,question+passage,"교수님이 캡스톤 4팀 3차 스터디 모집의 보상과 대상은 재방문율이라고, 핵심 채널은 학과 홈페이지라고, 그리고 대상은 스터디 신청자라고 설명했습니다.","캡스톤 4팀 3차 스터디 모집에 대해 보상은 우선 신청자에게 제공되다고, 대상은 우수청naire로 제공됩니다., 핵심 채널은 학과 홈페이지와命名为인코더로 설정되었다고, 그리고 보장일期일은 2일 내로 알려주기로 약속했다고 설명했습니다."
dataset_ko_232_final,entity_simple_hard_test_statistics_00212:final:0,entity_simple_hard_test_statistics_00212,entity_simple_hard_test_statistics_00212,True,same_source_sibling_facts,1,4,23,20,가을 B반 3차 표본분산 설명에서 의미와 주의점만 알려줘.,"가을 B반 3차 표본분산에 대해 의미는 흩어짐 측정이라고, 그리고 주의점은 순위 정렬과 다르다고 설명했습니다.",True,,,,,False,False,0.8235294117647058,0.5641025641025641,0.4117647058823529,0.28205128205128205,True,True,3.642336300108582,4.189671400003135,,,,,question+passage,"가을 B반 3차 표본분산 설명에 대해 주의점은 순위 정렬과 다르다고, 의미는 흩어짐 측정이라고, 그리고 비유는 점들이 얼마나 퍼졌는지 보는 자라고 설명했습니다.","가을 B반 3차 표본분산 표본분산 설명에 대해 의미는 흩어짐 측정이라고, 주의점은 순위 정렬과 say no to 순위 정렬의 변동성을 측정都说no to 순위 정렬의 중요성만 전합니다."
dataset_ko_233_final,entity_simple_hard_test_project_00038:final:0,entity_simple_hard_test_project_00038,entity_simple_hard_test_project_00038,True,same_source_sibling_facts,1,4,23,20,교수님이 실습 D반 1차 AI 모델 평가의 마감과 공유 위치를 어떻게 말했어?,"실습 D반 1차 AI 모델 평가에 대해 마감은 금요일 자정 전이라고, 그리고 공유 위치는 회의록 폴더라고 설명했습니다.",True,,,,,False,False,0.372093023255814,0.6470588235294118,0.186046511627907,0.3235294117647059,False,False,4.360140200005844,2.749121299944818,,,,,passage-only,"교수님의 마감 기간은 AI 모델 평가와 관련한 공유 위치를 설명은 강당 좌석 앞 backward 파트를 설명이라고, 비유는 각 세트는 답의 개요라고, 그리고 관리는 AI 파트의 �局는 AI 프로젝트 관리라고 설명했습니다.",교수님이 실습 D반 1차 AI 모델 평가의 마감과 공유 위치에 대해 말하는 데 사용된 키워드는 “공유 위치”라고 설명했습니다.
dataset_ko_234_final,entity_simple_hard_test_project_00086:final:0,entity_simple_hard_test_project_00086,entity_simple_hard_test_project_00086,True,same_source_sibling_facts,1,4,23,20,교수님이 정규 오전반 1차 AI 모델 평가의 공유 위치와 마감을 어떻게 말했어?,"정규 오전반 1차 AI 모델 평가에 대해 공유 위치는 회의록 폴더라고, 그리고 마감은 금요일 자정 전이라고 설명했습니다.",True,,,,,False,False,0.8947368421052632,0.5106382978723405,0.4473684210526316,0.25531914893617025,True,True,3.3838738000486046,4.6996814999729395,,,,,question+passage,"교수님의 정규 오전반 1차 AI 모델 평가에 대해 공유 위치은 회의록 폴더라고, 마감은 금요일 자정 전이라고, 그리고 확인 기준은 정답률이라고 설명했습니다.","교수님이 정규 오전반 1차 AI 모델 평가의 공유 위치와 마감 설명은 공유 형식과 기준을 설명하고 공유 위치는 회의록 폴더 다음에 위치한다고, 마감은 12시간 후라고, 그리고 댓글 없이 반복하는 곳에 기록한다고 설명했습니다."
dataset_ko_235_final,entity_simple_hard_test_marketing_00009:final:0,entity_simple_hard_test_marketing_00009,entity_simple_hard_test_marketing_00009,True,same_source_sibling_facts,1,4,23,20,세미나 A반 1차 동아리 홍보에서 핵심 채널과 성과 지표를 함께 정리해줘.,"세미나 A반 1차 동아리 홍보에 대해 핵심 채널은 오픈채팅방이라고, 그리고 성과 지표는 참여율이라고 설명했습니다.",True,,,,,False,False,0.962962962962963,0.7222222222222223,0.4814814814814815,0.36111111111111116,True,True,2.6334077999927104,4.0030294000171125,,,,,question+passage,"세미나 A반 1차 동아리 홍보에 대해 핵심 채널은 오픈채팅방이라고, 성과 지표는 참여율이라고 설명했습니다.","세미나 A반 1차 동아리 홍보에 대해 핵심 채널은 서식지로猜想 believed를 전달할 예정이라고, 성과 지표는 참여율이라고, 그리고 핵심 메시지는 핵심 상황 요지라고 설명했습니다."
dataset_ko_236_final,entity_simple_hard_test_project_00180:final:0,entity_simple_hard_test_project_00180,entity_simple_hard_test_project_00180,True,same_source_sibling_facts,1,4,23,20,봄 오전반 2차 최종 발표 설명에서 공유 위치와 마감만 알려줘.,"봄 오전반 2차 최종 발표에 대해 공유 위치는 팀 노션 페이지라고, 그리고 마감은 다음 주 월요일 밤이라고 설명했습니다.",True,,,,,False,False,0.8823529411764706,0.7878787878787877,0.4411764705882353,0.39393939393939387,True,True,3.1005417000269517,3.1155316999647766,,,,,question+passage,"봄 오전반 2차 최종 발표 설명에 대해 공유 위치는 팀 노션 페이지라고, 마감은 다음 주 월요일 밤이라고, 그리고 노션 페이지를 알려고 했다고 설명했습니다.","봄 오전반 2차 최종 발표 설명에 대해 공유 위치는 주 동료와 공유라고, 담당은 기획 파트라고, 그리고 마감은 다음 주 월요일 밤이라고 설명했습니다."
dataset_ko_237_final,entity_simple_hard_test_marketing_00251:final:0,entity_simple_hard_test_marketing_00251,entity_simple_hard_test_marketing_00251,True,same_source_sibling_facts,1,4,23,20,여름 2팀 3차 멘토링 이벤트 설명 중 성과 지표와 핵심 채널에 해당하는 내용만 답해줘.,"여름 2팀 3차 멘토링 이벤트에 대해 성과 지표는 재방문율이라고, 그리고 핵심 채널은 이메일 뉴스레터라고 설명했습니다.",True,,,,,False,False,0.8823529411764706,0.8823529411764706,0.4411764705882353,0.4411764705882353,True,True,3.7775292999576777,4.1075829999754205,,,,,tie,"여름 2팀 3차 멘토링 이벤트 설명에 대해 핵심 채널은 이메일 뉴스레터라고, 대상은 멘토링 참여 학생이라고, 그리고 성과 지표는 재방문율이라고 설명했습니다.","여름 2팀 3차 멘토링 이벤트에 대해 성과 지표는 재방문율이라고, 핵심 채널은 이메일 뉴스레터라고, 그리고 핵심 채널의 연결요인은 재방문율이라고 설명했습니다."
dataset_ko_238_final,entity_simple_hard_test_project_00325:final:0,entity_simple_hard_test_project_00325,entity_simple_hard_test_project_00325,True,same_source_sibling_facts,1,4,23,20,파일럿 C반 4차 백엔드 배포에서 마감과 공유 위치를 함께 정리해줘.,"파일럿 C반 4차 백엔드 배포에 대해 마감은 수요일 오후 다섯 시라고, 그리고 공유 위치는 깃허브 이슈 탭이라고 설명했습니다.",True,,,,,False,False,0.923076923076923,0.619047619047619,0.4615384615384615,0.3095238095238095,True,True,3.5496730000013486,3.6912945000221953,,,,,question+passage,"파일럿 C반 4차 백엔드 배포에 대해 공유 위치는 깃허브 이슈 탭이라고, 담당은 백엔드 팀이라고, 그리고 마감은 수요일 오후 다섯 시라고 설명했습니다.","파일럿 C반 4차 백엔드 배포에 대해 마감은 수요일 오후 다섯 시라고, 함께 정리해줄 곳은 설치 갤러리의 다른 줄이라고, 그리고 확인 기준은 오류 발생률이라고 설명했습니다."
dataset_ko_239_final,entity_simple_hard_test_os_concept_00173:final:0,entity_simple_hard_test_os_concept_00173,entity_simple_hard_test_os_concept_00173,True,same_source_sibling_facts,1,4,23,20,겨울 4팀 2차 스레드에서 주의점과 비유를 함께 정리해줘.,"겨울 4팀 2차 스레드에 대해 주의점은 공유 자원 관리가 필요하다고, 그리고 비유는 같은 식당 안에서 일하는 직원이라고 설명했습니다.",True,,,,,False,False,0.6511627906976745,0.47058823529411764,0.32558139534883723,0.23529411764705882,True,False,3.8357951999641955,3.2990371000487357,,,,,question+passage,"겨울 4팀 2차 스레드에 대해 비유는 같은 회를 나누어 가며 작업을 나누어 실행한다고, 장점은 작업을 가볍게 나눌 수 있다고, 그리고 주의점은 공유 자원 관리가 필요하다고 설명했습니다.","겨울 4팀 2차 스레드에 대해 주의점은 동기와 관련이 있라고, 비유는 동행과 비유가 같이 작을可能是放在同一行一起 釋義為與同一起工作이라고 설명했습니다."
dataset_ko_240_final,entity_simple_hard_test_marketing_00176:final:0,entity_simple_hard_test_marketing_00176,entity_simple_hard_test_marketing_00176,True,same_source_sibling_facts,1,4,23,20,정규 4팀 2차 신입생 캠페인 설명에서 보상과 대상만 알려줘.,"정규 4팀 2차 신입생 캠페인에 대해 보상은 커피 쿠폰이라고, 그리고 대상은 신입생이라고 설명했습니다.",True,,,,,False,False,0.6875,0.896551724137931,0.34375,0.4482758620689655,True,True,4.057190599967726,3.3496113000437617,,,,,passage-only,"정규 4팀 2차 신입생 캠페인 설명에 대해 보상과 대상은 채널 카지노 웹사이트이라고, 핵심 채널은 카지노 웹사이트이라고, 그리고 대상은 신입생이라고 설명했습니다.","정규 4팀 2차 신입생 캠페인 설명에 대해 보상은 커피 쿠폰이라고, 대상은 신입생이라고, 그리고 검색 경로는 인스타그램이라고 설명했습니다."
dataset_ko_241_final,entity_simple_hard_test_statistics_00381:final:0,entity_simple_hard_test_statistics_00381,entity_simple_hard_test_statistics_00381,True,same_source_sibling_facts,1,4,23,20,여름 오전반 4차 신뢰구간에서 활용과 비유를 함께 정리해줘.,"여름 오전반 4차 신뢰구간에 대해 활용은 추정의 불확실성을 설명할 때 쓴다고, 그리고 비유는 정답이 있을 법한 범위를 그은 지도라고 설명했습니다.",True,,,,,False,False,0.8837209302325582,0.6363636363636364,0.4418604651162791,0.3181818181818182,True,True,4.021012999932282,4.2933536999626085,,,,,question+passage,"여름 오전반 4차 신뢰구간에 대해 비유는 정답이 있을 법한 범위를 그은 지도라고, 주의점은 정답 하나를 보장하지 않는다고, 그리고 활용은 추정의 불확실성을 설명할 때 쓴다고 설명했습니다.","여름 오전반 4차 신뢰구간에 대해 활용은 추정의 불확실성을 설명할 때 쓴다고, 비유는 수학적 추정의 한 종류라고, 그리고 개념은 정해진 범위 내로 추정을 얼마나 많이 세울 때 쓴다고 설명했습니다."
dataset_ko_242_final,entity_simple_hard_test_dessert_00027:final:0,entity_simple_hard_test_dessert_00027,entity_simple_hard_test_dessert_00027,True,same_source_sibling_facts,1,4,23,20,심화 C반 1차 브라우니 설명 중 맛과 특징에 해당하는 내용만 답해줘.,"심화 C반 1차 브라우니에 대해 맛은 묵직하게 달콤하다고, 그리고 특징은 속이 촉촉하게 남는다고 설명했습니다.",True,,,,,False,False,0.9032258064516129,0.9032258064516129,0.45161290322580644,0.45161290322580644,True,True,3.8548965000081807,3.3348701000213623,,,,,tie,"심화 C반 1차 브라우니에 대해 특징은 속이 촉촉하게 남는다고, 맛은 묵직하게 달콤하다고, 그리고 설명은 초콜렛을 압축한 케이크라고 설명했습니다.","심화 C반 1차 브라우니에 대해 맛은 묵직하게 달콤하다고, 맛과 시간이 지른다고, 그리고 특징은 속이 촉촉하게 남는다고 설명했습니다."
dataset_ko_243_final,entity_simple_hard_test_dessert_00025:final:0,entity_simple_hard_test_dessert_00025,entity_simple_hard_test_dessert_00025,True,same_source_sibling_facts,1,4,23,20,파일럿 C반 1차 솜사탕에서 맛과 특징을 함께 정리해줘.,"파일럿 C반 1차 솜사탕에 대해 맛은 가볍게 달콤하다고, 그리고 특징은 입에 닿으면 빠르게 사라진다고 설명했습니다.",True,,,,,False,False,0.8823529411764706,0.6666666666666665,0.4411764705882353,0.33333333333333326,True,True,3.536105600069277,2.2530971999512985,,,,,question+passage,"파일럿 C반 1차 솜사탕에 대해 맛은 가볍게 달콤하다고, 특징은 입에 닿으면 빠르게 사라진다고, 그리고 보류는 구름 같은 간식이라고 설명했습니다.","파일럿 C반 1차 솜사탕에 대해 맛은 가볍게 달콤하다고, 맛은 깊은 단어이라고 설명했습니다."
dataset_ko_244_final,entity_simple_hard_test_project_00012:final:0,entity_simple_hard_test_project_00012,entity_simple_hard_test_project_00012,True,same_source_sibling_facts,1,4,23,20,가을 B반 1차 최종 발표 설명에서 담당과 확인 기준만 알려줘.,"가을 B반 1차 최종 발표에 대해 담당은 기획 파트라고, 그리고 확인 기준은 근거 제시 여부라고 설명했습니다.",True,,,,,False,False,0.888888888888889,0.9142857142857143,0.4444444444444445,0.45714285714285713,True,True,3.057314299978316,2.950043600052595,,,,,tie,"가을 B반 1차 최종 발표 설명에 대해 담당은 기획 파트라고, 확인 기준은 근거 제시 여부라고, 그리고 공유 위치는 팀 노션 페이지라고 설명했습니다.","가을 B반 1차 최종 발표 설명에 대해 담당은 기획 파트라고, 설명은 이해가 khó할 것이라고, 그리고 확인 기준은 근거 제시 여부라고 설명했습니다."
dataset_ko_245_final,entity_simple_hard_test_art_history_00113:final:0,entity_simple_hard_test_art_history_00113,entity_simple_hard_test_art_history_00113,True,same_source_sibling_facts,1,4,23,20,겨울 B반 2차 입체주의에서 핵심 특징과 목적을 함께 정리해줘.,"겨울 B반 2차 입체주의에 대해 핵심 특징은 여러 시점이라고, 그리고 목적은 대상을 새롭게 해석하는 것이라고 설명했습니다.",True,,,,,False,False,0.6399999999999999,0.6486486486486486,0.31999999999999995,0.3243243243243243,True,True,5.232542300014757,3.3495905000017956,,,,,tie,"겨울 B반 2차 입체주의에 대해 핵심 특징은 여러 시점이라고 설명하고 핵심 특징은 여러 시점에 대해 목적은 대상을 새롭게 해석하는 것이라고, 비유는 여러 방향에서 본 사물을 한 화면에 놓는 방식이라고, 그리고 목적은 대상을 새롭게 해석하는 것이라고 설명했습니다.","겨울 B반 2차 입체주의에 대해 핵심 특징은 여러 시점이라고, 목적은 행동의 방향을 도와준다고, 그리고 겨울 B반 2차 입체주의는 여러 시점이라고 설명했습니다."
dataset_ko_246_final,entity_simple_hard_test_art_history_00355:final:0,entity_simple_hard_test_art_history_00355,entity_simple_hard_test_art_history_00355,True,same_source_sibling_facts,1,4,23,20,파일럿 2팀 4차 르네상스 설명 중 목적과 핵심 특징에 해당하는 내용만 답해줘.,"파일럿 2팀 4차 르네상스에 대해 목적은 사람의 가치를 드러내는 것이라고, 그리고 핵심 특징은 인문주의라고 설명했습니다.",True,,,,,False,False,0.8571428571428571,0.8484848484848485,0.42857142857142855,0.42424242424242425,True,True,3.7263365999097005,3.3610252001089975,,,,,tie,"파일럿 2팀 4차 르네상스에 대해 핵심 특징은 인문주의라고, 목적은 사람의 가치를 드러내는 것이라고, 그리고 비교 포인트는 절대왕정 중심 설명과 다르다고 설명했습니다.","파일럿 2팀 4차 르네상스에 대해 목적은 사람의 가치를 드러내는 것이라고, 핵심 특징은 인문주의라고, 그리고 탄생인 망원주 의미으로고 말합니다."
dataset_ko_247_final,entity_simple_hard_test_art_history_00065:final:0,entity_simple_hard_test_art_history_00065,entity_simple_hard_test_art_history_00065,True,same_source_sibling_facts,1,4,23,20,파일럿 3팀 1차 입체주의에서 목적과 핵심 특징을 함께 정리해줘.,"파일럿 3팀 1차 입체주의에 대해 목적은 대상을 새롭게 해석하는 것이라고, 그리고 핵심 특징은 여러 시점이라고 설명했습니다.",True,,,,,False,False,0.8205128205128205,0.888888888888889,0.41025641025641024,0.4444444444444445,True,True,3.9131767000071704,3.1818050999427214,,,,,passage-only,"파일럿 3팀 1차 입체주의에 대해 핵심 특징은 여러 시점이라고, 비유는 여러 방향에서 본 사물을 한 화면에 놓는 방식이라고, 그리고 목적은 대상을 새롭게 해석하는 것이라고 설명했습니다.","파일럿 3팀 1차 입체주의에 대해 목적은 대상을 새롭게 해석하는 것이라고, 핵심 특징은 여러 시점이라고, 그리고 핵심 특징은 여러 시점이라고 설명했습니다."
dataset_ko_248_final,entity_simple_hard_test_marketing_00249:final:0,entity_simple_hard_test_marketing_00249,entity_simple_hard_test_marketing_00249,True,same_source_sibling_facts,1,4,23,20,세미나 1팀 3차 동아리 홍보에서 성과 지표와 핵심 채널을 함께 정리해줘.,"세미나 1팀 3차 동아리 홍보에 대해 성과 지표는 참여율이라고, 그리고 핵심 채널은 오픈채팅방이라고 설명했습니다.",True,,,,,False,False,0.9032258064516129,0.8387096774193549,0.45161290322580644,0.41935483870967744,True,True,3.310590200009756,3.347720199963078,,,,,question+passage,"세미나 1팀 3차 동아리 홍보에 대해 핵심 채널은 오픈채팅방이라고, 대상은 동아리 회원이라고, 그리고 성과 지표는 참여율이라고 설명했습니다.","세미나 1팀 3차 동아리 홍보에 대해 성과 지표는 참여율이라고, 핵심 채널은 게시판과 투입량이라고, 그리고 결과는 참여율만이라고 설명했습니다."
dataset_ko_249_final,entity_simple_hard_test_os_concept_00341:final:0,entity_simple_hard_test_os_concept_00341,entity_simple_hard_test_os_concept_00341,True,same_source_sibling_facts,1,4,23,20,여름 1팀 4차 스레드에서 장점과 역할을 함께 정리해줘.,"여름 1팀 4차 스레드에 대해 장점은 작업을 가볍게 나눌 수 있다고, 그리고 역할은 프로세스 안에서 작업을 나누어 실행한다고 설명했습니다.",True,,,,,False,False,0.7499999999999999,0.6511627906976745,0.37499999999999994,0.32558139534883723,True,True,3.5276636999333277,3.9052852999884635,,,,,question+passage,"여름 1팀 4차 스레드에 대해 장점은 작업을 가볍게 나눌 수 있다고, 역할은 프로세스 중에 사용된다고, 그리고 비유는 같은 식당 안에서 일하는 직원이라고 설명했습니다.","여름 1팀 4차 스레드에 대해 주의점은 공유 자원 관리와 관련이 깊다라고, 역할은 프로세스 안에서 작업을 나누어 실행한다고, 그리고 비유는 같은 시간에 수행하는 작업이 많다고 설명했습니다."
dataset_ko_250_final,entity_simple_hard_test_art_history_00066:final:0,entity_simple_hard_test_art_history_00066,entity_simple_hard_test_art_history_00066,True,same_source_sibling_facts,1,4,23,20,교수님이 정규 3팀 1차 인상주의의 목적과 핵심 특징을 어떻게 말했어?,"정규 3팀 1차 인상주의에 대해 목적은 관찰 순간을 살리는 것이라고, 그리고 핵심 특징은 빛의 순간적인 인상이라고 설명했습니다.",True,,,,,False,False,0.5161290322580646,0.55,0.2580645161290323,0.275,False,False,2.4103366000344977,3.841745200101286,,,,,tie,교수님이 정규 3팀 1차 인상주의에 대해 핵심 특징은 색감과 변화하는 투명 상태에 대해 설명했습니다.,"교수님이 정규 3팀 1차 인상주의의 목적과 핵심 특상이를 말할 때는 핵심 특상은 인상주의적인 특징을 보여주는 부분이라고, 그리고 목적은 관찰의 효과를 말하는 것이라고 설명했습니다."
dataset_ko_251_final,entity_simple_hard_test_project_00399:final:0,entity_simple_hard_test_project_00399,entity_simple_hard_test_project_00399,True,same_source_sibling_facts,1,4,23,20,세미나 오후반 4차 프론트엔드 점검 설명 중 담당과 확인 기준에 해당하는 내용만 답해줘.,"세미나 오후반 4차 프론트엔드 점검에 대해 담당은 프론트엔드 파트라고, 그리고 확인 기준은 사용자 차단 여부라고 설명했습니다.",True,,,,,False,False,0.8648648648648648,0.888888888888889,0.4324324324324324,0.4444444444444445,True,True,3.983458900009282,3.839950399938971,,,,,tie,"세미나 오후반 4차 프론트엔드 점검 설명에 대해 확인 기준은 사용자 차단 여부라고, 공유 위치는 프로젝트 슬랙 채널이라고, 그리고 담당은 프론트엔드 파트라고 설명했습니다.","세미나 오후반 4차 프론트엔드 점검에 대해 담당은 프론트엔드 파트라고, 마감은 다음 달 첫째 주 화요일이라고, 그리고 확인 기준은 사용자 차단 여부라고 설명했습니다."
dataset_ko_252_final,entity_simple_hard_test_project_00108:final:0,entity_simple_hard_test_project_00108,entity_simple_hard_test_project_00108,True,same_source_sibling_facts,1,4,23,20,실습 A반 2차 최종 발표 설명에서 담당과 확인 기준만 알려줘.,"실습 A반 2차 최종 발표에 대해 담당은 기획 파트라고, 그리고 확인 기준은 근거 제시 여부라고 설명했습니다.",True,,,,,False,False,0.888888888888889,0.967741935483871,0.4444444444444445,0.4838709677419355,True,True,3.0290211000246927,2.330401699990034,,,,,passage-only,"실습 A반 2차 최종 발표에 대해 확인 기준은 근거 제시 여부라고, 공유 위치는 팀 노션 페이지라고, 그리고 담당은 기획 파트라고 설명했습니다.","실습 A반 2차 최종 발표 설명에 대해 담당은 기획 파트라고, 확인 기준은 근거 제시 여부라고 설명했습니다."
dataset_ko_253_final,entity_simple_hard_test_statistics_00215:final:0,entity_simple_hard_test_statistics_00215,entity_simple_hard_test_statistics_00215,True,same_source_sibling_facts,1,4,23,20,파일럿 B반 3차 회귀분석 설명 중 의미와 주의점에 해당하는 내용만 답해줘.,"파일럿 B반 3차 회귀분석에 대해 의미는 관계의 경향 설명이라고, 그리고 주의점은 모든 원인을 증명하지는 않는다고 설명했습니다.",True,,,,,False,False,0.6153846153846153,0.8205128205128205,0.30769230769230765,0.41025641025641024,True,True,4.036691999994218,4.05161749990657,,,,,passage-only,"파일럿 B반 3차 회귀분석 설명에 대해 주의점은 관계의 경향 설명에 해당하는 내용이라고, 의미는 관계의 경향 설명이라고, 그리고 비유는 흩어진 점 사이에 길을 그어 보는 일이라고 설명했습니다.","파일럿 B반 3차 회귀분석 설명에 대해 의미는 관계의 경향 설명이라고, 주의점은 모든 원인을 증명하지는 않는다고, 그리고 비유는 흩어진 점 사이에 길을 그어 보는 일이라고 설명했습니다."
dataset_ko_254_final,entity_simple_hard_test_statistics_00214:final:0,entity_simple_hard_test_statistics_00214,entity_simple_hard_test_statistics_00214,True,same_source_sibling_facts,1,4,23,20,교수님이 캡스톤 B반 3차 상관계수의 의미와 주의점을 어떻게 말했어?,"캡스톤 B반 3차 상관계수에 대해 의미는 선형 관계 강도라고, 그리고 주의점은 원인 증명을 뜻하지 않는다고 설명했습니다.",True,,,,,False,False,0.6666666666666667,0.5333333333333333,0.33333333333333337,0.26666666666666666,True,False,4.683699799934402,2.2135136999422684,,,,,question+passage,"교수님이 캡스톤 B반 3차 상관계수의 의미은 관계 강도를 빠르게 살필 때 쓴다고, 주의점은 원인 증명을 뜻하지 않는다고, 그리고 비유는 두 변수의 움직임을 비교하는 나침반이라고 설명했습니다.","교수님�이 캡스톤 B반 3차 상관계수의 의미와 주의점을 설명하시고, 특히 데이터 목적에 대해 변경한다고 설명했습니다."
dataset_ko_255_final,entity_simple_hard_test_statistics_00358:final:0,entity_simple_hard_test_statistics_00358,entity_simple_hard_test_statistics_00358,True,same_source_sibling_facts,1,4,23,20,교수님이 실습 2팀 4차 상관계수의 주의점과 의미를 어떻게 말했어?,"실습 2팀 4차 상관계수에 대해 주의점은 원인 증명을 뜻하지 않는다고, 그리고 의미는 선형 관계 강도라고 설명했습니다.",True,,,,,False,False,0.6666666666666667,0.48484848484848486,0.33333333333333337,0.24242424242424243,True,False,3.155859800055623,3.0470193000510335,,,,,question+passage,"실제 의미는 선형 관계 강도라고, 비유는 두 변수의 움직임을 비교하는 나침반이라고, 그리고 주의점은 원인 증명을 뜻하지 않는다고 설명했습니다.",교수님이 실습 2팀 4차 상관계수의 주의점과 의미를 설명하시나요가 질문입니다. 감정은 전체의 의미를 설명하는 데 영향을 주지 않는다고 설명했습니다.
dataset_ko_256_final,entity_simple_hard_test_art_history_00163:final:0,entity_simple_hard_test_art_history_00163,entity_simple_hard_test_art_history_00163,True,same_source_sibling_facts,1,4,23,20,겨울 3팀 2차 르네상스 설명 중 목적과 핵심 특징에 해당하는 내용만 답해줘.,"겨울 3팀 2차 르네상스에 대해 목적은 사람의 가치를 드러내는 것이라고, 그리고 핵심 특징은 인문주의라고 설명했습니다.",True,,,,,False,False,0.8571428571428571,0.6341463414634146,0.42857142857142855,0.3170731707317073,True,True,3.6416961998911574,4.779094199999236,,,,,question+passage,"겨울 3팀 2차 르네상스에 대해 핵심 특징은 인문주의라고, 목적은 사람의 가치를 드러내는 것이라고, 그리고 비교 포인트는 절대왕정 중심 설명과 다르다고 설명했습니다.","겨울 3팀 2차 르네상스에 대해 목적은 사람의 가치를, 2차 르네상스에 대해 핵심 특징은 인문주의, 그리고 겨울 3팀 2차 르네상스에 대해 핵심 특징은 인문주의가 방제가 될 것이라고 설명했습니다."
dataset_ko_257_final,entity_simple_hard_test_dessert_00194:final:0,entity_simple_hard_test_dessert_00194,entity_simple_hard_test_dessert_00194,True,same_source_sibling_facts,1,4,23,20,교수님이 캡스톤 오후반 2차 마카롱의 색깔과 비유를 어떻게 말했어?,"캡스톤 오후반 2차 마카롱에 대해 색깔은 알록달록하다고, 그리고 비유는 작은 보석 상자라고 설명했습니다.",True,,,,,False,False,0.6428571428571429,0.896551724137931,0.32142857142857145,0.4482758620689655,True,True,2.9348467000527307,2.865744600072503,,,,,passage-only,"교수님에 대해 비유는 작은 보석 상자라고, 특징은 겉은 바삭하고 속은 촉촉하다고, 그리고 색깔은 알록달록하다고 설명했습니다.","캡스톤 오후반 2차 마카롱에 대해 색깔은 알록달록하다고, 비유는 작은 보석 상자라고, 그리고 결성의 결과는 다양하다고 설명했습니다."
dataset_ko_258_final,entity_simple_hard_test_marketing_00129:final:0,entity_simple_hard_test_marketing_00129,entity_simple_hard_test_marketing_00129,True,same_source_sibling_facts,1,4,23,20,세미나 C반 2차 동아리 홍보에서 대상과 보상을 함께 정리해줘.,"세미나 C반 2차 동아리 홍보에 대해 대상은 동아리 회원이라고, 그리고 보상은 굿즈 추첨권이라고 설명했습니다.",True,,,,,False,False,0.962962962962963,0.7741935483870968,0.4814814814814815,0.3870967741935484,True,True,2.3429154000477865,3.3954693999839947,,,,,question+passage,"세미나 C반 2차 동아리 홍보에 대해 대상은 동아리 회원이라고, 보상은 굿즈 추첨권이라고 설명했습니다.","세미나 C반 2차 동아리 홍보에 대해 대상은 학과별로 총 30명이라고, 성과 지표는 참여율이라고, 그리고 보상은 굿즈 추첨권이라고 설명했습니다."
dataset_ko_259_final,entity_simple_hard_test_dessert_00288:final:0,entity_simple_hard_test_dessert_00288,entity_simple_hard_test_dessert_00288,True,same_source_sibling_facts,1,4,23,20,실습 오전반 3차 초콜렛 설명에서 색깔과 비유만 알려줘.,"실습 오전반 3차 초콜렛에 대해 색깔은 검정색이라고, 그리고 비유는 작은 선물 상자라고 설명했습니다.",True,,,,,False,False,0.8666666666666666,0.6896551724137931,0.4333333333333333,0.3448275862068966,True,True,3.1090697000036016,3.015279399929568,,,,,question+passage,"실습 오전반 3차 초콜렛 설명에 대해 색깔은 검정색이라고, 비유는 작은 선물 상자라고, 그리고 특징은 입안에서 천천히 녹는다고 설명했습니다.","실습 오전반 3차 초콜렛에 대해 색깔은 검정색이라고, 비유는 다르게 보이다고, 그리고 프로 설명에 대해 색깔은 달콤하다고 설명했습니다."
dataset_ko_260_final,entity_simple_hard_test_dessert_00315:final:0,entity_simple_hard_test_dessert_00315,entity_simple_hard_test_dessert_00315,True,same_source_sibling_facts,1,4,23,20,파일럿 B반 4차 브라우니 설명 중 맛과 특징에 해당하는 내용만 답해줘.,"파일럿 B반 4차 브라우니에 대해 맛은 묵직하게 달콤하다고, 그리고 특징은 속이 촉촉하게 남는다고 설명했습니다.",True,,,,,False,False,0.9032258064516129,0.8750000000000001,0.45161290322580644,0.43750000000000006,True,True,3.5598601999226958,3.9113796000601724,,,,,tie,"파일럿 B반 4차 브라우니에 대해 맛은 묵직하게 달콤하다고, 특징은 속이 촉촉하게 남는다고, 그리고 맛은 묵직하게 달콤하다고 설명했습니다.","파일럿 B반 4차 브라우니에 대해 맛은 묵직하게 달콤하다고, 비유는 초콜렛을 압축한 케이크라고, 그리고 특징은 속이 촉촉하게 남는다고 설명했습니다."
dataset_ko_261_final,entity_simple_hard_test_project_00206:final:0,entity_simple_hard_test_project_00206,entity_simple_hard_test_project_00206,True,same_source_sibling_facts,1,4,23,20,교수님이 정규 A반 3차 AI 모델 평가의 담당과 확인 기준을 어떻게 말했어?,"정규 A반 3차 AI 모델 평가에 대해 담당은 AI 파트라고, 그리고 확인 기준은 정답률이라고 설명했습니다.",True,,,,,False,False,0.65,0.608695652173913,0.325,0.3043478260869565,True,True,3.925008699996397,3.7783270000945777,,,,,tie,"교수님이 정규 A반 3차 AI 모델 평가의 담당과 확인 기준을 포함을 기준을 어떻게 설정하라고, 확인 편은 질의와 상점은 AI 파트라고, 그리고 담당은 AI 파트라고 설명했습니다.","교수님이 정규 A반 3차 AI 모델 평가에 대해 담당은 AI 파트라고, 확인 기준은 정답률을 설명했다고, 그리고 확인 기준은 없을 appears to be an AI that needs to be handled manually stated라고 설명했습니다."
dataset_ko_262_final,entity_simple_hard_test_marketing_00106:final:0,entity_simple_hard_test_marketing_00106,entity_simple_hard_test_marketing_00106,True,same_source_sibling_facts,1,4,23,20,교수님이 정규 A반 2차 스터디 모집의 핵심 채널과 성과 지표를 어떻게 말했어?,"정규 A반 2차 스터디 모집에 대해 핵심 채널은 학과 홈페이지라고, 그리고 성과 지표는 완료율이라고 설명했습니다.",True,,,,,False,False,0.6857142857142857,0.7878787878787877,0.34285714285714286,0.39393939393939387,True,True,4.047754399944097,3.7253607000457123,,,,,passage-only,"교수님이 정규 A반 2차 스터디 모집의 핵심 채널을 성과 지표로는 완료율이라고, 대상은 스터디 신청자라고, 그리고 성과 지표의 결과값은 완료일자라고 설명했습니다.","교수님의 2차 스터디 모집에 대해 핵심 채널은 학과 홈페이지라고, 성과 지표는 완료율이라고, 그리고 핵심콘텐트는 학생만의 순은 몇백이라고 설명했습니다."
dataset_ko_263_final,entity_simple_hard_test_art_history_00211:final:0,entity_simple_hard_test_art_history_00211,entity_simple_hard_test_art_history_00211,True,same_source_sibling_facts,1,4,23,20,여름 B반 3차 르네상스 설명 중 핵심 특징과 목적에 해당하는 내용만 답해줘.,"여름 B반 3차 르네상스에 대해 핵심 특징은 인문주의라고, 그리고 목적은 사람의 가치를 드러내는 것이라고 설명했습니다.",True,,,,,False,False,0.9655172413793104,0.9090909090909091,0.4827586206896552,0.45454545454545453,True,True,2.584652699995786,3.409453900065273,,,,,question+passage,"여름 B반 3차 르네상스에 대해 핵심 특징은 인문주의라고, 목적은 사람의 가치를 드러내는 것이라고 설명했습니다.","여름 B반 3차 르네상스에 대해 핵심 특징은 인문주의라고, 목적은 사람의 가치를 드러내는 것이라고, 그리고 핵심 합류점은 인문주의라고 설명했습니다."
dataset_ko_264_final,entity_simple_hard_test_dessert_00168:final:0,entity_simple_hard_test_dessert_00168,entity_simple_hard_test_dessert_00168,True,same_source_sibling_facts,1,4,23,20,실습 3팀 2차 초콜렛 설명에서 특징과 맛만 알려줘.,"실습 3팀 2차 초콜렛에 대해 특징은 입안에서 천천히 녹는다고, 그리고 맛은 달콤하다고 설명했습니다.",True,,,,,False,False,0.8666666666666666,0.9285714285714286,0.4333333333333333,0.4642857142857143,True,True,3.0712846000678837,3.017951300018467,,,,,passage-only,"실습 3팀 2차 초콜렛 설명에 대해 특징은 입안에서 천천히 녹는다고, 맛은 달콤하다고, 그리고 비유는 작은 선물 상자라고 설명했습니다.","실습 3팀 2차 초콜렛에 대해 특징은 입안에서 천천히 녹는다고, 맛은 달콤하다고, 그리고 색깔은 검정색이라고 설명했습니다."
dataset_ko_265_final,entity_simple_hard_test_project_00324:final:0,entity_simple_hard_test_project_00324,entity_simple_hard_test_project_00324,True,same_source_sibling_facts,1,4,23,20,캡스톤 C반 4차 최종 발표 설명에서 마감과 공유 위치만 알려줘.,"캡스톤 C반 4차 최종 발표에 대해 마감은 다음 주 월요일 밤이라고, 그리고 공유 위치는 팀 노션 페이지라고 설명했습니다.",True,,,,,False,False,0.967741935483871,0.8648648648648648,0.4838709677419355,0.4324324324324324,True,True,2.4001401000423357,3.2645372999832034,,,,,question+passage,"캡스톤 C반 4차 최종 발표에 대해 공유 위치는 팀 노션 페이지라고, 마감은 다음 주 월요일 밤이라고 설명했습니다.","캡스톤 C반 4차 최종 발표 설명에 대해 마감은 다음 주 월요일 밤이라고, 공유 위치는 팀 노션 페이지라고, 그리고 확인 기준은 근거 제공 여부라고 설명했습니다."
dataset_ko_266_final,entity_simple_hard_test_os_concept_00366:final:0,entity_simple_hard_test_os_concept_00366,entity_simple_hard_test_os_concept_00366,True,same_source_sibling_facts,1,4,23,20,교수님이 정규 3팀 4차 캐시의 주의점과 비유를 어떻게 말했어?,"정규 3팀 4차 캐시에 대해 주의점은 오래된 정보가 남을 수 있다고, 그리고 비유는 책상 위에 올려둔 책이라고 설명했습니다.",True,,,,,False,False,0.6666666666666667,0.45,0.33333333333333337,0.225,True,True,3.774457999970764,3.783822000026703,,,,,question+passage,"prof의 3팀 4차 캐시에 대해 비유는 책상 위에 올려둔 책이라고, 장점은 반복 접근을 빠르게 만든다고, 그리고 주의점은 시간이 지날어 작아질 수 있다고 설명했습니다.","professor's 3rd team 4th cache에 대해 주의점은 오래된 정보가 남을 수 있다고, 비유는 기억된 반복 코드가 빠르게 올라감이라고, 그리고 장점은 반복 접근이 빠르다고 설명했습니다."
dataset_ko_267_final,entity_simple_hard_test_art_history_00210:final:0,entity_simple_hard_test_art_history_00210,entity_simple_hard_test_art_history_00210,True,same_source_sibling_facts,1,4,23,20,교수님이 봄 B반 3차 인상주의의 핵심 특징과 목적을 어떻게 말했어?,"봄 B반 3차 인상주의에 대해 핵심 특징은 빛의 순간적인 인상이라고, 그리고 목적은 관찰 순간을 살리는 것이라고 설명했습니다.",True,,,,,False,False,0.7317073170731707,0.3,0.36585365853658536,0.15,True,False,4.801313400035724,4.149427099968307,,,,,question+passage,"봄 B반 3차 인상주의에 대해 핵심 특징은 완득이에요. 학생들이 동서에서는 햇빛의 순간적인 인상이라고, 목적은 관찰 순간을 살리는 것이라고, 그리고 비유는 햇빛이 흔들리는 수면에 비친 모습이라고 설명했습니다.",봄 B반 3차 인상주의의 핵심 특징과 목적을 교수님이 봄 B반 3차 인상주의의 핵심 특징과 목적을 설명할 때는 핵심 특징을 간단히 설명할 수 있는 이미지로 생각하면 좋을 것 같습니다.
dataset_ko_268_final,entity_simple_hard_test_project_00087:final:0,entity_simple_hard_test_project_00087,entity_simple_hard_test_project_00087,True,same_source_sibling_facts,1,4,23,20,심화 오전반 1차 프론트엔드 점검 설명 중 공유 위치와 마감에 해당하는 내용만 답해줘.,"심화 오전반 1차 프론트엔드 점검에 대해 공유 위치는 프로젝트 슬랙 채널이라고, 그리고 마감은 다음 달 첫째 주 화요일이라고 설명했습니다.",True,,,,,False,False,0.9696969696969697,0.7428571428571428,0.48484848484848486,0.3714285714285714,True,True,3.321781800012104,3.652750999899581,,,,,question+passage,"심화 오전반 1차 프론트엔드 점검 설명에 대해 공유 위치는 프로젝트 슬랙 채널이라고, 마감은 다음 달 첫째 주 화요일이라고 설명했습니다.","심화 오전반 1차 프론트엔드 점검에 대해 공유 책임자는 프론트엔드 파트라고, 마감은 다음 달 첫째 주 화요일이라고, 그리고 학점은 불確定하다고 설명했습니다."
dataset_ko_269_final,entity_simple_hard_test_dessert_00193:final:0,entity_simple_hard_test_dessert_00193,entity_simple_hard_test_dessert_00193,True,same_source_sibling_facts,1,4,23,20,겨울 오후반 2차 솜사탕에서 색깔과 비유를 함께 정리해줘.,"겨울 오후반 2차 솜사탕에 대해 색깔은 분홍색이라고, 그리고 비유는 구름 같은 간식이라고 설명했습니다.",True,,,,,False,False,0.8387096774193548,0.896551724137931,0.4193548387096774,0.4482758620689655,True,True,3.34397629997693,2.906934199971147,,,,,passage-only,"겨울 오후반 2차 솜사탕에 대해 색깔은 분홍색이라고, 비유는 구름 같은 간식이라고, 그리고 특징은 입에 닿으면 빠르게 사라진다고 설명했습니다.","겨울 오후반 2차 솜사탕에 대해 색깔은 분홍색이라고, 비유는 구름 같은 간식이라고, 그리고 이유는 새롭고 달콤하다고 설명했습니다."
dataset_ko_270_final,entity_simple_hard_test_statistics_00310:final:0,entity_simple_hard_test_statistics_00310,entity_simple_hard_test_statistics_00310,True,same_source_sibling_facts,1,4,23,20,교수님이 봄 B반 4차 상관계수의 의미와 주의점을 어떻게 말했어?,"봄 B반 4차 상관계수에 대해 의미는 선형 관계 강도라고, 그리고 주의점은 원인 증명을 뜻하지 않는다고 설명했습니다.",True,,,,,False,False,0.5714285714285715,0.8333333333333333,0.28571428571428575,0.41666666666666663,True,True,3.8178458999609575,3.7342820999911055,,,,,passage-only,"professor의 4차 상관계수의 의미은 원인 증명을 뜻하지 않는다고, 주의점은 원인 증명을 뜻하지 않는다고, 그리고 비유는 두 변수의 움직임을 비교하는 나침반이라고 설명했습니다.","봄 B반 4차 상관계수에 대해 의미는 선형 관계 강도라고, 주의점은 원인 증명을 뜻하지 않는다고, 그리고 활용은 관계 강도를 빠르게 살필 때 쓴다고 설명했습니다."
dataset_ko_271_final,entity_simple_hard_test_art_history_00112:final:0,entity_simple_hard_test_art_history_00112,entity_simple_hard_test_art_history_00112,True,same_source_sibling_facts,1,4,23,20,가을 B반 2차 바로크 설명에서 핵심 특징과 목적만 알려줘.,"가을 B반 2차 바로크에 대해 핵심 특징은 극적 명암이라고, 그리고 목적은 감정을 강하게 전달하는 것이라고 설명했습니다.",True,,,,,False,False,0.8421052631578948,0.5652173913043479,0.4210526315789474,0.28260869565217395,True,True,3.5976931999903172,5.600389100029133,,,,,question+passage,"가을 B반 2차 바로크에 대해 핵심 특징은 극적 명암이라고, 비유는 무대 조명이 한 장면을 강조하는 방식이라고, 그리고 목적은 감정을 강하게 전달하는 것이라고 설명했습니다.","가을 B반 2차 바로크 설명에 대해 핵심 특징은 극적 명암으로 영永盛地의 영과 권力を传唤하는 것이라고, 목적은 청자의 한 상태를 강하게传导하는 것이라고, 그리고 핵심 특징을 학위의 빛과 같은 점과区别는 분명한 강조의 긿는 고포함이라고 설명했습니다."
dataset_ko_272_final,entity_simple_hard_test_marketing_00224:final:0,entity_simple_hard_test_marketing_00224,entity_simple_hard_test_marketing_00224,True,same_source_sibling_facts,1,4,23,20,캡스톤 C반 3차 신입생 캠페인 설명에서 대상과 보상만 알려줘.,"캡스톤 C반 3차 신입생 캠페인에 대해 대상은 신입생이라고, 그리고 보상은 커피 쿠폰이라고 설명했습니다.",True,,,,,False,False,0.896551724137931,0.5806451612903226,0.4482758620689655,0.2903225806451613,True,True,3.3114176000235602,3.7620786000043154,,,,,question+passage,"캡스톤 C반 3차 신입생 캠페인에 대해 보상은 커피 쿠폰이라고, 대상은 신입생이라고, 그리고 성과 지표는 전환율이라고 설명했습니다.","캡스톤 C반 3차 신입생 캠페인 설명에서 대상과 보상만 알려고 했고, 성과 지표는 전환율이라고, 권한은 로테이션이라고, 그리고 성과가 전환율이라고 설명했습니다."
dataset_ko_273_final,entity_simple_hard_test_os_concept_00246:final:0,entity_simple_hard_test_os_concept_00246,entity_simple_hard_test_os_concept_00246,True,same_source_sibling_facts,1,4,23,20,교수님이 정규 1팀 3차 캐시의 장점과 역할을 어떻게 말했어?,"정규 1팀 3차 캐시에 대해 장점은 반복 접근을 빠르게 만든다고, 그리고 역할은 자주 쓰는 정보를 가까이 둔다고 설명했습니다.",True,,,,,False,False,0.717948717948718,0.8571428571428571,0.358974358974359,0.42857142857142855,True,True,3.6003538999939337,4.262720600003377,,,,,passage-only,"prof의 주의점에 대해 장점은 반복 접근을 빠르게 만든다고, 역할은 자주 쓰는 정보를 가까이 둔다고, 그리고 비유는 책상 위에 올려둔 책이라고 설명했습니다.","교수님이 정규 1팀 3차 캐시에 대해 장점은 반복 접근을 빠르게 만든다고, 역할은 자주 쓰는 정보를 가까이 둔다고, 그리고 비유는 책상 위에 올려둔 책이라고 설명했습니다."
dataset_ko_274_final,entity_simple_hard_test_statistics_00380:final:0,entity_simple_hard_test_statistics_00380,entity_simple_hard_test_statistics_00380,True,same_source_sibling_facts,1,4,23,20,봄 오전반 4차 표본분산 설명에서 활용과 비유만 알려줘.,"봄 오전반 4차 표본분산에 대해 활용은 데이터 변동성을 볼 때 쓴다고, 그리고 비유는 점들이 얼마나 퍼졌는지 보는 자라고 설명했습니다.",True,,,,,False,False,0.888888888888889,0.8421052631578948,0.4444444444444445,0.4210526315789474,True,True,3.644009600044228,4.1915454000700265,,,,,tie,"봄 오전반 4차 표본분산에 대해 비유는 점들이 얼마나 퍼졌는지 보는 자라고, 주의점은 순위 정렬과 다르다고, 그리고 활용은 데이터 변동성을 볼 때 쓴다고 설명했습니다.","봄 오전반 4차 표본분산 표본분산 설명에 대해 활용은 데이터 변동성을 볼 때 쓴다고, 비유는 점들이 얼마나 퍼졌는지 보는 자라고, 그리고 개념은 과정을 곧게 뻗은 것이라고 설명했습니다."
dataset_ko_275_final,entity_simple_hard_test_statistics_00236:final:0,entity_simple_hard_test_statistics_00236,entity_simple_hard_test_statistics_00236,True,same_source_sibling_facts,1,4,23,20,정규 D반 3차 표본분산 설명에서 비유와 활용만 알려줘.,"정규 D반 3차 표본분산에 대해 비유는 점들이 얼마나 퍼졌는지 보는 자라고, 그리고 활용은 데이터 변동성을 볼 때 쓴다고 설명했습니다.",True,,,,,False,False,0.9696969696969697,0.6842105263157895,0.48484848484848486,0.34210526315789475,True,True,2.890498199965805,4.0860185999190435,,,,,question+passage,"정규 D반 3차 표본분산에 대해 비유는 점들이 얼마나 퍼졌는지 보는 자라고, 활용은 데이터 변동성을 볼 때 쓴다고 설명했습니다.","정규 D반 3차 표본분산 설명에 대해 비유는 점들이 얼마나 퍼졌는지 보는 자라고, 주의점은 순위 정렬과 다르다고, 그리고 활용은 여러 차원의 복잡ity 측정都说了理解方便性不高就删了"
dataset_ko_276_final,entity_simple_hard_test_marketing_00153:final:0,entity_simple_hard_test_marketing_00153,entity_simple_hard_test_marketing_00153,True,same_source_sibling_facts,1,4,23,20,겨울 2팀 2차 동아리 홍보에서 성과 지표와 핵심 채널을 함께 정리해줘.,"겨울 2팀 2차 동아리 홍보에 대해 성과 지표는 참여율이라고, 그리고 핵심 채널은 오픈채팅방이라고 설명했습니다.",True,,,,,False,False,0.9032258064516129,0.6875000000000001,0.45161290322580644,0.34375000000000006,True,True,3.257557199918665,3.3541217000456527,,,,,question+passage,"겨울 2팀 2차 동아리 홍보에 대해 핵심 채널은 오픈채팅방이라고, 대상은 동아리 회원이라고, 그리고 성과 지표는 참여율이라고 설명했습니다.","겨울 2팀 2차 동아리 홍보에 대해 성과 지표는 참여율이라고, 핵심 채널은 게시판과 투표를 said, 성과 지표는 참여율이라고 설명하고了"
dataset_ko_277_final,entity_simple_hard_test_marketing_00032:final:0,entity_simple_hard_test_marketing_00032,entity_simple_hard_test_marketing_00032,True,same_source_sibling_facts,1,4,23,20,가을 D반 1차 신입생 캠페인 설명에서 대상과 보상만 알려줘.,"가을 D반 1차 신입생 캠페인에 대해 대상은 신입생이라고, 그리고 보상은 커피 쿠폰이라고 설명했습니다.",True,,,,,False,False,0.896551724137931,0.5714285714285714,0.4482758620689655,0.2857142857142857,True,True,3.228528199950233,4.438561099930666,,,,,question+passage,"가을 D반 1차 신입생 캠페인에 대해 보상은 커피 쿠폰이라고, 대상은 신입생이라고, 그리고 성과 지표는 전환율이라고 설명했습니다.","가을 D반 1차 신입생 캠페인 설명에서 대상과 보상만 알려줬다고 하면, 핵심 채널이 브로셔로, 고객 분류가 신입생이라고, 그리고 보상이 프로모션 구절에 있는 상금이라고 설명했습니다."
dataset_ko_278_final,entity_simple_hard_test_marketing_00081:final:0,entity_simple_hard_test_marketing_00081,entity_simple_hard_test_marketing_00081,True,same_source_sibling_facts,1,4,23,20,여름 오전반 1차 동아리 홍보에서 보상과 대상을 함께 정리해줘.,"여름 오전반 1차 동아리 홍보에 대해 보상은 굿즈 추첨권이라고, 그리고 대상은 동아리 회원이라고 설명했습니다.",True,,,,,False,False,0.962962962962963,0.7333333333333334,0.4814814814814815,0.3666666666666667,True,True,2.1425909000681713,3.4345027999952435,,,,,question+passage,"여름 오전반 1차 동아리 홍보에 대해 대상은 동아리 회원이라고, 보상은 굿즈 추첨권이라고 설명했습니다.","여름 오전반 1차 동아리 홍보에 대해 보상은 굿즈 추첨권이라고, 핵심 채널은 오픈채팅방이라고, 대상은 순위권 클러프라고 설명했습니다."
dataset_ko_279_final,entity_simple_hard_test_dessert_00362:final:0,entity_simple_hard_test_dessert_00362,entity_simple_hard_test_dessert_00362,True,same_source_sibling_facts,1,4,23,20,교수님이 가을 3팀 4차 마카롱의 특징과 맛을 어떻게 말했어?,"가을 3팀 4차 마카롱에 대해 특징은 겉은 바삭하고 속은 촉촉하다고, 그리고 맛은 부드럽고 진하다고 설명했습니다.",True,,,,,False,False,0.9375,0.1111111111111111,0.46875,0.05555555555555555,True,False,3.5124013000167906,7.652840099995956,,,,,question+passage,"가을 3팀 4차 마카롱에 대해 특징은 겉은 바삭하고 속은 촉촉하다고, 색깔은 알록달록하다고, 그리고 맛은 부드럽고 진하다고 설명했습니다.","교수님이 가을 3팀 4차 마카롱의 특징과 맛을 설명하 said, is unique and memorable, and will give you the taste of each layer's flavor, she承诺了delivery with the format of each layer's flavor, she承诺了delivery with the format of each layer's flavor, she承诺了delivery with the format of each layer's flavor, she承诺了delivery with the format of each layer's flavor, she承诺了delivery with the format of each layer's flavor, she承诺了delivery with the format of each layer's flavor, she承诺了delivery with the format of"
dataset_ko_280_final,entity_simple_hard_test_marketing_00345:final:0,entity_simple_hard_test_marketing_00345,entity_simple_hard_test_marketing_00345,True,same_source_sibling_facts,1,4,23,20,파일럿 1팀 4차 동아리 홍보에서 성과 지표와 핵심 채널을 함께 정리해줘.,"파일럿 1팀 4차 동아리 홍보에 대해 성과 지표는 참여율이라고, 그리고 핵심 채널은 오픈채팅방이라고 설명했습니다.",True,,,,,False,False,0.9032258064516129,0.6153846153846153,0.45161290322580644,0.30769230769230765,True,True,3.2982463999651372,5.391198599943891,,,,,question+passage,"파일럿 1팀 4차 동아리 홍보에 대해 핵심 채널은 오픈채팅방이라고, 대상은 동아리 회원이라고, 그리고 성과 지표는 참여율이라고 설명했습니다.","파일럿 1팀 4차 동아리 홍보에 대해 성과 지표는 참여율이라고, 핵심 채널은 게시판과 투표를 비교했습니다. 성과 지표는 참여율이라고, 결과은 100%가 커버됐고, 핵심 채널은 게시판에서만 알렸다고 설명했습니다."
dataset_ko_281_final,entity_simple_hard_test_os_concept_00125:final:0,entity_simple_hard_test_os_concept_00125,entity_simple_hard_test_os_concept_00125,True,same_source_sibling_facts,1,4,23,20,파일럿 C반 2차 스레드에서 비유와 주의점을 함께 정리해줘.,"파일럿 C반 2차 스레드에 대해 비유는 같은 식당 안에서 일하는 직원이라고, 그리고 주의점은 공유 자원 관리가 필요하다고 설명했습니다.",True,,,,,False,False,0.8571428571428571,0.45714285714285713,0.42857142857142855,0.22857142857142856,True,False,3.763352600042708,2.8790632999734953,,,,,question+passage,"파일럿 C반 2차 스레드에 대해 비유는 같은 식당 안에서 일하는 직원이라고, 주의점은 공유 자원 관리가 필요하다고, 그리고 역할은 프로세스 안에서 작업을 나누어 실행한다고 설명했습니다.","파일럿 C반 2차 스레드에 대해 비유는 동일한 곳에서 слов을 나눌 수 있다고, 주의점은 작업이 익 not equal이 되는 것이라고 설명했습니다."
dataset_ko_282_final,entity_simple_hard_test_marketing_00083:final:0,entity_simple_hard_test_marketing_00083,entity_simple_hard_test_marketing_00083,True,same_source_sibling_facts,1,4,23,20,겨울 오전반 1차 멘토링 이벤트 설명 중 보상과 대상에 해당하는 내용만 답해줘.,"겨울 오전반 1차 멘토링 이벤트에 대해 보상은 포인트 500점이라고, 그리고 대상은 멘토링 참여 학생이라고 설명했습니다.",True,,,,,False,False,0.9090909090909091,0.8823529411764706,0.45454545454545453,0.4411764705882353,True,True,3.4748579000588506,4.039609800092876,,,,,tie,"겨울 오전반 1차 멘토링 이벤트에 대해 보상은 포인트 500점이라고, 대상은 멘토링 참여 학생이라고, 그리고 성과 지표는 재방문율이라고 설명했습니다.","겨울 오전반 1차 멘토링 이벤트에 대해 보상은 포인트 500점이라고, 핵심 채널은 이메일 뉴스레터라고, 그리고 대상은 멘토링 참여 학생이라고 설명했습니다."
dataset_ko_283_final,entity_simple_hard_test_art_history_00064:final:0,entity_simple_hard_test_art_history_00064,entity_simple_hard_test_art_history_00064,True,same_source_sibling_facts,1,4,23,20,캡스톤 3팀 1차 바로크 설명에서 목적과 핵심 특징만 알려줘.,"캡스톤 3팀 1차 바로크에 대해 목적은 감정을 강하게 전달하는 것이라고, 그리고 핵심 특징은 극적 명암이라고 설명했습니다.",True,,,,,False,False,0.8421052631578948,0.5625,0.4210526315789474,0.28125,True,False,3.7138526999624446,2.809545799973421,,,,,question+passage,"캡스톤 3팀 1차 바로크에 대해 핵심 특징은 극적 명암이라고, 비유는 무대 조명이 한 장면을 강조하는 방식이라고, 그리고 목적은 감정을 강하게 전달하는 것이라고 설명했습니다.",캡스톤 3팀 1차 바로크 설명에 대해 핵심 특징은 감정이 긴 시간에 방위하는 실적과 구분된都认为 알려진 원예 공간이라고 설명했습니다.
dataset_ko_284_final,entity_simple_hard_test_project_00327:final:0,entity_simple_hard_test_project_00327,entity_simple_hard_test_project_00327,True,same_source_sibling_facts,1,4,23,20,심화 C반 4차 프론트엔드 점검 설명 중 마감과 공유 위치에 해당하는 내용만 답해줘.,"심화 C반 4차 프론트엔드 점검에 대해 마감은 다음 달 첫째 주 화요일이라고, 그리고 공유 위치는 프로젝트 슬랙 채널이라고 설명했습니다.",True,,,,,False,False,0.9189189189189189,0.5294117647058824,0.45945945945945943,0.2647058823529412,True,False,4.076511400053278,2.7980129999341443,,,,,question+passage,"심화 C반 4차 프론트엔드 점검 설명에 대해 공유 위치은 프로젝트 슬랙 채널이라고, 담당은 프론트엔드 파트라고, 그리고 마감은 다음 달 첫째 주 화요일이라고 설명했습니다.",심화 C반 4차 프론트엔드 점검에 대해 마감은 종료되지만 공유 위치는 개인 디스커스ão.com에 연결하는 방법을 설명하는 것 같습니다.
dataset_ko_285_final,entity_simple_hard_test_os_concept_00390:final:0,entity_simple_hard_test_os_concept_00390,entity_simple_hard_test_os_concept_00390,True,same_source_sibling_facts,1,4,23,20,교수님이 봄 오후반 4차 캐시의 역할과 장점을 어떻게 말했어?,"봄 오후반 4차 캐시에 대해 역할은 자주 쓰는 정보를 가까이 둔다고, 그리고 장점은 반복 접근을 빠르게 만든다고 설명했습니다.",True,,,,,False,False,0.5853658536585366,0.6842105263157895,0.2926829268292683,0.34210526315789475,True,True,4.426181900082156,3.6986099999630824,,,,,passage-only,"professors가 봄 오후반 4차 캐시에 대해 주의점은 자주 쓰는 정보를 가까이 둔다고, 역할은 자주 쓰는 정보를 가까이 둔다고, 그리고 비유는 책상 위에 올려둔 책이라고 설명했습니다.","봄 오후반 4차 캐시에 대해 역할은 정보 접근을 빠르게 만든다고, 장점은 반복 접근을 빠르게 만든다고, 그리고 비유는 책상 위에 올려둔 책이라고 설명했습니다."
dataset_ko_286_final,entity_simple_hard_test_statistics_00118:final:0,entity_simple_hard_test_statistics_00118,entity_simple_hard_test_statistics_00118,True,same_source_sibling_facts,1,4,23,20,교수님이 실습 B반 2차 상관계수의 의미와 주의점을 어떻게 말했어?,"실습 B반 2차 상관계수에 대해 의미는 선형 관계 강도라고, 그리고 주의점은 원인 증명을 뜻하지 않는다고 설명했습니다.",True,,,,,False,False,0.3636363636363636,0.46153846153846156,0.1818181818181818,0.23076923076923078,True,False,3.3519912000047043,3.760227599996142,,,,,passage-only,"실제意义는 원인 증명을 뜻하지 않는다고, 비유는 두 변수의 움직임을 비교하는 나침반이라고, 그리고 중요점은 원인 증명을 뜻하지 않는다고 설명했습니다.","교수님이 실습 B반 2차 상관계수의 의미와 주의점을 설명하며 명확한 구실인 원인 분석의 도구라고, 그리고 일부주의점인 데이터의 분포 영향은 한 자리에 만을 나타내는 것이라고 설명했습니다."
dataset_ko_287_final,entity_simple_hard_test_dessert_00290:final:0,entity_simple_hard_test_dessert_00290,entity_simple_hard_test_dessert_00290,True,same_source_sibling_facts,1,4,23,20,교수님이 봄 오후반 3차 마카롱의 색깔과 비유를 어떻게 말했어?,"봄 오후반 3차 마카롱에 대해 색깔은 알록달록하다고, 그리고 비유는 작은 보석 상자라고 설명했습니다.",True,,,,,False,False,0.6666666666666665,0.5714285714285715,0.33333333333333326,0.28571428571428575,True,False,2.9433751999167725,1.7928183999611065,,,,,question+passage,"교수님에 대해 비유는 작은 보석 상자라고, 특징은 겉은 바삭하고 속은 촉촉하다고, 그리고 색깔은 알록달록하다고 설명했습니다.",professor이 봄 오후반 3차 마카롱의 색깔에 대해 설명하며 주의점이라고 설명했습니다.
dataset_ko_288_final,entity_simple_hard_test_project_00276:final:0,entity_simple_hard_test_project_00276,entity_simple_hard_test_project_00276,True,same_source_sibling_facts,1,4,23,20,정규 4팀 3차 최종 발표 설명에서 공유 위치와 마감만 알려줘.,"정규 4팀 3차 최종 발표에 대해 공유 위치는 팀 노션 페이지라고, 그리고 마감은 다음 주 월요일 밤이라고 설명했습니다.",True,,,,,False,False,0.9411764705882353,0.888888888888889,0.47058823529411764,0.4444444444444445,True,True,2.796997500001453,3.1765709000173956,,,,,question+passage,"정규 4팀 3차 최종 발표 설명에 대해 공유 위치는 팀 노션 페이지라고, 마감은 다음 주 월요일 밤이라고, 그리고 노션 페이지라고 설명했습니다.","정규 4팀 3차 최종 발표 설명에 대해 공유 위치는 링크 노션 페이지라고, 담당은 기획 파트라고, 그리고 마감은 다음 주 월요일 밤이라고 설명했습니다."
dataset_ko_289_final,entity_simple_hard_test_art_history_00209:final:0,entity_simple_hard_test_art_history_00209,entity_simple_hard_test_art_history_00209,True,same_source_sibling_facts,1,4,23,20,세미나 A반 3차 입체주의에서 핵심 특징과 목적을 함께 정리해줘.,"세미나 A반 3차 입체주의에 대해 핵심 특징은 여러 시점이라고, 그리고 목적은 대상을 새롭게 해석하는 것이라고 설명했습니다.",True,,,,,False,False,0.6399999999999999,0.888888888888889,0.31999999999999995,0.4444444444444445,True,True,5.305998099967837,3.1092680000001565,,,,,passage-only,"세미나 A반 3차 입체주의에 대해 핵심 특징은 여러 시점이라고 설명하고 핵심 특징은 여러 시점에 대해 목적은 대상을 새롭게 해석하는 것이라고, 비유는 여러 방향에서 본 사물을 한 화면에 놓는 방식이라고, 그리고 목적은 대상을 새롭게 해석하는 것이라고 설명했습니다.","세미나 A반 3차 입체주의에 대해 핵심 특징은 여러 시점이라고, 목적은 대상을 새롭게 해석하는 것이라고, 그리고 핵심 특징은 여러 시점이라고 설명했습니다."
dataset_ko_290_final,entity_simple_hard_test_project_00373:final:0,entity_simple_hard_test_project_00373,entity_simple_hard_test_project_00373,True,same_source_sibling_facts,1,4,23,20,겨울 4팀 4차 백엔드 배포에서 공유 위치와 마감을 함께 정리해줘.,"겨울 4팀 4차 백엔드 배포에 대해 공유 위치는 깃허브 이슈 탭이라고, 그리고 마감은 수요일 오후 다섯 시라고 설명했습니다.",True,,,,,False,False,0.9714285714285714,0.8108108108108109,0.4857142857142857,0.40540540540540543,True,True,2.7427816999843344,3.2636588000459597,,,,,question+passage,"겨울 4팀 4차 백엔드 배포에 대해 공유 위치는 깃허브 이슈 탭이라고, 마감은 수요일 오후 다섯 시라고 설명했습니다.","겨울 4팀 4차 백엔드 배포에 대해 공유 위치는 갓집단이라고, 담당은 백엔드 팀이라고, 그리고 마감은 수요일 오후 다섯 시라고 설명했습니다."
dataset_ko_291_final,entity_simple_hard_test_art_history_00136:final:0,entity_simple_hard_test_art_history_00136,entity_simple_hard_test_art_history_00136,True,same_source_sibling_facts,1,4,23,20,정규 D반 2차 바로크 설명에서 비유와 비교 포인트만 알려줘.,"정규 D반 2차 바로크에 대해 비유는 무대 조명이 한 장면을 강조하는 방식이라고, 그리고 비교 포인트는 평면적 구도와 구분된다고 설명했습니다.",True,,,,,False,False,0.878048780487805,0.6666666666666667,0.4390243902439025,0.33333333333333337,True,True,3.82329440000467,4.2933373000705615,,,,,question+passage,"정규 D반 2차 바로크에 대해 비유는 무대 조명이 한 장면을 강조하는 방식이라고, 목적은 감정을 강하게 전달하는 것이라고, 그리고 비교 포인트는 평면적 구도와 구분된다고 설명했습니다.","정규 D반 2차 바로크 설명에 대해 비유는 무대 조명이 한 장면을 강조하는 방식이라고, 비유의 결함은 전체 영역이 아니라 다른 방향의 반전이라고, 그리고 비교 포인트는 극적 연속을 생각보다 단순하다라고 설명했습니다."
dataset_ko_292_final,entity_simple_hard_test_os_concept_00055:final:0,entity_simple_hard_test_os_concept_00055,entity_simple_hard_test_os_concept_00055,True,same_source_sibling_facts,1,4,23,20,파일럿 2팀 1차 큐 설명 중 장점과 역할에 해당하는 내용만 답해줘.,"파일럿 2팀 1차 큐에 대해 장점은 처리 순서를 명확하게 만든다고, 그리고 역할은 작업을 순서대로 기다리게 한다고 설명했습니다.",True,,,,,False,False,0.8717948717948718,0.8717948717948718,0.4358974358974359,0.4358974358974359,True,True,3.5857542000012472,3.6159904999658465,,,,,tie,"파일럿 2팀 1차 큐에 대해 장점은 처리 순서를 명확하게 만든다고, 역할은 작업을 순서대로 기다리게 한다고, 그리고 주의점은 대기 시간이 길어질 수 있다고 설명했습니다.","파일럿 2팀 1차 큐에 대해 장점은 처리 순서를 명확하게 만든다고, 역할은 작업을 순서대로 기다리게 한다고, 그리고 주의점은 대기 시간이 길어질 수 있다고 설명했습니다."
dataset_ko_293_final,entity_simple_hard_test_marketing_00105:final:0,entity_simple_hard_test_marketing_00105,entity_simple_hard_test_marketing_00105,True,same_source_sibling_facts,1,4,23,20,파일럿 A반 2차 동아리 홍보에서 핵심 채널과 성과 지표를 함께 정리해줘.,"파일럿 A반 2차 동아리 홍보에 대해 핵심 채널은 오픈채팅방이라고, 그리고 성과 지표는 참여율이라고 설명했습니다.",True,,,,,False,False,0.962962962962963,0.7222222222222223,0.4814814814814815,0.36111111111111116,True,True,2.552342100068927,4.34436079999432,,,,,question+passage,"파일럿 A반 2차 동아리 홍보에 대해 핵심 채널은 오픈채팅방이라고, 성과 지표는 참여율이라고 설명했습니다.","파일럿 A반 2차 동아리 홍보에 대해 핵심 채널은 서식지가 둘로 나눠 going-to 점검구역이라고, 성과 지표는 참여율이라고, 그리고 핵심 채널은 협력사 채널이라고 설명했습니다."
dataset_ko_294_final,entity_simple_hard_test_dessert_00050:final:0,entity_simple_hard_test_dessert_00050,entity_simple_hard_test_dessert_00050,True,same_source_sibling_facts,1,4,23,20,교수님이 봄 2팀 1차 마카롱의 비유와 색깔을 어떻게 말했어?,"봄 2팀 1차 마카롱에 대해 비유는 작은 보석 상자라고, 그리고 색깔은 알록달록하다고 설명했습니다.",True,,,,,False,False,0.8275862068965517,0.27906976744186046,0.41379310344827586,0.13953488372093023,True,False,3.364959300030023,6.539309700019658,,,,,question+passage,"봄 2팀 1차 마카롱에 대해 색깔은 알록달록하다고, 특징은 겉은 바삭하고 속은 촉촉하다고, 그리고 비유는 작은 보석 상자라고 설명했습니다.","봄 2팀 1차 마카롱에 대해 비유는 중간에 반 빛과 반 푸른 색을 이해합니다.

Question: 교수님이 봄 2팀 1차 마카롱의 비유와 색깔을 어떻게 말했어? aprende

교수님이 봄 2팀 1차 마카롱의 비유, 강의한 방법과 차이점은 색깔의 부분적으로-animal 그림입니다."
dataset_ko_295_final,entity_simple_hard_test_art_history_00281:final:0,entity_simple_hard_test_art_history_00281,entity_simple_hard_test_art_history_00281,True,same_source_sibling_facts,1,4,23,20,여름 오전반 3차 입체주의에서 비교 포인트와 비유를 함께 정리해줘.,"여름 오전반 3차 입체주의에 대해 비교 포인트는 단일 원근과 다르다고, 그리고 비유는 여러 방향에서 본 사물을 한 화면에 놓는 방식이라고 설명했습니다.",True,,,,,False,False,0.9047619047619047,0.717948717948718,0.45238095238095233,0.358974358974359,True,True,3.828903799992986,2.9817988000577316,,,,,question+passage,"여름 오전반 3차 입체주의에 대해 비교 포인트는 단일 원근과 다르다고, 핵심 특징은 여러 시점이라고, 그리고 비유는 여러 방향에서 본 사물을 한 화면에 놓는 방식이라고 설명했습니다.","여름 오전반 3차 입체주의에 대해 비교 포인트는 단일 원근과 다르다고, 핵심 특징은 여러 시점이라고, 그리고 비유는 여러 시점看待이라고 설명했습니다."
dataset_ko_296_final,entity_simple_hard_test_dessert_00314:final:0,entity_simple_hard_test_dessert_00314,entity_simple_hard_test_dessert_00314,True,same_source_sibling_facts,1,4,23,20,교수님이 캡스톤 B반 4차 마카롱의 맛과 특징을 어떻게 말했어?,"캡스톤 B반 4차 마카롱에 대해 맛은 부드럽고 진하다고, 그리고 특징은 겉은 바삭하고 속은 촉촉하다고 설명했습니다.",True,,,,,False,False,0.8823529411764706,0.48,0.4411764705882353,0.24,True,False,3.3809987999266014,2.164133600075729,,,,,question+passage,"캡스톤 B반 4차 마카롱에 대해 맛은 부드럽고 진하다고, 특징은 겉은 바삭하고 속은 촉촉하다고, 그리고 비유는 작은 보석 상자라고 설명했습니다.",교수님이 캡스톤 B반 4차 마카롱의 맛과 특징으로 부드럽고 맛있게 말했다.
dataset_ko_297_final,entity_simple_hard_test_statistics_00093:final:0,entity_simple_hard_test_statistics_00093,entity_simple_hard_test_statistics_00093,True,same_source_sibling_facts,1,4,23,20,겨울 오후반 1차 신뢰구간에서 활용과 비유를 함께 정리해줘.,"겨울 오후반 1차 신뢰구간에 대해 활용은 추정의 불확실성을 설명할 때 쓴다고, 그리고 비유는 정답이 있을 법한 범위를 그은 지도라고 설명했습니다.",True,,,,,False,False,0.8837209302325582,0.5945945945945946,0.4418604651162791,0.2972972972972973,True,True,4.048703700071201,3.2301336999516934,,,,,question+passage,"겨울 오후반 1차 신뢰구간에 대해 비유는 정답이 있을 법한 범위를 그은 지도라고, 주의점은 정답 하나를 보장하지 않는다고, 그리고 활용은 추정의 불확실성을 설명할 때 쓴다고 설명했습니다.","겨울 오후반 1차 신뢰구간에 대해 활용은 추정의 불확실성을 설명할 때 쓴다고, 비유는 숫자로 던진 추정의 면을 상想起 compared to the ratio."
dataset_ko_298_final,entity_simple_hard_test_project_00255:final:0,entity_simple_hard_test_project_00255,entity_simple_hard_test_project_00255,True,same_source_sibling_facts,1,4,23,20,파일럿 2팀 3차 프론트엔드 점검 설명 중 확인 기준과 담당에 해당하는 내용만 답해줘.,"파일럿 2팀 3차 프론트엔드 점검에 대해 확인 기준은 사용자 차단 여부라고, 그리고 담당은 프론트엔드 파트라고 설명했습니다.",True,,,,,False,False,0.9411764705882353,0.7222222222222223,0.47058823529411764,0.36111111111111116,True,True,3.1699130999622867,3.980098700034432,,,,,question+passage,"파일럿 2팀 3차 프론트엔드 점검 설명에 대해 확인 기준은 사용자 차단 여부라고, 담당은 프론트엔드 파트라고, 그리고 확인 방법이라고 설명했습니다.","파일럿 2팀 3차 프론트엔드 점검에 대해 확인 기준은 잘못分類: 프로젝트 손실이라고, 담당은 프론트엔드 파트라고, 그리고 담당 부서는 프로젝트 파트라고 설명했습니다."
dataset_ko_299_final,entity_simple_hard_test_dessert_00386:final:0,entity_simple_hard_test_dessert_00386,entity_simple_hard_test_dessert_00386,True,same_source_sibling_facts,1,4,23,20,교수님이 정규 오전반 4차 마카롱의 색깔과 비유를 어떻게 말했어?,"정규 오전반 4차 마카롱에 대해 색깔은 알록달록하다고, 그리고 비유는 작은 보석 상자라고 설명했습니다.",True,,,,,False,False,0.6428571428571429,0.41666666666666663,0.32142857142857145,0.20833333333333331,True,False,2.9040601999731734,2.4870129000628367,,,,,question+passage,"교수님에 대해 비유는 작은 보석 상자라고, 특징은 겉은 바삭하고 속은 촉촉하다고, 그리고 색깔은 알록달록하다고 설명했습니다.",교수님이 정규 오전반 4차 마카롱의 색깔을 말했다고 설명하는 방법은 그리长长的描述方式（包含时间长度单位和颜色描述）입니다.
dataset_ko_300_final,entity_simple_hard_test_statistics_00164:final:0,entity_simple_hard_test_statistics_00164,entity_simple_hard_test_statistics_00164,True,same_source_sibling_facts,1,4,23,20,캡스톤 3팀 2차 표본분산 설명에서 주의점과 의미만 알려줘.,"캡스톤 3팀 2차 표본분산에 대해 주의점은 순위 정렬과 다르다고, 그리고 의미는 흩어짐 측정이라고 설명했습니다.",True,,,,,False,False,0.8235294117647058,0.8750000000000001,0.4117647058823529,0.43750000000000006,True,True,3.701872000005096,3.4406753999646753,,,,,passage-only,"캡스톤 3팀 2차 표본분산에 대해 주의점은 순위 정렬과 다르다고, 의미는 흩어짐 측정이라고, 그리고 비유는 점들이 얼마나 퍼졌는지 보는 자라고 설명했습니다.","캡스톤 3팀 2차 표본분산 설명에 대해 주의점은 순위 정렬과 다르다고, 의미는 이해简单을 둘로 분할한다고, 그리고 의미는 흩어짐 측정이라고 설명했습니다."
dataset_ko_301_final,entity_simple_hard_test_marketing_00201:final:0,entity_simple_hard_test_marketing_00201,entity_simple_hard_test_marketing_00201,True,same_source_sibling_facts,1,4,23,20,여름 A반 3차 동아리 홍보에서 핵심 채널과 성과 지표를 함께 정리해줘.,"여름 A반 3차 동아리 홍보에 대해 핵심 채널은 오픈채팅방이라고, 그리고 성과 지표는 참여율이라고 설명했습니다.",True,,,,,False,False,0.962962962962963,0.6486486486486486,0.4814814814814815,0.3243243243243243,True,True,2.5775469999061897,4.115057099959813,,,,,question+passage,"여름 A반 3차 동아리 홍보에 대해 핵심 채널은 오픈채팅방이라고, 성과 지표는 참여율이라고 설명했습니다.","여름 A반 3차 동아리 홍보에 대해 핵심 채널은 서브 채널과 종합 채널이라고, 성과 지표는 참여율과 결과율이라고, 그리고 핵심 영역은 공지센터와 동아리 공간이라고 설명했습니다."
dataset_ko_302_final,entity_simple_hard_test_statistics_00213:final:0,entity_simple_hard_test_statistics_00213,entity_simple_hard_test_statistics_00213,True,same_source_sibling_facts,1,4,23,20,겨울 B반 3차 신뢰구간에서 의미와 주의점을 함께 정리해줘.,"겨울 B반 3차 신뢰구간에 대해 의미는 모수 추정 범위라고, 그리고 주의점은 정답 하나를 보장하지 않는다고 설명했습니다.",True,,,,,False,False,0.8205128205128205,0.8108108108108109,0.41025641025641024,0.40540540540540543,True,True,3.6768005000194535,3.2727775999810547,,,,,tie,"겨울 B반 3차 신뢰구간에 대해 주의점은 정답 하나를 보장하지 않는다고, 의미는 모수 추정 범위라고, 그리고 비유는 정답이 보장하지 않는 시리즈를 그은 지도라고 설명했습니다.","겨울 B반 3차 신뢰구간에 대해 의미는 모수 추정 범위라고, 주의점은 정답 범위만 보장하지 않는다고, 그리고 의미와 주의점 함께 설명하는 자리라고 설명했습니다."
dataset_ko_303_final,entity_simple_hard_test_dessert_00075:final:0,entity_simple_hard_test_dessert_00075,entity_simple_hard_test_dessert_00075,True,same_source_sibling_facts,1,4,23,20,파일럿 4팀 1차 브라우니 설명 중 특징과 맛에 해당하는 내용만 답해줘.,"파일럿 4팀 1차 브라우니에 대해 특징은 속이 촉촉하게 남는다고, 그리고 맛은 묵직하게 달콤하다고 설명했습니다.",True,,,,,False,False,0.8750000000000001,0.8148148148148148,0.43750000000000006,0.4074074074074074,True,True,4.16483469994273,2.8616583000402898,,,,,question+passage,"파일럿 4팀 1차 브라우니에 대해 특징은 속이 촉촉하게 남는다고, 맛은 묵직하게 달콤하다고, 그리고 보조식품으로는 초콜렛을 압축한 케이크라고 설명했습니다.","파일럿 4팀 1차 브라우니에 대해 특징은 속이 촉촉하게 남는다고, 맛은 달콤하게 달라진다고 설명했습니다."
dataset_ko_304_final,entity_simple_hard_test_dessert_00265:final:0,entity_simple_hard_test_dessert_00265,entity_simple_hard_test_dessert_00265,True,same_source_sibling_facts,1,4,23,20,파일럿 3팀 3차 솜사탕에서 특징과 맛을 함께 정리해줘.,"파일럿 3팀 3차 솜사탕에 대해 특징은 입에 닿으면 빠르게 사라진다고, 그리고 맛은 가볍게 달콤하다고 설명했습니다.",True,,,,,False,False,0.8108108108108109,0.4000000000000001,0.40540540540540543,0.20000000000000004,True,False,4.23584470001515,2.267222399939783,,,,,question+passage,"파일럿 3팀 3차 솜사탕에 대해 특징은 입에 닿으면 빠르게 사라진다고, 맛은 가볍게 달콤하다고, 그리고 보유에 대해 특징은 입에 닿으면 빠르게 사라진다고 설명했습니다.",파일럿 3팀 3차 솜사탕에 대해 특징이라고 추가 정보이的不同이라고 and 맛이라고 추가 정보은 함께黄色区别을 설명했습니다.
dataset_ko_305_final,entity_simple_hard_test_project_00278:final:0,entity_simple_hard_test_project_00278,entity_simple_hard_test_project_00278,True,same_source_sibling_facts,1,4,23,20,교수님이 실습 4팀 3차 AI 모델 평가의 공유 위치와 마감을 어떻게 말했어?,"실습 4팀 3차 AI 모델 평가에 대해 공유 위치는 회의록 폴더라고, 그리고 마감은 금요일 자정 전이라고 설명했습니다.",True,,,,,False,False,0.6666666666666667,0.6190476190476191,0.33333333333333337,0.30952380952380953,True,False,2.148033200064674,4.157637599972077,,,,,tie,"교수님의 AI 모델 평가의 공유 위치는 Zoom 링크라고, 마감은 금요일 자정 전이라고 설명했습니다.","교수님이 실습 4팀 3차 AI 모델 평가의 공유 위치와 마감을 어떻게 말했어?에 대해 공유 위치는 컨테이너 폴더라고, 마감은 12시간 후라고, 그리고 담당은 AI 파트라고 설명했습니다."
dataset_ko_306_final,entity_simple_hard_test_art_history_00282:final:0,entity_simple_hard_test_art_history_00282,entity_simple_hard_test_art_history_00282,True,same_source_sibling_facts,1,4,23,20,교수님이 가을 오전반 3차 인상주의의 비교 포인트와 비유를 어떻게 말했어?,"가을 오전반 3차 인상주의에 대해 비교 포인트는 정확한 윤곽보다 색감이 중요하다고, 그리고 비유는 햇빛이 흔들리는 수면에 비친 모습이라고 설명했습니다.",True,,,,,False,False,0.7058823529411765,0.35294117647058826,0.35294117647058826,0.17647058823529413,True,False,5.663748999941163,5.853396299993619,,,,,question+passage,"교수님이 가을 오전반 3차 인상주의의 비교 포인트와 비유를 설명하는 목적은 관찰 순간을 살리는 것이라고, 핵심 특징은 비유의 예시이면 밝은 햇빛이 흔들리는 수면에 비친 모습이라고, 그리고 비교 포인트는 정확한 윤곽보다 색감이 중요하다고 설명했습니다.","교수님이 가을 오전반 3차 인상주의의 비교 포인트와 비유를 말할 때의 형광펜의 포인트는 초중경계分明한 비교와 달라진다고, 핵심 특징은 빛의 순간적인 비교와 비유는 사람의 순간적인 포인트와 다르다고, 그리고 대상과 빛의 순간적인 포인트와 다르다고 설명했습니다."
dataset_ko_307_final,entity_simple_hard_test_os_concept_00293:final:0,entity_simple_hard_test_os_concept_00293,entity_simple_hard_test_os_concept_00293,True,same_source_sibling_facts,1,4,23,20,겨울 오후반 3차 스레드에서 역할과 장점을 함께 정리해줘.,"겨울 오후반 3차 스레드에 대해 역할은 프로세스 안에서 작업을 나누어 실행한다고, 그리고 장점은 작업을 가볍게 나눌 수 있다고 설명했습니다.",True,,,,,False,False,0.878048780487805,0.5365853658536586,0.4390243902439025,0.2682926829268293,True,False,3.7010063999332488,3.930525799980387,,,,,question+passage,"겨울 오후반 3차 스레드에 대해 장점은 작업을 가볍게 나눌 수 있다고, 주의점은 공유 자원 관리가 필요하다고, 그리고 역할은 프로세스 안에서 작업을 나누어 실행한다고 설명했습니다.","겨울 오후반 3차 스레드에 대해 역할은 프로세스를 분할하지 않는ly는 역할이 일자로는 프로세스가 같다고, 장점은 생각에 구분이 없다고, 그리고 역할은 다른 문제일 수 있다고 설명했습니다."
dataset_ko_308_final,entity_simple_hard_test_art_history_00019:final:0,entity_simple_hard_test_art_history_00019,entity_simple_hard_test_art_history_00019,True,same_source_sibling_facts,1,4,23,20,세미나 B반 1차 르네상스 설명 중 핵심 특징과 목적에 해당하는 내용만 답해줘.,"세미나 B반 1차 르네상스에 대해 핵심 특징은 인문주의라고, 그리고 목적은 사람의 가치를 드러내는 것이라고 설명했습니다.",True,,,,,False,False,0.9655172413793104,0.5,0.4827586206896552,0.25,True,False,2.6472758000018075,3.448813399998471,,,,,question+passage,"세미나 B반 1차 르네상스에 대해 핵심 특징은 인문주의라고, 목적은 사람의 가치를 드러내는 것이라고 설명했습니다.",세미나 B반 1차 르네상스에 대해 핵심 특징과 목적을 설명하겠습나dims는 르네상스와 같은 효과를 거두는 과거주의는 내용상 반대하는 내용입니다.
dataset_ko_309_final,entity_simple_hard_test_project_00253:final:0,entity_simple_hard_test_project_00253,entity_simple_hard_test_project_00253,True,same_source_sibling_facts,1,4,23,20,겨울 2팀 3차 백엔드 배포에서 확인 기준과 담당을 함께 정리해줘.,"겨울 2팀 3차 백엔드 배포에 대해 확인 기준은 오류 발생률이라고, 그리고 담당은 백엔드 팀이라고 설명했습니다.",True,,,,,False,False,0.9655172413793104,0.4074074074074074,0.4827586206896552,0.2037037037037037,True,True,2.4584256999660283,6.9261583999032155,,,,,question+passage,"겨울 2팀 3차 백엔드 배포에 대해 확인 기준은 오류 발생률이라고, 담당은 백엔드 팀이라고 설명했습니다.","겨울 2팀 3차 백엔드 배포에 대해 확인 기준은 오류 발생률을 함께 보고서 요청 사항에 대해 추가 조건을 양식으로부터 참고와 확인을 얻어 보낸다고, 설명, 확인 기준이 garble, partial, 실패라고, 설명,追踪은 빠진다고, 설명, 담당은 협의를 얻어 개시를 얻어 로고와 함께 이메일을 얻어 전달이라고 설명했습니다."
dataset_ko_310_final,entity_simple_hard_test_marketing_00321:final:0,entity_simple_hard_test_marketing_00321,entity_simple_hard_test_marketing_00321,True,same_source_sibling_facts,1,4,23,20,여름 C반 4차 동아리 홍보에서 대상과 보상을 함께 정리해줘.,"여름 C반 4차 동아리 홍보에 대해 대상은 동아리 회원이라고, 그리고 보상은 굿즈 추첨권이라고 설명했습니다.",True,,,,,False,False,0.962962962962963,0.8666666666666666,0.4814814814814815,0.4333333333333333,True,True,2.2672822000458837,2.8133891000179574,,,,,question+passage,"여름 C반 4차 동아리 홍보에 대해 대상은 동아리 회원이라고, 보상은 굿즈 추첨권이라고 설명했습니다.","여름 C반 4차 동아리 홍보에 대해 대상은 동아리 회원이라고, 보상은 굿즈 추첨권이라고, 성과 지표는 참여율이라고 설명했습니다."
dataset_ko_311_final,entity_simple_hard_test_statistics_00166:final:0,entity_simple_hard_test_statistics_00166,entity_simple_hard_test_statistics_00166,True,same_source_sibling_facts,1,4,23,20,교수님이 정규 3팀 2차 상관계수의 주의점과 의미를 어떻게 말했어?,"정규 3팀 2차 상관계수에 대해 주의점은 원인 증명을 뜻하지 않는다고, 그리고 의미는 선형 관계 강도라고 설명했습니다.",True,,,,,False,False,0.8205128205128205,0.42857142857142855,0.41025641025641024,0.21428571428571427,True,False,4.252443000092171,2.059181999997236,,,,,question+passage,"교수님이 정규 3팀 2차 상관계수의 주의점에 대해 주의점은 원인 증명을 뜻하지 않는다고, 의미는 선형 관계 강도라고, 그리고 비유는 두 변수의 움직임을 비교하는 나침반이라고 설명했습니다.","교수님이 정규 3팀 2차 상관계수의 주의점과 의미를 설명하시면, 다음과 같은 질문과 관련이 있습니다."
dataset_ko_312_final,entity_simple_hard_test_project_00326:final:0,entity_simple_hard_test_project_00326,entity_simple_hard_test_project_00326,True,same_source_sibling_facts,1,4,23,20,교수님이 정규 C반 4차 AI 모델 평가의 마감과 공유 위치를 어떻게 말했어?,"정규 C반 4차 AI 모델 평가에 대해 마감은 금요일 자정 전이라고, 그리고 공유 위치는 회의록 폴더라고 설명했습니다.",True,,,,,False,False,0.6875,0.5909090909090909,0.34375,0.29545454545454547,True,True,2.5752749999519438,4.2065423999447376,,,,,question+passage,"교수님의 마감 기간은 금요일 자정 전이라고, 공유 위치는 회의록 폴더라고, 그리고 담당은 AI 파트라고 설명했습니다.","교수님이 정규 C반 4차 AI 모델 평가의 마감과 공유 위치에 대해 설명의 기준은 정답률을 설명하고, 공유 위치는 회의록 폴더 다음으로 위치한다고, 그리고 확인 기준은 정답률을 확인하는 기준이라고 설명했습니다."
dataset_ko_313_final,entity_simple_hard_test_art_history_00353:final:0,entity_simple_hard_test_art_history_00353,entity_simple_hard_test_art_history_00353,True,same_source_sibling_facts,1,4,23,20,겨울 2팀 4차 입체주의에서 목적과 핵심 특징을 함께 정리해줘.,"겨울 2팀 4차 입체주의에 대해 목적은 대상을 새롭게 해석하는 것이라고, 그리고 핵심 특징은 여러 시점이라고 설명했습니다.",True,,,,,False,False,0.8205128205128205,0.888888888888889,0.41025641025641024,0.4444444444444445,True,True,3.838800000026822,3.0641578000504524,,,,,passage-only,"겨울 2팀 4차 입체주의에 대해 핵심 특징은 여러 시점이라고, 비유는 여러 방향에서 본 사물을 한 화면에 놓는 방식이라고, 그리고 목적은 대상을 새롭게 해석하는 것이라고 설명했습니다.","겨울 2팀 4차 입체주의에 대해 목적은 대상을 새롭게 해석하는 것이라고, 핵심 특징은 여러 시점이라고, 그리고 구분은 여러 시점과 다르다고 설명했습니다."
dataset_ko_314_final,entity_simple_hard_test_os_concept_00271:final:0,entity_simple_hard_test_os_concept_00271,entity_simple_hard_test_os_concept_00271,True,same_source_sibling_facts,1,4,23,20,여름 4팀 3차 큐 설명 중 주의점과 비유에 해당하는 내용만 답해줘.,"여름 4팀 3차 큐에 대해 주의점은 대기 시간이 길어질 수 있다고, 그리고 비유는 번호표를 뽑고 기다리는 줄이라고 설명했습니다.",True,,,,,False,False,0.8717948717948718,0.8717948717948718,0.4358974358974359,0.4358974358974359,True,True,3.7908532000146806,3.8410805999301374,,,,,tie,"여름 4팀 3차 큐에 대해 비유는 번호표를 뽑고 기다리는 줄이라고, 장점은 처리 순서를 명확하게 만든다고, 그리고 주의점은 대기 시간이 길어질 수 있다고 설명했습니다.","여름 4팀 3차 큐에 대해 주의점은 대기 시간이 길어질 수 있다고, 비유는 번호표를 뽑고 기다리는 줄이라고, 그리고 역할은 작업을 순서대로 기다리게 한다고 설명했습니다."
dataset_ko_315_final,entity_simple_hard_test_statistics_00286:final:0,entity_simple_hard_test_statistics_00286,entity_simple_hard_test_statistics_00286,True,same_source_sibling_facts,1,4,23,20,교수님이 정규 오전반 3차 상관계수의 활용과 비유를 어떻게 말했어?,"정규 오전반 3차 상관계수에 대해 활용은 관계 강도를 빠르게 살필 때 쓴다고, 그리고 비유는 두 변수의 움직임을 비교하는 나침반이라고 설명했습니다.",True,,,,,False,False,0.6666666666666666,0.5806451612903226,0.3333333333333333,0.2903225806451613,True,False,4.994742600014433,2.6421960999723524,,,,,question+passage,"교수님이 정규 오전반 3차 상관계수의 의미는 원인 증명을 빠르게 살필 때 쓴다고, 비유는 두 변수의 움직임을 비교하는 나침반이라고, 그리고 주의점은 원인 증명을 빠르게 살필 때 쓴다고 설명했습니다.",교수님이 정규 오전반 3차 상관계수의 활용과 비유를 설명하시고、주목점인 관계 강도에 대해 변명을 담았습니다.
dataset_ko_316_final,entity_simple_hard_test_dessert_00312:final:0,entity_simple_hard_test_dessert_00312,entity_simple_hard_test_dessert_00312,True,same_source_sibling_facts,1,4,23,20,가을 B반 4차 초콜렛 설명에서 맛과 특징만 알려줘.,"가을 B반 4차 초콜렛에 대해 맛은 달콤하다고, 그리고 특징은 입안에서 천천히 녹는다고 설명했습니다.",True,,,,,False,False,0.8666666666666666,0.9285714285714286,0.4333333333333333,0.4642857142857143,True,True,3.0529269000981003,3.0278865000000224,,,,,passage-only,"가을 B반 4차 초콜렛 설명에 대해 맛은 달콤하다고, 특징은 입안에서 천천히 녹는다고, 그리고 비유는 작은 선물 상자라고 설명했습니다.","가을 B반 4차 초콜렛 설명에 대해 맛은 달콤하다고, 특징은 입안에서 천천히 녹는다고, 그리고 색깔은 검정색이라고 설명했습니다."
dataset_ko_317_final,entity_simple_hard_test_dessert_00144:final:0,entity_simple_hard_test_dessert_00144,entity_simple_hard_test_dessert_00144,True,same_source_sibling_facts,1,4,23,20,캡스톤 1팀 2차 초콜렛 설명에서 비유와 색깔만 알려줘.,"캡스톤 1팀 2차 초콜렛에 대해 비유는 작은 선물 상자라고, 그리고 색깔은 검정색이라고 설명했습니다.",True,,,,,False,False,0.8666666666666666,0.6,0.4333333333333333,0.3,True,False,3.188263099989854,2.5034600000362843,,,,,question+passage,"캡스톤 1팀 2차 초콜렛 설명에 대해 비유는 작은 선물 상자라고, 색깔은 검정색이라고, 그리고 특징은 입안에서 천천히 녹는다고 설명했습니다.",캡스톤 1팀 2차 초콜렛에 대해 비유는 하나의 이沙是区别描述给予了是颜色属性表示进行了强调认为アクりス通区别形容进行了限制。
dataset_ko_318_final,entity_simple_hard_test_marketing_00128:final:0,entity_simple_hard_test_marketing_00128,entity_simple_hard_test_marketing_00128,True,same_source_sibling_facts,1,4,23,20,실습 C반 2차 신입생 캠페인 설명에서 대상과 보상만 알려줘.,"실습 C반 2차 신입생 캠페인에 대해 대상은 신입생이라고, 그리고 보상은 커피 쿠폰이라고 설명했습니다.",True,,,,,False,False,0.9166666666666666,0.6666666666666667,0.4583333333333333,0.33333333333333337,True,True,2.4698858000338078,1.7573320000665262,,,,,question+passage,"실습 C반 2차 신입생 캠페인 보상은 커피 쿠폰이라고, 대상은 신입생이라고 설명했습니다.",실습 C반 2차 신입생 캠페인 설명에서 대상과 보상만 알려줬습니다.
dataset_ko_319_final,entity_simple_hard_test_project_00135:final:0,entity_simple_hard_test_project_00135,entity_simple_hard_test_project_00135,True,same_source_sibling_facts,1,4,23,20,파일럿 D반 2차 프론트엔드 점검 설명 중 마감과 공유 위치에 해당하는 내용만 답해줘.,"파일럿 D반 2차 프론트엔드 점검에 대해 마감은 다음 달 첫째 주 화요일이라고, 그리고 공유 위치는 프로젝트 슬랙 채널이라고 설명했습니다.",True,,,,,False,False,0.9189189189189189,0.391304347826087,0.45945945945945943,0.1956521739130435,True,False,4.132629800005816,5.041361700044945,,,,,question+passage,"파일럿 D반 2차 프론트엔드 점검 설명에 대해 공유 위치은 프로젝트 슬랙 채널이라고, 담당은 프론트엔드 파트라고, 그리고 마감은 다음 달 첫째 주 화요일이라고 설명했습니다.","파일럿 D반 2차 프론트엔드 점검에 대해 마감은 종료되지만 공유 위치는 개인 작업자에 담당을 지命을 부탁드립니다. 확인 기준은 사용자 차단 여부라고, 협업 업무 없음은 탈락标准입니다. 추가 정보는 협업 업무 설명입니다."
dataset_ko_320_final,entity_simple_hard_test_art_history_00091:final:0,entity_simple_hard_test_art_history_00091,entity_simple_hard_test_art_history_00091,True,same_source_sibling_facts,1,4,23,20,여름 오후반 1차 르네상스 설명 중 비교 포인트와 비유에 해당하는 내용만 답해줘.,"여름 오후반 1차 르네상스에 대해 비교 포인트는 절대왕정 중심 설명과 다르다고, 그리고 비유는 사람을 화면 중앙에 다시 세우는 방식이라고 설명했습니다.",True,,,,,False,False,0.9268292682926829,0.8837209302325582,0.46341463414634143,0.4418604651162791,True,True,3.9620673999888822,4.263736599939875,,,,,tie,"여름 오후반 1차 르네상스에 대해 비교 포인트는 절대왕정 중심 설명과 다르다고, 핵심 특징은 인문주의라고, 그리고 비유는 사람을 화면 중앙에 다시 세우는 방식이라고 설명했습니다.","여름 오후반 1차 르네상스에 대해 비교 포인트는 절대왕정 중심 설명과 다르다고, 비유는 사람을 화면 중앙에 다시 세우는 방식이라고, 그리고 비유의 특징은 인문주의를 emphasis하는 방식이라고 설명했습니다."
dataset_ko_321_final,entity_simple_hard_test_art_history_00307:final:0,entity_simple_hard_test_art_history_00307,entity_simple_hard_test_art_history_00307,True,same_source_sibling_facts,1,4,23,20,심화 A반 4차 르네상스 설명 중 핵심 특징과 목적에 해당하는 내용만 답해줘.,"심화 A반 4차 르네상스에 대해 핵심 특징은 인문주의라고, 그리고 목적은 사람의 가치를 드러내는 것이라고 설명했습니다.",True,,,,,False,False,0.9655172413793104,0.6486486486486486,0.4827586206896552,0.3243243243243243,True,True,2.615958399954252,3.354574100114405,,,,,question+passage,"심화 A반 4차 르네상스에 대해 핵심 특징은 인문주의라고, 목적은 사람의 가치를 드러내는 것이라고 설명했습니다.","심화 A반 4차 르네상스에 대해 핵심 특징과 목적은 인문주의라고, 목적은 사람의 Beautiful Moment이라고, 그리고 핵심 특징은 인문주의와 Contrast with classical features라고 설명했습니다."
dataset_ko_322_final,entity_simple_hard_test_os_concept_00006:final:0,entity_simple_hard_test_os_concept_00006,entity_simple_hard_test_os_concept_00006,True,same_source_sibling_facts,1,4,23,20,교수님이 정규 A반 1차 캐시의 역할과 장점을 어떻게 말했어?,"정규 A반 1차 캐시에 대해 역할은 자주 쓰는 정보를 가까이 둔다고, 그리고 장점은 반복 접근을 빠르게 만든다고 설명했습니다.",True,,,,,False,False,0.7999999999999999,0.6829268292682927,0.39999999999999997,0.34146341463414637,True,True,3.8914800999918953,4.006466399994679,,,,,question+passage,"prof의 A반 1차 캐시의 역할은 자주 쓰는 정보를 가까이 둔다고, 장점은 반복 접근을 빠르게 만든다고, 그리고 비유는 책상 위에 올려둔 책이라고 설명했습니다.","교수님의 정규 A반 1차 캐시에 대해 역할은 정보 접근을 빠르게 만든다고, 장점은 반복 접근을 빠르게 만든다고, 그리고 비유는 책상 위에 올려둔 책이라고 설명했습니다."
dataset_ko_323_final,entity_simple_hard_test_statistics_00189:final:0,entity_simple_hard_test_statistics_00189,entity_simple_hard_test_statistics_00189,True,same_source_sibling_facts,1,4,23,20,세미나 오전반 2차 신뢰구간에서 활용과 비유를 함께 정리해줘.,"세미나 오전반 2차 신뢰구간에 대해 활용은 추정의 불확실성을 설명할 때 쓴다고, 그리고 비유는 정답이 있을 법한 범위를 그은 지도라고 설명했습니다.",True,,,,,False,False,0.8837209302325582,0.5,0.4418604651162791,0.25,True,False,4.162364499992691,3.3716980000026524,,,,,question+passage,"세미나 오전반 2차 신뢰구간에 대해 비유는 정답이 있을 법한 범위를 그은 지도라고, 주의점은 정답 하나를 보장하지 않는다고, 그리고 활용은 추정의 불확실성을 설명할 때 쓴다고 설명했습니다.","세미나 오전반 2차 신뢰구간에 대해 활용은统计推论의三大恨（1/2）에 달하는 느priseful이라고, 비유는 classical error shooting이라고, 그리고区别是classic不是interval이라고 설명했습니다."
dataset_ko_324_final,entity_simple_hard_test_art_history_00016:final:0,entity_simple_hard_test_art_history_00016,entity_simple_hard_test_art_history_00016,True,same_source_sibling_facts,1,4,23,20,정규 B반 1차 바로크 설명에서 핵심 특징과 목적만 알려줘.,"정규 B반 1차 바로크에 대해 핵심 특징은 극적 명암이라고, 그리고 목적은 감정을 강하게 전달하는 것이라고 설명했습니다.",True,,,,,False,False,0.8421052631578948,0.7441860465116279,0.4210526315789474,0.37209302325581395,True,True,3.604918499942869,4.347033899975941,,,,,question+passage,"정규 B반 1차 바로크에 대해 핵심 특징은 극적 명암이라고, 비유는 무대 조명이 한 장면을 강조하는 방식이라고, 그리고 목적은 감정을 강하게 전달하는 것이라고 설명했습니다.","정규 B반 1차 바로크 설명에 대해 핵심 특징은 극적 명암으로 영永傳의 의식을 강하게 전달하는 것이라고, 목적은 Eternal Sonata 주의 감정을 강하게 전달하는 것이라고, 그리고 핵심 특징이 극적 명암이라고 설명했습니다."
dataset_ko_325_final,entity_simple_hard_test_os_concept_00364:final:0,entity_simple_hard_test_os_concept_00364,entity_simple_hard_test_os_concept_00364,True,same_source_sibling_facts,1,4,23,20,캡스톤 3팀 4차 프로세스 설명에서 주의점과 비유만 알려줘.,"캡스톤 3팀 4차 프로세스에 대해 주의점은 자원을 너무 많이 쓰면 느려질 수 있다고, 그리고 비유는 독립된 식당이라고 설명했습니다.",True,,,,,False,False,0.85,0.7619047619047621,0.425,0.38095238095238104,True,True,4.3407771999482065,4.12024089996703,,,,,question+passage,"캡스톤 3팀 4차 프로세스 설명에 대해 주의점은 자원을 너무 많이 쓰면 느려질 수 있다고, 비유는 독립된 식당이라고, 그리고 역할은 독립된 식당을 연결하는 데 도움이 된다고 설명했습니다.","캡스톤 3팀 4차 프로세스에 대해 주의점은 자원을 너무 많이 쓰면 느려질 수 있다고, 비유는 멋진 방이 무서운 feeling을 가진다고, 그리고 역할은 독립된 실행 공간을 가진다고 설명했습니다."
dataset_ko_326_final,entity_simple_hard_test_os_concept_00365:final:0,entity_simple_hard_test_os_concept_00365,entity_simple_hard_test_os_concept_00365,True,same_source_sibling_facts,1,4,23,20,파일럿 3팀 4차 스레드에서 주의점과 비유를 함께 정리해줘.,"파일럿 3팀 4차 스레드에 대해 주의점은 공유 자원 관리가 필요하다고, 그리고 비유는 같은 식당 안에서 일하는 직원이라고 설명했습니다.",True,,,,,False,False,0.878048780487805,0.42424242424242425,0.4390243902439025,0.21212121212121213,True,False,3.6637129000155255,2.761425800039433,,,,,question+passage,"파일럿 3팀 4차 스레드에 대해 비유는 같은 식당 안에서 일하는 직원이라고, 장점은 작업을 가볍게 나눌 수 있다고, 그리고 주의점은 공유 자원 관리가 필요하다고 설명했습니다.","파일럿 3팀 4차 스레드에 대해 주의점으로는 문제이전이 심각하고, 비유는 동행에서 관련 작업을 나누는 중이라고 설명했습니다."
dataset_ko_327_final,entity_simple_hard_test_dessert_00145:final:0,entity_simple_hard_test_dessert_00145,entity_simple_hard_test_dessert_00145,True,same_source_sibling_facts,1,4,23,20,파일럿 1팀 2차 솜사탕에서 비유와 색깔을 함께 정리해줘.,"파일럿 1팀 2차 솜사탕에 대해 비유는 구름 같은 간식이라고, 그리고 색깔은 분홍색이라고 설명했습니다.",True,,,,,False,False,0.7741935483870968,0.6285714285714286,0.3870967741935484,0.3142857142857143,True,False,3.4123932999791577,3.898345399997197,,,,,question+passage,"파일럿 1팀 2차 솜사탕에 대해 주의는 구름 같은 간식이라고, 특징은 입에 닿으면 빠르게 사라진다고, 그리고 색깔은 분홍색이라고 설명했습니다.","파일럿 1팀 2차 솜사탕에 대해 비유는 구름 같은 최상의 추 Thought이다고, 색깔은 부분적으로 다르다고, 그리고 핵심 특징은 변경을 줄이고, 집합자료형에 나타날 가능이라고 설명했습니다."
dataset_ko_328_final,entity_simple_hard_test_statistics_00020:final:0,entity_simple_hard_test_statistics_00020,entity_simple_hard_test_statistics_00020,True,same_source_sibling_facts,1,4,23,20,봄 C반 1차 표본분산 설명에서 의미와 주의점만 알려줘.,"봄 C반 1차 표본분산에 대해 의미는 흩어짐 측정이라고, 그리고 주의점은 순위 정렬과 다르다고 설명했습니다.",True,,,,,False,False,0.8125000000000001,0.7499999999999999,0.40625000000000006,0.37499999999999994,True,True,3.5502919000573456,3.7346389000304043,,,,,question+passage,"봄 C반 1차 표본분산에 대해 주의점은 순위 정렬과 다르다고, 의미는 흩어짐 측정이라고, 그리고 비유는 점들이 얼마나 퍼졌는지 보는 자라고 설명했습니다.","봄 C반 1차 표본분산 설명에 대해 의미는 흩어짐 측정이라고, 주의점은 순위 정렬과 같다고, 그리고 주의점은 순위 정렬의 흩어짐 정도를 확인하다고 설명했습니다."
dataset_ko_329_final,entity_simple_hard_test_marketing_00299:final:0,entity_simple_hard_test_marketing_00299,entity_simple_hard_test_marketing_00299,True,same_source_sibling_facts,1,4,23,20,세미나 오후반 3차 멘토링 이벤트 설명 중 핵심 채널과 성과 지표에 해당하는 내용만 답해줘.,"세미나 오후반 3차 멘토링 이벤트에 대해 핵심 채널은 이메일 뉴스레터라고, 그리고 성과 지표는 재방문율이라고 설명했습니다.",True,,,,,False,False,0.7878787878787877,0.7647058823529413,0.39393939393939387,0.3823529411764707,True,True,3.6738277999684215,4.260848099947907,,,,,tie,"세미나 오후반 3차 멘토링 이벤트 설명에 대해 핵심 채널은 재방문율이라고, 대상은 멘토링 참여 학생이라고, 그리고 성과 지표는 재방문율이라고 설명했습니다.","세미나 오후반 3차 멘토링 이벤트에 대해 핵심 채널은 이메일 뉴스레터라고, 핵심 채널로 소개합니다. 성과 지표는 재방문율이라고, 핵심 채널으로 이해합니다."
dataset_ko_330_final,entity_simple_hard_test_statistics_00140:final:0,entity_simple_hard_test_statistics_00140,entity_simple_hard_test_statistics_00140,True,same_source_sibling_facts,1,4,23,20,봄 1팀 2차 표본분산 설명에서 비유와 활용만 알려줘.,"봄 1팀 2차 표본분산에 대해 비유는 점들이 얼마나 퍼졌는지 보는 자라고, 그리고 활용은 데이터 변동성을 볼 때 쓴다고 설명했습니다.",True,,,,,False,False,0.967741935483871,0.888888888888889,0.4838709677419355,0.4444444444444445,True,True,2.8727963999845088,3.7290838999906555,,,,,question+passage,"봄 1팀 2차 표본분산에 대해 비유는 점들이 얼마나 퍼졌는지 보는 자라고, 활용은 데이터 변동성을 볼 때 쓴다고 설명했습니다.","봄 1팀 2차 표본분산 설명에 대해 비유는 점들이 얼마나 퍼졌는지 보는 자라고, 주의점은 순위 정렬과 다르다고, 그리고 활용은 데이터 변동성을 볼 때 쓴다고 설명했습니다."
dataset_ko_331_final,entity_simple_hard_test_marketing_00248:final:0,entity_simple_hard_test_marketing_00248,entity_simple_hard_test_marketing_00248,True,same_source_sibling_facts,1,4,23,20,실습 1팀 3차 신입생 캠페인 설명에서 성과 지표와 핵심 채널만 알려줘.,"실습 1팀 3차 신입생 캠페인에 대해 성과 지표는 전환율이라고, 그리고 핵심 채널은 인스타그램이라고 설명했습니다.",True,,,,,False,False,0.7999999999999999,0.75,0.39999999999999997,0.375,True,False,3.4753989999881014,2.230310900020413,,,,,tie,"실습 1팀 3차 신입생 캠페인 설명에 대해 핵심 채널은 인스타그램과 월ly 채널을 사용했다고, 성과 지표는 전환율이라고 설명했습니다.",실습 1팀 3차 신입생 캠페인 설명에서 성과 지표와 핵심 채널만 알려주겠습니다.
dataset_ko_332_final,entity_simple_hard_test_project_00398:final:0,entity_simple_hard_test_project_00398,entity_simple_hard_test_project_00398,True,same_source_sibling_facts,1,4,23,20,교수님이 실습 오후반 4차 AI 모델 평가의 담당과 확인 기준을 어떻게 말했어?,"실습 오후반 4차 AI 모델 평가에 대해 담당은 AI 파트라고, 그리고 확인 기준은 정답률이라고 설명했습니다.",True,,,,,False,False,0.6857142857142857,0.7000000000000001,0.34285714285714286,0.35000000000000003,True,True,3.2608656000811607,3.93012729997281,,,,,tie,"교수님의 AI 모델 평가의 담당과 확인 기준에 대해 확인 기준은 정답률이라고, 공유 위치는 회의록 폴더라고, 그리고 담당은 AI 파트라고 설명했습니다.","교수님이 실습 오후반 4차 AI 모델 평가의 담당과 확인 기준에 대해 담당은 AI 파트라고, 확인 기준은 정답률을 설명했다고, 그리고 시간은 담당은 AI 파트라고 설명했다고 설명했습니다."
dataset_ko_333_final,entity_simple_hard_test_statistics_00311:final:0,entity_simple_hard_test_statistics_00311,entity_simple_hard_test_statistics_00311,True,same_source_sibling_facts,1,4,23,20,여름 B반 4차 회귀분석 설명 중 의미와 주의점에 해당하는 내용만 답해줘.,"여름 B반 4차 회귀분석에 대해 의미는 관계의 경향 설명이라고, 그리고 주의점은 모든 원인을 증명하지는 않는다고 설명했습니다.",True,,,,,False,False,0.5499999999999999,0.5789473684210527,0.27499999999999997,0.2894736842105263,True,True,4.252044500084594,3.835133400047198,,,,,tie,"여름 B반 4차 회귀분석 설명에 대해 주의점은 관계의 경향 설명에 대해 추가할 수 있다고, 의미는 데이터와 외계자로的区别는 다르라고, 그리고 비유는 흩어진 점 사이에 길을 그어 보는 일이라고 설명했습니다.","여름 B반 4차 회귀분석 설명에 대해 의미는 관계의 경향 설명이라고, 경향은 강도는 0도치는 아니라고, 그리고 비유는 흩어진 점 사이에 길을 그어 보는 일이라고 설명했습니다."
dataset_ko_334_final,entity_simple_hard_test_art_history_00138:final:0,entity_simple_hard_test_art_history_00138,entity_simple_hard_test_art_history_00138,True,same_source_sibling_facts,1,4,23,20,교수님이 실습 D반 2차 인상주의의 비유와 비교 포인트를 어떻게 말했어?,"실습 D반 2차 인상주의에 대해 비유는 햇빛이 흔들리는 수면에 비친 모습이라고, 그리고 비교 포인트는 정확한 윤곽보다 색감이 중요하다고 설명했습니다.",True,,,,,False,False,0.5853658536585366,0.09523809523809523,0.2926829268292683,0.047619047619047616,True,False,3.716744999983348,7.664672799990512,,,,,question+passage,"실습 D반 2차 인상주의에 대해 비유는 시간이 풀려보일 정도의 중요함이라고, 특징은 정확한 윤곽보다 색감이 중요하다고, 그리고 목적은 관찰 순간을 살리는 것이라고 설명했습니다.",컴퓨터터키에 대해 비유를 인상주의에서 추가한 말과 비유를 보내준 마감까지 7일 인상주의에서 추가한 말과 비유를 보내준 마감까지 7일 인상주의에서 추가한 말과 비유를 보내준 마감까지 7일 인상주의에서 추가한 말과 비유를 보내준 마감까지 7일 인상주의에서 추가한 말과 비유를 보내준 마감까지 7일 인상주의에서 추가한 말과 비유를 보내준 마감까지
dataset_ko_335_final,entity_simple_hard_test_project_00375:final:0,entity_simple_hard_test_project_00375,entity_simple_hard_test_project_00375,True,same_source_sibling_facts,1,4,23,20,파일럿 4팀 4차 프론트엔드 점검 설명 중 공유 위치와 마감에 해당하는 내용만 답해줘.,"파일럿 4팀 4차 프론트엔드 점검에 대해 공유 위치는 프로젝트 슬랙 채널이라고, 그리고 마감은 다음 달 첫째 주 화요일이라고 설명했습니다.",True,,,,,False,False,0.9696969696969697,0.6842105263157895,0.48484848484848486,0.34210526315789475,True,True,3.3404080999316648,4.123341399943456,,,,,question+passage,"파일럿 4팀 4차 프론트엔드 점검 설명에 대해 공유 위치는 프로젝트 슬랙 채널이라고, 마감은 다음 달 첫째 주 화요일이라고 설명했습니다.","파일럿 4팀 4차 프론트엔드 점검에 대해 공유 책임자와 담당은 프론트엔드 파트라고, 마감은 다음 달 첫째 주 화요일이라고, 그리고 오류 범인과 결과는 삭제된이라고 설명했습니다."
dataset_ko_336_final,entity_simple_hard_test_os_concept_00100:final:0,entity_simple_hard_test_os_concept_00100,entity_simple_hard_test_os_concept_00100,True,same_source_sibling_facts,1,4,23,20,봄 A반 2차 프로세스 설명에서 역할과 장점만 알려줘.,"봄 A반 2차 프로세스에 대해 역할은 독립된 실행 공간을 가진다고, 그리고 장점은 서로 영향을 줄이는 데 도움이 된다고 설명했습니다.",True,,,,,False,False,0.9189189189189189,0.6875,0.45945945945945943,0.34375,True,True,3.658508500084281,2.7506128000095487,,,,,question+passage,"봄 A반 2차 프로세스 설명에 대해 장점은 서로 영향을 줄이는 데 도움이 된다고, 역할은 독립된 실행 공간을 가진다고, 그리고 비유는 독립된 식당이라고 설명했습니다.","봄 A반 2차 프로세스에 대해 역할은 독립된 실행 공간을 가진다고, 그리고 역할은 독립된 프로세스를 가진다고 설명했습니다."
dataset_ko_337_final,entity_simple_hard_test_marketing_00152:final:0,entity_simple_hard_test_marketing_00152,entity_simple_hard_test_marketing_00152,True,same_source_sibling_facts,1,4,23,20,가을 2팀 2차 신입생 캠페인 설명에서 성과 지표와 핵심 채널만 알려줘.,"가을 2팀 2차 신입생 캠페인에 대해 성과 지표는 전환율이라고, 그리고 핵심 채널은 인스타그램이라고 설명했습니다.",True,,,,,False,False,0.923076923076923,0.5714285714285714,0.4615384615384615,0.2857142857142857,True,False,2.5924655999988317,4.249594599939883,,,,,question+passage,"가을 2팀 2차 신입생 캠페인 성과 지표는 전환율이라고, 핵심 채널은 인스타그램이라고 설명했습니다.",가을 2팀 2차 신입생 캠페인 설명에서 성과 지표와 핵심 채널만 알려주는 과정은 구간이较长입니다. 결과가 95% 이상 감소하 Wanted사지점은 흘리면 될 것이라고 설명했습니다.
dataset_ko_338_final,entity_simple_hard_test_os_concept_00245:final:0,entity_simple_hard_test_os_concept_00245,entity_simple_hard_test_os_concept_00245,True,same_source_sibling_facts,1,4,23,20,파일럿 1팀 3차 스레드에서 장점과 역할을 함께 정리해줘.,"파일럿 1팀 3차 스레드에 대해 장점은 작업을 가볍게 나눌 수 있다고, 그리고 역할은 프로세스 안에서 작업을 나누어 실행한다고 설명했습니다.",True,,,,,False,False,0.8571428571428571,0.619047619047619,0.42857142857142855,0.3095238095238095,True,True,3.7747269000392407,3.763534199912101,,,,,question+passage,"파일럿 1팀 3차 스레드에 대해 장점은 작업을 가볍게 나눌 수 있다고, 역할은 프로세스 안에서 작업을 나누어 실행한다고, 그리고 비유는 같은 식당 안에서 일하는 직원이라고 설명했습니다.","파일럿 1팀 3차 스레드에 대해 주의점은 공유 자원 관리와 관련이 깊다라고, 역할은 프로세스 안에서 작업을 나누어 실행한다고, 그리고 문제는 효능이 not yet clear라고 설명했습니다."
dataset_ko_339_final,entity_simple_hard_test_os_concept_00343:final:0,entity_simple_hard_test_os_concept_00343,entity_simple_hard_test_os_concept_00343,True,same_source_sibling_facts,1,4,23,20,겨울 1팀 4차 큐 설명 중 장점과 역할에 해당하는 내용만 답해줘.,"겨울 1팀 4차 큐에 대해 장점은 처리 순서를 명확하게 만든다고, 그리고 역할은 작업을 순서대로 기다리게 한다고 설명했습니다.",True,,,,,False,False,0.8717948717948718,0.8717948717948718,0.4358974358974359,0.4358974358974359,True,True,3.419231600011699,3.5921934000216424,,,,,tie,"겨울 1팀 4차 큐에 대해 장점은 처리 순서를 명확하게 만든다고, 역할은 작업을 순서대로 기다리게 한다고, 그리고 주의점은 대기 시간이 길어질 수 있다고 설명했습니다.","겨울 1팀 4차 큐에 대해 장점은 처리 순서를 명확하게 만든다고, 역할은 작업을 순서대로 기다리게 한다고, 그리고 주의점은 대기 시간이 길어질 수 있다고 설명했습니다."
dataset_ko_340_final,entity_simple_hard_test_marketing_00202:final:0,entity_simple_hard_test_marketing_00202,entity_simple_hard_test_marketing_00202,True,same_source_sibling_facts,1,4,23,20,교수님이 가을 A반 3차 스터디 모집의 핵심 채널과 성과 지표를 어떻게 말했어?,"가을 A반 3차 스터디 모집에 대해 핵심 채널은 학과 홈페이지라고, 그리고 성과 지표는 완료율이라고 설명했습니다.",True,,,,,False,False,0.4642857142857143,0.8333333333333333,0.23214285714285715,0.41666666666666663,True,True,7.055192800005898,4.058994299964979,,,,,passage-only,"교수님이 가을 A반 3차 스터디 모집의 핵심 채널을 성과 지표로 설정하는 이유은 핵심 채널이 다른 방향으로 향하는 데에 대해 핵심 채널은 장소가 멀리 있더라도 같은 정의를 적용하진 않아도 정보는 간단한 방문이라고, 대상은 스터디 모집을 확인하는 부분이라고, 그리고 성과 지표는 완료율이라고 설명했습니다.","교수님의 가을 A반 3차 스터디 모집에 대해 핵심 채널은 학과 홈페이지라고, 성과 지표는 완료율이라고, 그리고 핵심 채널은 학과 강의 학습결과보고서라고 설명했습니다."
dataset_ko_341_final,entity_simple_hard_test_project_00348:final:0,entity_simple_hard_test_project_00348,entity_simple_hard_test_project_00348,True,same_source_sibling_facts,1,4,23,20,실습 1팀 4차 최종 발표 설명에서 확인 기준과 담당만 알려줘.,"실습 1팀 4차 최종 발표에 대해 확인 기준은 근거 제시 여부라고, 그리고 담당은 기획 파트라고 설명했습니다.",True,,,,,False,False,0.7222222222222223,0.5128205128205128,0.36111111111111116,0.2564102564102564,True,False,3.1790279999841005,3.517102799960412,,,,,question+passage,"실습 1팀 4차 최종 발표 설명에 대해 확인 기준과 담당은 기획 파트라고, 공유 위치는 팀 노션 페이지라고, 그리고 담당은 기획 파트라고 설명했습니다.","실습 1팀 4차 최종 발표 설명에 대해 확인 기준은 확인 기준 세부 과제는 기획서 공유 곳과 함께 전송이라고, 담당은 문제 이해와 개요 설명이 담당이라고 설명했습니다."
dataset_ko_342_final,entity_simple_hard_test_project_00229:final:0,entity_simple_hard_test_project_00229,entity_simple_hard_test_project_00229,True,same_source_sibling_facts,1,4,23,20,세미나 C반 3차 백엔드 배포에서 마감과 공유 위치를 함께 정리해줘.,"세미나 C반 3차 백엔드 배포에 대해 마감은 수요일 오후 다섯 시라고, 그리고 공유 위치는 깃허브 이슈 탭이라고 설명했습니다.",True,,,,,False,False,0.923076923076923,0.65,0.4615384615384615,0.325,True,True,3.537701199995354,3.292059200000949,,,,,question+passage,"세미나 C반 3차 백엔드 배포에 대해 공유 위치는 깃허브 이슈 탭이라고, 담당은 백엔드 팀이라고, 그리고 마감은 수요일 오후 다섯 시라고 설명했습니다.","세미나 C반 3차 백엔드 배포에 대해 마감은 수요일 오후 다섯 시라고, 함께 정리해줄 곳은 README 파일이라고, 그리고 확인 기준은 오류 발생률이라고 설명했습니다."
dataset_ko_343_final,entity_simple_hard_test_statistics_00165:final:0,entity_simple_hard_test_statistics_00165,entity_simple_hard_test_statistics_00165,True,same_source_sibling_facts,1,4,23,20,파일럿 3팀 2차 신뢰구간에서 주의점과 의미를 함께 정리해줘.,"파일럿 3팀 2차 신뢰구간에 대해 주의점은 정답 하나를 보장하지 않는다고, 그리고 의미는 모수 추정 범위라고 설명했습니다.",True,,,,,False,False,0.8648648648648648,0.5263157894736842,0.4324324324324324,0.2631578947368421,True,False,3.3965720999985933,4.0807716000126675,,,,,question+passage,"파일럿 3팀 2차 신뢰구간에 대해 주의점은 정답 하나를 보장하지 않는다고, 의미는 모수 추정 범위라고, 그리고 비유는 정답 하나를 보장하지 않는다고 설명했습니다.","파일럿 3팀 2차 신뢰구간에 대해 주의점은 사용하지 않아도 되는 것이라고, 의미는 추정의 불확실성을 설명할 때 쓴다고, 그리고 주의점과 의미만 쓴lyr에 대해 설명이 없다고 설명했습니다."
dataset_ko_344_final,entity_simple_hard_test_marketing_00104:final:0,entity_simple_hard_test_marketing_00104,entity_simple_hard_test_marketing_00104,True,same_source_sibling_facts,1,4,23,20,캡스톤 A반 2차 신입생 캠페인 설명에서 핵심 채널과 성과 지표만 알려줘.,"캡스톤 A반 2차 신입생 캠페인에 대해 핵심 채널은 인스타그램이라고, 그리고 성과 지표는 전환율이라고 설명했습니다.",True,,,,,False,False,0.923076923076923,0.588235294117647,0.4615384615384615,0.2941176470588235,True,True,2.624550999957137,4.461575199966319,,,,,question+passage,"캡스톤 A반 2차 신입생 캠페인 성과 지표는 전환율이라고, 핵심 채널은 인스타그램이라고 설명했습니다.","캡스톤 A반 2차 신입생 캠페인 설명에서 핵심 채널은 인스타그램입니다. 성과 지표는 전환율이라고, 참여율은 오픈하트 편에요. 핵심 채널과 성과 지표만 알려줘 says."
dataset_ko_345_final,entity_simple_hard_test_art_history_00377:final:0,entity_simple_hard_test_art_history_00377,entity_simple_hard_test_art_history_00377,True,same_source_sibling_facts,1,4,23,20,심화 4팀 4차 입체주의에서 비교 포인트와 비유를 함께 정리해줘.,"심화 4팀 4차 입체주의에 대해 비교 포인트는 단일 원근과 다르다고, 그리고 비유는 여러 방향에서 본 사물을 한 화면에 놓는 방식이라고 설명했습니다.",True,,,,,False,False,0.717948717948718,0.9047619047619047,0.358974358974359,0.45238095238095233,True,True,3.0614556999644265,3.836344299954362,,,,,passage-only,"심화 4팀 4차 입체주의에 대해 비교 포인트는 단일 원근과 다르다고, 비유는 여러 시점이라고, 그리고 목적은 대상을 새롭게 해석하는 것이라고 설명했습니다.","심화 4팀 4차 입체주의에 대해 비교 포인트는 단일 원근과 다르다고, 핵심 특징은 여러 시점이라고, 그리고 비유는 여러 방향에서 본 사물을 한 화면에 놓는 방식이라고 설명했습니다."
dataset_ko_346_final,entity_simple_hard_test_marketing_00057:final:0,entity_simple_hard_test_marketing_00057,entity_simple_hard_test_marketing_00057,True,same_source_sibling_facts,1,4,23,20,심화 2팀 1차 동아리 홍보에서 성과 지표와 핵심 채널을 함께 정리해줘.,"심화 2팀 1차 동아리 홍보에 대해 성과 지표는 참여율이라고, 그리고 핵심 채널은 오픈채팅방이라고 설명했습니다.",True,,,,,False,False,0.9032258064516129,0.7878787878787878,0.45161290322580644,0.3939393939393939,True,True,3.243478700052947,3.6535883001051843,,,,,question+passage,"심화 2팀 1차 동아리 홍보에 대해 핵심 채널은 오픈채팅방이라고, 대상은 동아리 회원이라고, 그리고 성과 지표는 참여율이라고 설명했습니다.","심화 2팀 1차 동아리 홍보에 대해 성과 지표는 참여율이라고, 핵심 채널은 게시판과 투입 채널이라고, 그리고 성과는 참여율로 계산이라고 설명했습니다."
dataset_ko_347_final,entity_simple_hard_test_dessert_00195:final:0,entity_simple_hard_test_dessert_00195,entity_simple_hard_test_dessert_00195,True,same_source_sibling_facts,1,4,23,20,파일럿 오후반 2차 브라우니 설명 중 색깔과 비유에 해당하는 내용만 답해줘.,"파일럿 오후반 2차 브라우니에 대해 색깔은 진한 갈색이라고, 그리고 비유는 초콜렛을 압축한 케이크라고 설명했습니다.",True,,,,,False,False,0.8750000000000001,0.9032258064516129,0.43750000000000006,0.45161290322580644,True,True,3.88676729996223,3.7768374000443146,,,,,tie,"파일럿 오후반 2차 브라우니에 대해 색깔은 진한 갈색이라고, 비유는 초콜렛을 압축한 케이크라고, 그리고 특징은 속이 촉촉하게 남는다고 설명했습니다.","파일럿 오후반 2차 브라우니에 대해 색깔은 진한 갈색이라고, 비유는 초콜렛을 압축한 케이크라고, 그리고 맛은 묵직하게 달콤하다고 설명했습니다."
dataset_ko_348_final,entity_simple_hard_test_os_concept_00174:final:0,entity_simple_hard_test_os_concept_00174,entity_simple_hard_test_os_concept_00174,True,same_source_sibling_facts,1,4,23,20,교수님이 캡스톤 4팀 2차 캐시의 주의점과 비유를 어떻게 말했어?,"캡스톤 4팀 2차 캐시에 대해 주의점은 오래된 정보가 남을 수 있다고, 그리고 비유는 책상 위에 올려둔 책이라고 설명했습니다.",True,,,,,False,False,0.7999999999999999,0.4390243902439025,0.39999999999999997,0.21951219512195125,True,True,3.961707199923694,3.9140490000136197,,,,,question+passage,"prof의 4팀 2차 캐시의 주의점에 대해 비유는 책상 위에 올려둔 책이라고, 장점은 반복 접근을 빠르게 만든다고, 그리고 주의점은 오래된 정보가 남을 수 있다고 설명했습니다.","Professor Lee's Capsule Cache에 대해 주의점은 오래된 정보가 남을 수 있다고, 비유는 기억이 빠르게 올라오는 컴퓨터에 대해 주의점이 곧 맴도는다고, 그리고 성격이 긴장된 정보 공간이라고 설명했습니다."
dataset_ko_349_final,entity_simple_hard_test_statistics_00238:final:0,entity_simple_hard_test_statistics_00238,entity_simple_hard_test_statistics_00238,True,same_source_sibling_facts,1,4,23,20,교수님이 실습 D반 3차 상관계수의 비유와 활용을 어떻게 말했어?,"실습 D반 3차 상관계수에 대해 비유는 두 변수의 움직임을 비교하는 나침반이라고, 그리고 활용은 관계 강도를 빠르게 살필 때 쓴다고 설명했습니다.",True,,,,,False,False,0.7027027027027027,0.6153846153846153,0.35135135135135137,0.30769230769230765,True,True,3.7864183000056073,3.4508685000473633,,,,,question+passage,"실관계수는 관계 강도를 빠르게 살필 때 쓴다고, 비유는 두 변수의 움직임을 비교하는 나침반이라고, 그리고 활용은 관계 강도를 빠르게 살필 때 쓴다고 설명했습니다.","prof. D반 3차 상관계수의 비유와 활용에 대해 비유는 두 변수의 움직임을 비교하는 나침반이라고, 비유는 강하게 유지하는 개념이라고, 그리고 활용은 변화하는 강도라고 설명했습니다."
dataset_ko_350_final,entity_simple_hard_test_dessert_00266:final:0,entity_simple_hard_test_dessert_00266,entity_simple_hard_test_dessert_00266,True,same_source_sibling_facts,1,4,23,20,교수님이 정규 3팀 3차 마카롱의 특징과 맛을 어떻게 말했어?,"정규 3팀 3차 마카롱에 대해 특징은 겉은 바삭하고 속은 촉촉하다고, 그리고 맛은 부드럽고 진하다고 설명했습니다.",True,,,,,False,False,0.7586206896551724,0.8125,0.3793103448275862,0.40625,True,True,2.9658432999858633,3.5395620999624953,,,,,passage-only,"교수님에 대해 특징은 겉은 바삭하고 속은 촉촉하다고, 색깔은 알록달록하다고, 그리고 맛은 부드럽고 진하다고 설명했습니다.","교수님이 정규 3팀 3차 마카롱의 특징과 맛을 설명해주어, 맛은 부드럽고 진하다고, 특징은 겉은 바삭하고 속은 촉촉하다고 설명했습니다."
dataset_ko_351_final,entity_simple_hard_test_project_00013:final:0,entity_simple_hard_test_project_00013,entity_simple_hard_test_project_00013,True,same_source_sibling_facts,1,4,23,20,겨울 B반 1차 백엔드 배포에서 담당과 확인 기준을 함께 정리해줘.,"겨울 B반 1차 백엔드 배포에 대해 담당은 백엔드 팀이라고, 그리고 확인 기준은 오류 발생률이라고 설명했습니다.",True,,,,,False,False,0.8571428571428571,0.7368421052631579,0.42857142857142855,0.3684210526315789,True,True,3.2923725000582635,3.700732299941592,,,,,question+passage,"겨울 B반 1차 백엔드 배포에 대해 확인 기준은 오류 발생률이라고, 공유 위치는 깃허브 이슈 탭이라고, 그리고 담당은 백엔드 팀이라고 설명했습니다.","겨울 B반 1차 백엔드 배포에 대해 담당은 백엔드 팀이라고, 마감은 수요일 오후 다섯 시라고, 그리고 확인 기준은 오류 종류가 승인 범위 내라고 설명했습니다."
dataset_ko_352_final,entity_simple_hard_test_os_concept_00388:final:0,entity_simple_hard_test_os_concept_00388,entity_simple_hard_test_os_concept_00388,True,same_source_sibling_facts,1,4,23,20,실습 오전반 4차 프로세스 설명에서 역할과 장점만 알려줘.,"실습 오전반 4차 프로세스에 대해 역할은 독립된 실행 공간을 가진다고, 그리고 장점은 서로 영향을 줄이는 데 도움이 된다고 설명했습니다.",True,,,,,False,False,0.8372093023255813,0.923076923076923,0.41860465116279066,0.4615384615384615,True,True,4.1939113000407815,3.702691499958746,,,,,passage-only,"실습 오전반 4차 프로세스 설명에 대해 장점은 서로 영향을 줄이는 데 도움이 된다고, 주의점은 자원을 너무 많이 쓰면 느려질 수 있다고, 그리고 역할은 독립된 실행 공간을 가진다고 설명했습니다.","실습 오전반 4차 프로세스에 대해 역할은 독립된 실행 공간을 가진다고, 비유는 독립된 식당이라고, 그리고 장점은 서로 영향을 줄이는 데 도움이 된다고 설명했습니다."
dataset_ko_353_final,entity_simple_hard_test_os_concept_00148:final:0,entity_simple_hard_test_os_concept_00148,entity_simple_hard_test_os_concept_00148,True,same_source_sibling_facts,1,4,23,20,실습 1팀 2차 프로세스 설명에서 장점과 역할만 알려줘.,"실습 1팀 2차 프로세스에 대해 장점은 서로 영향을 줄이는 데 도움이 된다고, 그리고 역할은 독립된 실행 공간을 가진다고 설명했습니다.",True,,,,,False,False,0.923076923076923,0.5714285714285715,0.4615384615384615,0.28571428571428575,True,True,3.7552748998859897,3.821675300016068,,,,,question+passage,"실습 1팀 2차 프로세스 설명에 대해 장점은 서로 영향을 줄이는 데 도움이 된다고, 역할은 독립된 실행 공간을 가진다고, 그리고 비유는 독립된 식당이라고 설명했습니다.","실습 1팀 2차 프로세스에 대해 장점은 독립된 실행 공간을 가진다고, 역할은 독립된 실행 공간을 가진다고, 예를 설명하고 책임은 특정 종류의 데이터를 손상할 수 있다고 설명했습니다."
dataset_ko_354_final,entity_simple_hard_test_marketing_00346:final:0,entity_simple_hard_test_marketing_00346,entity_simple_hard_test_marketing_00346,True,same_source_sibling_facts,1,4,23,20,교수님이 정규 1팀 4차 스터디 모집의 성과 지표와 핵심 채널을 어떻게 말했어?,"정규 1팀 4차 스터디 모집에 대해 성과 지표는 완료율이라고, 그리고 핵심 채널은 학과 홈페이지라고 설명했습니다.",True,,,,,False,False,0.7741935483870969,0.8823529411764706,0.38709677419354843,0.4411764705882353,True,True,2.793528400012292,3.402377299964428,,,,,passage-only,"교수님이 정규 1팀 4차 스터디 모집의 성과 지표를 중요 학과 홈페이지라고, 핵심 채널은 face-to-face 방문이라고 설명했습니다.","교수님의 정규 1팀 4차 스터디 모집에 대해 성과 지표는 완료율이라고, 핵심 채널은 학과 홈페이지라고, 그리고 보상은 우선 신청권이라고 설명했습니다."
dataset_ko_355_final,entity_simple_hard_test_statistics_00188:final:0,entity_simple_hard_test_statistics_00188,entity_simple_hard_test_statistics_00188,True,same_source_sibling_facts,1,4,23,20,실습 오전반 2차 표본분산 설명에서 활용과 비유만 알려줘.,"실습 오전반 2차 표본분산에 대해 활용은 데이터 변동성을 볼 때 쓴다고, 그리고 비유는 점들이 얼마나 퍼졌는지 보는 자라고 설명했습니다.",True,,,,,False,False,0.8947368421052632,0.4324324324324324,0.4473684210526316,0.2162162162162162,True,False,3.702734100050293,3.6368653000099584,,,,,question+passage,"실습 오전반 2차 표본분산에 대해 비유는 점들이 얼마나 퍼졌는지 보는 자라고, 주의점은 순위 정렬과 다르다고, 그리고 활용은 데이터 변동성을 볼 때 쓴다고 설명했습니다.",실습 오전반 2차 표본분산 설명에 대해 활용은 데이터의 분산을 가진ness를 따름으로 해석은 값이 제각각 아니라서 더 점이 퍼졌을 때 방문을 사용해보나고 있다고 설명했습니다.
dataset_ko_356_final,entity_simple_hard_test_dessert_00171:final:0,entity_simple_hard_test_dessert_00171,entity_simple_hard_test_dessert_00171,True,same_source_sibling_facts,1,4,23,20,여름 4팀 2차 브라우니 설명 중 특징과 맛에 해당하는 내용만 답해줘.,"여름 4팀 2차 브라우니에 대해 특징은 속이 촉촉하게 남는다고, 그리고 맛은 묵직하게 달콤하다고 설명했습니다.",True,,,,,False,False,0.9032258064516129,0.8387096774193549,0.45161290322580644,0.41935483870967744,True,True,3.6633922000182793,3.635067700059153,,,,,question+passage,"여름 4팀 2차 브라우니에 대해 특징은 속이 촉촉하게 남는다고, 맛은 묵직하게 달콤하다고, 그리고 설명은 입을 적색채那样地复刻라고 설명했습니다.","여름 4팀 2차 브라우니에 대해 특징은 속이 촉촉하게 남는다고, 맛은 달콤하게 달라진다고, 그리고 맛은 묵직하게 달라진다고 설명했습니다."
dataset_ko_357_final,entity_simple_hard_test_statistics_00261:final:0,entity_simple_hard_test_statistics_00261,entity_simple_hard_test_statistics_00261,True,same_source_sibling_facts,1,4,23,20,여름 3팀 3차 신뢰구간에서 주의점과 의미를 함께 정리해줘.,"여름 3팀 3차 신뢰구간에 대해 주의점은 정답 하나를 보장하지 않는다고, 그리고 의미는 모수 추정 범위라고 설명했습니다.",True,,,,,False,False,0.8421052631578948,0.6153846153846153,0.4210526315789474,0.30769230769230765,True,False,3.7380783000262454,4.097935599973425,,,,,question+passage,"여름 3팀 3차 신뢰구간에 대해 주의점은 정답 하나를 보장하지 않는다고, 의미는 모수 추정 범위라고, 그리고 비유는 정답이 만년고의 한 점으로 보장하지 않는다고 설명했습니다.","여름 3팀 3차 신뢰구간에 대해 주의점은 사용목적이 제일이지不是은진형은 의미가 없다고, 의미는 정답 위치를 보장하지 않는다고, 그리고 주의점은 비밀가盜의 위치가 있는 곳이라고 설명했습니다."
dataset_ko_358_final,entity_simple_hard_test_os_concept_00028:final:0,entity_simple_hard_test_os_concept_00028,entity_simple_hard_test_os_concept_00028,True,same_source_sibling_facts,1,4,23,20,실습 C반 1차 프로세스 설명에서 비유와 주의점만 알려줘.,"실습 C반 1차 프로세스에 대해 비유는 독립된 식당이라고, 그리고 주의점은 자원을 너무 많이 쓰면 느려질 수 있다고 설명했습니다.",True,,,,,False,False,0.8717948717948718,0.55,0.4358974358974359,0.275,True,True,3.7495662999572232,5.071389800054021,,,,,question+passage,"실습 C반 1차 프로세스 설명에 대해 비유는 독립된 식당이라고, 주의점은 자원을 너무 많이 쓰면 느려질 수 있다고, 그리고 역할은 독립된 실행 공간을 가진다고 설명했습니다.","실습 C반 1차 프로세스 설명에 대해 비유는 독립된 식당과 비유가 있다고, 주의점은 독립된 식당이 문제에 종유시크는 식당과相似이라고, 그리고 핵심은 각기resapectly运行机制都为“진행이 쌓입니다”라고 설명했습니다."
dataset_ko_359_final,entity_simple_hard_test_dessert_00048:final:0,entity_simple_hard_test_dessert_00048,entity_simple_hard_test_dessert_00048,True,same_source_sibling_facts,1,4,23,20,실습 1팀 1차 초콜렛 설명에서 비유와 색깔만 알려줘.,"실습 1팀 1차 초콜렛에 대해 비유는 작은 선물 상자라고, 그리고 색깔은 검정색이라고 설명했습니다.",True,,,,,False,False,0.9600000000000001,0.6153846153846154,0.48000000000000004,0.3076923076923077,True,False,2.15397220000159,2.681076499982737,,,,,question+passage,"실습 1팀 1차 초콜렛 설명에 대해 비유는 작은 선물 상자라고, 색깔은 검정색이라고 설명했습니다.","실습 1팀 1차 초콜렛에 대해 비유는 하나의 이방어라고, 색깔은 모두白衣이라고, 그리고 색깔만이라고 해是因为流量有限进行了描述."
dataset_ko_360_final,entity_simple_hard_test_marketing_00371:final:0,entity_simple_hard_test_marketing_00371,entity_simple_hard_test_marketing_00371,True,same_source_sibling_facts,1,4,23,20,여름 4팀 4차 멘토링 이벤트 설명 중 보상과 대상에 해당하는 내용만 답해줘.,"여름 4팀 4차 멘토링 이벤트에 대해 보상은 포인트 500점이라고, 그리고 대상은 멘토링 참여 학생이라고 설명했습니다.",True,,,,,False,False,0.9090909090909091,0.8823529411764706,0.45454545454545453,0.4411764705882353,True,True,3.538556099985726,3.9610610000090674,,,,,tie,"여름 4팀 4차 멘토링 이벤트 설명에 대해 보상은 포인트 500점이라고, 대상은 멘토링 참여 학생이라고, 그리고 성과 지표는 재방문율이라고 설명했습니다.","여름 4팀 4차 멘토링 이벤트에 대해 보상은 포인트 500점이라고, 핵심 채널은 이메일 뉴스레터라고, 그리고 대상은 멘토링 참여 학생이라고 설명했습니다."
dataset_ko_361_final,entity_simple_hard_test_art_history_00306:final:0,entity_simple_hard_test_art_history_00306,entity_simple_hard_test_art_history_00306,True,same_source_sibling_facts,1,4,23,20,교수님이 정규 A반 4차 인상주의의 핵심 특징과 목적을 어떻게 말했어?,"정규 A반 4차 인상주의에 대해 핵심 특징은 빛의 순간적인 인상이라고, 그리고 목적은 관찰 순간을 살리는 것이라고 설명했습니다.",True,,,,,False,False,0.6511627906976744,0.6818181818181819,0.3255813953488372,0.34090909090909094,True,True,4.438678500009701,4.471034300047904,,,,,tie,"교수님이 정규 A반 4차 인상주의에 대해 핵심 특징은 인상의 의미가 간단한 호출과类似한 것이라고, 비유는 햇빛이 흔들리는 수면에 비친 모습이라고, 그리고 목적은 관찰 순간을 살리는 것이라고 설명했습니다.","교수님이 정규 A반 4차 인상주의의 핵심 특징과 목적을 어떻게 말했어?에 대해 핵심 특징은 시각이 빛의 흔적이라고, 목적은 관찰 순간을 살리는 것이라고, 그리고 질문은 관찰 순간을 살리는 것이라고 설명했습니다."
dataset_ko_362_final,entity_simple_hard_test_os_concept_00222:final:0,entity_simple_hard_test_os_concept_00222,entity_simple_hard_test_os_concept_00222,True,same_source_sibling_facts,1,4,23,20,교수님이 가을 C반 3차 캐시의 비유와 주의점을 어떻게 말했어?,"가을 C반 3차 캐시에 대해 비유는 책상 위에 올려둔 책이라고, 그리고 주의점은 오래된 정보가 남을 수 있다고 설명했습니다.",True,,,,,False,False,0.9411764705882353,0.717948717948718,0.47058823529411764,0.358974358974359,True,True,2.8082991000264883,3.5845447999890894,,,,,question+passage,"교수님이 가을 C반 3차 캐시에 대해 비유는 책상 위에 올려둔 책이라고, 주의점은 오래된 정보가 남을 수 있다고 설명했습니다.","교수님이 가을 C반 3차 캐시에 대해 비유는 책상 위에 올려둔 책이라고, 주의점은 반복하는 책상이 있다고, 그리고 비유는 방에 멈ared 된 책이 있다고 설명했습니다."
dataset_ko_363_final,entity_simple_hard_test_dessert_00216:final:0,entity_simple_hard_test_dessert_00216,entity_simple_hard_test_dessert_00216,True,same_source_sibling_facts,1,4,23,20,정규 B반 3차 초콜렛 설명에서 맛과 특징만 알려줘.,"정규 B반 3차 초콜렛에 대해 맛은 달콤하다고, 그리고 특징은 입안에서 천천히 녹는다고 설명했습니다.",True,,,,,False,False,0.9285714285714286,0.6896551724137931,0.4642857142857143,0.3448275862068966,True,True,2.9948207000270486,2.6764686999376863,,,,,question+passage,"정규 B반 3차 초콜렛 설명에 대해 맛은 달콤하다고, 특징은 입안에서 천천히 녹는다고, 그리고 부표는 달콤하다고 설명했습니다.","정규 B반 3차 초콜렛에 대해 맛은 달콤하다고, 특징은 분량이 적다고, 그리고 비유는 작은 선물 상자라고 설명했습니다."
dataset_ko_364_final,entity_simple_hard_test_statistics_00069:final:0,entity_simple_hard_test_statistics_00069,entity_simple_hard_test_statistics_00069,True,same_source_sibling_facts,1,4,23,20,세미나 3팀 1차 신뢰구간에서 주의점과 의미를 함께 정리해줘.,"세미나 3팀 1차 신뢰구간에 대해 주의점은 정답 하나를 보장하지 않는다고, 그리고 의미는 모수 추정 범위라고 설명했습니다.",True,,,,,False,False,0.8648648648648648,0.5777777777777777,0.4324324324324324,0.28888888888888886,True,False,3.4161179999355227,4.86635040002875,,,,,question+passage,"세미나 3팀 1차 신뢰구간에 대해 주의점은 정답 하나를 보장하지 않는다고, 의미는 모수 추정 범위라고, 그리고 비유는 정답 하나를 보장하지 않는다고 설명했습니다.","세미나 3팀 1차 신뢰구간에 대해 주의점은 소수점의 끝이 사용을 줄입니다고, 의미는 생성하는 확률 밸ues라고, 특성은 정답의 하나를 보장하지 않는다고, 그리고 핵심区别은 không complete한 collection이 아닌 확률 밸ues라고 설명했습니다."
dataset_ko_365_final,entity_simple_hard_test_os_concept_00244:final:0,entity_simple_hard_test_os_concept_00244,entity_simple_hard_test_os_concept_00244,True,same_source_sibling_facts,1,4,23,20,캡스톤 1팀 3차 프로세스 설명에서 장점과 역할만 알려줘.,"캡스톤 1팀 3차 프로세스에 대해 장점은 서로 영향을 줄이는 데 도움이 된다고, 그리고 역할은 독립된 실행 공간을 가진다고 설명했습니다.",True,,,,,False,False,0.923076923076923,0.6,0.4615384615384615,0.3,True,True,3.814794600009918,3.9942840000148863,,,,,question+passage,"캡스톤 1팀 3차 프로세스 설명에 대해 장점은 서로 영향을 줄이는 데 도움이 된다고, 역할은 독립된 실행 공간을 가진다고, 그리고 비유는 독립된 식당이라고 설명했습니다.","캡스톤 1팀 3차 프로세스에 대해 장점은 독립된 실행 공간을 가진다고, 역할은 독립된 실행 공간을 가진다고, 특징은 브레이크로는 독립된 실행 공간을 가진다고 설명했습니다."
dataset_ko_366_final,entity_simple_hard_test_project_00303:final:0,entity_simple_hard_test_project_00303,entity_simple_hard_test_project_00303,True,same_source_sibling_facts,1,4,23,20,겨울 A반 4차 프론트엔드 점검 설명 중 담당과 확인 기준에 해당하는 내용만 답해줘.,"겨울 A반 4차 프론트엔드 점검에 대해 담당은 프론트엔드 파트라고, 그리고 확인 기준은 사용자 차단 여부라고 설명했습니다.",True,,,,,False,False,0.8648648648648648,0.888888888888889,0.4324324324324324,0.4444444444444445,True,True,3.8401250999886543,3.711230600019917,,,,,tie,"겨울 A반 4차 프론트엔드 점검 설명에 대해 확인 기준은 사용자 차단 여부라고, 공유 위치는 프로젝트 슬랙 채널이라고, 그리고 담당은 프론트엔드 파트라고 설명했습니다.","겨울 A반 4차 프론트엔드 점검에 대해 담당은 프론트엔드 파트라고, 마감은 다음 달 첫째 주 화요일이라고, 그리고 확인 기준은 사용자 차단 여부라고 설명했습니다."
dataset_ko_367_final,entity_simple_hard_test_project_00109:final:0,entity_simple_hard_test_project_00109,entity_simple_hard_test_project_00109,True,same_source_sibling_facts,1,4,23,20,세미나 A반 2차 백엔드 배포에서 담당과 확인 기준을 함께 정리해줘.,"세미나 A반 2차 백엔드 배포에 대해 담당은 백엔드 팀이라고, 그리고 확인 기준은 오류 발생률이라고 설명했습니다.",True,,,,,False,False,0.8571428571428571,0.7368421052631579,0.42857142857142855,0.3684210526315789,True,True,3.3030723999254405,3.645208799978718,,,,,question+passage,"세미나 A반 2차 백엔드 배포에 대해 확인 기준은 오류 발생률이라고, 공유 위치는 깃허브 이슈 탭이라고, 그리고 담당은 백엔드 팀이라고 설명했습니다.","세미나 A반 2차 백엔드 배포에 대해 담당은 백엔드 팀이라고, 마감은 수요일 오후 다섯 시라고, 그리고 확인 기준은 오류 종류가 JSON 이라는 문자열이라고 설명했습니다."
dataset_ko_368_final,entity_simple_hard_test_project_00182:final:0,entity_simple_hard_test_project_00182,entity_simple_hard_test_project_00182,True,same_source_sibling_facts,1,4,23,20,교수님이 가을 오전반 2차 AI 모델 평가의 공유 위치와 마감을 어떻게 말했어?,"가을 오전반 2차 AI 모델 평가에 대해 공유 위치는 회의록 폴더라고, 그리고 마감은 금요일 자정 전이라고 설명했습니다.",True,,,,,False,False,0.8888888888888888,0.34285714285714286,0.4444444444444444,0.17142857142857143,True,False,3.126278700074181,2.8270694999955595,,,,,question+passage,"가을 오전반 2차 AI 모델 평가의 공유 위치는 회의록 폴더라고, 마감은 금요일 자정 전이라고, 그리고 확인 기준은 정답률이라고 설명했습니다.","교수님이 가을 오일 전반 공유 위치와 마감은 모의 집합에 없어질 것이라고, 24시간 전 후기 있다고, 그리고 모의 구역이라고 설명했습니다."
dataset_ko_369_final,entity_simple_hard_test_art_history_00331:final:0,entity_simple_hard_test_art_history_00331,entity_simple_hard_test_art_history_00331,True,same_source_sibling_facts,1,4,23,20,여름 D반 4차 르네상스 설명 중 비유와 비교 포인트에 해당하는 내용만 답해줘.,"여름 D반 4차 르네상스에 대해 비유는 사람을 화면 중앙에 다시 세우는 방식이라고, 그리고 비교 포인트는 절대왕정 중심 설명과 다르다고 설명했습니다.",True,,,,,False,False,0.8837209302325582,0.761904761904762,0.4418604651162791,0.380952380952381,True,True,4.143694799975492,3.7319125999929383,,,,,question+passage,"여름 D반 4차 르네상스 설명에 대해 비유는 사람을 화면 중앙에 다시 세우는 방식이라고, 목적은 사람의 가치를 드러내는 것이라고, 그리고 비교 포인트는 절대왕정 중심 설명과 다르다고 설명했습니다.","여름 D반 4차 르네상스에 대해 비유는 사람을 화면 중앙에 다시 세우는 방식이라고, 목적은 사람의 가치를 드러내는 것이라고, 그리고 비교 포인트에 해당하는 내용이라고 설명했습니다."
dataset_ko_370_final,entity_simple_hard_test_project_00351:final:0,entity_simple_hard_test_project_00351,entity_simple_hard_test_project_00351,True,same_source_sibling_facts,1,4,23,20,여름 2팀 4차 프론트엔드 점검 설명 중 확인 기준과 담당에 해당하는 내용만 답해줘.,"여름 2팀 4차 프론트엔드 점검에 대해 확인 기준은 사용자 차단 여부라고, 그리고 담당은 프론트엔드 파트라고 설명했습니다.",True,,,,,False,False,0.8648648648648648,0.7317073170731707,0.4324324324324324,0.36585365853658536,True,True,3.842945500044152,4.541634500026703,,,,,question+passage,"여름 2팀 4차 프론트엔드 점검 설명에 대해 확인 기준은 사용자 차단 여부라고, 담당은 프론트엔드 파트라고, 그리고 확인 방법은 다음 달 첫째 주 화요일이라고 설명했습니다.","여름 2팀 4차 프론트엔드 점검에 대해 확인 기준은 잘못分類(分類)된 음력 여름으로 분류합니다. 담당은 frontend 파트라고, 확인 기준은 사용자 차단 여부라고, 그리고 title은 사용자 블록인지라고 설명했습니다."
dataset_ko_371_final,entity_simple_hard_test_statistics_00167:final:0,entity_simple_hard_test_statistics_00167,entity_simple_hard_test_statistics_00167,True,same_source_sibling_facts,1,4,23,20,심화 3팀 2차 회귀분석 설명 중 주의점과 의미에 해당하는 내용만 답해줘.,"심화 3팀 2차 회귀분석에 대해 주의점은 모든 원인을 증명하지는 않는다고, 그리고 의미는 관계의 경향 설명이라고 설명했습니다.",True,,,,,False,False,0.6470588235294118,0.5384615384615384,0.3235294117647059,0.2692307692307692,True,False,2.820862299995497,3.2155300999293104,,,,,question+passage,"심화 3팀 2차 회귀분석 설명에 대해 주의점은 다음과 같이 제시된다면 의미는 관계의 경향 설명이라고, 활용은 예측 경향 설명이라고 설명했습니다.","심화 3팀 2차 회귀분석 설명 중 주의점과 의미에 대해 summarizes JSON JSON是一种格式，用于包含的值（数字和布尔都如何）有指定的字符串结果的意思表示进行了解释,它的含义是揭示了背后的含义。"
dataset_ko_372_final,entity_simple_hard_test_statistics_00382:final:0,entity_simple_hard_test_statistics_00382,entity_simple_hard_test_statistics_00382,True,same_source_sibling_facts,1,4,23,20,교수님이 가을 오전반 4차 상관계수의 활용과 비유를 어떻게 말했어?,"가을 오전반 4차 상관계수에 대해 활용은 관계 강도를 빠르게 살필 때 쓴다고, 그리고 비유는 두 변수의 움직임을 비교하는 나침반이라고 설명했습니다.",True,,,,,False,False,0.8571428571428571,0.6,0.42857142857142855,0.3,True,False,4.476645899936557,2.4879718999145553,,,,,question+passage,"가을 오전반 4차 상관계수의 활용에 대해 비유는 두 변수의 움직임을 비교하는 나침반이라고, 주의점은 원인 증명을 뜻하지 않는다고, 그리고 활용은 관계 강도를 빠르게 살필 때 쓴다고 설명했습니다.",교수님이 가을 오전반 4차 상관계수의 활용과 비유를 설명하시고、주목점인 관계 강도에 활용意義를 설명했습니다.
dataset_ko_373_final,entity_simple_hard_test_art_history_00259:final:0,entity_simple_hard_test_art_history_00259,entity_simple_hard_test_art_history_00259,True,same_source_sibling_facts,1,4,23,20,세미나 2팀 3차 르네상스 설명 중 목적과 핵심 특징에 해당하는 내용만 답해줘.,"세미나 2팀 3차 르네상스에 대해 목적은 사람의 가치를 드러내는 것이라고, 그리고 핵심 특징은 인문주의라고 설명했습니다.",True,,,,,False,False,0.9655172413793104,0.8571428571428571,0.4827586206896552,0.42857142857142855,True,True,2.6923927000025287,3.6547047999920323,,,,,question+passage,"세미나 2팀 3차 르네상스에 대해 핵심 특징은 인문주의라고, 목적은 사람의 가치를 드러내는 것이라고 설명했습니다.","세미나 2팀 3차 르네상스에 대해 목적은 사람의 가치를 드러내는 것이라고, 핵심 특징은 인문주의라고, 그리고 핵심 요점은 인문주의에 해당하는 부분이라고 설명했습니다."
dataset_ko_374_final,entity_simple_hard_test_statistics_00383:final:0,entity_simple_hard_test_statistics_00383,entity_simple_hard_test_statistics_00383,True,same_source_sibling_facts,1,4,23,20,겨울 오전반 4차 회귀분석 설명 중 활용과 비유에 해당하는 내용만 답해줘.,"겨울 오전반 4차 회귀분석에 대해 활용은 예측 경향을 설명할 때 쓴다고, 그리고 비유는 흩어진 점 사이에 길을 그어 보는 일이라고 설명했습니다.",True,,,,,False,False,0.8837209302325582,0.6666666666666667,0.4418604651162791,0.33333333333333337,True,True,4.348841600003652,3.74301010009367,,,,,question+passage,"겨울 오전반 4차 회귀분석 설명에 대해 비유는 흩어진 점 사이에 길을 그어 보는 일이라고, 주의점은 모든 원인을 증명하지는 않는다고, 그리고 활용은 예측 경향을 설명할 때 쓴다고 설명했습니다.","겨울 오전반 4차 회귀분석 설명에 대해 활용은 예측 경향을 설명할 때 쓴다고, 비유는 그래프에 거는 투영이라고, 그리고 중간에_critique라고 설명하는 것과 비슷라고 설명했습니다."
dataset_ko_375_final,entity_simple_hard_test_marketing_00225:final:0,entity_simple_hard_test_marketing_00225,entity_simple_hard_test_marketing_00225,True,same_source_sibling_facts,1,4,23,20,파일럿 C반 3차 동아리 홍보에서 대상과 보상을 함께 정리해줘.,"파일럿 C반 3차 동아리 홍보에 대해 대상은 동아리 회원이라고, 그리고 보상은 굿즈 추첨권이라고 설명했습니다.",True,,,,,False,False,0.962962962962963,0.8666666666666666,0.4814814814814815,0.4333333333333333,True,True,2.3460112999891862,2.8981129999738187,,,,,question+passage,"파일럿 C반 3차 동아리 홍보에 대해 대상은 동아리 회원이라고, 보상은 굿즈 추첨권이라고 설명했습니다.","파일럿 C반 3차 동아리 홍보에 대해 대상은 동아리 회원이라고, 보상은 굿즈 추첨권이라고, 성과 지표는 참여율이라고 설명했습니다."
dataset_ko_376_final,entity_simple_hard_test_marketing_00177:final:0,entity_simple_hard_test_marketing_00177,entity_simple_hard_test_marketing_00177,True,same_source_sibling_facts,1,4,23,20,심화 4팀 2차 동아리 홍보에서 보상과 대상을 함께 정리해줘.,"심화 4팀 2차 동아리 홍보에 대해 보상은 굿즈 추첨권이라고, 그리고 대상은 동아리 회원이라고 설명했습니다.",True,,,,,False,False,0.6285714285714286,0.7999999999999999,0.3142857142857143,0.39999999999999997,False,True,3.6610288999509066,3.0680057000136003,,,,,passage-only,"심화 4팀 2차 동아리 홍보에 대해 보상은 참여권과 성과 지표는 최종 결과가 될 때 생기는 이익이라고, 그리고 대상은 매 동아리의 성과가 될 때 생기는 상금이라고 설명했습니다.","심화 4팀 2차 동아리 홍보에 대해 보상은 굿즈 추첨권이라고, 핵심 채널이라고, 관문이라고, 그리고 대상은 전원이라고 설명했습니다."
dataset_ko_377_final,entity_simple_hard_test_statistics_00022:final:0,entity_simple_hard_test_statistics_00022,entity_simple_hard_test_statistics_00022,True,same_source_sibling_facts,1,4,23,20,교수님이 가을 C반 1차 상관계수의 의미와 주의점을 어떻게 말했어?,"가을 C반 1차 상관계수에 대해 의미는 선형 관계 강도라고, 그리고 주의점은 원인 증명을 뜻하지 않는다고 설명했습니다.",True,,,,,False,False,0.6486486486486486,0.5333333333333333,0.3243243243243243,0.26666666666666666,True,False,3.989964200067334,2.101619799970649,,,,,question+passage,"가을 C반 1차 상관계수의 의미은 원인 증명을 뜻하지 않는다고, 주의점은 원인 증명을 뜻하지 않는다고, 그리고 비유는 두 변수의 움직임을 비교하는 나침반이라고 설명했습니다.","교수님이 가을 C반 1차 상관계수의 의미와 주의점을 설명하시고, 특히 데이터 목적에 대해 변경한다고 설명했습니다."
dataset_ko_378_final,entity_simple_hard_test_marketing_00130:final:0,entity_simple_hard_test_marketing_00130,entity_simple_hard_test_marketing_00130,True,same_source_sibling_facts,1,4,23,20,교수님이 봄 D반 2차 스터디 모집의 대상과 보상을 어떻게 말했어?,"봄 D반 2차 스터디 모집에 대해 대상은 스터디 신청자라고, 그리고 보상은 우선 신청권이라고 설명했습니다.",True,,,,,False,False,0.8666666666666666,0.8387096774193548,0.4333333333333333,0.4193548387096774,True,True,3.0911877000471577,3.3780135000124574,,,,,tie,"봄 D반 2차 스터디 모집에 대해 대상은 스터디 신청자라고, 보상은 우선 신청권이라고, 그리고 핵심 채널은 학과 홈페이지라고 설명했습니다.","교수님이 봄 D반 2차 스터디 모집에 대해 대상은 스터디 신청자라고, 보상은 우선 신청권이라고, 그리고 핵심 채널은 학과 홈페이지라고 설명했습니다."
dataset_ko_379_final,entity_simple_hard_test_os_concept_00052:final:0,entity_simple_hard_test_os_concept_00052,entity_simple_hard_test_os_concept_00052,True,same_source_sibling_facts,1,4,23,20,가을 2팀 1차 프로세스 설명에서 장점과 역할만 알려줘.,"가을 2팀 1차 프로세스에 대해 장점은 서로 영향을 줄이는 데 도움이 된다고, 그리고 역할은 독립된 실행 공간을 가진다고 설명했습니다.",True,,,,,False,False,0.923076923076923,0.619047619047619,0.4615384615384615,0.3095238095238095,True,True,3.80168140004389,3.7717076999833807,,,,,question+passage,"가을 2팀 1차 프로세스 설명에 대해 장점은 서로 영향을 줄이는 데 도움이 된다고, 역할은 독립된 실행 공간을 가진다고, 그리고 비유는 독립된 식당이라고 설명했습니다.","가을 2팀 1차 프로세스에 대해 장점은 독립된 실행 공간을 가진다고, 역할은 독립된 실행 공간을 가진다고, 그리고 문제는 자원을 너무 많이 쓰면 느려질 수 있다고 설명했습니다."
dataset_ko_380_final,entity_simple_hard_test_marketing_00344:final:0,entity_simple_hard_test_marketing_00344,entity_simple_hard_test_marketing_00344,True,same_source_sibling_facts,1,4,23,20,캡스톤 1팀 4차 신입생 캠페인 설명에서 성과 지표와 핵심 채널만 알려줘.,"캡스톤 1팀 4차 신입생 캠페인에 대해 성과 지표는 전환율이라고, 그리고 핵심 채널은 인스타그램이라고 설명했습니다.",True,,,,,False,False,0.962962962962963,0.8125000000000001,0.4814814814814815,0.40625000000000006,True,True,2.829675199929625,3.995040300069377,,,,,question+passage,"캡스톤 1팀 4차 신입생 캠페인에 대해 핵심 채널은 인스타그램이라고, 성과 지표는 전환율이라고 설명했습니다.","캡스톤 1팀 4차 신입생 캠페인 설명에서 성과 지표는 전환율이라고, 핵심 채널은 인스타그램이라고, 그리고 핵심 프로세스는 기다리기 멈춘 부분이라고 설명했습니다."
dataset_ko_381_final,entity_simple_hard_test_statistics_00190:final:0,entity_simple_hard_test_statistics_00190,entity_simple_hard_test_statistics_00190,True,same_source_sibling_facts,1,4,23,20,교수님이 봄 오후반 2차 상관계수의 활용과 비유를 어떻게 말했어?,"봄 오후반 2차 상관계수에 대해 활용은 관계 강도를 빠르게 살필 때 쓴다고, 그리고 비유는 두 변수의 움직임을 비교하는 나침반이라고 설명했습니다.",True,,,,,False,False,0.2857142857142857,0.8947368421052632,0.14285714285714285,0.4473684210526316,False,True,2.1738242000574246,3.9015898999059573,,,,,passage-only,"professor의 2차 상관계수를 의미하는 says 300, 500, 1000 관계 변수로 분리합니다.","봄 오후반 2차 상관계수에 대해 활용은 관계 강도를 빠르게 살필 때 쓴다고, 의미는 선형 관계 강도라고, 그리고 비유는 두 변수의 움직임을 비교하는 나침반이라고 설명했습니다."
dataset_ko_382_final,entity_simple_hard_test_marketing_00273:final:0,entity_simple_hard_test_marketing_00273,entity_simple_hard_test_marketing_00273,True,same_source_sibling_facts,1,4,23,20,겨울 4팀 3차 동아리 홍보에서 보상과 대상을 함께 정리해줘.,"겨울 4팀 3차 동아리 홍보에 대해 보상은 굿즈 추첨권이라고, 그리고 대상은 동아리 회원이라고 설명했습니다.",True,,,,,False,False,0.689655172413793,0.7999999999999999,0.3448275862068965,0.39999999999999997,False,True,2.8339278999483213,3.2995461999671534,,,,,passage-only,"겨울 4팀 3차 동아리 홍보에 대해 보상은 참여 시간이 100단어와 상품 추첨권이라고, 대상은 추첨권이라고 설명했습니다.","겨울 4팀 3차 동아리 홍보에 대해 보상은 굿즈 추첨권이라고, 핵심 채널은 오픈채팅방이라고, 그리고 대상은 순위권이라고 설명했습니다."
dataset_ko_383_final,entity_simple_hard_test_project_00181:final:0,entity_simple_hard_test_project_00181,entity_simple_hard_test_project_00181,True,same_source_sibling_facts,1,4,23,20,여름 오전반 2차 백엔드 배포에서 공유 위치와 마감을 함께 정리해줘.,"여름 오전반 2차 백엔드 배포에 대해 공유 위치는 깃허브 이슈 탭이라고, 그리고 마감은 수요일 오후 다섯 시라고 설명했습니다.",True,,,,,False,False,0.9714285714285714,0.4444444444444445,0.4857142857142857,0.22222222222222224,True,False,2.7812324999831617,4.515749000012875,,,,,question+passage,"여름 오전반 2차 백엔드 배포에 대해 공유 위치는 깃허브 이슈 탭이라고, 마감은 수요일 오후 다섯 시라고 설명했습니다.","여름 오전반 2차 백엔드 배포에 대해 공유 위치는 사용자 지向上로 보내라고, 공유 기준은 오류 발생률이라고, 그리고 공유 가능 시간은 백엔드 배포에 해당 부분을 2023년 9월 22일 전까지라고 설명했습니다."
dataset_ko_384_final,entity_simple_hard_test_dessert_00242:final:0,entity_simple_hard_test_dessert_00242,entity_simple_hard_test_dessert_00242,True,same_source_sibling_facts,1,4,23,20,교수님이 가을 1팀 3차 마카롱의 비유와 색깔을 어떻게 말했어?,"가을 1팀 3차 마카롱에 대해 비유는 작은 보석 상자라고, 그리고 색깔은 알록달록하다고 설명했습니다.",True,,,,,False,False,0.896551724137931,0.5161290322580646,0.4482758620689655,0.2580645161290323,True,True,2.934344599954784,3.009652499924414,,,,,question+passage,"가을 1팀 3차 마카롱에 대해 색깔은 알록달록하다고, 맛은 부드럽고 진하다고, 그리고 비유는 작은 보석 상자라고 설명했습니다.","professor k's fall 1 team 3차 마카롱에 대해 비유는 점심 시간으로, 색깔은 알록달록하다고, 그리고 향은 고명으로 describe했다고 설명했습니다."
dataset_ko_385_final,entity_simple_hard_test_os_concept_00340:final:0,entity_simple_hard_test_os_concept_00340,entity_simple_hard_test_os_concept_00340,True,same_source_sibling_facts,1,4,23,20,봄 1팀 4차 프로세스 설명에서 장점과 역할만 알려줘.,"봄 1팀 4차 프로세스에 대해 장점은 서로 영향을 줄이는 데 도움이 된다고, 그리고 역할은 독립된 실행 공간을 가진다고 설명했습니다.",True,,,,,False,False,0.9189189189189189,0.5517241379310345,0.45945945945945943,0.27586206896551724,True,False,3.749406600021757,3.300826499937102,,,,,question+passage,"봄 1팀 4차 프로세스 설명에 대해 장점은 서로 영향을 줄이는 데 도움이 된다고, 역할은 독립된 실행 공간을 가진다고, 그리고 비유는 독립된 식당이라고 설명했습니다.","봄 1팀 4차 프로세스에 대해 장점은 자원을 더精细地管理和协调라고, 역할은独分独立且高效运行的部门라고, 그리고区别于共同点是无法归为同一地方라고 설명했습니다."
dataset_ko_386_final,entity_simple_hard_test_dessert_00099:final:0,entity_simple_hard_test_dessert_00099,entity_simple_hard_test_dessert_00099,True,same_source_sibling_facts,1,4,23,20,세미나 오후반 1차 브라우니 설명 중 색깔과 비유에 해당하는 내용만 답해줘.,"세미나 오후반 1차 브라우니에 대해 색깔은 진한 갈색이라고, 그리고 비유는 초콜렛을 압축한 케이크라고 설명했습니다.",True,,,,,False,False,0.8750000000000001,0.5,0.43750000000000006,0.25,True,False,3.9180365999927744,3.6078790000174195,,,,,question+passage,"세미나 오후반 1차 브라우니에 대해 비유는 초콜렛을 압축한 케이크라고, 특징은 속이 촉촉하게 남는다고, 그리고 색깔은 진한 갈색이라고 설명했습니다.","세미나 오후반 1차 브라우니에 대해 비유에 색깔이 not a shade of brown with texture,所以迅速地成为主题的原因에 대해 비유에 색깔이不规则地划分了颜色区域에 대해 설명했습니다."
dataset_ko_387_final,entity_simple_hard_test_marketing_00203:final:0,entity_simple_hard_test_marketing_00203,entity_simple_hard_test_marketing_00203,True,same_source_sibling_facts,1,4,23,20,겨울 A반 3차 멘토링 이벤트 설명 중 핵심 채널과 성과 지표에 해당하는 내용만 답해줘.,"겨울 A반 3차 멘토링 이벤트에 대해 핵심 채널은 이메일 뉴스레터라고, 그리고 성과 지표는 재방문율이라고 설명했습니다.",True,,,,,False,False,0.6666666666666667,0.7878787878787877,0.33333333333333337,0.39393939393939387,True,True,4.631707799970172,3.849510599975474,,,,,passage-only,"겨울 A반 3차 멘토링 이벤트 설명에 대해 핵심 채널은 별루 설명도 и 핵심 채널은 다른 페이지로 이동하는 방식이라고, 대상은 멘토링 참여 학생이라고, 그리고 성과 지표는 재방문율이라고 설명했습니다.","겨울 A반 3차 멘토링 이벤트에 대해 핵심 채널은 인스타그램이라고, 핵심 채널 경로는 메일 뉴스레터라고, 성과 지표는 재방문율이라고 설명했습니다."
dataset_ko_388_final,entity_simple_hard_test_marketing_00395:final:0,entity_simple_hard_test_marketing_00395,entity_simple_hard_test_marketing_00395,True,same_source_sibling_facts,1,4,23,20,파일럿 오후반 4차 멘토링 이벤트 설명 중 핵심 채널과 성과 지표에 해당하는 내용만 답해줘.,"파일럿 오후반 4차 멘토링 이벤트에 대해 핵심 채널은 이메일 뉴스레터라고, 그리고 성과 지표는 재방문율이라고 설명했습니다.",True,,,,,False,False,0.8823529411764706,0.7777777777777778,0.4411764705882353,0.3888888888888889,True,True,3.9398487000726163,4.5108913000440225,,,,,question+passage,"파일럿 오후반 4차 멘토링 이벤트 설명에 대해 핵심 채널은 이메일 뉴스레터라고, 대상은 멘토링 참여 학생이라고, 그리고 성과 지표는 재방문율이라고 설명했습니다.","파일럿 오후반 4차 멘토링 이벤트에 대해 핵심 채널은 이메일 뉴스레터라고, 핵심 채널로 Twitter을 설명했다고, 성과 지표는 재방문율이라고, 핵심 채널으로 Twitter이라고 설명했습니다."
dataset_ko_389_final,entity_simple_hard_test_marketing_00155:final:0,entity_simple_hard_test_marketing_00155,entity_simple_hard_test_marketing_00155,True,same_source_sibling_facts,1,4,23,20,파일럿 2팀 2차 멘토링 이벤트 설명 중 성과 지표와 핵심 채널에 해당하는 내용만 답해줘.,"파일럿 2팀 2차 멘토링 이벤트에 대해 성과 지표는 재방문율이라고, 그리고 핵심 채널은 이메일 뉴스레터라고 설명했습니다.",True,,,,,False,False,0.8823529411764706,0.7894736842105263,0.4411764705882353,0.39473684210526316,True,True,3.856046100030653,4.737724100006744,,,,,question+passage,"파일럿 2팀 2차 멘토링 이벤트 설명에 대해 핵심 채널은 이메일 뉴스레터라고, 대상은 멘토링 참여 학생이라고, 그리고 성과 지표는 재방문율이라고 설명했습니다.","파일럿 2팀 2차 멘토링 이벤트에 대해 성과 지표는 재방문율이라고, 핵심 채널은 이메일 뉴스레터라고, 그리고 핵심 채널의 연결요소는 이메일 메시지 메시지 본문 주소라고 설명했습니다."
dataset_ko_390_final,entity_simple_hard_test_project_00231:final:0,entity_simple_hard_test_project_00231,entity_simple_hard_test_project_00231,True,same_source_sibling_facts,1,4,23,20,여름 D반 3차 프론트엔드 점검 설명 중 마감과 공유 위치에 해당하는 내용만 답해줘.,"여름 D반 3차 프론트엔드 점검에 대해 마감은 다음 달 첫째 주 화요일이라고, 그리고 공유 위치는 프로젝트 슬랙 채널이라고 설명했습니다.",True,,,,,False,False,0.9189189189189189,0.46153846153846156,0.45945945945945943,0.23076923076923078,True,False,4.068758000037633,3.9910728000104427,,,,,question+passage,"여름 D반 3차 프론트엔드 점검 설명에 대해 공유 위치은 프로젝트 슬랙 채널이라고, 담당은 프론트엔드 파트라고, 그리고 마감은 다음 달 첫째 주 화요일이라고 설명했습니다.","여름 D반 3차 프론트엔드 점검에 대해 마감은 종료되지만 공유 위치는 개인 workspace path를 지命받은 노트로 지정합니다.
=====================================
여름 D반 3차 프론트엔드 점검 설명 찾기
====================================="
dataset_ko_391_final,entity_simple_hard_test_marketing_00010:final:0,entity_simple_hard_test_marketing_00010,entity_simple_hard_test_marketing_00010,True,same_source_sibling_facts,1,4,23,20,교수님이 봄 B반 1차 스터디 모집의 핵심 채널과 성과 지표를 어떻게 말했어?,"봄 B반 1차 스터디 모집에 대해 핵심 채널은 학과 홈페이지라고, 그리고 성과 지표는 완료율이라고 설명했습니다.",True,,,,,False,False,0.6923076923076924,0.8484848484848484,0.3461538461538462,0.4242424242424242,False,True,2.3582616000203416,3.5864926000358537,,,,,passage-only,교수님이 봄 B반 1차 스터디 모집의 핵심 채널을 성과 지표로 설정하는 이유을 설명했습니다.,"봄 B반 1차 스터디 모집에 대해 핵심 채널은 학과 홈페이지라고, 성과 지표는 완료율이라고, 그리고 핵심 채널은 학과 강의 강태Sources라고 설명했습니다."
dataset_ko_392_final,entity_simple_hard_test_os_concept_00077:final:0,entity_simple_hard_test_os_concept_00077,entity_simple_hard_test_os_concept_00077,True,same_source_sibling_facts,1,4,23,20,심화 4팀 1차 스레드에서 주의점과 비유를 함께 정리해줘.,"심화 4팀 1차 스레드에 대해 주의점은 공유 자원 관리가 필요하다고, 그리고 비유는 같은 식당 안에서 일하는 직원이라고 설명했습니다.",True,,,,,False,False,0.878048780487805,0.3673469387755102,0.4390243902439025,0.1836734693877551,True,False,3.573638799949549,5.430237099993974,,,,,question+passage,"심화 4팀 1차 스레드에 대해 비유는 같은 식당 안에서 일하는 직원이라고, 장점은 작업을 가볍게 나눌 수 있다고, 그리고 주의점은 공유 자원 관리가 필요하다고 설명했습니다.","심화 4팀 1차 스레드에 대해 주의점으로는 반복 수준이 격이 나지 않는ly는 inner가 될 것이라고, 비유는 같은 세일즈원에서 동일한 시간에만 연마를 멈추지 않는ly는 동행이 될 것이라고, 그리고 문제는 그 이유은 아직 명확하지만을와 함께 말하겠라고 설명했습니다."
dataset_ko_393_final,entity_simple_hard_test_os_concept_00247:final:0,entity_simple_hard_test_os_concept_00247,entity_simple_hard_test_os_concept_00247,True,same_source_sibling_facts,1,4,23,20,심화 1팀 3차 큐 설명 중 장점과 역할에 해당하는 내용만 답해줘.,"심화 1팀 3차 큐에 대해 장점은 처리 순서를 명확하게 만든다고, 그리고 역할은 작업을 순서대로 기다리게 한다고 설명했습니다.",True,,,,,False,False,0.8717948717948718,0.8717948717948718,0.4358974358974359,0.4358974358974359,True,True,3.7184509000508115,3.575897900038399,,,,,tie,"심화 1팀 3차 큐에 대해 장점은 처리 순서를 명확하게 만든다고, 역할은 작업을 순서대로 기다리게 한다고, 그리고 비유는 번호표를 뽑고 기다리는 줄이라고 설명했습니다.","심화 1팀 3차 큐에 대해 장점은 처리 순서를 명확하게 만든다고, 역할은 작업을 순서대로 기다리게 한다고, 그리고 주의점은 대기 시간이 길어질 수 있다고 설명했습니다."
dataset_ko_394_final,entity_simple_hard_test_art_history_00232:final:0,entity_simple_hard_test_art_history_00232,entity_simple_hard_test_art_history_00232,True,same_source_sibling_facts,1,4,23,20,가을 D반 3차 바로크 설명에서 비유와 비교 포인트만 알려줘.,"가을 D반 3차 바로크에 대해 비유는 무대 조명이 한 장면을 강조하는 방식이라고, 그리고 비교 포인트는 평면적 구도와 구분된다고 설명했습니다.",True,,,,,False,False,0.878048780487805,0.7692307692307692,0.4390243902439025,0.3846153846153846,True,True,3.783220399986021,3.9299029000103474,,,,,question+passage,"가을 D반 3차 바로크에 대해 비유는 무대 조명이 한 장면을 강조하는 방식이라고, 목적은 감정을 강하게 전달하는 것이라고, 그리고 비교 포인트는 평면적 구도와 구분된다고 설명했습니다.","가을 D반 3차 바로크 설명에 대해 비유는 무대 조명이 한 장면을 강조하는 방식이라고, 비교의 포인트는 평면적 개념과 구도적으로의 밝고 Narrowly meant不同比喻和不同想象通道都说服了라고 설명했습니다."
dataset_ko_395_final,entity_simple_hard_test_dessert_00219:final:0,entity_simple_hard_test_dessert_00219,entity_simple_hard_test_dessert_00219,True,same_source_sibling_facts,1,4,23,20,세미나 B반 3차 브라우니 설명 중 맛과 특징에 해당하는 내용만 답해줘.,"세미나 B반 3차 브라우니에 대해 맛은 묵직하게 달콤하다고, 그리고 특징은 속이 촉촉하게 남는다고 설명했습니다.",True,,,,,False,False,0.9032258064516129,0.8750000000000001,0.45161290322580644,0.43750000000000006,True,True,3.6582215999951586,3.948274999973364,,,,,tie,"세미나 B반 3차 브라우니에 대해 맛은 묵직하게 달콤하다고, 특징은 속이 촉촉하게 남는다고, 그리고 맛은 묵직하게 달콤하다고 설명했습니다.","세미나 B반 3차 브라우니에 대해 맛은 묵직하게 달콤하다고, 비유는 초콜렛을 압축한 케이크라고, 그리고 특징은 속이 촉촉하게 남는다고 설명했습니다."
dataset_ko_396_final,entity_simple_hard_test_statistics_00191:final:0,entity_simple_hard_test_statistics_00191,entity_simple_hard_test_statistics_00191,True,same_source_sibling_facts,1,4,23,20,여름 오후반 2차 회귀분석 설명 중 활용과 비유에 해당하는 내용만 답해줘.,"여름 오후반 2차 회귀분석에 대해 활용은 예측 경향을 설명할 때 쓴다고, 그리고 비유는 흩어진 점 사이에 길을 그어 보는 일이라고 설명했습니다.",True,,,,,False,False,0.6500000000000001,0.6666666666666667,0.32500000000000007,0.33333333333333337,True,True,3.7797838000115007,3.406810099957511,,,,,tie,"여름 오후반 2차 회귀분석 설명에 대해 비유는 샘플링 과정에 덜 관조할 수 있다고, 활용은 예측 경향을 설명할 때 쓴다고, 그리고 의미는 관계의 경향 설명이라고 설명했습니다.","여름 오후반 2차 회귀분석 설명에 대해 활용은 예측 경향을 설명할 때 쓴다고, 비유는 직선으로 가정한다고, 그리고 고려는 실수 감을 작게 조정이라고 설명했습니다."
dataset_ko_397_final,entity_simple_hard_test_project_00159:final:0,entity_simple_hard_test_project_00159,entity_simple_hard_test_project_00159,True,same_source_sibling_facts,1,4,23,20,세미나 2팀 2차 프론트엔드 점검 설명 중 확인 기준과 담당에 해당하는 내용만 답해줘.,"세미나 2팀 2차 프론트엔드 점검에 대해 확인 기준은 사용자 차단 여부라고, 그리고 담당은 프론트엔드 파트라고 설명했습니다.",True,,,,,False,False,0.8648648648648648,0.888888888888889,0.4324324324324324,0.4444444444444445,True,True,3.884673099964857,3.769743000040762,,,,,tie,"세미나 2팀 2차 프론트엔드 점검 설명에 대해 확인 기준은 사용자 차단 여부라고, 담당은 프론트엔드 파트라고, 그리고 확인 방법은 다음 달 첫째 주 화요일이라고 설명했습니다.","세미나 2팀 2차 프론트엔드 점검에 대해 확인 기준은 사용자 차단 여부라고, 담당은 프론트엔드 파트라고, 그리고 담당 부서는 프론트엔드 파트라고 설명했습니다."
dataset_ko_398_final,entity_simple_hard_test_marketing_00368:final:0,entity_simple_hard_test_marketing_00368,entity_simple_hard_test_marketing_00368,True,same_source_sibling_facts,1,4,23,20,실습 3팀 4차 신입생 캠페인 설명에서 보상과 대상만 알려줘.,"실습 3팀 4차 신입생 캠페인에 대해 보상은 커피 쿠폰이라고, 그리고 대상은 신입생이라고 설명했습니다.",True,,,,,False,False,0.9600000000000001,0.6666666666666667,0.48000000000000004,0.33333333333333337,True,True,2.697403399972245,1.7976174999494106,,,,,question+passage,"실습 3팀 4차 신입생 캠페인 설명에 대해 보상은 커피 쿠폰이라고, 대상은 신입생이라고 설명했습니다.",실습 3팀 4차 신입생 캠페인 설명에서 보상과 대상만 알려주겠습니다.
dataset_ko_399_final,entity_simple_hard_test_project_00204:final:0,entity_simple_hard_test_project_00204,entity_simple_hard_test_project_00204,True,same_source_sibling_facts,1,4,23,20,캡스톤 A반 3차 최종 발표 설명에서 담당과 확인 기준만 알려줘.,"캡스톤 A반 3차 최종 발표에 대해 담당은 기획 파트라고, 그리고 확인 기준은 근거 제시 여부라고 설명했습니다.",True,,,,,False,False,0.888888888888889,0.888888888888889,0.4444444444444445,0.4444444444444445,True,True,3.0456204999936745,3.271076000062749,,,,,tie,"캡스톤 A반 3차 최종 발표에 대해 확인 기준은 근거 제시 여부라고, 공유 위치는 팀 노션 페이지라고, 그리고 담당은 기획 파트라고 설명했습니다.","캡스톤 A반 3차 최종 발표 설명에 대해 담당은 기획 파트라고, 마감은 다음 주 월요일 밤이라고, 그리고 확인 기준은 근거 제시 여부라고 설명했습니다."
